escenario,t0,kappa_raw,kappa_lw,ventana_incluye_shock
limpio,500,1325774.088688309,528.792281811897,False
limpio,520,1305960.710228557,500.6545529120135,False
limpio,540,1186923.14287032,474.84070747845715,False
limpio,560,1156161.8345203444,441.253368507135,False
limpio,580,1154175.2596399952,432.277981577876,False
limpio,600,1288820.37931127,426.6693899102335,False
limpio,620,1309889.396562995,433.51889391921725,False
limpio,640,1297818.5070698853,450.098798504382,False
limpio,660,1321691.721457214,469.1461666638669,False
limpio,680,1233297.2639536501,471.2570644293379,False
limpio,700,1289085.746666623,489.0808595073374,False
limpio,720,1287592.9440684072,489.55488622892346,False
limpio,740,1334367.116240565,495.0393094064758,False
limpio,760,1334416.304101957,498.72761043108335,False
limpio,780,1334828.1409537874,528.5369558028525,False
limpio,800,1335534.2670224167,528.6076585787316,False
limpio,820,1311291.4051162025,527.5251167951325,False
limpio,840,1326303.661167265,524.6953196268022,False
limpio,860,1281995.2038047388,529.7355179211597,False
limpio,880,1321764.5164416847,557.233140153722,False
limpio,900,1314375.7180605081,554.7886699409509,False
limpio,920,1272767.1868124292,525.7961738875911,False
limpio,940,1306940.9333282895,552.4439426635998,False
limpio,960,1308505.5962289916,553.5068604128943,False
limpio,980,1333778.7409596136,569.2534123634541,False
limpio,1000,1282276.8893949674,562.4951648429847,False
limpio,1020,1306449.9583380078,588.0215348553008,False
limpio,1040,1501347.1093580548,630.3725308656216,False
limpio,1060,1511003.6694635414,672.9054443325583,False
limpio,1080,1564002.0401046078,715.3061781063176,False
limpio,1100,1594086.9693149575,751.0829363288907,False
limpio,1120,1562327.8695033384,748.8671399255861,False
limpio,1140,1607736.3257921643,779.6903478720627,False
limpio,1160,1586722.7691095145,750.6202822010847,False
limpio,1180,1670616.76126296,788.4431610553166,False
limpio,1200,1638677.036990613,743.8079363745583,False
limpio,1220,1407208.2064125421,671.5102519624181,False
limpio,1240,1406528.7758253077,700.4939499819226,False
limpio,1260,1415488.533711439,726.2682121341733,False
limpio,1280,1464961.471542545,745.6888257214537,False
limpio,1300,1430550.4360504248,737.6535693710581,False
limpio,1320,1353607.1740741483,736.7062885891083,False
limpio,1340,1325316.3522250091,687.3844871461685,False
limpio,1360,1336747.9975834414,651.1307972305963,False
limpio,1380,1313332.019163859,618.1554353078259,False
limpio,1400,1312992.1489728587,618.3833879772227,False
limpio,1420,1305837.2102669773,620.3357102455847,False
limpio,1440,1305383.0981501609,618.8979149804686,False
limpio,1460,1307447.1048049221,620.1283810929933,False
limpio,1480,1290658.320595605,618.4459837328455,False
limpio,1500,1366822.0692162903,654.4251566913686,False
limpio,1520,1334913.332811642,620.9026944455659,False
limpio,1540,1337834.7757228217,616.1737220281108,False
limpio,1560,1329818.53877459,585.1551057441642,False
limpio,1580,1329531.2787134047,586.929550376952,False
limpio,1600,1313256.634033827,575.6899328987703,False
limpio,1620,1321122.1368648654,590.9184454619716,False
limpio,1640,1321816.4530084722,591.2685051574755,False
limpio,1660,1318119.7195371788,590.9446179418975,False
limpio,1680,1342336.9531415075,597.3118561015565,False
limpio,1700,1274277.1728225893,596.4067234051985,False
limpio,1720,1465996.6593655103,630.0349893132295,False
limpio,1740,1494012.4948085898,643.6777033890111,False
limpio,1760,1456458.7622570575,615.7956841886504,False
limpio,1780,1445970.3473680196,598.0171564573288,False
limpio,1800,1484690.4766068102,606.892320909087,False
limpio,1820,1559314.605102796,614.2089910218191,False
limpio,1840,1606949.9528881907,653.0005057554708,False
limpio,1860,1553906.1582695784,676.2541332097131,False
limpio,1880,1530657.8042592392,673.6415254575959,False
limpio,1900,1521087.068422218,639.4813462321307,False
limpio,1920,1488224.1757777212,636.5125368214859,False
limpio,1940,1509122.2352989537,673.3120421877812,False
limpio,1960,1503068.6716779505,669.9535055758479,False
limpio,1980,1505273.7504268577,631.2705435697312,False
limpio,2000,1437798.5351511794,619.795656229468,False
limpio,2020,1434446.209367942,616.575089031495,False
limpio,2040,1425523.099002902,582.4939551880587,False
limpio,2060,1460032.8202971737,619.8709906596761,False
limpio,2080,1377341.425748517,587.7954343620002,False
limpio,2100,1397699.4280253379,596.299180476828,False
limpio,2120,1434361.2465364807,615.6660040095782,False
limpio,2140,1280074.6666160033,609.6990675526657,False
limpio,2160,1299259.1284941346,634.3611921612652,False
limpio,2180,1331738.6601346137,671.9611013094346,False
limpio,2200,1410889.675651012,702.7883106999492,False
limpio,2220,1399592.4051444428,672.5392989598575,False
limpio,2240,1322671.696542932,599.7319586673493,False
limpio,2260,1346162.884080789,621.8525558048526,False
limpio,2280,1330253.0149111769,589.5701753538235,False
limpio,2300,1300587.4509225837,570.6903147538575,False
limpio,2320,1338593.1175273277,591.7010774753901,False
limpio,2340,1329511.0161401562,589.9988325135773,False
limpio,2360,1367221.3293556976,574.6852033608016,False
limpio,2380,1295136.4257413943,598.380954927689,False
limpio,2400,1301585.4599307799,626.0062542898137,False
limpio,2420,1390783.8152838596,667.1520173253217,False
limpio,2440,1365383.069068949,629.886780298374,False
limpio,2460,1117459.9341134971,612.4600781601104,False
limpio,2480,1122250.4782306643,634.427267410349,False
limpio,2500,1154620.4462542732,670.1173739455088,False
limpio,2520,1183017.8645436573,699.0263049692383,False
limpio,2540,1231795.0860977126,765.586522670033,False
limpio,2560,1224781.9655241147,762.4229804718221,False
limpio,2580,1260133.7807459456,772.6508553018338,False
limpio,2600,1228828.6746483538,753.99937280512,False
limpio,2620,1198225.0188329336,715.5830234099627,False
limpio,2640,1297163.2290755946,703.8352639115578,False
limpio,2660,1241179.4846610278,690.723805692049,False
limpio,2680,1177603.434829918,611.5557989431036,False
limpio,2700,1167193.2796860184,586.1062307835223,False
limpio,2720,1147948.5678102537,585.7795663843858,False
limpio,2740,1133525.833705365,610.3631943529656,False
limpio,2760,1148314.0898370615,619.2925612073991,False
limpio,2780,1180502.45851513,669.6595273091334,False
limpio,2800,1190875.7628666537,669.763913306348,False
limpio,2820,1174706.627112688,649.9196681973878,False
limpio,2840,1132850.934511574,626.9542547688035,False
limpio,2860,1127164.42627408,620.0775562881068,False
limpio,2880,1185493.7812104234,604.5602536743564,False
limpio,2900,1155658.2374257566,573.5645825081045,False
limpio,2920,1092237.7934805877,560.8053228403174,False
limpio,2940,1090295.4161125708,555.7445619079775,False
limpio,2960,1399822.3352355873,615.5688935902913,False
limpio,2980,1312667.3259397796,583.3942365511068,False
limpio,3000,1302954.0150804007,560.2990236862129,False
limpio,3020,1346804.268091011,600.535409504758,False
limpio,3040,1274834.6058033323,557.6588186142541,False
limpio,3060,1268780.7661319934,529.6631279583299,False
limpio,3080,1260935.196610493,535.77318660671,False
limpio,3100,1279312.779755109,543.7693925224065,False
limpio,3120,1265756.128301961,537.5750538497335,False
limpio,3140,1279560.1705545648,560.318426397648,False
limpio,3160,1318934.03264547,549.5864974824125,False
limpio,3180,1246638.1652287615,553.6977710157208,False
limpio,3200,1272584.6596199933,595.8753074790775,False
limpio,3220,1334726.9458272855,645.8218618348113,False
limpio,3240,1172390.2648833492,608.9419316635662,False
limpio,3260,1145787.332128163,602.0622876576248,False
limpio,3280,1122314.2626554465,600.5475240762946,False
limpio,3300,1131486.9129170394,614.824370821923,False
limpio,3320,1177058.6179578404,674.6534633901786,False
limpio,3340,1243272.5758210232,704.2176699766866,False
limpio,3360,1210133.611677822,721.660839787219,False
limpio,3380,1193039.73192333,713.908271953137,False
limpio,3400,1213505.368227496,716.4850879601288,False
limpio,3420,1237944.0168061554,700.3909064194854,False
limpio,3440,1246717.9064366212,710.7471909163877,False
limpio,3460,987324.3373878917,635.3874312685061,False
limpio,3480,1015312.452793635,658.6649768931901,False
limpio,3500,1018223.1228251845,681.1856818127787,False
limpio,3520,981731.8808176443,634.3034151022993,False
limpio,3540,1015295.1251870396,675.3500557185703,False
limpio,3560,1042889.1689865488,701.7682405468307,False
limpio,3580,1077562.2015840746,745.3625830059732,False
limpio,3600,1074722.0852076535,739.3502398312642,False
limpio,3620,1052947.5355028913,727.304563367629,False
limpio,3640,1064826.2725364324,738.8533934800914,False
limpio,3660,1127277.844105927,808.7902406305824,False
limpio,3680,1150111.3338781544,813.78923304722,False
limpio,3700,1145036.830523878,802.4297829254925,False
limpio,3720,1119836.8556466813,781.6887980452225,False
limpio,3740,1306936.3047417523,850.1734109381943,False
limpio,3760,1340454.7170254781,877.9498957803494,False
limpio,3780,1306416.4671076674,825.028755477251,False
limpio,3800,1289792.946742191,816.0592399994503,False
limpio,3820,1276357.2696303728,784.9858818304776,False
limpio,3840,1237691.5236736054,745.4621230790221,False
limpio,3860,1238752.3074464237,742.6288280892253,False
limpio,3880,1245383.98630632,747.823909194767,False
limpio,3900,1239659.6808760106,745.8941612791305,False
limpio,3920,1268571.7651110126,781.5405135444546,False
limpio,3940,1245583.8748832243,738.011445363661,False
limpio,3960,1236081.6490133815,727.2202090426628,False
limpio,3980,1232876.8670615125,692.6337402382445,False
limpio,4000,1210391.3870465066,630.0839803118714,False
limpio,4020,1201799.5274186034,593.7660107047963,False
limpio,4040,1175584.581458233,533.2480998849419,False
limpio,4060,1152103.0798527494,505.3359224930619,False
limpio,4080,1140735.87339744,509.77881275143716,False
limpio,4100,1142887.4000916707,502.51251174308015,False
limpio,4120,1185441.8595423913,502.35718897917803,False
limpio,4140,1189870.693259073,502.47334243006236,False
limpio,4160,1135730.8156524368,451.56888576981413,False
limpio,4180,1189754.8241598285,476.40961946239753,False
limpio,4200,1103092.3783182036,456.70923868097964,False
limpio,4220,1112111.9112678245,468.58025553557786,False
limpio,4240,1118745.3861976126,466.00103616621305,False
limpio,4260,1114040.5094381857,466.81765902278,False
limpio,4280,1107122.5166394135,485.23810570871154,False
limpio,4300,1119604.1396758067,493.1410795761844,False
limpio,4320,1107686.8989781232,485.7580316575367,False
limpio,4340,1112393.518390259,486.491485991894,False
limpio,4360,1113160.8761783584,472.7066689975693,False
limpio,4380,1132383.1716363584,501.22223772320996,False
limpio,4400,1158749.0513101507,532.2466035799556,False
limpio,4420,1110013.0715526163,499.3166750412643,False
limpio,4440,1135472.4454870299,526.205209429976,False
limpio,4460,1508960.091351311,593.4497804620788,False
limpio,4480,1513212.6623154567,613.3371378688379,False
limpio,4500,1519178.0628899613,623.0893842967772,False
limpio,4520,1544972.8847325484,661.4763151258722,False
limpio,4540,1499400.3854185464,689.1465299133802,False
limpio,4560,1492521.2971169187,685.917641686447,False
limpio,4580,1484917.7221918418,645.8472937834302,False
limpio,4600,1444456.513514751,635.0361247324961,False
limpio,4620,1417492.8201680735,636.1548703340324,False
limpio,4640,1398685.5669170786,599.079031436904,False
limpio,4660,1355649.5170161563,603.8665151710062,False
limpio,4680,1344468.7587168792,597.836658445541,False
limpio,4700,1468567.3820735237,630.2338350786564,False
limpio,4720,1461858.1722275817,605.5988081905217,False
limpio,4740,1408647.2125568802,579.0136532225298,False
limpio,4760,1416399.4781780331,576.4470535901938,False
limpio,4780,1455302.1773826226,575.4816847576503,False
limpio,4800,1390289.5767395217,547.153005876943,False
limpio,4820,1416643.3969584561,555.144097473039,False
limpio,4840,1439749.0984364615,582.2783584745289,False
limpio,4860,1454354.3813927828,579.899866831228,False
limpio,4880,1275790.8383531775,552.0848025429611,False
limpio,4900,1231627.5496893688,508.2397634077087,False
limpio,4920,1258483.1948833757,500.4589038126863,False
limpio,4940,1248540.5837111962,470.7316104551205,False
limpio,4960,1209626.0097002762,429.88446091619426,False
limpio,4980,1187373.44631465,424.661889960099,False
limpio,5000,1213484.5367205304,444.86199249068994,False
limpio,5020,1206041.8142145772,444.192458242255,False
limpio,5040,1219242.7674473333,426.6985722271556,False
limpio,5060,1234617.5943390727,449.57907061240627,False
limpio,5080,1237141.0436839897,457.1397305969008,False
limpio,5100,1253104.2208161296,463.43024974415744,False
limpio,5120,1261465.287468761,466.21067840303687,False
limpio,5140,1284531.8610937411,492.8429942247109,False
limpio,5160,1356780.251767046,521.5321234782562,False
limpio,5180,1295438.190044762,497.84147755004295,False
limpio,5200,1095912.3759049345,461.0587676339841,False
limpio,5220,1055504.3975383202,421.536461466219,False
limpio,5240,1056546.667738502,409.7870787167999,False
limpio,5260,1033610.1586311565,380.53560799427765,False
limpio,5280,1013615.2981002239,349.1555935853842,False
limpio,5300,1038719.7543679066,348.2847400042831,False
limpio,5320,1023359.1423602763,330.86809738954554,False
limpio,5340,1023324.2969730508,329.7584529385781,False
limpio,5360,1044785.5015817205,331.7348707868203,False
limpio,5380,1003717.361885524,358.5421275135144,False
limpio,5400,1003107.539137897,379.57552322313364,False
limpio,5420,1051108.8870641452,430.8719797370262,False
limpio,5440,1067688.1603350646,459.0454592845419,False
limpio,5460,1052346.5845229183,457.7503623499186,False
limpio,5480,1085617.6955489367,487.6505251234135,False
limpio,5500,1077433.4348329187,481.38988456697683,False
limpio,5520,1065195.265198908,455.76229793879116,False
limpio,5540,1009020.9740446768,458.6878402866939,False
limpio,5560,1022940.0833756992,483.92176450017143,False
limpio,5580,1047936.7277644525,507.6449791965863,False
limpio,5600,1021501.3281678245,497.22360977109713,False
limpio,5620,1030513.7496046002,495.2497343643493,False
limpio,5640,1007566.3746769693,468.0212943539061,False
limpio,5660,926961.8092744299,436.03937101709624,False
limpio,5680,989055.125512843,485.85012866191073,False
limpio,5700,1192892.5147324256,540.157816400638,False
limpio,5720,1231089.8963058211,582.7376620168251,False
limpio,5740,1218561.6344664549,622.0778224679083,False
limpio,5760,1261132.9049478155,660.9041568792742,False
limpio,5780,1289659.6151667375,695.8699347243239,False
limpio,5800,1301933.42144126,711.0593579389129,False
limpio,5820,1265116.0332638843,716.095133783737,False
limpio,5840,1236076.2976807249,675.5987913981182,False
limpio,5860,1229336.6281085445,672.8587388672672,False
limpio,5880,1385471.4938092004,693.5926609311929,False
limpio,5900,1346660.2018658181,663.6889388090394,False
limpio,5920,1342676.9151369696,655.4633117719479,False
limpio,5940,1313229.9829531997,629.5925234230335,False
limpio,5960,1303256.221364253,629.5803329948839,False
limpio,5980,1324586.8097853283,645.3995281951521,False
limpio,6000,1312753.9693464863,638.4119378844683,False
limpio,6020,1338487.2167907953,671.8585466797048,False
limpio,6040,1388486.751721994,692.565527840207,False
limpio,6060,1343548.9860855844,623.2982454361468,False
limpio,6080,1319789.8274794423,590.6077273117542,False
limpio,6100,1345712.1029013777,575.1291963056071,False
limpio,6120,1377158.3934280446,608.3264976863453,False
limpio,6140,1387623.550341094,636.0416901502324,False
limpio,6160,1533571.4692878022,640.276401631486,False
limpio,6180,1514522.2228693177,608.2901577386126,False
limpio,6200,1467799.209836467,586.3718552659241,False
limpio,6220,1469046.7140226667,585.4564721628836,False
limpio,6240,1504363.6725943347,558.663851806735,False
limpio,6260,1459079.7497352029,562.1105733921318,False
limpio,6280,1464974.7722333819,561.4631520984796,False
limpio,6300,1489139.3949773773,577.8534366171566,False
limpio,6320,1558506.029583574,610.3932152373751,False
limpio,6340,1567773.1016107255,641.5538337193608,False
limpio,6360,1585989.4691865293,638.1484950346091,False
limpio,6380,1549789.7575539895,625.1032448412951,False
limpio,6400,1525198.0293786707,644.1111833057882,False
limpio,6420,1461228.8812049187,608.0180642879774,False
limpio,6440,1508956.5286934623,655.0089837100714,False
limpio,6460,1581405.7881796253,704.0782589998302,False
limpio,6480,1528533.0843745656,646.5718301633639,False
limpio,6500,1493472.5067056005,647.261112380669,False
limpio,6520,1449694.7390360567,606.4592177503757,False
limpio,6540,1510630.949729341,588.9981043064467,False
limpio,6560,1514651.461987857,593.1752202277906,False
limpio,6580,1287491.9175640163,610.9470092079366,False
limpio,6600,1287371.8668377667,632.8979795507685,False
limpio,6620,1297410.7164349153,659.2409359294534,False
limpio,6640,1299937.937921675,659.5619102684379,False
limpio,6660,1326214.5472619517,691.1054915039525,False
limpio,6680,1321101.8726958323,692.1684378094099,False
limpio,6700,1329885.3574248187,688.4502434355944,False
limpio,6720,1288008.6924386553,676.9034522567919,False
limpio,6740,1297915.9469259705,670.4266720278558,False
limpio,6760,1285434.059790063,640.2970336477723,False
limpio,6780,1290373.017099506,644.0980007775441,False
limpio,6800,1170376.938122971,605.1753138057635,False
limpio,6820,1187522.3812580747,622.2762076721245,False
limpio,6840,1188097.4621750214,622.6746147939973,False
limpio,6860,1244192.2366085278,689.0178925171455,False
limpio,6880,1234795.1385711618,672.0488002645606,False
limpio,6900,1299099.2935094517,698.4325561052227,False
limpio,6920,1286734.2696210425,667.189428160393,False
limpio,6940,1241911.6320583369,633.4758622523128,False
limpio,6960,1214895.4556322896,591.7855933866008,False
limpio,6980,1208019.4876236683,590.7905300237097,False
limpio,7000,1257144.9772086698,610.3911776972583,False
limpio,7020,1214113.3105858907,622.6918647528938,False
limpio,7040,1198979.7067002405,615.9278606596426,False
limpio,7060,1194496.3435984035,607.9775010781954,False
limpio,7080,1406593.7890341969,597.240408298961,False
limpio,7100,1396763.2065246154,570.050905006587,False
limpio,7120,1337534.2900439273,545.0499117710167,False
limpio,7140,1353400.0495656272,547.5251131101758,False
limpio,7160,1325459.0675138654,539.8945425656774,False
limpio,7180,1310764.1361125358,511.75619854516947,False
limpio,7200,1303713.2018899294,512.742304932691,False
limpio,7220,1348192.8768326885,520.601055352812,False
limpio,7240,1368312.6140548098,554.7178378239545,False
limpio,7260,1321070.398566146,552.8653233899478,False
limpio,7280,1308535.6568033067,545.8978672612824,False
limpio,7300,1507492.6700716172,614.3674661644424,False
limpio,7320,1375902.530301656,560.4255033500463,False
limpio,7340,1373608.4905870922,559.8687571065042,False
limpio,7360,1373644.5292800271,559.9146937970386,False
limpio,7380,1278406.3688807427,558.991806906989,False
limpio,7400,1255433.321026665,551.620579085311,False
limpio,7420,1320491.92311827,616.6044720026744,False
limpio,7440,1347896.4046515685,625.4554244126822,False
limpio,7460,1295260.8311941975,621.5248703994149,False
limpio,7480,1363702.7811935432,685.083007203704,False
limpio,7500,1279517.1984495528,656.6694169725623,False
limpio,7520,1378489.6269353027,682.6736334193114,False
limpio,7540,1444145.0288028775,749.1267684150208,False
limpio,7560,1401247.5739329662,763.7477917908112,False
limpio,7580,1415418.1787207369,791.6952893653742,False
limpio,7600,1481113.7854971455,854.8632422688315,False
limpio,7620,1411043.8768445412,853.5017053507802,False
limpio,7640,1356579.6809734867,809.5264940316797,False
limpio,7660,1355384.5162704857,777.6532940677081,False
limpio,7680,1360947.0172103413,779.0440172344646,False
limpio,7700,1356956.8070019127,775.8209615181191,False
limpio,7720,1354207.822230161,776.3006280482151,False
limpio,7740,1333201.3952262572,773.043600542622,False
limpio,7760,1420662.8317276498,827.2950250203419,False
limpio,7780,1378354.3795578456,788.3780223083844,False
limpio,7800,1338031.7966928713,744.5793673310746,False
limpio,7820,1367481.7813692559,781.3486333602168,False
limpio,7840,1372370.8935440104,785.5410023031924,False
limpio,7860,1333199.096351608,747.9092491493315,False
limpio,7880,1360526.8496129073,763.5681095273106,False
limpio,7900,1352853.898696047,727.6960999818297,False
limpio,7920,1294701.0971371992,649.1560094239161,False
limpio,7940,1266329.29926806,617.4602945513968,False
limpio,7960,1329157.4173877633,653.2899445173194,False
limpio,7980,1260725.941814621,589.6826847663784,False
limpio,8000,1246855.9121916713,607.0522969115739,False
limpio,8020,1249035.7560288627,610.8674920789055,False
limpio,8040,1245308.1857456104,615.526534465429,False
limpio,8060,1333532.8255555693,639.9489494924835,False
limpio,8080,1297291.2580937506,610.7798594761999,False
limpio,8100,1272500.775283285,590.6842439226992,False
limpio,8120,1253965.777570217,593.4641132364922,False
limpio,8140,1275315.073081839,624.5160144232248,False
limpio,8160,1326546.4666349336,688.3488528970275,False
limpio,8180,1368208.445107727,726.752449416354,False
limpio,8200,1349844.6900627855,725.7725566532996,False
limpio,8220,1378523.656367913,757.8785523455637,False
limpio,8240,1331275.908171855,717.9956029162174,False
limpio,8260,1319531.0081570903,711.8412124178562,False
limpio,8280,1400412.6676277046,793.82904166291,False
limpio,8300,1348319.077889073,749.3665221050338,False
limpio,8320,1431957.49911884,760.2705451161249,False
limpio,8340,1425218.212588938,765.3285982333708,False
limpio,8360,1413633.8545155802,756.2384831708338,False
limpio,8380,1498272.2558899901,758.0886880735069,False
limpio,8400,1341342.3228004214,745.6689139786902,False
limpio,8420,1393301.5609314397,810.2428189306974,False
limpio,8440,1425280.0752888399,835.085232825317,False
limpio,8460,1474875.4825806117,879.5776847705537,False
limpio,8480,1377525.4001301718,857.5700124774463,False
limpio,8500,1457208.2072938962,881.5573062813844,False
limpio,8520,1481447.4622265606,924.5976309044934,False
limpio,8540,1463228.556553065,888.1824213184963,False
limpio,8560,1456839.7438849881,888.5355746084794,False
limpio,8580,1483089.7810762797,909.086889707609,False
limpio,8600,1432534.3742466262,869.0695921850654,False
limpio,8620,1508992.6674347643,865.8987835937274,False
limpio,8640,1500176.5724309215,870.1809343097367,False
limpio,8660,1458135.6397623722,831.6036025733125,False
limpio,8680,1416654.1863981297,789.1885046778527,False
limpio,8700,1412885.2732594344,784.2733011559288,False
limpio,8720,1417911.9686511657,790.5545204802955,False
limpio,8740,1300549.198002327,782.1303766211349,False
limpio,8760,1265421.3196829166,767.9724510600582,False
limpio,8780,1236691.3037063347,752.5730174506632,False
limpio,8800,1279651.3867323336,782.1015170094026,False
limpio,8820,1304211.8896273668,819.042598142565,False
limpio,8840,1288214.0794147789,813.275400355931,False
limpio,8860,1283050.6111089075,782.9776334963943,False
limpio,8880,1272036.6145705972,774.3490601740211,False
limpio,8900,1400239.7677059225,820.9786751782209,False
limpio,8920,1374202.6193095527,758.3998713955066,False
limpio,8940,1333267.8093997948,729.8679708251465,False
limpio,8960,1272936.364857299,687.8640644067435,False
limpio,8980,1425725.231819416,730.2070167641962,False
limpio,9000,1455390.077017556,747.3184286375662,False
limpio,9020,1392747.2013632245,705.948965337351,False
limpio,9040,1396788.8139777505,709.0695151468768,False
limpio,9060,1303201.4805935987,669.4173201478877,False
limpio,9080,1347941.1988378558,718.6505003898278,False
limpio,9100,1385196.2952646795,744.2565637952692,False
limpio,9120,1386610.2117217097,746.6200917608242,False
limpio,9140,1290801.6200966998,718.7534578296488,False
limpio,9160,1254513.5194854732,674.4097511199739,False
limpio,9180,1260371.9799527584,672.5978159102764,False
limpio,9200,1287028.3544464558,677.7371276657809,False
limpio,9220,1194768.761894462,623.4839299295116,False
limpio,9240,1380603.0955439967,629.5974033740864,False
limpio,9260,1398916.993170993,607.4884826720266,False
limpio,9280,1349075.0260999058,549.7983834323218,False
limpio,9300,1370346.7619910636,558.8512017921192,False
limpio,9320,1249426.6709601588,509.50170694010944,False
limpio,9340,1268807.904918281,528.8706736553357,False
limpio,9360,1292518.5151552062,556.7552389634614,False
limpio,9380,1317927.5162714517,586.2243159438142,False
limpio,9400,1304526.9141987548,563.1373499604695,False
limpio,9420,1313603.1753479184,590.7028170560377,False
limpio,9440,1331222.6774612803,585.7088130473197,False
limpio,9460,1354762.6301571212,589.9391754073904,False
limpio,9480,1289294.9350680846,560.3983318437279,False
limpio,9500,1274974.603512873,554.5932020092084,False
limpio,9520,1329738.186475509,573.3560219051542,False
limpio,9540,1303628.4988373767,551.3473642923414,False
limpio,9560,1374847.373538281,553.5300592764727,False
limpio,9580,1309119.1832116426,517.4292378753701,False
limpio,9600,1293495.8126041316,484.1244282491063,False
limpio,9620,1298534.6209687905,484.0479926294886,False
limpio,9640,1167494.1153508383,480.8108064127623,False
limpio,9660,1192065.9749633684,527.7142853443152,False
limpio,9680,1201588.9709999627,553.4516115239464,False
limpio,9700,1253874.9779091608,613.4086596951347,False
limpio,9720,1318956.9812485753,625.4220129984835,False
limpio,9740,1326405.1052693962,631.3687623452022,False
limpio,9760,1318869.9109464549,662.8745195706056,False
limpio,9780,1365878.7527063058,698.9838443578533,False
limpio,9800,1206615.1840135648,667.0166972299392,False
limpio,9820,1244416.713969597,655.0036503079776,False
limpio,9840,1204741.337905291,593.764435665483,False
limpio,9860,1178226.8200880345,557.9561985109065,False
limpio,9880,1160898.252800596,532.2662323234781,False
limpio,9900,1107575.0685324254,536.7863627853828,False
limpio,9920,1078755.5080619801,499.4721324581573,False
limpio,9940,1069489.616597493,493.58077492030714,False
limpio,9960,1051374.861801598,455.0094443075286,False
limpio,9980,1088450.6431838816,455.0218835132201,False
limpio,10000,1072825.2866831433,433.3623636227685,False
limpio,10020,1050563.6043874617,415.2604042753467,False
limpio,10040,1032528.5580693091,409.52039243208634,False
limpio,10060,1024265.5941670059,432.8989276347492,False
limpio,10080,1034995.6057905942,440.04893819579956,False
limpio,10100,1057896.696772338,471.11427950642843,False
limpio,10120,861684.4013388915,477.5219562031839,False
limpio,10140,939651.1823576402,499.89211858748575,False
limpio,10160,938556.443219533,499.91375774519724,False
limpio,10180,927314.9594426414,495.12273855822747,False
limpio,10200,917075.2727051273,490.9721819181454,False
limpio,10220,911725.6615899015,491.2438290588588,False
limpio,10240,933648.1993555854,518.8679207846045,False
limpio,10260,934944.7649681552,503.26468484035126,False
limpio,10280,916049.6624585711,471.67571386304553,False
limpio,10300,973954.0790661108,472.101919992648,False
limpio,10320,953417.3182856448,476.82984388380225,False
limpio,10340,975024.0988716211,506.5091426146786,False
limpio,10360,996316.5913482023,537.5136265001017,False
limpio,10380,999059.6513155333,554.9739220873203,False
limpio,10400,1056488.5171758642,564.2362011719547,False
limpio,10420,1054327.3343170683,568.798220141695,False
limpio,10440,1064649.523817844,586.7089819222919,False
limpio,10460,1066997.7855680857,591.0886286551829,False
limpio,10480,1070795.8257411432,595.1368968305527,False
limpio,10500,1054626.4012965648,619.5354363674181,False
limpio,10520,1054130.8400750232,619.7649608602603,False
limpio,10540,1100652.037248852,648.8570696044884,False
limpio,10560,1089614.1437608432,624.6275839799457,False
limpio,10580,1084571.552174098,628.9270776655036,False
limpio,10600,1080224.122526923,618.8425781132656,False
limpio,10620,1441962.8673330522,621.3851679612261,False
limpio,10640,1434670.6971402026,631.9433714767468,False
limpio,10660,1434231.889770103,610.7665139884443,False
limpio,10680,1429836.8870017524,585.6303279317307,False
limpio,10700,1367598.806211417,549.3525517761423,False
limpio,10720,1358307.946954066,522.9987370520827,False
limpio,10740,1318350.0668691355,493.6924183450268,False
limpio,10760,1390401.731134827,510.74204375925325,False
limpio,10780,1369541.0597227148,519.2152498329463,False
limpio,10800,1393233.534516872,542.3566230217768,False
limpio,10820,1459765.9793939635,576.196059715332,False
limpio,10840,1341065.4574381316,549.2224407421472,False
limpio,10860,1321256.5085743857,542.1662963789745,False
limpio,10880,1402156.784909536,581.137852579699,False
limpio,10900,1421241.881549792,612.353195248653,False
limpio,10920,1410135.131433119,613.2830719585947,False
limpio,10940,1480781.4491390823,629.6405412422713,False
limpio,10960,1366931.9001843526,658.335469522432,False
limpio,10980,1376124.1102678676,680.6118999569449,False
limpio,11000,1476237.1579111437,718.6170435207919,False
limpio,11020,1424353.6855951548,713.0558899259413,False
limpio,11040,1404252.3191402575,678.0921873406282,False
limpio,11060,1418917.5600714674,675.3065981032184,False
limpio,11080,1399928.5800931975,669.2509524177399,False
limpio,11100,1386937.4439232007,635.9936809403787,False
limpio,11120,1398950.218261779,636.9843007358301,False
limpio,11140,1346537.6764645015,631.1461877789235,False
limpio,11160,1338588.2155968526,625.7772206172781,False
limpio,11180,1371361.17603367,661.8716460501888,False
limpio,11200,1408616.8436210128,668.566081687923,False
limpio,11220,1402146.7681475068,669.5669885200509,False
limpio,11240,1441731.8157021,705.4420708224083,False
limpio,11260,1393466.8405827952,672.1013601167953,False
limpio,11280,1422293.141827389,702.8259402206078,False
limpio,11300,1424782.9992570078,704.0270086189195,False
limpio,11320,1417324.5782339787,697.9387215002785,False
limpio,11340,1506543.0217185696,704.1110641405788,False
limpio,11360,1479034.0159608007,706.5661676213755,False
limpio,11380,1424277.261187081,632.932550786988,False
limpio,11400,1337251.2604639044,600.557620752288,False
limpio,11420,1367486.4601968296,627.5197598147123,False
limpio,11440,1367856.7971747504,636.6555452655698,False
limpio,11460,1489038.7701023312,634.4288816487568,False
limpio,11480,1509812.5247851575,645.1333356365718,False
limpio,11500,1180420.0989357715,578.2484645200484,False
limpio,11520,1159972.4106041107,539.5542791455005,False
limpio,11540,1140854.0015726723,532.5487057788914,False
limpio,11560,1133731.0035614953,523.5445035456211,False
limpio,11580,1116457.7043212599,493.6780039273504,False
limpio,11600,1118196.8605764909,494.4587401548257,False
limpio,11620,1107315.4359879266,495.00147489594667,False
limpio,11640,1166688.660228491,496.3217245720935,False
limpio,11660,1110181.1887130097,484.368718966904,False
limpio,11680,1092502.4377210792,449.40801445721917,False
limpio,11700,1071743.5740550798,419.53212317744084,False
limpio,11720,1077910.9804965688,420.03968143517795,False
limpio,11740,1032051.9419132345,401.95863900125175,False
limpio,11760,1060468.406844204,415.88732625364975,False
limpio,11780,1080965.2831568343,417.7419126576363,False
limpio,11800,1056534.035677339,424.39689607467056,False
limpio,11820,1057478.0833332757,423.0796706230781,False
limpio,11840,1054456.5021958689,423.11754082793306,False
limpio,11860,1050216.0547394517,423.5528427845326,False
limpio,11880,1048974.0687110191,421.0642559659931,False
limpio,11900,1083521.156714582,418.1345689956812,False
limpio,11920,1100773.0021276765,429.6089778204279,False
limpio,11940,1091258.588741288,417.9196761847812,False
limpio,11960,1077268.0617361173,400.3839276360612,False
limpio,11980,1078739.0440670103,400.0882521371498,False
limpio,12000,1347422.4828097634,420.0860044887604,False
limpio,12020,1324093.385773986,428.9283326386761,False
limpio,12040,1342042.9194979928,437.40256789333364,False
limpio,12060,1258138.0629391973,452.26117720108874,False
limpio,12080,1256659.5315539083,477.1378503773663,False
limpio,12100,1275331.1157867434,509.8530435572086,False
limpio,12120,1336226.8525529117,556.6285027748658,False
limpio,12140,1305337.7329411798,525.7225859107965,False
limpio,12160,1316417.9226472387,521.544040181404,False
limpio,12180,1383186.0148000037,588.539692981088,False
limpio,12200,1411526.6127033555,621.4228211291357,False
limpio,12220,1406101.9700457067,619.5008622456946,False
limpio,12240,1468667.87071216,654.7797699731879,False
limpio,12260,1427434.877267884,622.6911737023423,False
limpio,12280,1431719.688497569,622.9536198304444,False
limpio,12300,1406148.1480145038,595.6994610804871,False
limpio,12320,1428424.5471437052,621.7267001330889,False
limpio,12340,1381157.7856187935,621.9362623862144,False
limpio,12360,1433489.3994233175,631.4135530248695,False
limpio,12380,1494509.3070995747,698.6824860055231,False
limpio,12400,1493602.8087425712,700.9432782746893,False
limpio,12420,1496560.4918913268,695.6496613858869,False
limpio,12440,1487621.4345427016,682.3096985353536,False
limpio,12460,1494129.5996116302,695.9138461380738,False
limpio,12480,1354361.7471627966,658.7643717005624,False
limpio,12500,1399112.5912424864,687.7377808298687,False
limpio,12520,1465997.1682812118,735.7293015390468,False
limpio,12540,1510409.9620148572,778.5675322733055,False
limpio,12560,1570270.295214494,794.8755600303939,False
limpio,12580,1615468.3555190882,828.043847223227,False
limpio,12600,1548339.7286660562,773.6096437776703,False
limpio,12620,1540474.6739882436,747.6030059732129,False
limpio,12640,1552484.1317745312,783.2766962970898,False
limpio,12660,1613835.179956443,792.0298085073455,False
limpio,12680,1587351.549545938,752.2570748255224,False
limpio,12700,1445109.6122336334,728.1516972941122,False
limpio,12720,1474157.0191663296,775.7093195598225,False
limpio,12740,1493018.5975282856,774.8308420275922,False
limpio,12760,1543711.936427025,821.8711281575095,False
limpio,12780,1484256.103783164,811.9055146402301,False
limpio,12800,1562448.6342422906,852.6956979377102,False
limpio,12820,1426141.8445652009,792.7928862999734,False
limpio,12840,1445034.8851975102,792.5249554384544,False
limpio,12860,1422526.8062872041,749.6507886138476,False
limpio,12880,1357563.5868812124,677.3866792732225,False
limpio,12900,1346014.615108637,710.0886087360873,False
limpio,12920,1350374.1783994224,709.1876568586687,False
limpio,12940,1348916.8373021085,719.396790107335,False
limpio,12960,1342942.542288736,704.1530558445187,False
limpio,12980,1237128.6746010198,698.9249365719277,False
limpio,13000,1213904.1272262218,682.7517395265635,False
limpio,13020,1198240.1035612756,681.0806901682395,False
limpio,13040,1189016.6823138758,678.9871356941978,False
limpio,13060,1257231.4287902152,731.214671145592,False
limpio,13080,1233551.0397512831,706.1729369875817,False
limpio,13100,1256468.6624105682,707.3416319037042,False
limpio,13120,1215427.8352552827,690.2776547756456,False
limpio,13140,1196925.3839459028,663.1898304669907,False
limpio,13160,1215451.0455236894,663.9118557146705,False
limpio,13180,1204539.037426414,659.6639314808161,False
limpio,13200,1261409.585132994,650.8175664688991,False
limpio,13220,1262530.0564870897,643.0650312227508,False
limpio,13240,1117416.3281168817,615.9526833780045,False
limpio,13260,1079908.7337396448,568.4067526144578,False
limpio,13280,1085705.586017499,532.4454334291831,False
limpio,13300,1059088.3697252164,498.4027012036639,False
limpio,13320,1079423.855151236,489.3513557465642,False
limpio,13340,1071516.1882827627,497.91340351736454,False
limpio,13360,1085993.5221783018,526.0414351993805,False
limpio,13380,1044611.5695792097,546.24036701966,False
limpio,13400,1078197.7319539047,552.6046590769197,False
limpio,13420,1102010.0523805167,578.2561309743087,False
limpio,13440,1075607.0676395004,552.8727105797558,False
limpio,13460,1103971.7107618055,584.2426179534142,False
limpio,13480,1296307.5228010912,601.9570302578766,False
limpio,13500,1300993.2002507679,583.0123191649632,False
limpio,13520,1294961.7942272539,539.2377114808478,False
limpio,13540,1284182.3117212013,530.4133276056533,False
limpio,13560,1128745.379281561,489.5594458800238,False
limpio,13580,1096405.3263861341,486.14084548261985,False
limpio,13600,1123270.7333026412,535.3272529087607,False
limpio,13620,1149008.7581700268,548.6109610014954,False
limpio,13640,1174566.3206131728,575.6713350973715,False
limpio,13660,1156818.6604854425,600.3646649374333,False
limpio,13680,1166847.9746464838,604.057774016008,False
limpio,13700,1142432.240211757,621.7447883635937,False
limpio,13720,1118971.8252153243,581.103041644318,False
limpio,13740,1256720.4129636856,580.9264067784823,False
limpio,13760,1266844.6966170033,591.7830588852706,False
limpio,13780,1133230.265095379,589.4267001687465,False
limpio,13800,1156518.0731720151,638.4222143834409,False
limpio,13820,1161939.6171828415,660.4609919392494,False
limpio,13840,1210990.021247318,717.4090679459275,False
limpio,13860,1225460.7023427715,718.7486881034919,False
limpio,13880,1304369.2920903661,737.5424030553387,False
limpio,13900,1273576.964400695,728.9638670807768,False
limpio,13920,1246843.3570901656,699.1869400879783,False
limpio,13940,1251244.2874831718,700.5257256163106,False
limpio,13960,1144314.5520814534,668.9901423338922,False
limpio,13980,1149666.0090282247,657.3060109831453,False
limpio,14000,1136424.4195649442,640.5785992081201,False
limpio,14020,1123797.000426639,636.485822165375,False
limpio,14040,1120263.3381435033,641.7348268384735,False
limpio,14060,1219193.0529647295,633.9266499336644,False
limpio,14080,1201812.6799074502,612.1863676797553,False
limpio,14100,1183159.1978606114,587.7505177904912,False
limpio,14120,1191854.5821826658,588.217819813756,False
limpio,14140,1163565.44885505,586.8707964991147,False
limpio,14160,1202236.65451177,593.0003697359056,False
limpio,14180,1156842.9665628858,553.7863069762171,False
limpio,14200,1239121.7370188918,578.2096448603337,False
limpio,14220,1130142.5699765976,597.7122224926082,False
limpio,14240,1134988.2532373953,617.328936058454,False
limpio,14260,1173504.8577840377,674.8287428077673,False
limpio,14280,1347084.4567841592,726.8551916240232,False
limpio,14300,1358275.2590829006,712.0747443964916,False
limpio,14320,1296632.4160868833,698.8749367847062,False
limpio,14340,1265260.218253003,636.0143997765236,False
limpio,14360,1233134.9361577092,604.3773815332921,False
limpio,14380,1210215.5472475672,605.0981897686769,False
limpio,14400,1233574.7068399882,600.2527067757452,False
limpio,14420,1203342.7677950624,570.9272444090047,False
limpio,14440,1094799.352349184,573.4400239384722,False
limpio,14460,1139278.652972915,554.266554365973,False
limpio,14480,1141938.4477105818,554.2495324898766,False
limpio,14500,1139080.630737531,554.2825540287546,False
limpio,14520,1144360.5824136266,555.8317837462614,False
limpio,14540,1109940.1895718002,545.1145095600899,False
limpio,14560,1142571.2680187284,592.1712989978753,False
limpio,14580,1195257.8887251767,626.7100547608921,False
limpio,14600,1160417.425000998,603.4706902337988,False
limpio,14620,1170907.2035292827,618.1016648714324,False
limpio,14640,1166968.6537048856,583.6634913350255,False
limpio,14660,1138029.6322240173,554.633050509361,False
limpio,14680,1117359.5634810636,565.1805877662329,False
limpio,14700,1088688.5787029206,522.5178510219748,False
limpio,14720,1204556.467252595,502.5367981476001,False
limpio,14740,1212944.1798277285,481.6986382434677,False
limpio,14760,1087891.3164150359,431.858749468102,False
limpio,14780,1102510.7717915724,446.83859140877667,False
limpio,14800,1106454.532208612,457.8511228786883,False
limpio,14820,1150496.9907578744,465.84312809622196,False
limpio,14840,1143958.6380226824,469.98585791827526,False
limpio,14860,1061543.5503739303,493.5057774846949,False
limpio,14880,1056546.7991999183,480.4481726172692,False
limpio,14900,1076407.996475418,509.23459005246207,False
limpio,14920,1107377.3486023375,539.0892949092371,False
limpio,14940,1217370.953434307,542.9080260797207,False
limpio,14960,1261014.858678004,588.151473961608,False
limpio,14980,1282476.0996145476,617.2775418757316,False
limpio,15000,1231041.9703797738,631.1836676412327,False
limpio,15020,1220784.922573135,622.9749436934716,False
limpio,15040,1251168.5244605008,608.5081004337497,False
limpio,15060,1226391.0688760504,559.9402769072873,False
limpio,15080,1185803.2509675755,537.1256587297472,False
limpio,15100,1222897.2613152084,549.0210429885366,False
limpio,15120,1196640.5509110214,528.6026049707324,False
limpio,15140,1203226.2426657106,528.8406133440062,False
limpio,15160,1237380.0165102042,556.443952920041,False
limpio,15180,1284980.7518993763,552.3787847797169,False
limpio,15200,1277143.6658909232,558.7776210607791,False
limpio,15220,1310895.312203868,595.8572152998058,False
limpio,15240,1212097.0203570316,619.317927507335,False
limpio,15260,1309006.4375124378,645.6375030990148,False
limpio,15280,1333100.2795291876,670.0675087447075,False
limpio,15300,1319415.3766542277,651.4768876981597,False
limpio,15320,1286873.755605361,620.0213322378423,False
limpio,15340,1282092.4315378217,640.1783012205914,False
limpio,15360,1411554.561467476,617.3107029115907,False
limpio,15380,1401297.7902792406,592.7385897402924,False
limpio,15400,1368226.111066934,561.2420264156025,False
limpio,15420,1323711.4531620704,532.2432339649249,False
limpio,15440,1377817.4779600329,562.0179542726034,False
limpio,15460,1075469.1156880702,520.8172845993503,False
limpio,15480,1037295.4744661644,484.687093266914,False
limpio,15500,1039951.7887758141,458.5976562220469,False
limpio,15520,1035559.0311830466,457.16523458080763,False
limpio,15540,1031161.165342824,451.4468155400306,False
limpio,15560,1023329.1996038156,448.03519903395676,False
limpio,15580,1032272.4450466281,437.07321854505295,False
limpio,15600,1007588.1272448878,416.9633015831788,False
limpio,15620,974352.5261756076,410.6654974952031,False
limpio,15640,973109.4078856074,408.43592928392866,False
limpio,15660,944594.9580522567,383.1675135391798,False
limpio,15680,979656.4834392125,408.9038774310316,False
limpio,15700,981483.9374004559,410.13579731516757,False
limpio,15720,980557.0165973924,406.7325806151399,False
limpio,15740,1063296.3842978538,384.3759924601026,False
limpio,15760,1008724.3664180874,393.50834766100036,False
limpio,15780,974715.9872017074,364.78018821768376,False
limpio,15800,977334.3696756746,372.65960941511133,False
limpio,15820,1002767.265300564,388.34365150588286,False
limpio,15840,982880.1620094532,376.07349057470725,False
limpio,15860,998382.9029120744,396.5975226438399,False
limpio,15880,1019641.7616119325,416.52223977297734,False
limpio,15900,1001284.6270957672,393.58289685719217,False
limpio,15920,989157.4912848226,390.9161847946024,False
limpio,15940,1021204.2583195505,417.3097720654555,False
limpio,15960,1327651.9508121512,432.022151011607,False
limpio,15980,1366711.8319378463,466.79377149770664,False
limpio,16000,1372958.5564225386,496.14827508826596,False
limpio,16020,1395007.7276210703,538.7488072211385,False
limpio,16040,1403718.920474289,545.248442471929,False
limpio,16060,1409515.3710499716,548.9155836500979,False
limpio,16080,1366820.8982807454,585.5769636274356,False
limpio,16100,1392740.852619377,613.6071942541569,False
limpio,16120,1481716.175116776,623.5584771171265,False
limpio,16140,1473311.9250674369,634.585631891546,False
limpio,16160,1497767.0035906122,668.0210956977014,False
limpio,16180,1397112.0995896857,628.4362198613718,False
limpio,16200,1452081.529048067,691.4405166121632,False
limpio,16220,1455690.8901451547,692.9461161540427,False
limpio,16240,1476587.5100716737,725.7861342255657,False
limpio,16260,1558303.919047527,695.9087637084288,False
limpio,16280,1500957.6468264693,701.684613077038,False
limpio,16300,1509323.6721444137,691.612511760414,False
limpio,16320,1477279.913045017,687.559988111544,False
limpio,16340,1483257.689697276,685.1566264967204,False
limpio,16360,1455903.4740936013,651.6695459952908,False
limpio,16380,1321137.619799682,618.3511410002405,False
limpio,16400,1345155.7655180492,673.6420866303496,False
limpio,16420,1393205.457472994,702.9684100118168,False
limpio,16440,1396155.9363624083,704.1982586654204,False
limpio,16460,1397915.0444210817,727.6632510052576,False
limpio,16480,1368469.8627184413,685.8706096220398,False
limpio,16500,1368953.6238303112,668.9326350196371,False
limpio,16520,1356354.5926194808,652.9925971951883,False
limpio,16540,1362952.1160694757,656.0417814310077,False
limpio,16560,1348097.6955029345,660.113345879045,False
limpio,16580,1398942.6637593843,653.2777492155777,False
limpio,16600,1345316.1296364637,621.7076569350393,False
limpio,16620,1353569.6807927394,625.7334899090133,False
limpio,16640,1392043.2489597949,657.1927272382835,False
limpio,16660,1288086.28848626,634.2748078889078,False
limpio,16680,1338999.184431481,632.471674555959,False
limpio,16700,1287267.8038585281,562.587956775061,False
limpio,16720,1270194.0551638852,528.9098372669972,False
limpio,16740,1246233.8367998598,502.2488130933887,False
limpio,16760,1273988.7539847519,533.8933737910257,False
limpio,16780,1265122.0093038508,503.58154669116186,False
limpio,16800,1258735.2648033681,502.1037910795341,False
limpio,16820,1292443.1925371613,517.4791621579279,False
limpio,16840,1215031.7347602604,519.1395698627052,False
limpio,16860,1221342.2934491052,538.6128435834927,False
limpio,16880,1416030.7082905998,611.0990983480759,False
limpio,16900,1402935.469073079,583.2717489602211,False
limpio,16920,1390716.0810520244,559.6483459163115,False
limpio,16940,1224034.1746705817,510.35089040469387,False
limpio,16960,1244208.1079021343,530.5060541247533,False
limpio,16980,1264956.1923552637,558.4965683999872,False
limpio,17000,1291522.8678785095,587.4041450962142,False
limpio,17020,1219918.3225407274,591.1637083223277,False
limpio,17040,1236797.982996847,616.2503266035537,False
limpio,17060,1313167.273494908,677.006545437773,False
limpio,17080,1288067.8828944957,654.6971501781746,False
limpio,17100,1242625.3440361698,649.8837366314224,False
limpio,17120,1267395.3440240514,683.4758603466651,False
limpio,17140,1275663.2311767964,685.3325720032306,False
limpio,17160,1340939.5897842618,679.720757135091,False
limpio,17180,1410000.3925622962,743.8673562391273,False
limpio,17200,1386316.4548234928,762.8400251259241,False
limpio,17220,1410736.3379153893,793.7356188418423,False
limpio,17240,1468807.0023336885,849.6140146627923,False
limpio,17260,1444077.2378578994,833.0568687050442,False
limpio,17280,1505805.5711839201,882.0610624514503,False
limpio,17300,1493668.3864696878,884.1817713318193,False
limpio,17320,1466343.9943267615,856.1471361963369,False
limpio,17340,1500592.2989613188,877.3164188741123,False
limpio,17360,1484725.200872879,844.9099169918776,False
limpio,17380,1423114.6667825386,770.8673315396156,False
limpio,17400,1374165.13917107,750.5044191060073,False
limpio,17420,1377416.7985144262,750.3597501829965,False
limpio,17440,1341588.5077986005,731.9166665185443,False
limpio,17460,1338660.3988695953,742.1700427440721,False
limpio,17480,1330071.3341971615,738.6662753650844,False
limpio,17500,1364257.3746614112,772.7969280977136,False
limpio,17520,1428799.0461570735,774.9415976286932,False
limpio,17540,1402100.6802860629,739.129700914487,False
limpio,17560,1330207.4404025048,667.631419558262,False
limpio,17580,1365667.2028249793,698.5799890650895,False
limpio,17600,1442857.9834236926,706.8460700640169,False
limpio,17620,1192271.2351809896,637.9380269343924,False
limpio,17640,1148130.476824298,590.791976573502,False
limpio,17660,1169169.3213605136,585.3690804299395,False
limpio,17680,1123377.8371543905,529.083501599389,False
limpio,17700,1164556.5182174342,514.4076526044693,False
limpio,17720,1143124.3367539237,489.07474369946397,False
limpio,17740,1056049.7662780273,462.75559783451473,False
limpio,17760,1053049.1265365928,435.0635125492201,False
limpio,17780,1039419.853923346,409.61672395222024,False
limpio,17800,1020538.7924121212,388.955236516918,False
limpio,17820,991835.2762780926,389.52892172755156,False
limpio,17840,980727.335003435,375.9532038254304,False
limpio,17860,977210.5974903043,373.105661007807,False
limpio,17880,978833.8951939202,360.06252157698043,False
limpio,17900,1001645.3155019757,377.5641830685897,False
limpio,17920,990996.4999191695,376.5030451453731,False
limpio,17940,1108696.1287022897,388.2764012489048,False
limpio,17960,1098395.5547778662,349.3609760435114,False
limpio,17980,1103467.3728688303,331.1881879354355,False
limpio,18000,1067365.5366268759,298.81723282386207,False
limpio,18020,1033371.5066886353,297.26885777797867,False
limpio,18040,1032502.3674696367,296.37077532159805,False
limpio,18060,1032242.2301816393,285.95271163441936,False
limpio,18080,1013555.3972588168,281.03109347526924,False
limpio,18100,941432.9545619836,292.94284679554,False
limpio,18120,1062060.2507937043,313.9677961237914,False
limpio,18140,1096416.3004644886,347.9168498627551,False
limpio,18160,1069601.4986145399,361.4232746345589,False
limpio,18180,1063738.290592756,356.686896615172,False
limpio,18200,1056160.9530538449,355.5134549504141,False
limpio,18220,1071317.0798768231,353.6731156814912,False
limpio,18240,1122872.101553633,348.81322259948575,False
limpio,18260,1132185.242235887,366.00816026501496,False
limpio,18280,1134926.7912039603,362.79727515191286,False
limpio,18300,1136837.9062274392,365.9202139020829,False
limpio,18320,1209716.5217914258,381.83609141950654,False
limpio,18340,1007713.7036223877,383.40511891330306,False
limpio,18360,986170.4014023565,377.21594572915325,False
limpio,18380,972133.4893162139,370.1474859847563,False
limpio,18400,936649.433793224,334.0006447213192,False
limpio,18420,944176.3735343631,328.87319975513327,False
limpio,18440,945429.746892706,313.0705293652713,False
limpio,18460,949014.4644670981,319.60235696648436,False
limpio,18480,879163.0830633726,326.2952525388137,False
limpio,18500,882148.4193383647,337.0324771725145,False
limpio,18520,933598.9455933485,370.6561819662024,False
limpio,18540,951993.353882462,396.0051176346398,False
limpio,18560,927415.3451115922,398.8968526636018,False
limpio,18580,1000419.132588768,449.53616013979126,False
limpio,18600,1020162.8805718003,428.4421489196814,False
limpio,18620,1019216.386472897,424.10893180650953,False
limpio,18640,982809.7380870399,397.695435911344,False
limpio,18660,1004206.3372257652,388.6035305194419,False
limpio,18680,1007532.4121029917,397.9813191273219,False
limpio,18700,1027993.7142615281,418.52287446860527,False
limpio,18720,1022339.5149497342,422.77465825541975,False
limpio,18740,1044154.9028690606,443.78611574095623,False
limpio,18760,1034349.8283392354,423.37192098515084,False
limpio,18780,1022528.0839070805,433.22516700746877,False
limpio,18800,1040194.5347260853,454.66211421150854,False
limpio,18820,1036341.2463145027,443.87030283217206,False
limpio,18840,1297177.471828463,447.70202274469716,False
limpio,18860,1322886.0423820438,459.6104572342354,False
limpio,18880,1285398.883462042,470.6766884957563,False
limpio,18900,1362014.6203209576,537.856799977696,False
limpio,18920,1367193.7657446985,561.699352736488,False
limpio,18940,1368825.9212911557,564.2225713773428,False
limpio,18960,1363230.6347538838,566.4429649088188,False
limpio,18980,1526621.8955332283,598.4011545754108,False
limpio,19000,1497671.315386067,573.4584359898662,False
limpio,19020,1472339.0251117388,542.3214823193916,False
limpio,19040,1211324.582705591,512.4750212732606,False
limpio,19060,1214032.1379757333,502.2433301803298,False
limpio,19080,1151704.7906833903,436.3148009066591,False
limpio,19100,1164638.099226407,426.2971453573432,False
limpio,19120,1150119.5881532452,399.64186728553506,False
limpio,19140,1169044.3640812093,383.2324857129616,False
limpio,19160,1153410.6207821425,385.08282469525926,False
limpio,19180,1170863.778041477,405.0288919407997,False
limpio,19200,1165001.6855956211,415.46755128795604,False
limpio,19220,1138408.3858677612,427.0474941781828,False
limpio,19240,1135210.5761577238,402.36946593514006,False
limpio,19260,1136830.1750282026,408.15753172410865,False
limpio,19280,1123272.6189131765,403.01456338073774,False
limpio,19300,1119071.874103072,402.0839898121431,False
limpio,19320,1149754.5740929719,414.67407102679545,False
limpio,19340,1109799.5934037336,418.61810453242083,False
limpio,19360,1119622.262318679,438.40024242018274,False
limpio,19380,1179172.491122055,464.7614255057783,False
limpio,19400,1053096.4513480635,418.8572824327348,False
limpio,19420,1044933.1777900899,393.46099665891495,False
limpio,19440,1042793.3290807826,394.6807485597584,False
limpio,19460,1047844.2699722742,389.0603999420549,False
limpio,19480,1022924.2419214818,372.96360783962746,False
limpio,19500,1048769.1443345493,390.2511135429249,False
limpio,19520,935257.8908224056,386.8757890779002,False
limpio,19540,1071791.807379093,417.8425949651558,False
limpio,19560,1109797.6368964522,467.0309096065511,False
limpio,19580,1137118.8360372814,496.46648060398644,False
limpio,19600,1209737.5124047466,557.6391015373554,False
limpio,19620,1198153.5604603712,565.4252200142131,False
limpio,19640,1087846.6448590888,562.6661082049483,False
limpio,19660,1120397.4244884483,607.4404881597627,False
limpio,19680,1117033.636233937,609.3167440011423,False
limpio,19700,1125174.57493799,604.6973620217548,False
limpio,19720,1184796.88738177,627.7481294999716,False
limpio,19740,1201640.105470308,663.1305131833846,False
limpio,19760,1130251.5404955985,669.4842632604992,False
limpio,19780,1139136.3583244954,663.1199815180357,False
limpio,19800,1112569.9275871716,624.8127828850479,False
limpio,19820,1088840.127646169,589.6166455171963,False
limpio,19840,1108902.787334816,590.4108464082875,False
limpio,19860,1114640.5970754435,596.8323041877261,False
limpio,19880,1062088.5484657546,557.5255657355384,False
limpio,19900,1214645.1332690592,627.783761638309,False
limpio,19920,1176204.5413667373,629.3731150388467,False
limpio,19940,1209815.7973275278,662.7213034186458,False
limpio,19960,1236554.1103200335,702.11282512342,False
limpio,19980,1174741.5671109075,719.4803981184556,False
limpio,20000,1172791.1082027985,702.6015258433263,False
limpio,20020,1349521.5842086785,782.1887855811486,False
limpio,20040,1254243.3771979902,741.2399428154599,False
limpio,20060,1234098.7622848365,711.6173334029826,False
limpio,20080,1260705.2288643313,757.5255086322804,False
limpio,20100,1230066.1844378489,721.7487840237195,False
limpio,20120,1229831.6157071101,715.1097797977696,False
limpio,20140,1395157.2534184358,772.0243806087973,False
limpio,20160,1360496.9268327663,748.8010235883994,False
limpio,20180,1370688.3869332937,745.4694325586196,False
limpio,20200,1317219.029173825,707.8327072657205,False
limpio,20220,1342420.1288326245,735.4084820214655,False
limpio,20240,1315850.7436574206,699.2850445452868,False
limpio,20260,1454426.2023000438,696.0770573259916,False
limpio,20280,1483026.039821274,742.8828407688566,False
limpio,20300,1520818.1414323486,784.3015706739668,False
limpio,20320,1513922.1081215334,787.9821789202945,False
limpio,20340,1563095.4560275436,834.0899609113582,False
limpio,20360,1535496.542044814,828.0419077939802,False
limpio,20380,1594152.9265198149,872.311406309765,False
limpio,20400,1533121.4631782365,783.6792243688594,False
limpio,20420,1597469.734446444,820.1611128307031,False
limpio,20440,1545032.7426328706,788.3788329827083,False
limpio,20460,1529692.4926876677,779.70861787482,False
limpio,20480,1669707.7862778136,753.1526550535848,False
limpio,20500,1650837.5899617577,764.187459288826,False
limpio,20520,1597437.3210483608,719.3756789135341,False
limpio,20540,1765343.4078838013,723.2465927845319,False
limpio,20560,1733126.3716697246,732.4580271471427,False
limpio,20580,1701350.3460857626,691.830736078485,False
limpio,20600,1607380.8061574155,655.6635201981189,False
limpio,20620,1688887.389225571,727.7252458832795,False
limpio,20640,1530202.0028548099,692.6070802561095,False
limpio,20660,1457366.443898212,673.5561441497521,False
limpio,20680,1453967.002752339,702.021996205028,False
limpio,20700,1503051.6605900791,735.472050649804,False
limpio,20720,1483399.8624173226,704.3020598215761,False
limpio,20740,1472071.5342366595,730.6233059695342,False
limpio,20760,1476388.4288739972,732.5037947897628,False
limpio,20780,1426456.6538112804,687.1028444219831,False
limpio,20800,1452448.234390887,716.5412239529679,False
limpio,20820,1464784.2736071805,726.7416363536008,False
limpio,20840,1351403.5073420098,684.7022523510748,False
limpio,20860,1384187.0919497425,704.2070320115592,False
limpio,20880,1406285.604970692,721.4937531051186,False
limpio,20900,1360786.221518802,744.1795487293087,False
limpio,20920,1346344.0668523738,711.2769234390976,False
limpio,20940,1351910.1753558493,704.1030594051281,False
limpio,20960,1288806.2696211652,687.7876811807286,False
limpio,20980,1288161.281725783,683.2006260682145,False
limpio,21000,1275101.9347929803,644.3416265847253,False
limpio,21020,1252921.2713935457,615.9373685350499,False
limpio,21040,1236392.8687180192,630.1989916378951,False
limpio,21060,1231992.958304208,593.7675663462039,False
limpio,21080,1216255.4064956664,564.3306224893565,False
limpio,21100,1265650.5562309434,587.1156966629468,False
limpio,21120,1186484.2339642504,538.302761989567,False
limpio,21140,1331772.807298212,564.7240761977204,False
limpio,21160,1402441.3611062656,580.6052758155454,False
limpio,21180,1287163.0803302545,550.4732307300569,False
limpio,21200,1283093.9499478098,547.2433153049897,False
limpio,21220,1280909.8525871031,553.5895477093845,False
limpio,21240,1304156.4960399938,556.4217864190446,False
limpio,21260,1327973.1265460327,587.3979267190347,False
limpio,21280,1350401.0704337177,589.677583376163,False
limpio,21300,1289232.6461768146,557.8239945125213,False
limpio,21320,1287168.3948749232,546.3970445236666,False
limpio,21340,1372510.3213029343,547.1685921544981,False
limpio,21360,1351911.1447820943,531.6936104171891,False
limpio,21380,1338851.8010061109,522.015178710942,False
limpio,21400,1375953.567659888,504.2176820468621,False
limpio,21420,1331353.8070829245,510.7907199647528,False
limpio,21440,1381892.6008002153,565.9247584414233,False
limpio,21460,1311433.7520301205,544.6983057132386,False
limpio,21480,1234718.5055897203,539.2609998515794,False
limpio,21500,1217581.0900145606,530.5895106453315,False
limpio,21520,1203483.5621421507,520.2057904052349,False
limpio,21540,1203935.0925927781,496.1610196726505,False
limpio,21560,1208897.67776231,494.6819868556735,False
limpio,21580,1204765.7128239942,496.60667944719364,False
limpio,21600,1107375.4963173138,478.25179667686155,False
limpio,21620,1128779.8366749783,483.5012520994611,False
limpio,21640,1151902.7950596118,513.5293355986879,False
limpio,21660,1146362.674768228,510.2900733398652,False
limpio,21680,1188955.0637443513,503.9923307983457,False
limpio,21700,1180805.9058480884,476.75456635434296,False
limpio,21720,1161284.1318338097,442.8573863965014,False
limpio,21740,1125073.4702525865,418.9165742019585,False
limpio,21760,1113361.2138886778,420.3364887548163,False
limpio,21780,1105784.4536069366,435.5479404910206,False
limpio,21800,1112994.9253147042,411.6993585529825,False
limpio,21820,1104228.5550275792,418.6756716933059,False
limpio,21840,1128707.9336531728,443.2770827491775,False
limpio,21860,1007811.7504347096,414.72541805689895,False
limpio,21880,1006158.7126132611,423.3597209233478,False
limpio,21900,1028583.1390616468,456.0710739164409,False
limpio,21920,1074621.3831633031,477.8860677823039,False
limpio,21940,1052139.9915311749,457.06076154519263,False
limpio,21960,1150113.408086307,492.59745678001536,False
limpio,21980,1181748.5957989753,507.99880411515846,False
limpio,22000,1224435.341913914,554.2775206268449,False
limpio,22020,1253861.9614655396,587.1224748757184,False
limpio,22040,1290824.8078145173,626.124729650573,False
limpio,22060,1276270.6544369624,626.5133140496871,False
limpio,22080,1303809.3485414595,663.4218996048866,False
limpio,22100,1408810.090808449,704.2708080849262,False
limpio,22120,1432498.0961636822,717.558247343297,False
limpio,22140,1352829.8999830866,661.685027097931,False
limpio,22160,1365134.2132735518,679.312051426207,False
limpio,22180,1357685.0092056189,660.56515550957,False
limpio,22200,1394011.2935016423,703.0092298390233,False
limpio,22220,1417931.8921200666,735.5796275695639,False
limpio,22240,1371419.255650631,765.4310435051999,False
limpio,22260,1377423.3353308383,768.5369024746507,False
limpio,22280,1512493.8297270602,821.9891148828563,False
limpio,22300,1494602.1467440967,820.722425339528,False
limpio,22320,1558628.2079710385,870.7289372622545,False
limpio,22340,1517506.9605444078,863.8452524780946,False
limpio,22360,1715712.311803313,923.3591411884383,False
limpio,22380,1675708.5571128414,867.6179700839955,False
limpio,22400,1661834.275629492,849.8799015801372,False
limpio,22420,1567960.4963346613,807.2683065637852,False
limpio,22440,1573646.557563053,799.1647264418627,False
limpio,22460,1594788.2263135214,801.3514990280256,False
limpio,22480,1606031.4716230342,831.5078227847094,False
limpio,22500,1560001.121135948,779.8104071562922,False
limpio,22520,1539392.778045681,746.0842561451116,False
limpio,22540,1510255.8267419378,741.4893610531901,False
limpio,22560,1507991.8903799902,745.7884361002444,False
limpio,22580,1516968.4355279142,743.6659685506537,False
limpio,22600,1529351.5608647182,735.346891211231,False
limpio,22620,1453796.8004768677,703.9084561358285,False
limpio,22640,1353409.0311830747,701.5097667752507,False
limpio,22660,1329303.9729639136,698.2073109733668,False
limpio,22680,1384529.5314540267,735.3262593926097,False
limpio,22700,1386641.5048119244,741.9402006108766,False
limpio,22720,1417750.0080678128,771.1812384080141,False
limpio,22740,1475259.004438709,745.6689463815462,False
limpio,22760,1482754.1273659081,743.6481284299908,False
limpio,22780,1393390.9892101493,710.3606149675638,False
limpio,22800,1440738.6062237576,746.0425483112771,False
limpio,22820,1388261.5901063418,730.7555479112227,False
limpio,22840,1395685.7504302426,693.2172556681874,False
limpio,22860,1360281.5899715857,660.3870859618534,False
limpio,22880,1398129.008474283,694.3364652229817,False
limpio,22900,1362709.3155990955,660.6443541825572,False
limpio,22920,1359438.2461028553,692.5287906867912,False
limpio,22940,1372963.6995798256,692.2697589894691,False
limpio,22960,1363330.883475247,692.5061794287461,False
limpio,22980,1389027.4549443517,708.2354640502703,False
limpio,23000,1346273.7923761352,704.8131615110201,False
limpio,23020,1382551.1444052893,740.5917106272518,False
limpio,23040,1403729.5674602757,749.8273319093654,False
limpio,23060,1322118.0848029603,768.5313891013566,False
limpio,23080,1311129.155148118,758.8460512272079,False
limpio,23100,1367162.136550385,810.8714022737722,False
limpio,23120,1269736.2857030798,800.2662436522418,False
limpio,23140,1342160.9027434518,792.4514463209364,False
limpio,23160,1307806.979377984,726.7026475209004,False
limpio,23180,1297740.6694049076,686.6807723167365,False
limpio,23200,1265033.161230807,636.8608458723353,False
limpio,23220,1188315.390304358,582.3072671333058,False
limpio,23240,1218135.387388019,608.9678262782562,False
limpio,23260,1213539.785738802,619.7810612140019,False
limpio,23280,1251161.1900375949,606.1537855822869,False
limpio,23300,1222945.0457628765,575.5804742171625,False
limpio,23320,1243775.8620092573,583.800947513296,False
limpio,23340,1216029.820560529,585.4210077950372,False
limpio,23360,1171598.9897638224,606.673592534488,False
limpio,23380,1166651.5943528996,616.7739935707575,False
limpio,23400,1211890.901580479,664.7663336615412,False
limpio,23420,1274695.3697223058,674.4467560280433,False
limpio,23440,1195015.0687095337,647.1948712091587,False
limpio,23460,1212720.0738061916,668.2971138233122,False
limpio,23480,1229440.190926459,667.3746297085108,False
limpio,23500,1253661.7620124966,667.1262993689994,False
limpio,23520,1251087.4031072482,665.8036091385104,False
limpio,23540,1223056.9880950863,629.7113385127186,False
limpio,23560,1350766.5276632786,644.3934058898071,False
limpio,23580,1327104.3713065893,642.560621149021,False
limpio,23600,1297660.2186507306,609.7233381547761,False
limpio,23620,1447445.8582047997,611.963785377439,False
limpio,23640,1492188.4918792064,652.507041818597,False
limpio,23660,1519025.4710300115,698.1304764603698,False
limpio,23680,1491247.1157035197,700.7979773762052,False
limpio,23700,1533584.6618779998,735.0427363787852,False
limpio,23720,1609608.52868533,778.0337031414314,False
limpio,23740,1521316.165096703,741.0111389251882,False
limpio,23760,1519381.244444686,720.7938590939659,False
limpio,23780,1550569.250100595,749.0394427985857,False
limpio,23800,1527485.467162459,770.2007675666999,False
limpio,23820,1520889.8730373455,736.620403295336,False
limpio,23840,1454656.923442116,733.9739984350628,False
limpio,23860,1571536.341804108,778.7816385209918,False
limpio,23880,1584864.969211309,767.8758298788681,False
limpio,23900,1563992.032118928,746.5339146400892,False
limpio,23920,1444210.062713379,707.7272656624217,False
limpio,23940,1534224.5771061783,729.3619390407188,False
limpio,23960,1521849.804959035,714.0921163120632,False
limpio,23980,1490658.735668382,708.2078518807086,False
limpio,24000,1531696.7667867292,748.2516915495639,False
limpio,24020,1528625.1005146026,747.5146602258704,False
limpio,24040,1519753.9202209336,747.9801737692441,False
limpio,24060,1490697.3725241371,741.8408817573221,False
limpio,24080,1536888.6861532326,748.9689297194259,False
limpio,24100,1458566.183557133,725.1527314189718,False
limpio,24120,1507123.9641542647,777.2827243149078,False
limpio,24140,1518809.3006182136,779.4053576373622,False
limpio,24160,1480367.2479237604,754.1829253274765,False
limpio,24180,1554990.1509953137,816.5659512027676,False
limpio,24200,1505814.1935761408,777.3436337391975,False
limpio,24220,1510770.3188372145,777.5229266825248,False
limpio,24240,1554889.6612085237,802.5260510820335,False
limpio,24260,1515533.8519888045,776.0366895169702,False
limpio,24280,1491153.463710743,728.4940160928453,False
limpio,24300,1478210.6006977924,733.5262895594079,False
limpio,24320,1507076.6587150085,773.5543598907457,False
limpio,24340,1658098.9361238934,818.3992962725127,False
limpio,24360,1608806.683558177,749.1993289225276,False
limpio,24380,1485963.0654535084,740.1354673054354,False
limpio,24400,1492635.6247420062,734.4005454912553,False
limpio,24420,1627774.3340490845,795.2090271711284,False
limpio,24440,1601053.2895537692,782.1707624524588,False
limpio,24460,1483751.6173096178,729.4126038330779,False
limpio,24480,1506754.8792267914,744.9319697396013,False
limpio,24500,1526095.3323606395,766.0962768231279,False
limpio,24520,1548693.875539507,770.1194418841741,False
limpio,24540,1556312.35708106,767.3213832428223,False
limpio,24560,1555859.07137957,768.2927352333077,False
limpio,24580,1450875.7356214917,724.8830842947199,False
limpio,24600,1522316.7524333843,742.0625348278269,False
limpio,24620,1549845.5096046093,769.4114013159068,False
limpio,24640,1263940.0017569985,719.5653523156216,False
limpio,24660,1233073.3917779732,716.5542044143629,False
limpio,24680,1209092.226862586,717.8567043570401,False
limpio,24700,1221938.743463567,735.8918803468918,False
limpio,24720,1239456.3265118606,766.4051407669431,False
limpio,24740,1273650.8890766953,785.8110521833756,False
limpio,24760,1321455.872489539,822.6878836830178,False
limpio,24780,1309938.0113527677,845.1828189194855,False
limpio,24800,1362481.3768774255,867.836714943922,False
limpio,24820,1322891.7915009556,825.3784226104233,False
limpio,24840,1170809.5824810155,769.4714677758924,False
limpio,24860,1203032.967791672,812.7184775817585,False
limpio,24880,1277243.0206717656,836.102628084441,False
limpio,24900,1303904.815149324,887.7785855365875,False
limpio,24920,1244996.907787075,822.6717697404617,False
limpio,24940,1282327.450018399,848.5630605116809,False
limpio,24960,1342159.9661244804,894.147716229743,False
limpio,24980,1292252.49420632,841.7174350940059,False
limpio,25000,1279956.704786995,825.8717305305162,False
limpio,25020,1228157.1670407953,783.9543800806521,False
limpio,25040,1274820.7047210091,829.5174041650117,False
limpio,25060,1117004.0878508927,768.7861042712374,False
limpio,25080,1126910.428180478,767.6560677869459,False
limpio,25100,1097517.237548854,725.2514764442143,False
limpio,25120,1048412.8306616305,645.8426280962044,False
limpio,25140,1262818.6476903623,655.5306118708701,False
limpio,25160,1289613.709356675,645.6231848859265,False
limpio,25180,1189995.1766416552,582.5154066930775,False
limpio,25200,1225166.0512521188,621.6348615346992,False
limpio,25220,1211503.2553101364,587.1167510289642,False
limpio,25240,1212578.822312343,590.976891435303,False
limpio,25260,1198938.621579176,590.9531671703845,False
limpio,25280,1179756.581408062,557.1024156445759,False
limpio,25300,1183891.4570929676,563.559885706449,False
limpio,25320,1038420.0207915059,561.7100111228631,False
limpio,25340,1152164.5650926821,603.0884813494148,False
limpio,25360,1150375.4961921466,593.3122152625642,False
limpio,25380,1163600.0499163177,615.1371813422418,False
limpio,25400,1133016.0466743745,580.1266134687471,False
limpio,25420,1047644.338920195,585.4434815248482,False
limpio,25440,1018127.7449868709,543.7806967115607,False
limpio,25460,997133.8460167741,508.5165656996681,False
limpio,25480,999619.635835675,506.04012144768177,False
limpio,25500,981614.8410096979,476.7392954191808,False
limpio,25520,974144.4967801082,473.03103871012837,False
limpio,25540,1011451.9154325663,506.48732548698644,False
limpio,25560,1083873.821941812,522.9746282542962,False
limpio,25580,1119314.2327028876,558.1430851324366,False
limpio,25600,1117894.2147559277,565.6568572111785,False
limpio,25620,1097164.0949927384,598.1691336259429,False
limpio,25640,1127727.0684276386,625.6792926774999,False
limpio,25660,1147756.678102845,661.9270328256131,False
limpio,25680,1202423.0470758628,689.29280112413,False
limpio,25700,1178004.0589506936,625.7670196886644,False
limpio,25720,1132982.5517757498,592.2612527454501,False
limpio,25740,1104381.3248315186,579.8479454418024,False
limpio,25760,1093588.0817668631,545.9396562961904,False
limpio,25780,1099443.7583712288,544.7764119620012,False
limpio,25800,1066275.923268405,525.005795441764,False
limpio,25820,1248454.5150020833,520.7592890854203,False
limpio,25840,1239649.396691994,481.4527542180417,False
limpio,25860,1191112.9407031112,449.087224100286,False
limpio,25880,1185106.881977834,433.97764213284324,False
limpio,25900,1183516.7059540579,436.0616698112143,False
limpio,25920,1364437.745283814,463.2303309332745,False
limpio,25940,1364075.7173266534,473.3550867350898,False
limpio,25960,1392222.2485448085,505.0837818686557,False
limpio,25980,1419336.9039616303,537.4166570959776,False
limpio,26000,1398693.4916300047,539.2470284031103,False
limpio,26020,1431175.807154723,559.9912453677852,False
limpio,26040,1381210.3716154876,503.2045203226724,False
limpio,26060,1337406.0149238163,504.6341801920716,False
limpio,26080,1329949.9140543628,503.0522687419859,False
limpio,26100,1363808.1911969923,537.1433380839705,False
limpio,26120,1441146.101458722,530.8631114289603,False
limpio,26140,1222707.7715537723,508.1177682201256,False
limpio,26160,1196014.6935978248,497.68841236559126,False
limpio,26180,1209475.8170891274,527.401373647605,False
limpio,26200,1214776.1501289858,548.9824104743803,False
limpio,26220,1291138.6636729692,615.9314710706997,False
limpio,26240,1267753.3817786018,595.4053747739625,False
limpio,26260,1280982.457399077,621.9753451477887,False
limpio,26280,1313660.6210790614,660.7198791860657,False
limpio,26300,1362189.124177188,671.0537794304474,False
limpio,26320,1377283.49257867,676.1324835879547,False
limpio,26340,1369921.7452939446,686.1841055764569,False
limpio,26360,1423402.1814592746,712.3395341724284,False
limpio,26380,1385173.103596063,703.6075348647188,False
limpio,26400,1362378.3346046284,661.076386528037,False
limpio,26420,1335339.727536349,627.2573768170894,False
limpio,26440,1346874.2851454741,653.2596844907612,False
limpio,26460,1323544.344195196,615.1084922269151,False
limpio,26480,1288743.1066422348,587.3987537779919,False
limpio,26500,1325496.3729663705,617.3622219009209,False
limpio,26520,1144176.808955473,583.6533099552607,False
limpio,26540,1123364.8885582176,573.4017199519533,False
limpio,26560,1139982.220516923,566.0240200120957,False
limpio,26580,1117892.7607471605,529.8542324706694,False
limpio,26600,1091032.4021154675,486.0092850028756,False
limpio,26620,1071653.6894806472,459.64450999633766,False
limpio,26640,1251201.482542791,463.4236855445048,False
limpio,26660,1217946.6418849137,459.3174339719477,False
limpio,26680,1196106.8988505316,408.07285538506324,False
limpio,26700,1194143.9919448926,388.6507394765795,False
limpio,26720,1141920.2248806965,345.3226126079892,False
limpio,26740,1171656.4428938976,353.0185001958435,False
limpio,26760,1168697.4438803324,334.339330619202,False
limpio,26780,1176954.0494313263,314.7549539208939,False
limpio,26800,1144147.3055559061,305.1806910418156,False
limpio,26820,1137433.299649602,318.1398736660367,False
limpio,26840,1157197.8625151257,310.7312878041847,False
limpio,26860,1116826.6523993737,303.29524360526284,False
limpio,26880,1107181.6405849291,304.7090345976172,False
limpio,26900,1028356.2082798412,307.25905825733753,False
limpio,26920,1018362.370076402,294.5866773227625,False
limpio,26940,1013941.5939022496,278.63711180046437,False
limpio,26960,1016243.2298195863,278.1081885740335,False
limpio,26980,1023252.4663505395,276.85673787060233,False
limpio,27000,1023833.9814639223,276.8371754173053,False
limpio,27020,1179239.6854144342,289.5467903308359,False
limpio,27040,1204112.106818427,313.0749403449391,False
limpio,27060,1189674.5393592496,329.87857171063683,False
limpio,27080,1179710.3355702339,332.33864365696627,False
limpio,27100,1191495.2817596819,339.95834247297955,False
limpio,27120,1177016.9004100945,347.1423950931613,False
limpio,27140,1181750.3102071257,359.31190003752266,False
limpio,27160,1080338.2837286857,356.76634523473064,False
limpio,27180,1094580.3769642704,394.3136626799165,False
limpio,27200,1098088.6970856849,408.79426486406567,False
limpio,27220,1128993.4716300245,443.2395344802837,False
limpio,27240,1160197.385986602,447.8285852306736,False
limpio,27260,1145265.3706843005,466.838605054866,False
limpio,27280,1137804.7499264088,463.7035006238738,False
limpio,27300,1155742.4155471304,466.2516428210414,False
limpio,27320,994850.7036539217,447.58091816235867,False
limpio,27340,925430.6204448781,456.2077528059291,False
limpio,27360,944182.0605031225,488.1504976031009,False
limpio,27380,934717.8752021703,483.73859192556506,False
limpio,27400,1026230.6033654676,540.3305684976333,False
limpio,27420,1049273.9481316744,567.5944885051363,False
limpio,27440,1114174.3186651417,637.630007385827,False
limpio,27460,1110967.7748637644,657.4582637424459,False
limpio,27480,1119538.414890746,661.8803273134683,False
limpio,27500,1083778.1983038434,626.3452906885102,False
limpio,27520,1094246.9610418705,655.5266927426526,False
limpio,27540,1095589.147179398,658.8015605657487,False
limpio,27560,1069887.4432324504,641.9598237700221,False
limpio,27580,1114187.9836694875,694.1924619884945,False
limpio,27600,1148512.2419916503,730.1202826297271,False
limpio,27620,1190480.1861058178,769.1126085959581,False
limpio,27640,1114126.2766539503,732.2790261897164,False
limpio,27660,1193493.594310998,755.4184648198042,False
limpio,27680,1157774.7582530447,686.0289557595406,False
limpio,27700,1132239.648693188,657.4795789211959,False
limpio,27720,1083602.5118030903,605.5165120603125,False
limpio,27740,1107407.4580121827,624.6847363320771,False
limpio,27760,1122960.804953357,637.4381848057757,False
limpio,27780,1150916.2333084901,671.8346149645439,False
limpio,27800,1150110.1382138822,669.4360443206904,False
limpio,27820,1409831.6258817269,716.3151702376326,False
limpio,27840,1464884.3574608804,705.0490252909276,False
limpio,27860,1471080.7350662828,690.5871215314781,False
limpio,27880,1312798.0876690906,666.41508101091,False
limpio,27900,1273072.4228782966,596.2644295288403,False
limpio,27920,1258950.9234411065,563.2275201216639,False
limpio,27940,1198935.70567271,494.00791508897964,False
limpio,27960,1216927.691971181,473.218025591578,False
limpio,27980,1194397.1899360141,474.81680345098425,False
limpio,28000,1198089.0450328346,492.4066457408729,False
limpio,28020,1216589.553391147,461.8119998545173,False
limpio,28040,1185528.174687545,436.55489186511204,False
limpio,28060,1180227.0026024338,435.22156628747643,False
limpio,28080,1153343.1151372045,386.5902555130772,False
limpio,28100,1134276.8867605173,362.18333358688085,False
limpio,28120,1120449.8329941425,335.9841142023644,False
limpio,28140,1158652.4964575632,328.4997019772279,False
limpio,28160,1183354.4875837446,354.9976826663608,False
limpio,28180,1160234.098588719,359.501439590184,False
limpio,28200,1174741.470202639,378.94618869484117,False
limpio,28220,1206558.9300309857,399.98089877696174,False
limpio,28240,1169890.1339974827,385.4969376263598,False
limpio,28260,1198172.2897481455,378.29209024707,False
limpio,28280,1161970.5347715938,368.1000097909725,False
limpio,28300,1210511.5769192118,404.6982644796072,False
limpio,28320,1184982.6646230398,377.92594394914386,False
limpio,28340,1194228.543474846,376.1103848964353,False
limpio,28360,1195183.3092516637,378.8407956394081,False
limpio,28380,1316818.8220582185,383.86868002768205,False
limpio,28400,1344259.794629577,409.6118751544108,False
limpio,28420,1344074.7853930974,431.2847053526048,False
limpio,28440,1342755.056479333,450.4905749186201,False
limpio,28460,1352564.6410883174,475.49287063533495,False
limpio,28480,1332658.3218580903,477.8093060010152,False
limpio,28500,1414023.0892434083,514.2114679491997,False
limpio,28520,1385369.3858188065,516.651386295188,False
limpio,28540,1410203.216214227,542.2462481704681,False
limpio,28560,1598178.3287092412,541.0255676607524,False
limpio,28580,1570204.5975134012,586.5709558374245,False
limpio,28600,1617193.0320329044,620.3626768115142,False
limpio,28620,1630210.9187362562,653.3741902365143,False
limpio,28640,1611922.8818347524,659.3544035057741,False
limpio,28660,1631165.1255380735,654.0807853936905,False
limpio,28680,1597321.5681604962,653.0254385062643,False
limpio,28700,1625316.9170860332,689.1299133399494,False
limpio,28720,1603518.5256570356,659.5583206234229,False
limpio,28740,1523323.293331423,668.9106978082889,False
limpio,28760,1479740.0157603133,626.3380155846539,False
limpio,28780,1494106.4798279665,612.9112946967263,False
limpio,28800,1463180.0293037738,556.8360730079106,False
limpio,28820,1483557.1714615216,595.3183854593258,False
limpio,28840,1451407.5358899834,596.8032012464564,False
limpio,28860,1466848.4683856233,593.4995681194339,False
limpio,28880,1500897.7319922943,628.7760820672514,False
limpio,28900,1485717.9098736113,630.1809461852407,False
limpio,28920,1475600.152191466,615.9249606322005,False
limpio,28940,1514263.213146235,629.5718415331828,False
limpio,28960,1376735.6771962978,623.1616171474942,False
limpio,28980,1421343.3830052095,652.8169644608575,False
limpio,29000,1387987.4514440275,617.925690953252,False
limpio,29020,1418588.101717196,653.1944512527033,False
limpio,29040,1421204.2866532495,655.6473817128614,False
limpio,29060,1261663.639123238,648.1664829509151,False
limpio,29080,1285723.6473936792,658.2284161639604,False
limpio,29100,1257117.6401000754,655.709830553672,False
limpio,29120,1281109.7811293523,682.0204486445978,False
limpio,29140,1329769.3108040658,724.7884497799918,False
limpio,29160,1328855.1574498801,723.8108918332273,False
limpio,29180,1359405.2884282484,742.5299447560443,False
limpio,29200,1297827.1808681458,688.4988707366576,False
limpio,29220,1340206.4839754319,726.5623055728736,False
limpio,29240,1412162.3607823923,714.2198464733726,False
limpio,29260,1445848.8913453694,768.758809769846,False
limpio,29280,1417297.997316486,777.9293791903984,False
limpio,29300,1415323.6089158587,774.5285251669575,False
limpio,29320,1386395.007967332,737.2094058924299,False
limpio,29340,1436087.6539552195,779.4564191635419,False
limpio,29360,1422074.4036245402,776.9167754035204,False
limpio,29380,1389168.8592979515,735.097212482313,False
limpio,29400,1389088.3469796882,733.423179423173,False
limpio,29420,1394093.3234752684,734.9223233246712,False
limpio,29440,1382387.2001693742,726.8964671930064,False
limpio,29460,1447152.543184931,705.9903986216267,False
limpio,29480,1367725.77138065,696.5076258099314,False
limpio,29500,1363932.0080961818,699.9269249757366,False
limpio,29520,1395831.20371786,727.6420528015676,False
limpio,29540,1368464.0931775698,716.4333368158965,False
limpio,29560,1590141.4045671069,730.4845881409025,False
limpio,29580,1535585.6274544373,680.0960950091053,False
limpio,29600,1556348.6094277087,682.9139760850233,False
limpio,29620,1545825.1153551354,659.4644364053254,False
limpio,29640,1525249.2092990219,633.2808868286477,False
limpio,29660,1462512.990821593,611.6208853092564,False
limpio,29680,1472560.8321660275,598.2891010425648,False
limpio,29700,1362303.6627994135,589.7226531628866,False
limpio,29720,1357899.9588014202,601.8397983237336,False
limpio,29740,1412319.1766762908,633.207587842806,False
limpio,29760,1416285.1728898494,626.7212149774313,False
limpio,29780,1356890.6633103732,633.0489813791631,False
limpio,29800,1340673.8573626257,631.3429105842672,False
limpio,29820,1349521.2880063336,624.5520679980023,False
limpio,29840,1329668.0196222304,591.8934981532806,False
limpio,29860,1109963.1701520048,559.668217396599,False
limpio,29880,1105285.6876335824,574.5960132376061,False
limpio,29900,1094355.1415604649,586.6841136026588,False
limpio,29920,1114130.4358306418,615.6078581487716,False
limpio,29940,1110510.3282928455,629.119321778217,False
limpio,29960,1167265.0717892377,655.4621557399934,False
limpio,29980,1254610.3056145364,710.7405853735308,False
con_shock,500,1325774.088688309,528.792281811897,False
con_shock,520,1305960.710228557,500.6545529120135,False
con_shock,540,1186923.14287032,474.84070747845715,False
con_shock,560,1156161.8345203444,441.253368507135,False
con_shock,580,1154175.2596399952,432.277981577876,False
con_shock,600,1288820.37931127,426.6693899102335,False
con_shock,620,1309889.396562995,433.51889391921725,False
con_shock,640,1297818.5070698853,450.098798504382,False
con_shock,660,1321691.721457214,469.1461666638669,False
con_shock,680,1233297.2639536501,471.2570644293379,False
con_shock,700,1289085.746666623,489.0808595073374,False
con_shock,720,1287592.9440684072,489.55488622892346,False
con_shock,740,1334367.116240565,495.0393094064758,False
con_shock,760,1334416.304101957,498.72761043108335,False
con_shock,780,1334828.1409537874,528.5369558028525,False
con_shock,800,1335534.2670224167,528.6076585787316,False
con_shock,820,1311291.4051162025,527.5251167951325,False
con_shock,840,1326303.661167265,524.6953196268022,False
con_shock,860,1281995.2038047388,529.7355179211597,False
con_shock,880,1321764.5164416847,557.233140153722,False
con_shock,900,1314375.7180605081,554.7886699409509,False
con_shock,920,1272767.1868124292,525.7961738875911,False
con_shock,940,1306940.9333282895,552.4439426635998,False
con_shock,960,1308505.5962289916,553.5068604128943,False
con_shock,980,1333778.7409596136,569.2534123634541,False
con_shock,1000,1282276.8893949674,562.4951648429847,False
con_shock,1020,1306449.9583380078,588.0215348553008,False
con_shock,1040,1501347.1093580548,630.3725308656216,False
con_shock,1060,1511003.6694635414,672.9054443325583,False
con_shock,1080,1564002.0401046078,715.3061781063176,False
con_shock,1100,1594086.9693149575,751.0829363288907,False
con_shock,1120,1562327.8695033384,748.8671399255861,False
con_shock,1140,1607736.3257921643,779.6903478720627,False
con_shock,1160,1586722.7691095145,750.6202822010847,False
con_shock,1180,1670616.76126296,788.4431610553166,False
con_shock,1200,1638677.036990613,743.8079363745583,False
con_shock,1220,1407208.2064125421,671.5102519624181,False
con_shock,1240,1406528.7758253077,700.4939499819226,False
con_shock,1260,1415488.533711439,726.2682121341733,False
con_shock,1280,1464961.471542545,745.6888257214537,False
con_shock,1300,1430550.4360504248,737.6535693710581,False
con_shock,1320,1353607.1740741483,736.7062885891083,False
con_shock,1340,1325316.3522250091,687.3844871461685,False
con_shock,1360,1336747.9975834414,651.1307972305963,False
con_shock,1380,1313332.019163859,618.1554353078259,False
con_shock,1400,1312992.1489728587,618.3833879772227,False
con_shock,1420,1305837.2102669773,620.3357102455847,False
con_shock,1440,1305383.0981501609,618.8979149804686,False
con_shock,1460,1307447.1048049221,620.1283810929933,False
con_shock,1480,1290658.320595605,618.4459837328455,False
con_shock,1500,1366822.0692162903,654.4251566913686,False
con_shock,1520,1334913.332811642,620.9026944455659,False
con_shock,1540,1337834.7757228217,616.1737220281108,False
con_shock,1560,1329818.53877459,585.1551057441642,False
con_shock,1580,1329531.2787134047,586.929550376952,False
con_shock,1600,1313256.634033827,575.6899328987703,False
con_shock,1620,1321122.1368648654,590.9184454619716,False
con_shock,1640,1321816.4530084722,591.2685051574755,False
con_shock,1660,1318119.7195371788,590.9446179418975,False
con_shock,1680,1342336.9531415075,597.3118561015565,False
con_shock,1700,1274277.1728225893,596.4067234051985,False
con_shock,1720,1465996.6593655103,630.0349893132295,False
con_shock,1740,1494012.4948085898,643.6777033890111,False
con_shock,1760,1456458.7622570575,615.7956841886504,False
con_shock,1780,1445970.3473680196,598.0171564573288,False
con_shock,1800,1484690.4766068102,606.892320909087,False
con_shock,1820,1559314.605102796,614.2089910218191,False
con_shock,1840,1606949.9528881907,653.0005057554708,False
con_shock,1860,1553906.1582695784,676.2541332097131,False
con_shock,1880,1530657.8042592392,673.6415254575959,False
con_shock,1900,1521087.068422218,639.4813462321307,False
con_shock,1920,1488224.1757777212,636.5125368214859,False
con_shock,1940,1509122.2352989537,673.3120421877812,False
con_shock,1960,1503068.6716779505,669.9535055758479,False
con_shock,1980,1505273.7504268577,631.2705435697312,False
con_shock,2000,1437798.5351511794,619.795656229468,False
con_shock,2020,1434446.209367942,616.575089031495,False
con_shock,2040,1425523.099002902,582.4939551880587,False
con_shock,2060,1460032.8202971737,619.8709906596761,False
con_shock,2080,1377341.425748517,587.7954343620002,False
con_shock,2100,1397699.4280253379,596.299180476828,False
con_shock,2120,1434361.2465364807,615.6660040095782,False
con_shock,2140,1280074.6666160033,609.6990675526657,False
con_shock,2160,1299259.1284941346,634.3611921612652,False
con_shock,2180,1331738.6601346137,671.9611013094346,False
con_shock,2200,1410889.675651012,702.7883106999492,False
con_shock,2220,1399592.4051444428,672.5392989598575,False
con_shock,2240,1322671.696542932,599.7319586673493,False
con_shock,2260,1346162.884080789,621.8525558048526,False
con_shock,2280,1330253.0149111769,589.5701753538235,False
con_shock,2300,1300587.4509225837,570.6903147538575,False
con_shock,2320,1338593.1175273277,591.7010774753901,False
con_shock,2340,1329511.0161401562,589.9988325135773,False
con_shock,2360,1367221.3293556976,574.6852033608016,False
con_shock,2380,1295136.4257413943,598.380954927689,False
con_shock,2400,1301585.4599307799,626.0062542898137,False
con_shock,2420,1390783.8152838596,667.1520173253217,False
con_shock,2440,1365383.069068949,629.886780298374,False
con_shock,2460,1117459.9341134971,612.4600781601104,False
con_shock,2480,1122250.4782306643,634.427267410349,False
con_shock,2500,1154620.4462542732,670.1173739455088,False
con_shock,2520,1183017.8645436573,699.0263049692383,False
con_shock,2540,1231795.0860977126,765.586522670033,False
con_shock,2560,1224781.9655241147,762.4229804718221,False
con_shock,2580,1260133.7807459456,772.6508553018338,False
con_shock,2600,1228828.6746483538,753.99937280512,False
con_shock,2620,1198225.0188329336,715.5830234099627,False
con_shock,2640,1297163.2290755946,703.8352639115578,False
con_shock,2660,1241179.4846610278,690.723805692049,False
con_shock,2680,1177603.434829918,611.5557989431036,False
con_shock,2700,1167193.2796860184,586.1062307835223,False
con_shock,2720,1147948.5678102537,585.7795663843858,False
con_shock,2740,1133525.833705365,610.3631943529656,False
con_shock,2760,1148314.0898370615,619.2925612073991,False
con_shock,2780,1180502.45851513,669.6595273091334,False
con_shock,2800,1190875.7628666537,669.763913306348,False
con_shock,2820,1174706.627112688,649.9196681973878,False
con_shock,2840,1132850.934511574,626.9542547688035,False
con_shock,2860,1127164.42627408,620.0775562881068,False
con_shock,2880,1185493.7812104234,604.5602536743564,False
con_shock,2900,1155658.2374257566,573.5645825081045,False
con_shock,2920,1092237.7934805877,560.8053228403174,False
con_shock,2940,1090295.4161125708,555.7445619079775,False
con_shock,2960,1399822.3352355873,615.5688935902913,False
con_shock,2980,1312667.3259397796,583.3942365511068,False
con_shock,3000,1302954.0150804007,560.2990236862129,False
con_shock,3020,1346804.268091011,600.535409504758,False
con_shock,3040,1274834.6058033323,557.6588186142541,False
con_shock,3060,1268780.7661319934,529.6631279583299,False
con_shock,3080,1260935.196610493,535.77318660671,False
con_shock,3100,1279312.779755109,543.7693925224065,False
con_shock,3120,1265756.128301961,537.5750538497335,False
con_shock,3140,1279560.1705545648,560.318426397648,False
con_shock,3160,1318934.03264547,549.5864974824125,False
con_shock,3180,1246638.1652287615,553.6977710157208,False
con_shock,3200,1272584.6596199933,595.8753074790775,False
con_shock,3220,1334726.9458272855,645.8218618348113,False
con_shock,3240,1172390.2648833492,608.9419316635662,False
con_shock,3260,1145787.332128163,602.0622876576248,False
con_shock,3280,1122314.2626554465,600.5475240762946,False
con_shock,3300,1131486.9129170394,614.824370821923,False
con_shock,3320,1177058.6179578404,674.6534633901786,False
con_shock,3340,1243272.5758210232,704.2176699766866,False
con_shock,3360,1210133.611677822,721.660839787219,False
con_shock,3380,1193039.73192333,713.908271953137,False
con_shock,3400,1213505.368227496,716.4850879601288,False
con_shock,3420,1237944.0168061554,700.3909064194854,False
con_shock,3440,1246717.9064366212,710.7471909163877,False
con_shock,3460,987324.3373878917,635.3874312685061,False
con_shock,3480,1015312.452793635,658.6649768931901,False
con_shock,3500,1018223.1228251845,681.1856818127787,False
con_shock,3520,981731.8808176443,634.3034151022993,False
con_shock,3540,1015295.1251870396,675.3500557185703,False
con_shock,3560,1042889.1689865488,701.7682405468307,False
con_shock,3580,1077562.2015840746,745.3625830059732,False
con_shock,3600,1074722.0852076535,739.3502398312642,False
con_shock,3620,1052947.5355028913,727.304563367629,False
con_shock,3640,1064826.2725364324,738.8533934800914,False
con_shock,3660,1127277.844105927,808.7902406305824,False
con_shock,3680,1150111.3338781544,813.78923304722,False
con_shock,3700,1145036.830523878,802.4297829254925,False
con_shock,3720,1119836.8556466813,781.6887980452225,False
con_shock,3740,1306936.3047417523,850.1734109381943,False
con_shock,3760,1340454.7170254781,877.9498957803494,False
con_shock,3780,1306416.4671076674,825.028755477251,False
con_shock,3800,1289792.946742191,816.0592399994503,False
con_shock,3820,1276357.2696303728,784.9858818304776,False
con_shock,3840,1237691.5236736054,745.4621230790221,False
con_shock,3860,1238752.3074464237,742.6288280892253,False
con_shock,3880,1245383.98630632,747.823909194767,False
con_shock,3900,1239659.6808760106,745.8941612791305,False
con_shock,3920,1268571.7651110126,781.5405135444546,False
con_shock,3940,1245583.8748832243,738.011445363661,False
con_shock,3960,1236081.6490133815,727.2202090426628,False
con_shock,3980,1232876.8670615125,692.6337402382445,False
con_shock,4000,1210391.3870465066,630.0839803118714,False
con_shock,4020,1201799.5274186034,593.7660107047963,False
con_shock,4040,1175584.581458233,533.2480998849419,False
con_shock,4060,1152103.0798527494,505.3359224930619,False
con_shock,4080,1140735.87339744,509.77881275143716,False
con_shock,4100,1142887.4000916707,502.51251174308015,False
con_shock,4120,1185441.8595423913,502.35718897917803,False
con_shock,4140,1189870.693259073,502.47334243006236,False
con_shock,4160,1135730.8156524368,451.56888576981413,False
con_shock,4180,1189754.8241598285,476.40961946239753,False
con_shock,4200,1103092.3783182036,456.70923868097964,False
con_shock,4220,1112111.9112678245,468.58025553557786,False
con_shock,4240,1118745.3861976126,466.00103616621305,False
con_shock,4260,1114040.5094381857,466.81765902278,False
con_shock,4280,1107122.5166394135,485.23810570871154,False
con_shock,4300,1119604.1396758067,493.1410795761844,False
con_shock,4320,1107686.8989781232,485.7580316575367,False
con_shock,4340,1112393.518390259,486.491485991894,False
con_shock,4360,1113160.8761783584,472.7066689975693,False
con_shock,4380,1132383.1716363584,501.22223772320996,False
con_shock,4400,1158749.0513101507,532.2466035799556,False
con_shock,4420,1110013.0715526163,499.3166750412643,False
con_shock,4440,1135472.4454870299,526.205209429976,False
con_shock,4460,1508960.091351311,593.4497804620788,False
con_shock,4480,1513212.6623154567,613.3371378688379,False
con_shock,4500,1519178.0628899613,623.0893842967772,False
con_shock,4520,1544972.8847325484,661.4763151258722,False
con_shock,4540,1499400.3854185464,689.1465299133802,False
con_shock,4560,1492521.2971169187,685.917641686447,False
con_shock,4580,1484917.7221918418,645.8472937834302,False
con_shock,4600,1444456.513514751,635.0361247324961,False
con_shock,4620,1417492.8201680735,636.1548703340324,False
con_shock,4640,1398685.5669170786,599.079031436904,False
con_shock,4660,1355649.5170161563,603.8665151710062,False
con_shock,4680,1344468.7587168792,597.836658445541,False
con_shock,4700,1468567.3820735237,630.2338350786564,False
con_shock,4720,1461858.1722275817,605.5988081905217,False
con_shock,4740,1408647.2125568802,579.0136532225298,False
con_shock,4760,1416399.4781780331,576.4470535901938,False
con_shock,4780,1455302.1773826226,575.4816847576503,False
con_shock,4800,1390289.5767395217,547.153005876943,False
con_shock,4820,1416643.3969584561,555.144097473039,False
con_shock,4840,1439749.0984364615,582.2783584745289,False
con_shock,4860,1454354.3813927828,579.899866831228,False
con_shock,4880,1275790.8383531775,552.0848025429611,False
con_shock,4900,1231627.5496893688,508.2397634077087,False
con_shock,4920,1258483.1948833757,500.4589038126863,False
con_shock,4940,1248540.5837111962,470.7316104551205,False
con_shock,4960,1209626.0097002762,429.88446091619426,False
con_shock,4980,1187373.44631465,424.661889960099,False
con_shock,5000,1213484.5367205304,444.86199249068994,False
con_shock,5020,1206041.8142145772,444.192458242255,False
con_shock,5040,1219242.7674473333,426.6985722271556,False
con_shock,5060,1234617.5943390727,449.57907061240627,False
con_shock,5080,1237141.0436839897,457.1397305969008,False
con_shock,5100,1253104.2208161296,463.43024974415744,False
con_shock,5120,1261465.287468761,466.21067840303687,False
con_shock,5140,1284531.8610937411,492.8429942247109,False
con_shock,5160,1356780.251767046,521.5321234782562,False
con_shock,5180,1295438.190044762,497.84147755004295,False
con_shock,5200,1095912.3759049345,461.0587676339841,False
con_shock,5220,1055504.3975383202,421.536461466219,False
con_shock,5240,1056546.667738502,409.7870787167999,False
con_shock,5260,1033610.1586311565,380.53560799427765,False
con_shock,5280,1013615.2981002239,349.1555935853842,False
con_shock,5300,1038719.7543679066,348.2847400042831,False
con_shock,5320,1023359.1423602763,330.86809738954554,False
con_shock,5340,1023324.2969730508,329.7584529385781,False
con_shock,5360,1044785.5015817205,331.7348707868203,False
con_shock,5380,1003717.361885524,358.5421275135144,False
con_shock,5400,1003107.539137897,379.57552322313364,False
con_shock,5420,1051108.8870641452,430.8719797370262,False
con_shock,5440,1067688.1603350646,459.0454592845419,False
con_shock,5460,1052346.5845229183,457.7503623499186,False
con_shock,5480,1085617.6955489367,487.6505251234135,False
con_shock,5500,1077433.4348329187,481.38988456697683,False
con_shock,5520,1065195.265198908,455.76229793879116,False
con_shock,5540,1009020.9740446768,458.6878402866939,False
con_shock,5560,1022940.0833756992,483.92176450017143,False
con_shock,5580,1047936.7277644525,507.6449791965863,False
con_shock,5600,1021501.3281678245,497.22360977109713,False
con_shock,5620,1030513.7496046002,495.2497343643493,False
con_shock,5640,1007566.3746769693,468.0212943539061,False
con_shock,5660,926961.8092744299,436.03937101709624,False
con_shock,5680,989055.125512843,485.85012866191073,False
con_shock,5700,1192892.5147324256,540.157816400638,False
con_shock,5720,1231089.8963058211,582.7376620168251,False
con_shock,5740,1218561.6344664549,622.0778224679083,False
con_shock,5760,1261132.9049478155,660.9041568792742,False
con_shock,5780,1289659.6151667375,695.8699347243239,False
con_shock,5800,1301933.42144126,711.0593579389129,False
con_shock,5820,1265116.0332638843,716.095133783737,False
con_shock,5840,1236076.2976807249,675.5987913981182,False
con_shock,5860,1229336.6281085445,672.8587388672672,False
con_shock,5880,1385471.4938092004,693.5926609311929,False
con_shock,5900,1346660.2018658181,663.6889388090394,False
con_shock,5920,1342676.9151369696,655.4633117719479,False
con_shock,5940,1313229.9829531997,629.5925234230335,False
con_shock,5960,1303256.221364253,629.5803329948839,False
con_shock,5980,1324586.8097853283,645.3995281951521,False
con_shock,6000,1312753.9693464863,638.4119378844683,False
con_shock,6020,1338487.2167907953,671.8585466797048,False
con_shock,6040,1388486.751721994,692.565527840207,False
con_shock,6060,1343548.9860855844,623.2982454361468,False
con_shock,6080,1319789.8274794423,590.6077273117542,False
con_shock,6100,1345712.1029013777,575.1291963056071,False
con_shock,6120,1377158.3934280446,608.3264976863453,False
con_shock,6140,1387623.550341094,636.0416901502324,False
con_shock,6160,1533571.4692878022,640.276401631486,False
con_shock,6180,1514522.2228693177,608.2901577386126,False
con_shock,6200,1467799.209836467,586.3718552659241,False
con_shock,6220,1469046.7140226667,585.4564721628836,False
con_shock,6240,1504363.6725943347,558.663851806735,False
con_shock,6260,1459079.7497352029,562.1105733921318,False
con_shock,6280,1464974.7722333819,561.4631520984796,False
con_shock,6300,1489139.3949773773,577.8534366171566,False
con_shock,6320,1558506.029583574,610.3932152373751,False
con_shock,6340,1567773.1016107255,641.5538337193608,False
con_shock,6360,1585989.4691865293,638.1484950346091,False
con_shock,6380,1549789.7575539895,625.1032448412951,False
con_shock,6400,1525198.0293786707,644.1111833057882,False
con_shock,6420,1461228.8812049187,608.0180642879774,False
con_shock,6440,1508956.5286934623,655.0089837100714,False
con_shock,6460,1581405.7881796253,704.0782589998302,False
con_shock,6480,1528533.0843745656,646.5718301633639,False
con_shock,6500,1493472.5067056005,647.261112380669,False
con_shock,6520,1449694.7390360567,606.4592177503757,False
con_shock,6540,1510630.949729341,588.9981043064467,False
con_shock,6560,1514651.461987857,593.1752202277906,False
con_shock,6580,1287491.9175640163,610.9470092079366,False
con_shock,6600,1287371.8668377667,632.8979795507685,False
con_shock,6620,1297410.7164349153,659.2409359294534,False
con_shock,6640,1299937.937921675,659.5619102684379,False
con_shock,6660,1326214.5472619517,691.1054915039525,False
con_shock,6680,1321101.8726958323,692.1684378094099,False
con_shock,6700,1329885.3574248187,688.4502434355944,False
con_shock,6720,1288008.6924386553,676.9034522567919,False
con_shock,6740,1297915.9469259705,670.4266720278558,False
con_shock,6760,1285434.059790063,640.2970336477723,False
con_shock,6780,1290373.017099506,644.0980007775441,False
con_shock,6800,1170376.938122971,605.1753138057635,False
con_shock,6820,1187522.3812580747,622.2762076721245,False
con_shock,6840,1188097.4621750214,622.6746147939973,False
con_shock,6860,1244192.2366085278,689.0178925171455,False
con_shock,6880,1234795.1385711618,672.0488002645606,False
con_shock,6900,1299099.2935094517,698.4325561052227,False
con_shock,6920,1286734.2696210425,667.189428160393,False
con_shock,6940,1241911.6320583369,633.4758622523128,False
con_shock,6960,1214895.4556322896,591.7855933866008,False
con_shock,6980,1208019.4876236683,590.7905300237097,False
con_shock,7000,1257144.9772086698,610.3911776972583,False
con_shock,7020,1214113.3105858907,622.6918647528938,False
con_shock,7040,1198979.7067002405,615.9278606596426,False
con_shock,7060,1194496.3435984035,607.9775010781954,False
con_shock,7080,1406593.7890341969,597.240408298961,False
con_shock,7100,1396763.2065246154,570.050905006587,False
con_shock,7120,1337534.2900439273,545.0499117710167,False
con_shock,7140,1353400.0495656272,547.5251131101758,False
con_shock,7160,1325459.0675138654,539.8945425656774,False
con_shock,7180,1310764.1361125358,511.75619854516947,False
con_shock,7200,1303713.2018899294,512.742304932691,False
con_shock,7220,1348192.8768326885,520.601055352812,False
con_shock,7240,1368312.6140548098,554.7178378239545,False
con_shock,7260,1321070.398566146,552.8653233899478,False
con_shock,7280,1308535.6568033067,545.8978672612824,False
con_shock,7300,1507492.6700716172,614.3674661644424,False
con_shock,7320,1375902.530301656,560.4255033500463,False
con_shock,7340,1373608.4905870922,559.8687571065042,False
con_shock,7360,1373644.5292800271,559.9146937970386,False
con_shock,7380,1278406.3688807427,558.991806906989,False
con_shock,7400,1255433.321026665,551.620579085311,False
con_shock,7420,1320491.92311827,616.6044720026744,False
con_shock,7440,1347896.4046515685,625.4554244126822,False
con_shock,7460,1295260.8311941975,621.5248703994149,False
con_shock,7480,1363702.7811935432,685.083007203704,False
con_shock,7500,1279517.1984495528,656.6694169725623,False
con_shock,7520,1378489.6269353027,682.6736334193114,False
con_shock,7540,1444145.0288028775,749.1267684150208,False
con_shock,7560,1401247.5739329662,763.7477917908112,False
con_shock,7580,1415418.1787207369,791.6952893653742,False
con_shock,7600,1481113.7854971455,854.8632422688315,False
con_shock,7620,1411043.8768445412,853.5017053507802,False
con_shock,7640,1356579.6809734867,809.5264940316797,False
con_shock,7660,1355384.5162704857,777.6532940677081,False
con_shock,7680,1360947.0172103413,779.0440172344646,False
con_shock,7700,1356956.8070019127,775.8209615181191,False
con_shock,7720,1354207.822230161,776.3006280482151,False
con_shock,7740,1333201.3952262572,773.043600542622,False
con_shock,7760,1420662.8317276498,827.2950250203419,False
con_shock,7780,1378354.3795578456,788.3780223083844,False
con_shock,7800,1338031.7966928713,744.5793673310746,False
con_shock,7820,1367481.7813692559,781.3486333602168,False
con_shock,7840,1372370.8935440104,785.5410023031924,False
con_shock,7860,1333199.096351608,747.9092491493315,False
con_shock,7880,1360526.8496129073,763.5681095273106,False
con_shock,7900,1352853.898696047,727.6960999818297,False
con_shock,7920,1294701.0971371992,649.1560094239161,False
con_shock,7940,1266329.29926806,617.4602945513968,False
con_shock,7960,1329157.4173877633,653.2899445173194,False
con_shock,7980,1260725.941814621,589.6826847663784,False
con_shock,8000,1246855.9121916713,607.0522969115739,False
con_shock,8020,1249035.7560288627,610.8674920789055,False
con_shock,8040,1245308.1857456104,615.526534465429,False
con_shock,8060,1333532.8255555693,639.9489494924835,False
con_shock,8080,1297291.2580937506,610.7798594761999,False
con_shock,8100,1272500.775283285,590.6842439226992,False
con_shock,8120,1253965.777570217,593.4641132364922,False
con_shock,8140,1275315.073081839,624.5160144232248,False
con_shock,8160,1326546.4666349336,688.3488528970275,False
con_shock,8180,1368208.445107727,726.752449416354,False
con_shock,8200,1349844.6900627855,725.7725566532996,False
con_shock,8220,1378523.656367913,757.8785523455637,False
con_shock,8240,1331275.908171855,717.9956029162174,False
con_shock,8260,1319531.0081570903,711.8412124178562,False
con_shock,8280,1400412.6676277046,793.82904166291,False
con_shock,8300,1348319.077889073,749.3665221050338,False
con_shock,8320,1431957.49911884,760.2705451161249,False
con_shock,8340,1425218.212588938,765.3285982333708,False
con_shock,8360,1413633.8545155802,756.2384831708338,False
con_shock,8380,1498272.2558899901,758.0886880735069,False
con_shock,8400,1341342.3228004214,745.6689139786902,False
con_shock,8420,1393301.5609314397,810.2428189306974,False
con_shock,8440,1425280.0752888399,835.085232825317,False
con_shock,8460,1474875.4825806117,879.5776847705537,False
con_shock,8480,1377525.4001301718,857.5700124774463,False
con_shock,8500,1457208.2072938962,881.5573062813844,False
con_shock,8520,1481447.4622265606,924.5976309044934,False
con_shock,8540,1463228.556553065,888.1824213184963,False
con_shock,8560,1456839.7438849881,888.5355746084794,False
con_shock,8580,1483089.7810762797,909.086889707609,False
con_shock,8600,1432534.3742466262,869.0695921850654,False
con_shock,8620,1508992.6674347643,865.8987835937274,False
con_shock,8640,1500176.5724309215,870.1809343097367,False
con_shock,8660,1458135.6397623722,831.6036025733125,False
con_shock,8680,1416654.1863981297,789.1885046778527,False
con_shock,8700,1412885.2732594344,784.2733011559288,False
con_shock,8720,1417911.9686511657,790.5545204802955,False
con_shock,8740,1300549.198002327,782.1303766211349,False
con_shock,8760,1265421.3196829166,767.9724510600582,False
con_shock,8780,1236691.3037063347,752.5730174506632,False
con_shock,8800,1279651.3867323336,782.1015170094026,False
con_shock,8820,1304211.8896273668,819.042598142565,False
con_shock,8840,1288214.0794147789,813.275400355931,False
con_shock,8860,1283050.6111089075,782.9776334963943,False
con_shock,8880,1272036.6145705972,774.3490601740211,False
con_shock,8900,1400239.7677059225,820.9786751782209,False
con_shock,8920,1374202.6193095527,758.3998713955066,False
con_shock,8940,1333267.8093997948,729.8679708251465,False
con_shock,8960,1272936.364857299,687.8640644067435,False
con_shock,8980,1425725.231819416,730.2070167641962,False
con_shock,9000,1455390.077017556,747.3184286375662,False
con_shock,9020,1392747.2013632245,705.948965337351,False
con_shock,9040,1396788.8139777505,709.0695151468768,False
con_shock,9060,1303201.4805935987,669.4173201478877,False
con_shock,9080,1347941.1988378558,718.6505003898278,False
con_shock,9100,1385196.2952646795,744.2565637952692,False
con_shock,9120,1386610.2117217097,746.6200917608242,False
con_shock,9140,1290801.6200966998,718.7534578296488,False
con_shock,9160,1254513.5194854732,674.4097511199739,False
con_shock,9180,1260371.9799527584,672.5978159102764,False
con_shock,9200,1287028.3544464558,677.7371276657809,False
con_shock,9220,1194768.761894462,623.4839299295116,False
con_shock,9240,1380603.0955439967,629.5974033740864,False
con_shock,9260,1398916.993170993,607.4884826720266,False
con_shock,9280,1349075.0260999058,549.7983834323218,False
con_shock,9300,1370346.7619910636,558.8512017921192,False
con_shock,9320,1249426.6709601588,509.50170694010944,False
con_shock,9340,1268807.904918281,528.8706736553357,False
con_shock,9360,1292518.5151552062,556.7552389634614,False
con_shock,9380,1317927.5162714517,586.2243159438142,False
con_shock,9400,1304526.9141987548,563.1373499604695,False
con_shock,9420,1313603.1753479184,590.7028170560377,False
con_shock,9440,1331222.6774612803,585.7088130473197,False
con_shock,9460,1354762.6301571212,589.9391754073904,False
con_shock,9480,1289294.9350680846,560.3983318437279,False
con_shock,9500,1274974.603512873,554.5932020092084,False
con_shock,9520,1329738.186475509,573.3560219051542,False
con_shock,9540,1303628.4988373767,551.3473642923414,False
con_shock,9560,1374847.373538281,553.5300592764727,False
con_shock,9580,1309119.1832116426,517.4292378753701,False
con_shock,9600,1293495.8126041316,484.1244282491063,False
con_shock,9620,1298534.6209687905,484.0479926294886,False
con_shock,9640,1167494.1153508383,480.8108064127623,False
con_shock,9660,1192065.9749633684,527.7142853443152,False
con_shock,9680,1201588.9709999627,553.4516115239464,False
con_shock,9700,1253874.9779091608,613.4086596951347,False
con_shock,9720,1318956.9812485753,625.4220129984835,False
con_shock,9740,1326405.1052693962,631.3687623452022,False
con_shock,9760,1318869.9109464549,662.8745195706056,False
con_shock,9780,1365878.7527063058,698.9838443578533,False
con_shock,9800,1206615.1840135648,667.0166972299392,False
con_shock,9820,1244416.713969597,655.0036503079776,False
con_shock,9840,1204741.337905291,593.764435665483,False
con_shock,9860,1178226.8200880345,557.9561985109065,False
con_shock,9880,1160898.252800596,532.2662323234781,False
con_shock,9900,1107575.0685324254,536.7863627853828,False
con_shock,9920,1078755.5080619801,499.4721324581573,False
con_shock,9940,1069489.616597493,493.58077492030714,False
con_shock,9960,1051374.861801598,455.0094443075286,False
con_shock,9980,1088450.6431838816,455.0218835132201,False
con_shock,10000,1072825.2866831433,433.3623636227685,False
con_shock,10020,1050563.6043874617,415.2604042753467,False
con_shock,10040,1032528.5580693091,409.52039243208634,False
con_shock,10060,1024265.5941670059,432.8989276347492,False
con_shock,10080,1034995.6057905942,440.04893819579956,False
con_shock,10100,1057896.696772338,471.11427950642843,False
con_shock,10120,861684.4013388915,477.5219562031839,False
con_shock,10140,939651.1823576402,499.89211858748575,False
con_shock,10160,938556.443219533,499.91375774519724,False
con_shock,10180,927314.9594426414,495.12273855822747,False
con_shock,10200,917075.2727051273,490.9721819181454,False
con_shock,10220,911725.6615899015,491.2438290588588,False
con_shock,10240,933648.1993555854,518.8679207846045,False
con_shock,10260,934944.7649681552,503.26468484035126,False
con_shock,10280,916049.6624585711,471.67571386304553,False
con_shock,10300,973954.0790661108,472.101919992648,False
con_shock,10320,953417.3182856448,476.82984388380225,False
con_shock,10340,975024.0988716211,506.5091426146786,False
con_shock,10360,996316.5913482023,537.5136265001017,False
con_shock,10380,999059.6513155333,554.9739220873203,False
con_shock,10400,1056488.5171758642,564.2362011719547,False
con_shock,10420,1054327.3343170683,568.798220141695,False
con_shock,10440,1064649.523817844,586.7089819222919,False
con_shock,10460,1066997.7855680857,591.0886286551829,False
con_shock,10480,1070795.8257411432,595.1368968305527,False
con_shock,10500,1054626.4012965648,619.5354363674181,False
con_shock,10520,1054130.8400750232,619.7649608602603,False
con_shock,10540,1100652.037248852,648.8570696044884,False
con_shock,10560,1089614.1437608432,624.6275839799457,False
con_shock,10580,1084571.552174098,628.9270776655036,False
con_shock,10600,1080224.122526923,618.8425781132656,False
con_shock,10620,1441962.8673330522,621.3851679612261,False
con_shock,10640,1434670.6971402026,631.9433714767468,False
con_shock,10660,1434231.889770103,610.7665139884443,False
con_shock,10680,1429836.8870017524,585.6303279317307,False
con_shock,10700,1367598.806211417,549.3525517761423,False
con_shock,10720,1358307.946954066,522.9987370520827,False
con_shock,10740,1318350.0668691355,493.6924183450268,False
con_shock,10760,1390401.731134827,510.74204375925325,False
con_shock,10780,1369541.0597227148,519.2152498329463,False
con_shock,10800,1393233.534516872,542.3566230217768,False
con_shock,10820,1459765.9793939635,576.196059715332,False
con_shock,10840,1341065.4574381316,549.2224407421472,False
con_shock,10860,1321256.5085743857,542.1662963789745,False
con_shock,10880,1402156.784909536,581.137852579699,False
con_shock,10900,1421241.881549792,612.353195248653,False
con_shock,10920,1410135.131433119,613.2830719585947,False
con_shock,10940,1480781.4491390823,629.6405412422713,False
con_shock,10960,1366931.9001843526,658.335469522432,False
con_shock,10980,1376124.1102678676,680.6118999569449,False
con_shock,11000,1476237.1579111437,718.6170435207919,False
con_shock,11020,1424353.6855951548,713.0558899259413,False
con_shock,11040,1404252.3191402575,678.0921873406282,False
con_shock,11060,1418917.5600714674,675.3065981032184,False
con_shock,11080,1399928.5800931975,669.2509524177399,False
con_shock,11100,1386937.4439232007,635.9936809403787,False
con_shock,11120,1398950.218261779,636.9843007358301,False
con_shock,11140,1346537.6764645015,631.1461877789235,False
con_shock,11160,1338588.2155968526,625.7772206172781,False
con_shock,11180,1371361.17603367,661.8716460501888,False
con_shock,11200,1408616.8436210128,668.566081687923,False
con_shock,11220,1402146.7681475068,669.5669885200509,False
con_shock,11240,1441731.8157021,705.4420708224083,False
con_shock,11260,1393466.8405827952,672.1013601167953,False
con_shock,11280,1422293.141827389,702.8259402206078,False
con_shock,11300,1424782.9992570078,704.0270086189195,False
con_shock,11320,1417324.5782339787,697.9387215002785,False
con_shock,11340,1506543.0217185696,704.1110641405788,False
con_shock,11360,1479034.0159608007,706.5661676213755,False
con_shock,11380,1424277.261187081,632.932550786988,False
con_shock,11400,1337251.2604639044,600.557620752288,False
con_shock,11420,1367486.4601968296,627.5197598147123,False
con_shock,11440,1367856.7971747504,636.6555452655698,False
con_shock,11460,1489038.7701023312,634.4288816487568,False
con_shock,11480,1509812.5247851575,645.1333356365718,False
con_shock,11500,1180420.0989357715,578.2484645200484,False
con_shock,11520,1159972.4106041107,539.5542791455005,False
con_shock,11540,1140854.0015726723,532.5487057788914,False
con_shock,11560,1133731.0035614953,523.5445035456211,False
con_shock,11580,1116457.7043212599,493.6780039273504,False
con_shock,11600,1118196.8605764909,494.4587401548257,False
con_shock,11620,1107315.4359879266,495.00147489594667,False
con_shock,11640,1166688.660228491,496.3217245720935,False
con_shock,11660,1110181.1887130097,484.368718966904,False
con_shock,11680,1092502.4377210792,449.40801445721917,False
con_shock,11700,1071743.5740550798,419.53212317744084,False
con_shock,11720,1077910.9804965688,420.03968143517795,False
con_shock,11740,1032051.9419132345,401.95863900125175,False
con_shock,11760,1060468.406844204,415.88732625364975,False
con_shock,11780,1080965.2831568343,417.7419126576363,False
con_shock,11800,1056534.035677339,424.39689607467056,False
con_shock,11820,1057478.0833332757,423.0796706230781,False
con_shock,11840,1054456.5021958689,423.11754082793306,False
con_shock,11860,1050216.0547394517,423.5528427845326,False
con_shock,11880,1048974.0687110191,421.0642559659931,False
con_shock,11900,1083521.156714582,418.1345689956812,False
con_shock,11920,1100773.0021276765,429.6089778204279,False
con_shock,11940,1091258.588741288,417.9196761847812,False
con_shock,11960,1077268.0617361173,400.3839276360612,False
con_shock,11980,1078739.0440670103,400.0882521371498,False
con_shock,12000,1347422.4828097634,420.0860044887604,False
con_shock,12020,1324093.385773986,428.9283326386761,False
con_shock,12040,1342042.9194979928,437.40256789333364,False
con_shock,12060,1258138.0629391973,452.26117720108874,False
con_shock,12080,1256659.5315539083,477.1378503773663,False
con_shock,12100,1275331.1157867434,509.8530435572086,False
con_shock,12120,1336226.8525529117,556.6285027748658,False
con_shock,12140,1305337.7329411798,525.7225859107965,False
con_shock,12160,1316417.9226472387,521.544040181404,False
con_shock,12180,1383186.0148000037,588.539692981088,False
con_shock,12200,1411526.6127033555,621.4228211291357,False
con_shock,12220,1406101.9700457067,619.5008622456946,False
con_shock,12240,1468667.87071216,654.7797699731879,False
con_shock,12260,1427434.877267884,622.6911737023423,False
con_shock,12280,1431719.688497569,622.9536198304444,False
con_shock,12300,1406148.1480145038,595.6994610804871,False
con_shock,12320,1428424.5471437052,621.7267001330889,False
con_shock,12340,1381157.7856187935,621.9362623862144,False
con_shock,12360,1433489.3994233175,631.4135530248695,False
con_shock,12380,1494509.3070995747,698.6824860055231,False
con_shock,12400,1493602.8087425712,700.9432782746893,False
con_shock,12420,1496560.4918913268,695.6496613858869,False
con_shock,12440,1487621.4345427016,682.3096985353536,False
con_shock,12460,1494129.5996116302,695.9138461380738,False
con_shock,12480,1354361.7471627966,658.7643717005624,False
con_shock,12500,1399112.5912424864,687.7377808298687,False
con_shock,12520,1465997.1682812118,735.7293015390468,False
con_shock,12540,1510409.9620148572,778.5675322733055,False
con_shock,12560,1570270.295214494,794.8755600303939,False
con_shock,12580,1615468.3555190882,828.043847223227,False
con_shock,12600,1548339.7286660562,773.6096437776703,False
con_shock,12620,1540474.6739882436,747.6030059732129,False
con_shock,12640,1552484.1317745312,783.2766962970898,False
con_shock,12660,1613835.179956443,792.0298085073455,False
con_shock,12680,1587351.549545938,752.2570748255224,False
con_shock,12700,1445109.6122336334,728.1516972941122,False
con_shock,12720,1474157.0191663296,775.7093195598225,False
con_shock,12740,1493018.5975282856,774.8308420275922,False
con_shock,12760,1543711.936427025,821.8711281575095,False
con_shock,12780,1484256.103783164,811.9055146402301,False
con_shock,12800,1562448.6342422906,852.6956979377102,False
con_shock,12820,1426141.8445652009,792.7928862999734,False
con_shock,12840,1445034.8851975102,792.5249554384544,False
con_shock,12860,1422526.8062872041,749.6507886138476,False
con_shock,12880,1357563.5868812124,677.3866792732225,False
con_shock,12900,1346014.615108637,710.0886087360873,False
con_shock,12920,1350374.1783994224,709.1876568586687,False
con_shock,12940,1348916.8373021085,719.396790107335,False
con_shock,12960,1342942.542288736,704.1530558445187,False
con_shock,12980,1237128.6746010198,698.9249365719277,False
con_shock,13000,1213904.1272262218,682.7517395265635,False
con_shock,13020,1198240.1035612756,681.0806901682395,False
con_shock,13040,1189016.6823138758,678.9871356941978,False
con_shock,13060,1257231.4287902152,731.214671145592,False
con_shock,13080,1233551.0397512831,706.1729369875817,False
con_shock,13100,1256468.6624105682,707.3416319037042,False
con_shock,13120,1215427.8352552827,690.2776547756456,False
con_shock,13140,1196925.3839459028,663.1898304669907,False
con_shock,13160,1215451.0455236894,663.9118557146705,False
con_shock,13180,1204539.037426414,659.6639314808161,False
con_shock,13200,1261409.585132994,650.8175664688991,False
con_shock,13220,1262530.0564870897,643.0650312227508,False
con_shock,13240,1117416.3281168817,615.9526833780045,False
con_shock,13260,1079908.7337396448,568.4067526144578,False
con_shock,13280,1085705.586017499,532.4454334291831,False
con_shock,13300,1059088.3697252164,498.4027012036639,False
con_shock,13320,1079423.855151236,489.3513557465642,False
con_shock,13340,1071516.1882827627,497.91340351736454,False
con_shock,13360,1085993.5221783018,526.0414351993805,False
con_shock,13380,1044611.5695792097,546.24036701966,False
con_shock,13400,1078197.7319539047,552.6046590769197,False
con_shock,13420,1102010.0523805167,578.2561309743087,False
con_shock,13440,1075607.0676395004,552.8727105797558,False
con_shock,13460,1103971.7107618055,584.2426179534142,False
con_shock,13480,1296307.5228010912,601.9570302578766,False
con_shock,13500,1300993.2002507679,583.0123191649632,False
con_shock,13520,1294961.7942272539,539.2377114808478,False
con_shock,13540,1284182.3117212013,530.4133276056533,False
con_shock,13560,1128745.379281561,489.5594458800238,False
con_shock,13580,1096405.3263861341,486.14084548261985,False
con_shock,13600,1123270.7333026412,535.3272529087607,False
con_shock,13620,1149008.7581700268,548.6109610014954,False
con_shock,13640,1174566.3206131728,575.6713350973715,False
con_shock,13660,1156818.6604854425,600.3646649374333,False
con_shock,13680,1166847.9746464838,604.057774016008,False
con_shock,13700,1142432.240211757,621.7447883635937,False
con_shock,13720,1118971.8252153243,581.103041644318,False
con_shock,13740,1256720.4129636856,580.9264067784823,False
con_shock,13760,1266844.6966170033,591.7830588852706,False
con_shock,13780,1133230.265095379,589.4267001687465,False
con_shock,13800,1156518.0731720151,638.4222143834409,False
con_shock,13820,1161939.6171828415,660.4609919392494,False
con_shock,13840,1210990.021247318,717.4090679459275,False
con_shock,13860,1225460.7023427715,718.7486881034919,False
con_shock,13880,1304369.2920903661,737.5424030553387,False
con_shock,13900,1273576.964400695,728.9638670807768,False
con_shock,13920,1246843.3570901656,699.1869400879783,False
con_shock,13940,1251244.2874831718,700.5257256163106,False
con_shock,13960,1144314.5520814534,668.9901423338922,False
con_shock,13980,1149666.0090282247,657.3060109831453,False
con_shock,14000,1136424.4195649442,640.5785992081201,False
con_shock,14020,1123797.000426639,636.485822165375,False
con_shock,14040,1120263.3381435033,641.7348268384735,False
con_shock,14060,1219193.0529647295,633.9266499336644,False
con_shock,14080,1201812.6799074502,612.1863676797553,False
con_shock,14100,1183159.1978606114,587.7505177904912,False
con_shock,14120,1191854.5821826658,588.217819813756,False
con_shock,14140,1163565.44885505,586.8707964991147,False
con_shock,14160,1202236.65451177,593.0003697359056,False
con_shock,14180,1156842.9665628858,553.7863069762171,False
con_shock,14200,1239121.7370188918,578.2096448603337,False
con_shock,14220,1130142.5699765976,597.7122224926082,False
con_shock,14240,1134988.2532373953,617.328936058454,False
con_shock,14260,1173504.8577840377,674.8287428077673,False
con_shock,14280,1347084.4567841592,726.8551916240232,False
con_shock,14300,1358275.2590829006,712.0747443964916,False
con_shock,14320,1296632.4160868833,698.8749367847062,False
con_shock,14340,1265260.218253003,636.0143997765236,False
con_shock,14360,1233134.9361577092,604.3773815332921,False
con_shock,14380,1210215.5472475672,605.0981897686769,False
con_shock,14400,1233574.7068399882,600.2527067757452,False
con_shock,14420,1203342.7677950624,570.9272444090047,False
con_shock,14440,1094799.352349184,573.4400239384722,False
con_shock,14460,1139278.652972915,554.266554365973,False
con_shock,14480,1141938.4477105818,554.2495324898766,False
con_shock,14500,1139080.630737531,554.2825540287546,False
con_shock,14520,1144360.5824136266,555.8317837462614,False
con_shock,14540,1109940.1895718002,545.1145095600899,False
con_shock,14560,1142571.2680187284,592.1712989978753,False
con_shock,14580,1195257.8887251767,626.7100547608921,False
con_shock,14600,1160417.425000998,603.4706902337988,False
con_shock,14620,1170907.2035292827,618.1016648714324,False
con_shock,14640,1166968.6537048856,583.6634913350255,False
con_shock,14660,1138029.6322240173,554.633050509361,False
con_shock,14680,1117359.5634810636,565.1805877662329,False
con_shock,14700,1088688.5787029206,522.5178510219748,False
con_shock,14720,1204556.467252595,502.5367981476001,False
con_shock,14740,1212944.1798277285,481.6986382434677,False
con_shock,14760,1087891.3164150359,431.858749468102,False
con_shock,14780,1102510.7717915724,446.83859140877667,False
con_shock,14800,1106454.532208612,457.8511228786883,False
con_shock,14820,1150496.9907578744,465.84312809622196,False
con_shock,14840,1143958.6380226824,469.98585791827526,False
con_shock,14860,1061543.5503739303,493.5057774846949,False
con_shock,14880,1056546.7991999183,480.4481726172692,False
con_shock,14900,1076407.996475418,509.23459005246207,False
con_shock,14920,1107377.3486023375,539.0892949092371,False
con_shock,14940,1217370.953434307,542.9080260797207,False
con_shock,14960,1261014.858678004,588.151473961608,False
con_shock,14980,1282476.0996145476,617.2775418757316,False
con_shock,15000,1231041.9703797738,631.1836676412327,False
con_shock,15020,1220784.922573135,622.9749436934716,False
con_shock,15040,1251168.5244605008,608.5081004337497,False
con_shock,15060,1226391.0688760504,559.9402769072873,False
con_shock,15080,1185803.2509675755,537.1256587297472,False
con_shock,15100,1222897.2613152084,549.0210429885366,False
con_shock,15120,1196640.5509110214,528.6026049707324,False
con_shock,15140,1203226.2426657106,528.8406133440062,False
con_shock,15160,1237380.0165102042,556.443952920041,False
con_shock,15180,1284980.7518993763,552.3787847797169,False
con_shock,15200,1277143.6658909232,558.7776210607791,False
con_shock,15220,1310895.312203868,595.8572152998058,False
con_shock,15240,1212097.0203570316,619.317927507335,False
con_shock,15260,1309006.4375124378,645.6375030990148,False
con_shock,15280,1333100.2795291876,670.0675087447075,False
con_shock,15300,1319415.3766542277,651.4768876981597,False
con_shock,15320,1286873.755605361,620.0213322378423,False
con_shock,15340,1282092.4315378217,640.1783012205914,False
con_shock,15360,1411554.561467476,617.3107029115907,False
con_shock,15380,1401297.7902792406,592.7385897402924,False
con_shock,15400,1368226.111066934,561.2420264156025,False
con_shock,15420,1323711.4531620704,532.2432339649249,False
con_shock,15440,1377817.4779600329,562.0179542726034,False
con_shock,15460,1075469.1156880702,520.8172845993503,False
con_shock,15480,1037295.4744661644,484.687093266914,False
con_shock,15500,1039951.7887758141,458.5976562220469,False
con_shock,15520,1035559.0311830466,457.16523458080763,False
con_shock,15540,1031161.165342824,451.4468155400306,False
con_shock,15560,1023329.1996038156,448.03519903395676,False
con_shock,15580,1032272.4450466281,437.07321854505295,False
con_shock,15600,1007588.1272448878,416.9633015831788,False
con_shock,15620,974352.5261756076,410.6654974952031,False
con_shock,15640,973109.4078856074,408.43592928392866,False
con_shock,15660,944594.9580522567,383.1675135391798,False
con_shock,15680,979656.4834392125,408.9038774310316,False
con_shock,15700,981483.9374004559,410.13579731516757,False
con_shock,15720,980557.0165973924,406.7325806151399,False
con_shock,15740,1063296.3842978538,384.3759924601026,False
con_shock,15760,1008724.3664180874,393.50834766100036,False
con_shock,15780,974715.9872017074,364.78018821768376,False
con_shock,15800,977334.3696756746,372.65960941511133,False
con_shock,15820,1002767.265300564,388.34365150588286,False
con_shock,15840,982880.1620094532,376.07349057470725,False
con_shock,15860,998382.9029120744,396.5975226438399,False
con_shock,15880,1019641.7616119325,416.52223977297734,False
con_shock,15900,1001284.6270957672,393.58289685719217,False
con_shock,15920,989157.4912848226,390.9161847946024,False
con_shock,15940,1021204.2583195505,417.3097720654555,False
con_shock,15960,1327651.9508121512,432.022151011607,False
con_shock,15980,1366711.8319378463,466.79377149770664,False
con_shock,16000,1372958.5564225386,496.14827508826596,False
con_shock,16020,1395007.7276210703,538.7488072211385,False
con_shock,16040,1403718.920474289,545.248442471929,False
con_shock,16060,1409515.3710499716,548.9155836500979,False
con_shock,16080,1366820.8982807454,585.5769636274356,False
con_shock,16100,1392740.852619377,613.6071942541569,False
con_shock,16120,1481716.175116776,623.5584771171265,False
con_shock,16140,1473311.9250674369,634.585631891546,False
con_shock,16160,1497767.0035906122,668.0210956977014,False
con_shock,16180,1397112.0995896857,628.4362198613718,False
con_shock,16200,1452081.529048067,691.4405166121632,False
con_shock,16220,1455690.8901451547,692.9461161540427,False
con_shock,16240,1476587.5100716737,725.7861342255657,False
con_shock,16260,1558303.919047527,695.9087637084288,False
con_shock,16280,1500957.6468264693,701.684613077038,False
con_shock,16300,1509323.6721444137,691.612511760414,False
con_shock,16320,1477279.913045017,687.559988111544,False
con_shock,16340,1483257.689697276,685.1566264967204,False
con_shock,16360,1455903.4740936013,651.6695459952908,False
con_shock,16380,1321137.619799682,618.3511410002405,False
con_shock,16400,1345155.7655180492,673.6420866303496,False
con_shock,16420,1393205.457472994,702.9684100118168,False
con_shock,16440,1396155.9363624083,704.1982586654204,False
con_shock,16460,1397915.0444210817,727.6632510052576,False
con_shock,16480,1368469.8627184413,685.8706096220398,False
con_shock,16500,1368953.6238303112,668.9326350196371,False
con_shock,16520,1356354.5926194808,652.9925971951883,False
con_shock,16540,1362952.1160694757,656.0417814310077,False
con_shock,16560,1348097.6955029345,660.113345879045,False
con_shock,16580,1398942.6637593843,653.2777492155777,False
con_shock,16600,1345316.1296364637,621.7076569350393,False
con_shock,16620,1353569.6807927394,625.7334899090133,False
con_shock,16640,1392043.2489597949,657.1927272382835,False
con_shock,16660,1288086.28848626,634.2748078889078,False
con_shock,16680,1338999.184431481,632.471674555959,False
con_shock,16700,1287267.8038585281,562.587956775061,False
con_shock,16720,1270194.0551638852,528.9098372669972,False
con_shock,16740,1246233.8367998598,502.2488130933887,False
con_shock,16760,1273988.7539847519,533.8933737910257,False
con_shock,16780,1265122.0093038508,503.58154669116186,False
con_shock,16800,1258735.2648033681,502.1037910795341,False
con_shock,16820,1292443.1925371613,517.4791621579279,False
con_shock,16840,1215031.7347602604,519.1395698627052,False
con_shock,16860,1221342.2934491052,538.6128435834927,False
con_shock,16880,1416030.7082905998,611.0990983480759,False
con_shock,16900,1402935.469073079,583.2717489602211,False
con_shock,16920,1390716.0810520244,559.6483459163115,False
con_shock,16940,1224034.1746705817,510.35089040469387,False
con_shock,16960,1244208.1079021343,530.5060541247533,False
con_shock,16980,1264956.1923552637,558.4965683999872,False
con_shock,17000,1291522.8678785095,587.4041450962142,False
con_shock,17020,1219918.3225407274,591.1637083223277,False
con_shock,17040,1236797.982996847,616.2503266035537,False
con_shock,17060,1313167.273494908,677.006545437773,False
con_shock,17080,1288067.8828944957,654.6971501781746,False
con_shock,17100,1242625.3440361698,649.8837366314224,False
con_shock,17120,1267395.3440240514,683.4758603466651,False
con_shock,17140,1275663.2311767964,685.3325720032306,False
con_shock,17160,1340939.5897842618,679.720757135091,False
con_shock,17180,1410000.3925622962,743.8673562391273,False
con_shock,17200,1386316.4548234928,762.8400251259241,False
con_shock,17220,1410736.3379153893,793.7356188418423,False
con_shock,17240,1468807.0023336885,849.6140146627923,False
con_shock,17260,1444077.2378578994,833.0568687050442,False
con_shock,17280,1505805.5711839201,882.0610624514503,False
con_shock,17300,1493668.3864696878,884.1817713318193,False
con_shock,17320,1466343.9943267615,856.1471361963369,False
con_shock,17340,1500592.2989613188,877.3164188741123,False
con_shock,17360,1484725.200872879,844.9099169918776,False
con_shock,17380,1423114.6667825386,770.8673315396156,False
con_shock,17400,1374165.13917107,750.5044191060073,False
con_shock,17420,1377416.7985144262,750.3597501829965,False
con_shock,17440,1341588.5077986005,731.9166665185443,False
con_shock,17460,1338660.3988695953,742.1700427440721,False
con_shock,17480,1330071.3341971615,738.6662753650844,False
con_shock,17500,1364257.3746614112,772.7969280977136,False
con_shock,17520,1428799.0461570735,774.9415976286932,False
con_shock,17540,1402100.6802860629,739.129700914487,False
con_shock,17560,1330207.4404025048,667.631419558262,False
con_shock,17580,1365667.2028249793,698.5799890650895,False
con_shock,17600,1442857.9834236926,706.8460700640169,False
con_shock,17620,1192271.2351809896,637.9380269343924,False
con_shock,17640,1148130.476824298,590.791976573502,False
con_shock,17660,1169169.3213605136,585.3690804299395,False
con_shock,17680,1123377.8371543905,529.083501599389,False
con_shock,17700,1164556.5182174342,514.4076526044693,False
con_shock,17720,1143124.3367539237,489.07474369946397,False
con_shock,17740,1056049.7662780273,462.75559783451473,False
con_shock,17760,1053049.1265365928,435.0635125492201,False
con_shock,17780,1039419.853923346,409.61672395222024,False
con_shock,17800,1020538.7924121212,388.955236516918,False
con_shock,17820,991835.2762780926,389.52892172755156,False
con_shock,17840,980727.335003435,375.9532038254304,False
con_shock,17860,977210.5974903043,373.105661007807,False
con_shock,17880,978833.8951939202,360.06252157698043,False
con_shock,17900,1001645.3155019757,377.5641830685897,False
con_shock,17920,990996.4999191695,376.5030451453731,False
con_shock,17940,1108696.1287022897,388.2764012489048,False
con_shock,17960,1098395.5547778662,349.3609760435114,False
con_shock,17980,1103467.3728688303,331.1881879354355,False
con_shock,18000,1067365.5366268759,298.81723282386207,False
con_shock,18020,1033371.5066886353,297.26885777797867,False
con_shock,18040,1032502.3674696367,296.37077532159805,False
con_shock,18060,1032242.2301816393,285.95271163441936,False
con_shock,18080,1013555.3972588168,281.03109347526924,False
con_shock,18100,941432.9545619836,292.94284679554,False
con_shock,18120,1062060.2507937043,313.9677961237914,False
con_shock,18140,1096416.3004644886,347.9168498627551,False
con_shock,18160,1069601.4986145399,361.4232746345589,False
con_shock,18180,1063738.290592756,356.686896615172,False
con_shock,18200,1056160.9530538449,355.5134549504141,False
con_shock,18220,1071317.0798768231,353.6731156814912,False
con_shock,18240,1122872.101553633,348.81322259948575,False
con_shock,18260,1132185.242235887,366.00816026501496,False
con_shock,18280,1134926.7912039603,362.79727515191286,False
con_shock,18300,1136837.9062274392,365.9202139020829,False
con_shock,18320,1209716.5217914258,381.83609141950654,False
con_shock,18340,1007713.7036223877,383.40511891330306,False
con_shock,18360,986170.4014023565,377.21594572915325,False
con_shock,18380,972133.4893162139,370.1474859847563,False
con_shock,18400,936649.433793224,334.0006447213192,False
con_shock,18420,944176.3735343631,328.87319975513327,False
con_shock,18440,945429.746892706,313.0705293652713,False
con_shock,18460,949014.4644670981,319.60235696648436,False
con_shock,18480,879163.0830633726,326.2952525388137,False
con_shock,18500,882148.4193383647,337.0324771725145,False
con_shock,18520,933598.9455933485,370.6561819662024,False
con_shock,18540,951993.353882462,396.0051176346398,False
con_shock,18560,927415.3451115922,398.8968526636018,False
con_shock,18580,1000419.132588768,449.53616013979126,False
con_shock,18600,1020162.8805718003,428.4421489196814,False
con_shock,18620,1019216.386472897,424.10893180650953,False
con_shock,18640,982809.7380870399,397.695435911344,False
con_shock,18660,1004206.3372257652,388.6035305194419,False
con_shock,18680,1007532.4121029917,397.9813191273219,False
con_shock,18700,1027993.7142615281,418.52287446860527,False
con_shock,18720,1022339.5149497342,422.77465825541975,False
con_shock,18740,1044154.9028690606,443.78611574095623,False
con_shock,18760,1034349.8283392354,423.37192098515084,False
con_shock,18780,1022528.0839070805,433.22516700746877,False
con_shock,18800,1040194.5347260853,454.66211421150854,False
con_shock,18820,1036341.2463145027,443.87030283217206,False
con_shock,18840,1297177.471828463,447.70202274469716,False
con_shock,18860,1322886.0423820438,459.6104572342354,False
con_shock,18880,1285398.883462042,470.6766884957563,False
con_shock,18900,1362014.6203209576,537.856799977696,False
con_shock,18920,1367193.7657446985,561.699352736488,False
con_shock,18940,1368825.9212911557,564.2225713773428,False
con_shock,18960,1363230.6347538838,566.4429649088188,False
con_shock,18980,1526621.8955332283,598.4011545754108,False
con_shock,19000,1497671.315386067,573.4584359898662,False
con_shock,19020,1472339.0251117388,542.3214823193916,False
con_shock,19040,1211324.582705591,512.4750212732606,False
con_shock,19060,1214032.1379757333,502.2433301803298,False
con_shock,19080,1151704.7906833903,436.3148009066591,False
con_shock,19100,1164638.099226407,426.2971453573432,False
con_shock,19120,1150119.5881532452,399.64186728553506,False
con_shock,19140,1169044.3640812093,383.2324857129616,False
con_shock,19160,1153410.6207821425,385.08282469525926,False
con_shock,19180,1170863.778041477,405.0288919407997,False
con_shock,19200,1165001.6855956211,415.46755128795604,False
con_shock,19220,1138408.3858677612,427.0474941781828,False
con_shock,19240,1135210.5761577238,402.36946593514006,False
con_shock,19260,1136830.1750282026,408.15753172410865,False
con_shock,19280,1123272.6189131765,403.01456338073774,False
con_shock,19300,1119071.874103072,402.0839898121431,False
con_shock,19320,1149754.5740929719,414.67407102679545,False
con_shock,19340,1109799.5934037336,418.61810453242083,False
con_shock,19360,1119622.262318679,438.40024242018274,False
con_shock,19380,1179172.491122055,464.7614255057783,False
con_shock,19400,1053096.4513480635,418.8572824327348,False
con_shock,19420,1044933.1777900899,393.46099665891495,False
con_shock,19440,1042793.3290807826,394.6807485597584,False
con_shock,19460,1047844.2699722742,389.0603999420549,False
con_shock,19480,1022924.2419214818,372.96360783962746,False
con_shock,19500,1048769.1443345493,390.2511135429249,False
con_shock,19520,935257.8908224056,386.8757890779002,False
con_shock,19540,1071791.807379093,417.8425949651558,False
con_shock,19560,1109797.6368964522,467.0309096065511,False
con_shock,19580,1137118.8360372814,496.46648060398644,False
con_shock,19600,1209737.5124047466,557.6391015373554,False
con_shock,19620,1198153.5604603712,565.4252200142131,False
con_shock,19640,1087846.6448590888,562.6661082049483,False
con_shock,19660,1120397.4244884483,607.4404881597627,False
con_shock,19680,1117033.636233937,609.3167440011423,False
con_shock,19700,1125174.57493799,604.6973620217548,False
con_shock,19720,1184796.88738177,627.7481294999716,False
con_shock,19740,1201640.105470308,663.1305131833846,False
con_shock,19760,1130251.5404955985,669.4842632604992,False
con_shock,19780,1139136.3583244954,663.1199815180357,False
con_shock,19800,1112569.9275871716,624.8127828850479,False
con_shock,19820,1088840.127646169,589.6166455171963,False
con_shock,19840,1108902.787334816,590.4108464082875,False
con_shock,19860,1114640.5970754435,596.8323041877261,False
con_shock,19880,1062088.5484657546,557.5255657355384,False
con_shock,19900,1214645.1332690592,627.783761638309,False
con_shock,19920,1176204.5413667373,629.3731150388467,False
con_shock,19940,1209815.7973275278,662.7213034186458,False
con_shock,19960,1236554.1103200335,702.11282512342,False
con_shock,19980,1174741.5671109075,719.4803981184556,False
con_shock,20000,42777.438231365515,1.0,True
con_shock,20020,44451.28744825397,1.0,True
con_shock,20040,42979.05390976569,1.0,True
con_shock,20060,43369.11407069277,1.0,True
con_shock,20080,43189.59960709271,1.0,True
con_shock,20100,43040.232973490216,1.0,True
con_shock,20120,44198.299938256496,1.0,True
con_shock,20140,48494.29296275775,1.0,True
con_shock,20160,49333.769913262404,1.0,True
con_shock,20180,50471.40244756117,1.0,True
con_shock,20200,50248.49746527778,1.0,True
con_shock,20220,49983.90965532306,1.0,True
con_shock,20240,47826.247080243535,1.0,True
con_shock,20260,60366.38972992594,1.0,True
con_shock,20280,71257.41831229826,1.0,True
con_shock,20300,91305.38632654205,1.0,True
con_shock,20320,109136.29807542052,1.0,True
con_shock,20340,118478.44976535751,1.0,True
con_shock,20360,119382.30463987157,1.0,True
con_shock,20380,108355.62237300158,1.0,True
con_shock,20400,98469.93253062428,1.0,True
con_shock,20420,99061.40222386332,1.0,True
con_shock,20440,97783.92330841925,1.0,True
con_shock,20460,92537.1116989306,1.0,True
con_shock,20480,108853.05410376082,1.0,True
con_shock,20500,898500.3249210858,1.0,False
con_shock,20520,1597437.3210483608,719.3756789135341,False
con_shock,20540,1765343.4078838013,723.2465927845319,False
con_shock,20560,1733126.3716697246,732.4580271471427,False
con_shock,20580,1701350.3460857626,691.830736078485,False
con_shock,20600,1607380.8061574155,655.6635201981189,False
con_shock,20620,1688887.389225571,727.7252458832795,False
con_shock,20640,1530202.0028548099,692.6070802561095,False
con_shock,20660,1457366.443898212,673.5561441497521,False
con_shock,20680,1453967.002752339,702.021996205028,False
con_shock,20700,1503051.6605900791,735.472050649804,False
con_shock,20720,1483399.8624173226,704.3020598215761,False
con_shock,20740,1472071.5342366595,730.6233059695342,False
con_shock,20760,1476388.4288739972,732.5037947897628,False
con_shock,20780,1426456.6538112804,687.1028444219831,False
con_shock,20800,1452448.234390887,716.5412239529679,False
con_shock,20820,1464784.2736071805,726.7416363536008,False
con_shock,20840,1351403.5073420098,684.7022523510748,False
con_shock,20860,1384187.0919497425,704.2070320115592,False
con_shock,20880,1406285.604970692,721.4937531051186,False
con_shock,20900,1360786.221518802,744.1795487293087,False
con_shock,20920,1346344.0668523738,711.2769234390976,False
con_shock,20940,1351910.1753558493,704.1030594051281,False
con_shock,20960,1288806.2696211652,687.7876811807286,False
con_shock,20980,1288161.281725783,683.2006260682145,False
con_shock,21000,1275101.9347929803,644.3416265847253,False
con_shock,21020,1252921.2713935457,615.9373685350499,False
con_shock,21040,1236392.8687180192,630.1989916378951,False
con_shock,21060,1231992.958304208,593.7675663462039,False
con_shock,21080,1216255.4064956664,564.3306224893565,False
con_shock,21100,1265650.5562309434,587.1156966629468,False
con_shock,21120,1186484.2339642504,538.302761989567,False
con_shock,21140,1331772.807298212,564.7240761977204,False
con_shock,21160,1402441.3611062656,580.6052758155454,False
con_shock,21180,1287163.0803302545,550.4732307300569,False
con_shock,21200,1283093.9499478098,547.2433153049897,False
con_shock,21220,1280909.8525871031,553.5895477093845,False
con_shock,21240,1304156.4960399938,556.4217864190446,False
con_shock,21260,1327973.1265460327,587.3979267190347,False
con_shock,21280,1350401.0704337177,589.677583376163,False
con_shock,21300,1289232.6461768146,557.8239945125213,False
con_shock,21320,1287168.3948749232,546.3970445236666,False
con_shock,21340,1372510.3213029343,547.1685921544981,False
con_shock,21360,1351911.1447820943,531.6936104171891,False
con_shock,21380,1338851.8010061109,522.015178710942,False
con_shock,21400,1375953.567659888,504.2176820468621,False
con_shock,21420,1331353.8070829245,510.7907199647528,False
con_shock,21440,1381892.6008002153,565.9247584414233,False
con_shock,21460,1311433.7520301205,544.6983057132386,False
con_shock,21480,1234718.5055897203,539.2609998515794,False
con_shock,21500,1217581.0900145606,530.5895106453315,False
con_shock,21520,1203483.5621421507,520.2057904052349,False
con_shock,21540,1203935.0925927781,496.1610196726505,False
con_shock,21560,1208897.67776231,494.6819868556735,False
con_shock,21580,1204765.7128239942,496.60667944719364,False
con_shock,21600,1107375.4963173138,478.25179667686155,False
con_shock,21620,1128779.8366749783,483.5012520994611,False
con_shock,21640,1151902.7950596118,513.5293355986879,False
con_shock,21660,1146362.674768228,510.2900733398652,False
con_shock,21680,1188955.0637443513,503.9923307983457,False
con_shock,21700,1180805.9058480884,476.75456635434296,False
con_shock,21720,1161284.1318338097,442.8573863965014,False
con_shock,21740,1125073.4702525865,418.9165742019585,False
con_shock,21760,1113361.2138886778,420.3364887548163,False
con_shock,21780,1105784.4536069366,435.5479404910206,False
con_shock,21800,1112994.9253147042,411.6993585529825,False
con_shock,21820,1104228.5550275792,418.6756716933059,False
con_shock,21840,1128707.9336531728,443.2770827491775,False
con_shock,21860,1007811.7504347096,414.72541805689895,False
con_shock,21880,1006158.7126132611,423.3597209233478,False
con_shock,21900,1028583.1390616468,456.0710739164409,False
con_shock,21920,1074621.3831633031,477.8860677823039,False
con_shock,21940,1052139.9915311749,457.06076154519263,False
con_shock,21960,1150113.408086307,492.59745678001536,False
con_shock,21980,1181748.5957989753,507.99880411515846,False
con_shock,22000,1224435.341913914,554.2775206268449,False
con_shock,22020,1253861.9614655396,587.1224748757184,False
con_shock,22040,1290824.8078145173,626.124729650573,False
con_shock,22060,1276270.6544369624,626.5133140496871,False
con_shock,22080,1303809.3485414595,663.4218996048866,False
con_shock,22100,1408810.090808449,704.2708080849262,False
con_shock,22120,1432498.0961636822,717.558247343297,False
con_shock,22140,1352829.8999830866,661.685027097931,False
con_shock,22160,1365134.2132735518,679.312051426207,False
con_shock,22180,1357685.0092056189,660.56515550957,False
con_shock,22200,1394011.2935016423,703.0092298390233,False
con_shock,22220,1417931.8921200666,735.5796275695639,False
con_shock,22240,1371419.255650631,765.4310435051999,False
con_shock,22260,1377423.3353308383,768.5369024746507,False
con_shock,22280,1512493.8297270602,821.9891148828563,False
con_shock,22300,1494602.1467440967,820.722425339528,False
con_shock,22320,1558628.2079710385,870.7289372622545,False
con_shock,22340,1517506.9605444078,863.8452524780946,False
con_shock,22360,1715712.311803313,923.3591411884383,False
con_shock,22380,1675708.5571128414,867.6179700839955,False
con_shock,22400,1661834.275629492,849.8799015801372,False
con_shock,22420,1567960.4963346613,807.2683065637852,False
con_shock,22440,1573646.557563053,799.1647264418627,False
con_shock,22460,1594788.2263135214,801.3514990280256,False
con_shock,22480,1606031.4716230342,831.5078227847094,False
con_shock,22500,1560001.121135948,779.8104071562922,False
con_shock,22520,1539392.778045681,746.0842561451116,False
con_shock,22540,1510255.8267419378,741.4893610531901,False
con_shock,22560,1507991.8903799902,745.7884361002444,False
con_shock,22580,1516968.4355279142,743.6659685506537,False
con_shock,22600,1529351.5608647182,735.346891211231,False
con_shock,22620,1453796.8004768677,703.9084561358285,False
con_shock,22640,1353409.0311830747,701.5097667752507,False
con_shock,22660,1329303.9729639136,698.2073109733668,False
con_shock,22680,1384529.5314540267,735.3262593926097,False
con_shock,22700,1386641.5048119244,741.9402006108766,False
con_shock,22720,1417750.0080678128,771.1812384080141,False
con_shock,22740,1475259.004438709,745.6689463815462,False
con_shock,22760,1482754.1273659081,743.6481284299908,False
con_shock,22780,1393390.9892101493,710.3606149675638,False
con_shock,22800,1440738.6062237576,746.0425483112771,False
con_shock,22820,1388261.5901063418,730.7555479112227,False
con_shock,22840,1395685.7504302426,693.2172556681874,False
con_shock,22860,1360281.5899715857,660.3870859618534,False
con_shock,22880,1398129.008474283,694.3364652229817,False
con_shock,22900,1362709.3155990955,660.6443541825572,False
con_shock,22920,1359438.2461028553,692.5287906867912,False
con_shock,22940,1372963.6995798256,692.2697589894691,False
con_shock,22960,1363330.883475247,692.5061794287461,False
con_shock,22980,1389027.4549443517,708.2354640502703,False
con_shock,23000,1346273.7923761352,704.8131615110201,False
con_shock,23020,1382551.1444052893,740.5917106272518,False
con_shock,23040,1403729.5674602757,749.8273319093654,False
con_shock,23060,1322118.0848029603,768.5313891013566,False
con_shock,23080,1311129.155148118,758.8460512272079,False
con_shock,23100,1367162.136550385,810.8714022737722,False
con_shock,23120,1269736.2857030798,800.2662436522418,False
con_shock,23140,1342160.9027434518,792.4514463209364,False
con_shock,23160,1307806.979377984,726.7026475209004,False
con_shock,23180,1297740.6694049076,686.6807723167365,False
con_shock,23200,1265033.161230807,636.8608458723353,False
con_shock,23220,1188315.390304358,582.3072671333058,False
con_shock,23240,1218135.387388019,608.9678262782562,False
con_shock,23260,1213539.785738802,619.7810612140019,False
con_shock,23280,1251161.1900375949,606.1537855822869,False
con_shock,23300,1222945.0457628765,575.5804742171625,False
con_shock,23320,1243775.8620092573,583.800947513296,False
con_shock,23340,1216029.820560529,585.4210077950372,False
con_shock,23360,1171598.9897638224,606.673592534488,False
con_shock,23380,1166651.5943528996,616.7739935707575,False
con_shock,23400,1211890.901580479,664.7663336615412,False
con_shock,23420,1274695.3697223058,674.4467560280433,False
con_shock,23440,1195015.0687095337,647.1948712091587,False
con_shock,23460,1212720.0738061916,668.2971138233122,False
con_shock,23480,1229440.190926459,667.3746297085108,False
con_shock,23500,1253661.7620124966,667.1262993689994,False
con_shock,23520,1251087.4031072482,665.8036091385104,False
con_shock,23540,1223056.9880950863,629.7113385127186,False
con_shock,23560,1350766.5276632786,644.3934058898071,False
con_shock,23580,1327104.3713065893,642.560621149021,False
con_shock,23600,1297660.2186507306,609.7233381547761,False
con_shock,23620,1447445.8582047997,611.963785377439,False
con_shock,23640,1492188.4918792064,652.507041818597,False
con_shock,23660,1519025.4710300115,698.1304764603698,False
con_shock,23680,1491247.1157035197,700.7979773762052,False
con_shock,23700,1533584.6618779998,735.0427363787852,False
con_shock,23720,1609608.52868533,778.0337031414314,False
con_shock,23740,1521316.165096703,741.0111389251882,False
con_shock,23760,1519381.244444686,720.7938590939659,False
con_shock,23780,1550569.250100595,749.0394427985857,False
con_shock,23800,1527485.467162459,770.2007675666999,False
con_shock,23820,1520889.8730373455,736.620403295336,False
con_shock,23840,1454656.923442116,733.9739984350628,False
con_shock,23860,1571536.341804108,778.7816385209918,False
con_shock,23880,1584864.969211309,767.8758298788681,False
con_shock,23900,1563992.032118928,746.5339146400892,False
con_shock,23920,1444210.062713379,707.7272656624217,False
con_shock,23940,1534224.5771061783,729.3619390407188,False
con_shock,23960,1521849.804959035,714.0921163120632,False
con_shock,23980,1490658.735668382,708.2078518807086,False
con_shock,24000,1531696.7667867292,748.2516915495639,False
con_shock,24020,1528625.1005146026,747.5146602258704,False
con_shock,24040,1519753.9202209336,747.9801737692441,False
con_shock,24060,1490697.3725241371,741.8408817573221,False
con_shock,24080,1536888.6861532326,748.9689297194259,False
con_shock,24100,1458566.183557133,725.1527314189718,False
con_shock,24120,1507123.9641542647,777.2827243149078,False
con_shock,24140,1518809.3006182136,779.4053576373622,False
con_shock,24160,1480367.2479237604,754.1829253274765,False
con_shock,24180,1554990.1509953137,816.5659512027676,False
con_shock,24200,1505814.1935761408,777.3436337391975,False
con_shock,24220,1510770.3188372145,777.5229266825248,False
con_shock,24240,1554889.6612085237,802.5260510820335,False
con_shock,24260,1515533.8519888045,776.0366895169702,False
con_shock,24280,1491153.463710743,728.4940160928453,False
con_shock,24300,1478210.6006977924,733.5262895594079,False
con_shock,24320,1507076.6587150085,773.5543598907457,False
con_shock,24340,1658098.9361238934,818.3992962725127,False
con_shock,24360,1608806.683558177,749.1993289225276,False
con_shock,24380,1485963.0654535084,740.1354673054354,False
con_shock,24400,1492635.6247420062,734.4005454912553,False
con_shock,24420,1627774.3340490845,795.2090271711284,False
con_shock,24440,1601053.2895537692,782.1707624524588,False
con_shock,24460,1483751.6173096178,729.4126038330779,False
con_shock,24480,1506754.8792267914,744.9319697396013,False
con_shock,24500,1526095.3323606395,766.0962768231279,False
con_shock,24520,1548693.875539507,770.1194418841741,False
con_shock,24540,1556312.35708106,767.3213832428223,False
con_shock,24560,1555859.07137957,768.2927352333077,False
con_shock,24580,1450875.7356214917,724.8830842947199,False
con_shock,24600,1522316.7524333843,742.0625348278269,False
con_shock,24620,1549845.5096046093,769.4114013159068,False
con_shock,24640,1263940.0017569985,719.5653523156216,False
con_shock,24660,1233073.3917779732,716.5542044143629,False
con_shock,24680,1209092.226862586,717.8567043570401,False
con_shock,24700,1221938.743463567,735.8918803468918,False
con_shock,24720,1239456.3265118606,766.4051407669431,False
con_shock,24740,1273650.8890766953,785.8110521833756,False
con_shock,24760,1321455.872489539,822.6878836830178,False
con_shock,24780,1309938.0113527677,845.1828189194855,False
con_shock,24800,1362481.3768774255,867.836714943922,False
con_shock,24820,1322891.7915009556,825.3784226104233,False
con_shock,24840,1170809.5824810155,769.4714677758924,False
con_shock,24860,1203032.967791672,812.7184775817585,False
con_shock,24880,1277243.0206717656,836.102628084441,False
con_shock,24900,1303904.815149324,887.7785855365875,False
con_shock,24920,1244996.907787075,822.6717697404617,False
con_shock,24940,1282327.450018399,848.5630605116809,False
con_shock,24960,1342159.9661244804,894.147716229743,False
con_shock,24980,1292252.49420632,841.7174350940059,False
con_shock,25000,1279956.704786995,825.8717305305162,False
con_shock,25020,1228157.1670407953,783.9543800806521,False
con_shock,25040,1274820.7047210091,829.5174041650117,False
con_shock,25060,1117004.0878508927,768.7861042712374,False
con_shock,25080,1126910.428180478,767.6560677869459,False
con_shock,25100,1097517.237548854,725.2514764442143,False
con_shock,25120,1048412.8306616305,645.8426280962044,False
con_shock,25140,1262818.6476903623,655.5306118708701,False
con_shock,25160,1289613.709356675,645.6231848859265,False
con_shock,25180,1189995.1766416552,582.5154066930775,False
con_shock,25200,1225166.0512521188,621.6348615346992,False
con_shock,25220,1211503.2553101364,587.1167510289642,False
con_shock,25240,1212578.822312343,590.976891435303,False
con_shock,25260,1198938.621579176,590.9531671703845,False
con_shock,25280,1179756.581408062,557.1024156445759,False
con_shock,25300,1183891.4570929676,563.559885706449,False
con_shock,25320,1038420.0207915059,561.7100111228631,False
con_shock,25340,1152164.5650926821,603.0884813494148,False
con_shock,25360,1150375.4961921466,593.3122152625642,False
con_shock,25380,1163600.0499163177,615.1371813422418,False
con_shock,25400,1133016.0466743745,580.1266134687471,False
con_shock,25420,1047644.338920195,585.4434815248482,False
con_shock,25440,1018127.7449868709,543.7806967115607,False
con_shock,25460,997133.8460167741,508.5165656996681,False
con_shock,25480,999619.635835675,506.04012144768177,False
con_shock,25500,981614.8410096979,476.7392954191808,False
con_shock,25520,974144.4967801082,473.03103871012837,False
con_shock,25540,1011451.9154325663,506.48732548698644,False
con_shock,25560,1083873.821941812,522.9746282542962,False
con_shock,25580,1119314.2327028876,558.1430851324366,False
con_shock,25600,1117894.2147559277,565.6568572111785,False
con_shock,25620,1097164.0949927384,598.1691336259429,False
con_shock,25640,1127727.0684276386,625.6792926774999,False
con_shock,25660,1147756.678102845,661.9270328256131,False
con_shock,25680,1202423.0470758628,689.29280112413,False
con_shock,25700,1178004.0589506936,625.7670196886644,False
con_shock,25720,1132982.5517757498,592.2612527454501,False
con_shock,25740,1104381.3248315186,579.8479454418024,False
con_shock,25760,1093588.0817668631,545.9396562961904,False
con_shock,25780,1099443.7583712288,544.7764119620012,False
con_shock,25800,1066275.923268405,525.005795441764,False
con_shock,25820,1248454.5150020833,520.7592890854203,False
con_shock,25840,1239649.396691994,481.4527542180417,False
con_shock,25860,1191112.9407031112,449.087224100286,False
con_shock,25880,1185106.881977834,433.97764213284324,False
con_shock,25900,1183516.7059540579,436.0616698112143,False
con_shock,25920,1364437.745283814,463.2303309332745,False
con_shock,25940,1364075.7173266534,473.3550867350898,False
con_shock,25960,1392222.2485448085,505.0837818686557,False
con_shock,25980,1419336.9039616303,537.4166570959776,False
con_shock,26000,1398693.4916300047,539.2470284031103,False
con_shock,26020,1431175.807154723,559.9912453677852,False
con_shock,26040,1381210.3716154876,503.2045203226724,False
con_shock,26060,1337406.0149238163,504.6341801920716,False
con_shock,26080,1329949.9140543628,503.0522687419859,False
con_shock,26100,1363808.1911969923,537.1433380839705,False
con_shock,26120,1441146.101458722,530.8631114289603,False
con_shock,26140,1222707.7715537723,508.1177682201256,False
con_shock,26160,1196014.6935978248,497.68841236559126,False
con_shock,26180,1209475.8170891274,527.401373647605,False
con_shock,26200,1214776.1501289858,548.9824104743803,False
con_shock,26220,1291138.6636729692,615.9314710706997,False
con_shock,26240,1267753.3817786018,595.4053747739625,False
con_shock,26260,1280982.457399077,621.9753451477887,False
con_shock,26280,1313660.6210790614,660.7198791860657,False
con_shock,26300,1362189.124177188,671.0537794304474,False
con_shock,26320,1377283.49257867,676.1324835879547,False
con_shock,26340,1369921.7452939446,686.1841055764569,False
con_shock,26360,1423402.1814592746,712.3395341724284,False
con_shock,26380,1385173.103596063,703.6075348647188,False
con_shock,26400,1362378.3346046284,661.076386528037,False
con_shock,26420,1335339.727536349,627.2573768170894,False
con_shock,26440,1346874.2851454741,653.2596844907612,False
con_shock,26460,1323544.344195196,615.1084922269151,False
con_shock,26480,1288743.1066422348,587.3987537779919,False
con_shock,26500,1325496.3729663705,617.3622219009209,False
con_shock,26520,1144176.808955473,583.6533099552607,False
con_shock,26540,1123364.8885582176,573.4017199519533,False
con_shock,26560,1139982.220516923,566.0240200120957,False
con_shock,26580,1117892.7607471605,529.8542324706694,False
con_shock,26600,1091032.4021154675,486.0092850028756,False
con_shock,26620,1071653.6894806472,459.64450999633766,False
con_shock,26640,1251201.482542791,463.4236855445048,False
con_shock,26660,1217946.6418849137,459.3174339719477,False
con_shock,26680,1196106.8988505316,408.07285538506324,False
con_shock,26700,1194143.9919448926,388.6507394765795,False
con_shock,26720,1141920.2248806965,345.3226126079892,False
con_shock,26740,1171656.4428938976,353.0185001958435,False
con_shock,26760,1168697.4438803324,334.339330619202,False
con_shock,26780,1176954.0494313263,314.7549539208939,False
con_shock,26800,1144147.3055559061,305.1806910418156,False
con_shock,26820,1137433.299649602,318.1398736660367,False
con_shock,26840,1157197.8625151257,310.7312878041847,False
con_shock,26860,1116826.6523993737,303.29524360526284,False
con_shock,26880,1107181.6405849291,304.7090345976172,False
con_shock,26900,1028356.2082798412,307.25905825733753,False
con_shock,26920,1018362.370076402,294.5866773227625,False
con_shock,26940,1013941.5939022496,278.63711180046437,False
con_shock,26960,1016243.2298195863,278.1081885740335,False
con_shock,26980,1023252.4663505395,276.85673787060233,False
con_shock,27000,1023833.9814639223,276.8371754173053,False
con_shock,27020,1179239.6854144342,289.5467903308359,False
con_shock,27040,1204112.106818427,313.0749403449391,False
con_shock,27060,1189674.5393592496,329.87857171063683,False
con_shock,27080,1179710.3355702339,332.33864365696627,False
con_shock,27100,1191495.2817596819,339.95834247297955,False
con_shock,27120,1177016.9004100945,347.1423950931613,False
con_shock,27140,1181750.3102071257,359.31190003752266,False
con_shock,27160,1080338.2837286857,356.76634523473064,False
con_shock,27180,1094580.3769642704,394.3136626799165,False
con_shock,27200,1098088.6970856849,408.79426486406567,False
con_shock,27220,1128993.4716300245,443.2395344802837,False
con_shock,27240,1160197.385986602,447.8285852306736,False
con_shock,27260,1145265.3706843005,466.838605054866,False
con_shock,27280,1137804.7499264088,463.7035006238738,False
con_shock,27300,1155742.4155471304,466.2516428210414,False
con_shock,27320,994850.7036539217,447.58091816235867,False
con_shock,27340,925430.6204448781,456.2077528059291,False
con_shock,27360,944182.0605031225,488.1504976031009,False
con_shock,27380,934717.8752021703,483.73859192556506,False
con_shock,27400,1026230.6033654676,540.3305684976333,False
con_shock,27420,1049273.9481316744,567.5944885051363,False
con_shock,27440,1114174.3186651417,637.630007385827,False
con_shock,27460,1110967.7748637644,657.4582637424459,False
con_shock,27480,1119538.414890746,661.8803273134683,False
con_shock,27500,1083778.1983038434,626.3452906885102,False
con_shock,27520,1094246.9610418705,655.5266927426526,False
con_shock,27540,1095589.147179398,658.8015605657487,False
con_shock,27560,1069887.4432324504,641.9598237700221,False
con_shock,27580,1114187.9836694875,694.1924619884945,False
con_shock,27600,1148512.2419916503,730.1202826297271,False
con_shock,27620,1190480.1861058178,769.1126085959581,False
con_shock,27640,1114126.2766539503,732.2790261897164,False
con_shock,27660,1193493.594310998,755.4184648198042,False
con_shock,27680,1157774.7582530447,686.0289557595406,False
con_shock,27700,1132239.648693188,657.4795789211959,False
con_shock,27720,1083602.5118030903,605.5165120603125,False
con_shock,27740,1107407.4580121827,624.6847363320771,False
con_shock,27760,1122960.804953357,637.4381848057757,False
con_shock,27780,1150916.2333084901,671.8346149645439,False
con_shock,27800,1150110.1382138822,669.4360443206904,False
con_shock,27820,1409831.6258817269,716.3151702376326,False
con_shock,27840,1464884.3574608804,705.0490252909276,False
con_shock,27860,1471080.7350662828,690.5871215314781,False
con_shock,27880,1312798.0876690906,666.41508101091,False
con_shock,27900,1273072.4228782966,596.2644295288403,False
con_shock,27920,1258950.9234411065,563.2275201216639,False
con_shock,27940,1198935.70567271,494.00791508897964,False
con_shock,27960,1216927.691971181,473.218025591578,False
con_shock,27980,1194397.1899360141,474.81680345098425,False
con_shock,28000,1198089.0450328346,492.4066457408729,False
con_shock,28020,1216589.553391147,461.8119998545173,False
con_shock,28040,1185528.174687545,436.55489186511204,False
con_shock,28060,1180227.0026024338,435.22156628747643,False
con_shock,28080,1153343.1151372045,386.5902555130772,False
con_shock,28100,1134276.8867605173,362.18333358688085,False
con_shock,28120,1120449.8329941425,335.9841142023644,False
con_shock,28140,1158652.4964575632,328.4997019772279,False
con_shock,28160,1183354.4875837446,354.9976826663608,False
con_shock,28180,1160234.098588719,359.501439590184,False
con_shock,28200,1174741.470202639,378.94618869484117,False
con_shock,28220,1206558.9300309857,399.98089877696174,False
con_shock,28240,1169890.1339974827,385.4969376263598,False
con_shock,28260,1198172.2897481455,378.29209024707,False
con_shock,28280,1161970.5347715938,368.1000097909725,False
con_shock,28300,1210511.5769192118,404.6982644796072,False
con_shock,28320,1184982.6646230398,377.92594394914386,False
con_shock,28340,1194228.543474846,376.1103848964353,False
con_shock,28360,1195183.3092516637,378.8407956394081,False
con_shock,28380,1316818.8220582185,383.86868002768205,False
con_shock,28400,1344259.794629577,409.6118751544108,False
con_shock,28420,1344074.7853930974,431.2847053526048,False
con_shock,28440,1342755.056479333,450.4905749186201,False
con_shock,28460,1352564.6410883174,475.49287063533495,False
con_shock,28480,1332658.3218580903,477.8093060010152,False
con_shock,28500,1414023.0892434083,514.2114679491997,False
con_shock,28520,1385369.3858188065,516.651386295188,False
con_shock,28540,1410203.216214227,542.2462481704681,False
con_shock,28560,1598178.3287092412,541.0255676607524,False
con_shock,28580,1570204.5975134012,586.5709558374245,False
con_shock,28600,1617193.0320329044,620.3626768115142,False
con_shock,28620,1630210.9187362562,653.3741902365143,False
con_shock,28640,1611922.8818347524,659.3544035057741,False
con_shock,28660,1631165.1255380735,654.0807853936905,False
con_shock,28680,1597321.5681604962,653.0254385062643,False
con_shock,28700,1625316.9170860332,689.1299133399494,False
con_shock,28720,1603518.5256570356,659.5583206234229,False
con_shock,28740,1523323.293331423,668.9106978082889,False
con_shock,28760,1479740.0157603133,626.3380155846539,False
con_shock,28780,1494106.4798279665,612.9112946967263,False
con_shock,28800,1463180.0293037738,556.8360730079106,False
con_shock,28820,1483557.1714615216,595.3183854593258,False
con_shock,28840,1451407.5358899834,596.8032012464564,False
con_shock,28860,1466848.4683856233,593.4995681194339,False
con_shock,28880,1500897.7319922943,628.7760820672514,False
con_shock,28900,1485717.9098736113,630.1809461852407,False
con_shock,28920,1475600.152191466,615.9249606322005,False
con_shock,28940,1514263.213146235,629.5718415331828,False
con_shock,28960,1376735.6771962978,623.1616171474942,False
con_shock,28980,1421343.3830052095,652.8169644608575,False
con_shock,29000,1387987.4514440275,617.925690953252,False
con_shock,29020,1418588.101717196,653.1944512527033,False
con_shock,29040,1421204.2866532495,655.6473817128614,False
con_shock,29060,1261663.639123238,648.1664829509151,False
con_shock,29080,1285723.6473936792,658.2284161639604,False
con_shock,29100,1257117.6401000754,655.709830553672,False
con_shock,29120,1281109.7811293523,682.0204486445978,False
con_shock,29140,1329769.3108040658,724.7884497799918,False
con_shock,29160,1328855.1574498801,723.8108918332273,False
con_shock,29180,1359405.2884282484,742.5299447560443,False
con_shock,29200,1297827.1808681458,688.4988707366576,False
con_shock,29220,1340206.4839754319,726.5623055728736,False
con_shock,29240,1412162.3607823923,714.2198464733726,False
con_shock,29260,1445848.8913453694,768.758809769846,False
con_shock,29280,1417297.997316486,777.9293791903984,False
con_shock,29300,1415323.6089158587,774.5285251669575,False
con_shock,29320,1386395.007967332,737.2094058924299,False
con_shock,29340,1436087.6539552195,779.4564191635419,False
con_shock,29360,1422074.4036245402,776.9167754035204,False
con_shock,29380,1389168.8592979515,735.097212482313,False
con_shock,29400,1389088.3469796882,733.423179423173,False
con_shock,29420,1394093.3234752684,734.9223233246712,False
con_shock,29440,1382387.2001693742,726.8964671930064,False
con_shock,29460,1447152.543184931,705.9903986216267,False
con_shock,29480,1367725.77138065,696.5076258099314,False
con_shock,29500,1363932.0080961818,699.9269249757366,False
con_shock,29520,1395831.20371786,727.6420528015676,False
con_shock,29540,1368464.0931775698,716.4333368158965,False
con_shock,29560,1590141.4045671069,730.4845881409025,False
con_shock,29580,1535585.6274544373,680.0960950091053,False
con_shock,29600,1556348.6094277087,682.9139760850233,False
con_shock,29620,1545825.1153551354,659.4644364053254,False
con_shock,29640,1525249.2092990219,633.2808868286477,False
con_shock,29660,1462512.990821593,611.6208853092564,False
con_shock,29680,1472560.8321660275,598.2891010425648,False
con_shock,29700,1362303.6627994135,589.7226531628866,False
con_shock,29720,1357899.9588014202,601.8397983237336,False
con_shock,29740,1412319.1766762908,633.207587842806,False
con_shock,29760,1416285.1728898494,626.7212149774313,False
con_shock,29780,1356890.6633103732,633.0489813791631,False
con_shock,29800,1340673.8573626257,631.3429105842672,False
con_shock,29820,1349521.2880063336,624.5520679980023,False
con_shock,29840,1329668.0196222304,591.8934981532806,False
con_shock,29860,1109963.1701520048,559.668217396599,False
con_shock,29880,1105285.6876335824,574.5960132376061,False
con_shock,29900,1094355.1415604649,586.6841136026588,False
con_shock,29920,1114130.4358306418,615.6078581487716,False
con_shock,29940,1110510.3282928455,629.119321778217,False
con_shock,29960,1167265.0717892377,655.4621557399934,False
con_shock,29980,1254610.3056145364,710.7405853735308,False
