escenario,t0,mode,ventana_incluye_shock,mase,lambda_elegida,lambda_relativa,mae_validacion,lambda_traza_legacy,n_inner_train,n_validacion
calma,500,ols,False,0.11268819128021754,,,,,,
calma,500,ridge,False,0.12931255097040767,0.0938294641527636,0.0001,0.07077534304786232,93.82946415276359,400.0,100.0
calma,500,nnls,False,0.42539053636738344,,,,,,
calma,500,ssrc,False,0.027800589527049644,0.0002244722252062281,1e-06,0.01829748857763573,22.447222520622812,400.0,100.0
calma,500,pls,False,0.41521620773282353,,,,,,
calma,500,naive,False,0.39906309791948064,,,,,,
calma,520,ols,False,0.08228003255951251,,,,,,
calma,520,ridge,False,0.09014064806951547,0.09178651689307182,0.0001,0.06709541652201303,91.78651689307182,400.0,100.0
calma,520,nnls,False,0.21923796869771803,,,,,,
calma,520,ssrc,False,0.1444966378553955,0.00022009911969644383,1e-06,0.016853447432465692,22.009911969644385,400.0,100.0
calma,520,pls,False,1.5393736932659046,,,,,,
calma,520,naive,False,0.1794971330324263,,,,,,
calma,540,ols,False,0.13450457017503636,,,,,,
calma,540,ridge,False,0.11233494315339003,0.091863731204052,0.0001,0.07249441901857334,91.863731204052,400.0,100.0
calma,540,nnls,False,0.0862295708934134,,,,,,
calma,540,ssrc,False,0.1269324307933803,0.02188920374074644,0.0001,0.022106693350229155,21.88920374074644,400.0,100.0
calma,540,pls,False,2.478898923946385,,,,,,
calma,540,naive,False,0.05516130569171388,,,,,,
calma,560,ols,False,0.07163056865304293,,,,,,
calma,560,ridge,False,0.06857470747085531,0.0008989322373544249,1e-06,0.06143615335495702,89.8932237354425,400.0,100.0
calma,560,nnls,False,0.3124543496739184,,,,,,
calma,560,ssrc,False,0.2087842331842372,0.022152064656616236,0.0001,0.022894733928562686,22.152064656616236,400.0,100.0
calma,560,pls,False,0.23362929109042452,,,,,,
calma,560,naive,False,0.2485292329925753,,,,,,
calma,580,ols,False,0.2855137151151148,,,,,,
calma,580,ridge,False,0.28404905390580354,0.0008964869477757364,1e-06,0.05280145000456629,89.64869477757365,400.0,100.0
calma,580,nnls,False,0.5225498779510115,,,,,,
calma,580,ssrc,False,0.13105275281583822,0.02247987465134211,0.0001,0.022921300832269825,22.47987465134211,400.0,100.0
calma,580,pls,False,2.249128097437414,,,,,,
calma,580,naive,False,0.6792492850517755,,,,,,
calma,600,ols,False,0.03377137082056851,,,,,,
calma,600,ridge,False,0.03377636655258054,8.652036842495115e-06,1e-08,0.04712630114561829,86.52036842495116,400.0,100.0
calma,600,nnls,False,0.1644410584731047,,,,,,
calma,600,ssrc,False,0.1553242912179312,0.022583424079174307,0.0001,0.02413194185052541,22.583424079174307,400.0,100.0
calma,600,pls,False,0.8598542839153027,,,,,,
calma,600,naive,False,0.12618036540502858,,,,,,
calma,620,ols,False,0.509096044166389,,,,,,
calma,620,ridge,False,0.5090912781790831,8.599140549129262e-06,1e-08,0.046564246308705856,85.99140549129262,400.0,100.0
calma,620,nnls,False,1.8790883428407852,,,,,,
calma,620,ssrc,False,0.02724139177473199,0.022155524748841283,0.0001,0.026607606775899885,22.155524748841284,400.0,100.0
calma,620,pls,False,2.5371338279763327,,,,,,
calma,620,naive,False,1.7463090206574619,,,,,,
calma,640,ols,False,0.3186020794090263,,,,,,
calma,640,ridge,False,0.3187325595624116,0.0008764962571104277,1e-06,0.04590125278426619,87.64962571104279,400.0,100.0
calma,640,nnls,False,1.9297396872643486,,,,,,
calma,640,ssrc,False,0.05259447870519185,0.22117165863763794,0.001,0.02625016864133556,22.117165863763795,400.0,100.0
calma,640,pls,False,3.259603851067133,,,,,,
calma,640,naive,False,2.2642159833044513,,,,,,
calma,660,ols,False,0.1938403830241497,,,,,,
calma,660,ridge,False,0.1941852401026714,0.0008979790430415425,1e-06,0.05520634212631847,89.79790430415426,400.0,100.0
calma,660,nnls,False,0.18332581564273118,,,,,,
calma,660,ssrc,False,0.1293775479303485,0.00022114978230316443,1e-06,0.021064296825847744,22.114978230316446,400.0,100.0
calma,660,pls,False,1.5963857730164412,,,,,,
calma,660,naive,False,0.17793709015387488,,,,,,
calma,680,ols,False,0.34355852282777366,,,,,,
calma,680,ridge,False,0.3550472217453719,0.09071588283267383,0.0001,0.06577286641826992,90.71588283267383,400.0,100.0
calma,680,nnls,False,0.7972303025767233,,,,,,
calma,680,ssrc,False,0.09565639029781607,0.02209925107364165,0.0001,0.023205607626132167,22.09925107364165,400.0,100.0
calma,680,pls,False,2.3813104359549766,,,,,,
calma,680,naive,False,0.6804792543064702,,,,,,
calma,700,ols,False,0.11974793580413198,,,,,,
calma,700,ridge,False,0.1779374658496632,0.09109921198728792,0.0001,0.06846067329132391,91.09921198728792,400.0,100.0
calma,700,nnls,False,0.9810585660206391,,,,,,
calma,700,ssrc,False,0.1406838893203964,0.02238475312101497,0.0001,0.027635209813079004,22.384753121014967,400.0,100.0
calma,700,pls,False,1.757250541784857,,,,,,
calma,700,naive,False,1.3565794304362402,,,,,,
calma,720,ols,False,0.13474641087210532,,,,,,
calma,720,ridge,False,0.09682059553983913,0.09104033564843717,0.0001,0.0664017739276282,91.04033564843718,400.0,100.0
calma,720,nnls,False,0.04649143155858874,,,,,,
calma,720,ssrc,False,0.017781044526946375,0.0224045113405323,0.0001,0.03395647941134698,22.4045113405323,400.0,100.0
calma,720,pls,False,0.8302836465593788,,,,,,
calma,720,naive,False,0.10310382782786343,,,,,,
calma,740,ols,False,0.3667860178649774,,,,,,
calma,740,ridge,False,0.3896078525935962,0.09061027961553869,0.0001,0.06371197886900194,90.61027961553869,400.0,100.0
calma,740,nnls,False,1.0932096294584686,,,,,,
calma,740,ssrc,False,0.044468255729552424,0.0224282886668296,0.0001,0.0349168925469419,22.4282886668296,400.0,100.0
calma,740,pls,False,0.9417658285044284,,,,,,
calma,740,naive,False,1.0195666213196468,,,,,,
calma,760,ols,False,0.07387092589113699,,,,,,
calma,760,ridge,False,0.07428691740491916,0.0009037748883470055,1e-06,0.06253671608135701,90.37748883470056,400.0,100.0
calma,760,nnls,False,2.004389289072761,,,,,,
calma,760,ssrc,False,0.12734891476187124,0.022215129474264277,0.0001,0.033545217608520785,22.215129474264277,400.0,100.0
calma,760,pls,False,4.874438435091316,,,,,,
calma,760,naive,False,1.756702081168612,,,,,,
calma,780,ols,False,0.20029834583926676,,,,,,
calma,780,ridge,False,0.20026382806355403,9.291957761800942e-06,1e-08,0.06160894487748912,92.91957761800943,400.0,100.0
calma,780,nnls,False,0.4337573091999726,,,,,,
calma,780,ssrc,False,0.04079409488125181,0.022487116531020004,0.0001,0.030457479746719477,22.487116531020007,400.0,100.0
calma,780,pls,False,0.40392311281999355,,,,,,
calma,780,naive,False,0.557001367695954,,,,,,
calma,800,ols,False,0.17127121327164718,,,,,,
calma,800,ridge,False,0.17443072858303704,0.09267481219443459,0.0001,0.06410070769326474,92.6748121944346,400.0,100.0
calma,800,nnls,False,0.4169807993071344,,,,,,
calma,800,ssrc,False,0.08884343552485548,2.2631240215139328e-06,1e-08,0.02711732236856425,22.63124021513933,400.0,100.0
calma,800,pls,False,0.41539269560795544,,,,,,
calma,800,naive,False,0.4044841044888342,,,,,,
calma,820,ols,False,0.21870378294234913,,,,,,
calma,820,ridge,False,0.27803544298893185,0.09318616437968498,0.0001,0.07088219753402282,93.18616437968498,400.0,100.0
calma,820,nnls,False,1.940027555633559,,,,,,
calma,820,ssrc,False,0.011262712338375464,0.00022719874676524967,1e-06,0.020633248608289093,22.719874676524967,400.0,100.0
calma,820,pls,False,3.8691747936187513,,,,,,
calma,820,naive,False,1.6838841145800607,,,,,,
calma,840,ols,False,0.7564965536464869,,,,,,
calma,840,ridge,False,0.865926418963844,0.09185382171529503,0.0001,0.07072679857764619,91.85382171529504,400.0,100.0
calma,840,nnls,False,2.0773117317940097,,,,,,
calma,840,ssrc,False,0.06912136838812062,2.242754030170015e-06,1e-08,0.02058166210529684,22.427540301700148,400.0,100.0
calma,840,pls,False,3.0623512202372107,,,,,,
calma,840,naive,False,2.2438328900271887,,,,,,
calma,860,ols,False,0.023784435188389106,,,,,,
calma,860,ridge,False,0.052320557697509845,0.09278784638891643,0.0001,0.0719658567693418,92.78784638891644,400.0,100.0
calma,860,nnls,False,0.27366865792916495,,,,,,
calma,860,ssrc,False,0.030430312095765587,2.2599296525165234e-06,1e-08,0.02627290379151135,22.599296525165233,400.0,100.0
calma,860,pls,False,1.3975623432622013,,,,,,
calma,860,naive,False,0.19417824720932392,,,,,,
calma,880,ols,False,0.49843334882723556,,,,,,
calma,880,ridge,False,0.5399521929991739,0.09418957539246108,0.0001,0.06573341709193359,94.18957539246108,400.0,100.0
calma,880,nnls,False,1.5114144402571918,,,,,,
calma,880,ssrc,False,0.043237747167441797,2.286888205156173e-06,1e-08,0.02588214332576997,22.86888205156173,400.0,100.0
calma,880,pls,False,3.562216813757734,,,,,,
calma,880,naive,False,1.3848979736767786,,,,,,
calma,900,ols,False,0.3547062121141926,,,,,,
calma,900,ridge,False,0.2856534194382514,0.09458330066596568,0.0001,0.07085132839266181,94.58330066596568,400.0,100.0
calma,900,nnls,False,1.977159247822963,,,,,,
calma,900,ssrc,False,0.2235732142770059,2.292970325878472e-06,1e-08,0.02262056120026571,22.929703258784723,400.0,100.0
calma,900,pls,False,0.2774895618359301,,,,,,
calma,900,naive,False,2.0423965602165883,,,,,,
calma,920,ols,False,0.4466190990539023,,,,,,
calma,920,ridge,False,0.3912809105117953,0.09252661718897169,0.0001,0.06847108358451254,92.5266171889717,400.0,100.0
calma,920,nnls,False,0.7129868431189811,,,,,,
calma,920,ssrc,False,0.007682411715963576,0.00022700627918464185,1e-06,0.025305812961117863,22.70062791846419,400.0,100.0
calma,920,pls,False,2.8441050750786983,,,,,,
calma,920,naive,False,0.6848999169615185,,,,,,
calma,940,ols,False,0.36278083899783486,,,,,,
calma,940,ridge,False,0.39396588059592935,0.09384705648799781,0.0001,0.06603792236370339,93.8470564879978,400.0,100.0
calma,940,nnls,False,1.0885265958792838,,,,,,
calma,940,ssrc,False,0.11424263204627544,0.00022970556053612787,1e-06,0.026440709980608677,22.97055605361279,400.0,100.0
calma,940,pls,False,2.930860614911169,,,,,,
calma,940,naive,False,0.985968570793014,,,,,,
calma,960,ols,False,0.7464496573480907,,,,,,
calma,960,ridge,False,0.7458079491106449,0.0009374733423671847,1e-06,0.06747740146072158,93.74733423671847,400.0,100.0
calma,960,nnls,False,0.4098234096923222,,,,,,
calma,960,ssrc,False,0.02460808481886135,0.022975049684166356,0.0001,0.0231902737549714,22.975049684166358,400.0,100.0
calma,960,pls,False,4.816067654181367,,,,,,
calma,960,naive,False,0.17265744714887035,,,,,,
calma,980,ols,False,0.28492189156515746,,,,,,
calma,980,ridge,False,0.22975887146059515,0.09458144153633452,0.0001,0.07330763739872546,94.58144153633452,400.0,100.0
calma,980,nnls,False,0.6640237298585672,,,,,,
calma,980,ssrc,False,0.11605425778117659,0.023164860367525568,0.0001,0.022096894948048652,23.164860367525566,400.0,100.0
calma,980,pls,False,0.9023259653639694,,,,,,
calma,980,naive,False,0.7934670693230007,,,,,,
calma,1000,ols,False,0.2932626344318239,,,,,,
calma,1000,ridge,False,0.2974154046759092,0.09405453680228561,0.0001,0.071879609745936,94.05453680228561,400.0,100.0
calma,1000,nnls,False,0.5956788360303406,,,,,,
calma,1000,ssrc,False,0.25975741156983184,0.022961622376706143,0.0001,0.02301929685346357,22.961622376706146,400.0,100.0
calma,1000,pls,False,2.3079066089499873,,,,,,
calma,1000,naive,False,0.5184970462563904,,,,,,
calma,1020,ols,False,0.11403690643142436,,,,,,
calma,1020,ridge,False,0.16289973029941052,0.09561817887086634,0.0001,0.07001774003030091,95.61817887086634,400.0,100.0
calma,1020,nnls,False,1.8464510535294918,,,,,,
calma,1020,ssrc,False,0.039824215927316504,0.023352780549431858,0.0001,0.02261326994612574,23.352780549431856,400.0,100.0
calma,1020,pls,False,3.788650931068499,,,,,,
calma,1020,naive,False,1.5962285570505608,,,,,,
calma,1040,ols,False,0.2733470097667839,,,,,,
calma,1040,ridge,False,0.3803735926546959,0.09435697884374315,0.0001,0.07311593109028224,94.35697884374315,400.0,100.0
calma,1040,nnls,False,2.3963628937972725,,,,,,
calma,1040,ssrc,False,0.16109073043265582,0.02331603343175571,0.0001,0.019864071795608125,23.316033431755713,400.0,100.0
calma,1040,pls,False,2.6014743235489894,,,,,,
calma,1040,naive,False,2.6053909046291066,,,,,,
calma,1060,ols,False,0.048637663395783605,,,,,,
calma,1060,ridge,False,0.06872450677619181,0.09715846913417757,0.0001,0.06968798710874034,97.15846913417757,400.0,100.0
calma,1060,nnls,False,0.30139228476562896,,,,,,
calma,1060,ssrc,False,0.08684200048430164,0.02336573170108312,0.0001,0.021666815972171877,23.36573170108312,400.0,100.0
calma,1060,pls,False,1.4536731917008132,,,,,,
calma,1060,naive,False,0.22800451948735442,,,,,,
calma,1080,ols,False,0.46485422217658057,,,,,,
calma,1080,ridge,False,0.4951784550869661,0.09907129471805994,0.0001,0.06482232735207077,99.07129471805995,400.0,100.0
calma,1080,nnls,False,1.3522345481381886,,,,,,
calma,1080,ssrc,False,0.07825119228677643,0.023342880552390335,0.0001,0.01994686478859283,23.342880552390337,400.0,100.0
calma,1080,pls,False,3.1164936343356824,,,,,,
calma,1080,naive,False,1.2411793071432886,,,,,,
calma,1100,ols,False,0.24975051066644144,,,,,,
calma,1100,ridge,False,0.2400367587650636,0.10199812204826036,0.0001,0.06915216508381809,101.99812204826037,400.0,100.0
calma,1100,nnls,False,1.8395226991920755,,,,,,
calma,1100,ssrc,False,0.051017396634717466,2.336031083823785e-06,1e-08,0.021573300244794754,23.36031083823785,400.0,100.0
calma,1100,pls,False,0.728186922286588,,,,,,
calma,1100,naive,False,1.814130253543303,,,,,,
calma,1120,ols,False,0.23675516133652108,,,,,,
calma,1120,ridge,False,0.21344419615085375,0.10305959998043404,0.0001,0.06763457272334067,103.05959998043404,400.0,100.0
calma,1120,nnls,False,0.3089203051602913,,,,,,
calma,1120,ssrc,False,0.07475351225418535,0.00023531195082863096,1e-06,0.020460210056458806,23.531195082863096,400.0,100.0
calma,1120,pls,False,1.6818340995817012,,,,,,
calma,1120,naive,False,0.28370964500638524,,,,,,
calma,1140,ols,False,0.34818868863937374,,,,,,
calma,1140,ridge,False,0.3800388249940707,0.10377713055078791,0.0001,0.06819406592789642,103.77713055078792,400.0,100.0
calma,1140,nnls,False,1.0077898923157749,,,,,,
calma,1140,ssrc,False,0.0771407936270601,0.00023440055488696944,1e-06,0.0222648678933329,23.440055488696945,400.0,100.0
calma,1140,pls,False,1.1165107272742205,,,,,,
calma,1140,naive,False,0.9580554953280115,,,,,,
calma,1160,ols,False,0.3424868505751265,,,,,,
calma,1160,ridge,False,0.4007117921255143,0.10104105537412918,0.0001,0.07006810990992034,101.04105537412917,400.0,100.0
calma,1160,nnls,False,2.315135058671078,,,,,,
calma,1160,ssrc,False,0.29258562599815957,0.023148218516984353,0.0001,0.023933411391174785,23.148218516984354,400.0,100.0
calma,1160,pls,False,4.507092070117618,,,,,,
calma,1160,naive,False,2.1024664889640756,,,,,,
calma,1180,ols,False,0.15740004413191166,,,,,,
calma,1180,ridge,False,0.07297672450967392,0.10439627460730865,0.0001,0.07478421597966056,104.39627460730865,400.0,100.0
calma,1180,nnls,False,0.6393380486499249,,,,,,
calma,1180,ssrc,False,0.2727568499551483,2.367088615202562e-06,1e-08,0.02657367513341669,23.670886152025624,400.0,100.0
calma,1180,pls,False,1.140766822201542,,,,,,
calma,1180,naive,False,0.5885273330975296,,,,,,
calma,1200,ols,False,0.006576804144295245,,,,,,
calma,1200,ridge,False,0.006246019647984945,0.10215914671712396,0.0001,0.06659356673671059,102.15914671712397,400.0,100.0
calma,1200,nnls,False,0.03177781023192017,,,,,,
calma,1200,ssrc,False,0.09180880469589205,2.315202302851981e-06,1e-08,0.02671562749091435,23.15202302851981,400.0,100.0
calma,1200,pls,False,0.9707884621265285,,,,,,
calma,1200,naive,False,0.04639511937790658,,,,,,
calma,1220,ols,False,0.3048140221939303,,,,,,
calma,1220,ridge,False,0.32003515352764705,0.09961410122750962,0.0001,0.07301780651027162,99.61410122750962,400.0,100.0
calma,1220,nnls,False,1.1626531215727454,,,,,,
calma,1220,ssrc,False,0.030749871741566924,0.022558665513307933,0.0001,0.030004413288910944,22.558665513307933,400.0,100.0
calma,1220,pls,False,2.6877705904433764,,,,,,
calma,1220,naive,False,0.9712458753600736,,,,,,
calma,1240,ols,False,0.031867842316116675,,,,,,
calma,1240,ridge,False,0.028947938915294524,0.0010060150968439667,1e-06,0.06422422810093943,100.60150968439669,400.0,100.0
calma,1240,nnls,False,0.5884914864990513,,,,,,
calma,1240,ssrc,False,0.24070235647696614,0.02311655225414463,0.0001,0.030439489766553977,23.116552254144633,400.0,100.0
calma,1240,pls,False,1.1112122151657085,,,,,,
calma,1240,naive,False,0.7700338336677155,,,,,,
calma,1260,ols,False,0.3785731183730647,,,,,,
calma,1260,ridge,False,0.37762033180630256,0.0010223173681370905,1e-06,0.05773164570473834,102.23173681370906,400.0,100.0
calma,1260,nnls,False,1.2991148478545766,,,,,,
calma,1260,ssrc,False,0.0523719022150334,0.023662059415510375,0.0001,0.03305706874196519,23.662059415510374,400.0,100.0
calma,1260,pls,False,2.961114505572198,,,,,,
calma,1260,naive,False,1.1499548559158017,,,,,,
calma,1280,ols,False,0.2808735502712806,,,,,,
calma,1280,ridge,False,0.2789403368555318,0.0010162428104800749,1e-06,0.05403050478339348,101.6242810480075,400.0,100.0
calma,1280,nnls,False,1.7020771760227469,,,,,,
calma,1280,ssrc,False,0.08077673919986601,0.023680152902701937,0.0001,0.032356403527702325,23.680152902701934,400.0,100.0
calma,1280,pls,False,3.720998875692132,,,,,,
calma,1280,naive,False,2.118950958216668,,,,,,
calma,1300,ols,False,0.18889844942365158,,,,,,
calma,1300,ridge,False,0.18167287243200564,0.0010113305924175223,1e-06,0.05771900697660227,101.13305924175225,400.0,100.0
calma,1300,nnls,False,2.743616443561087,,,,,,
calma,1300,ssrc,False,0.22973933064417815,0.023473572181619752,0.0001,0.033063132011934754,23.47357218161975,400.0,100.0
calma,1300,pls,False,5.3416528851880924,,,,,,
calma,1300,naive,False,3.203262880571273,,,,,,
calma,1320,ols,False,0.22447558675311374,,,,,,
calma,1320,ridge,False,0.223726725016149,0.0010365529879975673,1e-06,0.05315092578224093,103.65529879975674,400.0,100.0
calma,1320,nnls,False,0.748823171933337,,,,,,
calma,1320,ssrc,False,0.3286986516219507,0.023815407126855644,0.0001,0.03651082144105045,23.815407126855646,400.0,100.0
calma,1320,pls,False,1.2676948943890918,,,,,,
calma,1320,naive,False,0.7034104996249744,,,,,,
calma,1340,ols,False,0.16517719956578256,,,,,,
calma,1340,ridge,False,0.16518172438575743,1.0156797342966628e-05,1e-08,0.0522266664708406,101.56797342966628,400.0,100.0
calma,1340,nnls,False,1.4415588873969083,,,,,,
calma,1340,ssrc,False,0.10174435085277685,0.2397683046474187,0.001,0.03977091843948115,23.97683046474187,400.0,100.0
calma,1340,pls,False,1.133914970162406,,,,,,
calma,1340,naive,False,1.4199233736813792,,,,,,
calma,1360,ols,False,0.1414550464870813,,,,,,
calma,1360,ridge,False,0.14145089300327848,9.845210940225227e-06,1e-08,0.05090344613620394,98.45210940225228,400.0,100.0
calma,1360,nnls,False,0.5225563838680147,,,,,,
calma,1360,ssrc,False,0.06798785275015562,0.23717731592296473,0.001,0.042625593922282136,23.717731592296474,400.0,100.0
calma,1360,pls,False,0.004409814647432128,,,,,,
calma,1360,naive,False,0.4941518640940322,,,,,,
calma,1380,ols,False,0.3299105120838674,,,,,,
calma,1380,ridge,False,0.3299171977967835,9.664173651904101e-06,1e-08,0.050102594283594364,96.64173651904102,400.0,100.0
calma,1380,nnls,False,2.0874727070877492,,,,,,
calma,1380,ssrc,False,0.024619104113289682,0.23445326265571628,0.001,0.043426969945970895,23.44532626557163,400.0,100.0
calma,1380,pls,False,4.436618768842491,,,,,,
calma,1380,naive,False,1.9431572657887126,,,,,,
calma,1400,ols,False,0.21268871068123835,,,,,,
calma,1400,ridge,False,0.21198471654903794,0.0009671919967019067,1e-06,0.052727903872685895,96.71919967019068,400.0,100.0
calma,1400,nnls,False,1.4832025069186976,,,,,,
calma,1400,ssrc,False,0.06787894166233732,0.23462608891044795,0.001,0.03843133907353681,23.462608891044795,400.0,100.0
calma,1400,pls,False,3.450749435602704,,,,,,
calma,1400,naive,False,1.7451168828327888,,,,,,
calma,1420,ols,False,0.37143616693273096,,,,,,
calma,1420,ridge,False,0.37112438636716677,0.0009661028028105,1e-06,0.05864307067367611,96.61028028105001,400.0,100.0
calma,1420,nnls,False,0.5295852539376233,,,,,,
calma,1420,ssrc,False,0.044800923534992716,2.3481164456541384e-06,1e-08,0.027135793949352272,23.481164456541386,400.0,100.0
calma,1420,pls,False,2.4905165742425868,,,,,,
calma,1420,naive,False,0.48510881698502273,,,,,,
calma,1440,ols,False,0.505370680505032,,,,,,
calma,1440,ridge,False,0.5053724442696661,9.65869429200519e-06,1e-08,0.06196406693056307,96.58694292005191,400.0,100.0
calma,1440,nnls,False,1.7268732418414243,,,,,,
calma,1440,ssrc,False,0.0030279356758864642,2.3496192571626703e-06,1e-08,0.02341847975800403,23.496192571626707,400.0,100.0
calma,1440,pls,False,3.859562964002811,,,,,,
calma,1440,naive,False,1.5782211054072082,,,,,,
calma,1460,ols,False,0.9653637950178209,,,,,,
calma,1460,ridge,False,0.9670730243921111,0.0009659986154780062,1e-06,0.06927691066590938,96.59986154780063,400.0,100.0
calma,1460,nnls,False,0.7251183929922523,,,,,,
calma,1460,ssrc,False,0.06500472908783732,2.349142982421628e-06,1e-08,0.02131580776859973,23.49142982421628,400.0,100.0
calma,1460,pls,False,4.875608921221951,,,,,,
calma,1460,naive,False,0.928676500053294,,,,,,
calma,1480,ols,False,0.16070091976073625,,,,,,
calma,1480,ridge,False,0.1215640632581814,0.09630878474331075,0.0001,0.07296833214997361,96.30878474331075,400.0,100.0
calma,1480,nnls,False,0.10549529519581517,,,,,,
calma,1480,ssrc,False,0.12000903518083203,2.3557524146792483e-06,1e-08,0.021721977124343886,23.557524146792485,400.0,100.0
calma,1480,pls,False,0.6872035056531349,,,,,,
calma,1480,naive,False,0.17417920034362974,,,,,,
calma,1500,ols,False,0.3071382027205578,,,,,,
calma,1500,ridge,False,0.3257703591156869,0.09790283086495832,0.0001,0.06927585941102334,97.90283086495833,400.0,100.0
calma,1500,nnls,False,0.8496749003072458,,,,,,
calma,1500,ssrc,False,0.029169283343436228,2.370779451042755e-06,1e-08,0.022158264688563415,23.707794510427554,400.0,100.0
calma,1500,pls,False,0.5069955187327433,,,,,,
calma,1500,naive,False,0.8157865436889851,,,,,,
calma,1520,ols,False,0.3722368477182281,,,,,,
calma,1520,ridge,False,0.3722456588897458,9.652702770843325e-06,1e-08,0.06958343475521024,96.52702770843325,400.0,100.0
calma,1520,nnls,False,2.366654968250968,,,,,,
calma,1520,ssrc,False,0.23939375637210283,2.3411077742072346e-06,1e-08,0.02295483230581295,23.411077742072347,400.0,100.0
calma,1520,pls,False,4.74266538120602,,,,,,
calma,1520,naive,False,2.131214875334894,,,,,,
calma,1540,ols,False,0.14653561053522998,,,,,,
calma,1540,ridge,False,0.1483565923620294,0.0009811632723508534,1e-06,0.07385929612168252,98.11632723508535,400.0,100.0
calma,1540,nnls,False,0.8492785054752552,,,,,,
calma,1540,ssrc,False,0.07771007275646971,0.023666043771050034,0.0001,0.022056689785245217,23.666043771050035,400.0,100.0
calma,1540,pls,False,1.7470661853360516,,,,,,
calma,1540,naive,False,0.8491678540892402,,,,,,
calma,1560,ols,False,0.1899425961581137,,,,,,
calma,1560,ridge,False,0.19528320421021447,0.0952596442209004,0.0001,0.07166492014486735,95.2596442209004,400.0,100.0
calma,1560,nnls,False,0.4043586166900528,,,,,,
calma,1560,ssrc,False,0.06936656069695171,0.023207261295482708,0.0001,0.023066855789297173,23.20726129548271,400.0,100.0
calma,1560,pls,False,1.995561170782108,,,,,,
calma,1560,naive,False,0.35440330071159415,,,,,,
calma,1580,ols,False,0.5219571290772439,,,,,,
calma,1580,ridge,False,0.569444378316912,0.09570752400252269,0.0001,0.07124816754208839,95.70752400252269,400.0,100.0
calma,1580,nnls,False,1.9126366067881193,,,,,,
calma,1580,ssrc,False,0.02104511725947491,0.023090076456310015,0.0001,0.020803412541998433,23.090076456310015,400.0,100.0
calma,1580,pls,False,2.9805903084016454,,,,,,
calma,1580,naive,False,1.7960932414694382,,,,,,
calma,1600,ols,False,0.4212622815525688,,,,,,
calma,1600,ridge,False,0.4216004525096887,0.0009449663331662465,1e-06,0.0744706288105251,94.49663331662467,400.0,100.0
calma,1600,nnls,False,2.1712367046651706,,,,,,
calma,1600,ssrc,False,0.2111584099540973,0.023002426071437532,0.0001,0.01879541868559955,23.002426071437533,400.0,100.0
calma,1600,pls,False,4.722706669321469,,,,,,
calma,1600,naive,False,2.496250871100979,,,,,,
calma,1620,ols,False,0.28403369911819987,,,,,,
calma,1620,ridge,False,0.2543696973787067,0.09575981736846378,0.0001,0.0737969148727217,95.75981736846379,400.0,100.0
calma,1620,nnls,False,0.35966533022873737,,,,,,
calma,1620,ssrc,False,0.017606526695387873,0.02309731914217156,0.0001,0.0177861485580067,23.09731914217156,400.0,100.0
calma,1620,pls,False,2.0627320711587482,,,,,,
calma,1620,naive,False,0.3344490605417936,,,,,,
calma,1640,ols,False,0.3182800833017696,,,,,,
calma,1640,ridge,False,0.33794894618758337,0.09571251093164593,0.0001,0.0720395854047122,95.71251093164592,400.0,100.0
calma,1640,nnls,False,0.9003157921253596,,,,,,
calma,1640,ssrc,False,0.06331728104722291,0.00023103899295124833,1e-06,0.017659664022274486,23.103899295124833,400.0,100.0
calma,1640,pls,False,0.5316224591622888,,,,,,
calma,1640,naive,False,0.8554846123386152,,,,,,
calma,1660,ols,False,0.12084338586689915,,,,,,
calma,1660,ridge,False,0.06169708035394723,0.09586121501396146,0.0001,0.07588472524471379,95.86121501396146,400.0,100.0
calma,1660,nnls,False,1.8467493939895874,,,,,,
calma,1660,ssrc,False,0.067924403381441,2.314441092926919e-06,1e-08,0.01817788433620398,23.14441092926919,400.0,100.0
calma,1660,pls,False,3.7983713636740566,,,,,,
calma,1660,naive,False,1.5527077153108007,,,,,,
calma,1680,ols,False,0.22063129706336207,,,,,,
calma,1680,ridge,False,0.15650899379776417,0.0957153015245281,0.0001,0.07582153181325671,95.7153015245281,400.0,100.0
calma,1680,nnls,False,0.8017329212101535,,,,,,
calma,1680,ssrc,False,0.12202153224598827,0.00023091537982575304,1e-06,0.01953307450633477,23.091537982575304,400.0,100.0
calma,1680,pls,False,2.0919413421263013,,,,,,
calma,1680,naive,False,0.806197873698432,,,,,,
calma,1700,ols,False,0.37100467701667517,,,,,,
calma,1700,ridge,False,0.3581078798147813,0.09645643841574883,0.0001,0.07446809966477462,96.45643841574883,400.0,100.0
calma,1700,nnls,False,0.587522822537353,,,,,,
calma,1700,ssrc,False,0.2667245061549272,0.02305445997059517,0.0001,0.02217706439030251,23.05445997059517,400.0,100.0
calma,1700,pls,False,2.4890794611714115,,,,,,
calma,1700,naive,False,0.5187431322159737,,,,,,
calma,1720,ols,False,0.12953771280617293,,,,,,
calma,1720,ridge,False,0.09685357780070926,0.09676124434852813,0.0001,0.07101380002523208,96.76124434852814,400.0,100.0
calma,1720,nnls,False,1.2214998523300429,,,,,,
calma,1720,ssrc,False,0.026298624359223564,0.023459729766429776,0.0001,0.025519833913670267,23.459729766429774,400.0,100.0
calma,1720,pls,False,2.7157879118900654,,,,,,
calma,1720,naive,False,0.9403393838183219,,,,,,
calma,1740,ols,False,0.03740919769876775,,,,,,
calma,1740,ridge,False,0.008406047797978888,0.0982354841796286,0.0001,0.06901211138804815,98.2354841796286,400.0,100.0
calma,1740,nnls,False,1.0453587861769489,,,,,,
calma,1740,ssrc,False,0.10107393496951132,2.32861593820332e-06,1e-08,0.026484798909069122,23.286159382033205,400.0,100.0
calma,1740,pls,False,2.3658243775927743,,,,,,
calma,1740,naive,False,1.3499510286562189,,,,,,
calma,1760,ols,False,0.27505931981778536,,,,,,
calma,1760,ridge,False,0.26867928985390177,0.09742192042546498,0.0001,0.06800957438282805,97.42192042546498,400.0,100.0
calma,1760,nnls,False,0.45877550686885343,,,,,,
calma,1760,ssrc,False,0.0035529101740983133,0.022859481243126506,0.0001,0.02689149982723067,22.859481243126506,400.0,100.0
calma,1760,pls,False,2.1489754011858735,,,,,,
calma,1760,naive,False,0.4031144013827821,,,,,,
calma,1780,ols,False,0.47100356055014114,,,,,,
calma,1780,ridge,False,0.507353267072466,0.09583936613114859,0.0001,0.06381024097418139,95.8393661311486,400.0,100.0
calma,1780,nnls,False,1.403422689152594,,,,,,
calma,1780,ssrc,False,0.03365732015518532,0.02255126873446561,0.0001,0.028943071591691686,22.55126873446561,400.0,100.0
calma,1780,pls,False,3.2955789586621362,,,,,,
calma,1780,naive,False,1.2783033823625718,,,,,,
calma,1800,ols,False,0.3031122370889188,,,,,,
calma,1800,ridge,False,0.30266041022641405,0.000976703060495125,1e-06,0.0669400991077733,97.67030604951252,400.0,100.0
calma,1800,nnls,False,1.873143114310592,,,,,,
calma,1800,ssrc,False,0.019953774915818883,0.00022842963945328662,1e-06,0.02414040894730383,22.842963945328663,400.0,100.0
calma,1800,pls,False,0.31652478722606614,,,,,,
calma,1800,naive,False,1.9160656211444513,,,,,,
calma,1820,ols,False,0.33735936179138526,,,,,,
calma,1820,ridge,False,0.29898046397769845,0.09585188810411978,0.0001,0.06865897369587802,95.85188810411978,400.0,100.0
calma,1820,nnls,False,0.5075609951541644,,,,,,
calma,1820,ssrc,False,0.034476681066501653,0.00022594920068876154,1e-06,0.020719177948318488,22.594920068876156,400.0,100.0
calma,1820,pls,False,2.272866480936887,,,,,,
calma,1820,naive,False,0.4775086993043496,,,,,,
calma,1840,ols,False,0.09947808715892971,,,,,,
calma,1840,ridge,False,0.1111790699700841,0.0972827897253973,0.0001,0.06744443228457413,97.28278972539731,400.0,100.0
calma,1840,nnls,False,0.287885403718986,,,,,,
calma,1840,ssrc,False,0.06267597088065495,0.022443193877991263,0.0001,0.0193091817716702,22.443193877991263,400.0,100.0
calma,1840,pls,False,1.464043391146527,,,,,,
calma,1840,naive,False,0.24448317121595373,,,,,,
calma,1860,ols,False,0.21724117547977798,,,,,,
calma,1860,ridge,False,0.1679313568483343,0.10022399053458854,0.0001,0.07362441637629853,100.22399053458855,400.0,100.0
calma,1860,nnls,False,0.31305940693759576,,,,,,
calma,1860,ssrc,False,0.1455044221906072,0.02241231956325043,0.0001,0.026762014643221584,22.41231956325043,400.0,100.0
calma,1860,pls,False,3.5265123381298573,,,,,,
calma,1860,naive,False,0.16765442409205464,,,,,,
calma,1880,ols,False,0.13259288581454653,,,,,,
calma,1880,ridge,False,0.0812655466995662,0.1013614826442064,0.0001,0.06991178955309456,101.3614826442064,400.0,100.0
calma,1880,nnls,False,0.18443302799587172,,,,,,
calma,1880,ssrc,False,0.04296822921573444,0.022795511761892904,0.0001,0.032336115704389636,22.795511761892904,400.0,100.0
calma,1880,pls,False,1.109303052611758,,,,,,
calma,1880,naive,False,0.19858866444103573,,,,,,
calma,1900,ols,False,0.11813256541184908,,,,,,
calma,1900,ridge,False,0.12496928045981782,0.09772771586720212,0.0001,0.0614142610146944,97.72771586720212,400.0,100.0
calma,1900,nnls,False,0.345425206106257,,,,,,
calma,1900,ssrc,False,0.03152881125295725,0.022401264530070537,0.0001,0.034624119309590716,22.401264530070538,400.0,100.0
calma,1900,pls,False,0.44629343598008997,,,,,,
calma,1900,naive,False,0.34080742575087447,,,,,,
calma,1920,ols,False,0.33344808113825547,,,,,,
calma,1920,ridge,False,0.3334521313302383,9.781552288746781e-06,1e-08,0.06575809230961938,97.81552288746781,400.0,100.0
calma,1920,nnls,False,0.15202131421213483,,,,,,
calma,1920,ssrc,False,0.058490827640309696,0.022428335500572015,0.0001,0.032866945931936176,22.428335500572015,400.0,100.0
calma,1920,pls,False,0.6195386868711108,,,,,,
calma,1920,naive,False,0.17552612779592947,,,,,,
calma,1940,ols,False,0.191741953801563,,,,,,
calma,1940,ridge,False,0.1917307702246253,1.0053108715654036e-05,1e-08,0.06399088202569032,100.53108715654037,400.0,100.0
calma,1940,nnls,False,0.21436073787155205,,,,,,
calma,1940,ssrc,False,0.31281214507685245,0.022797886828319416,0.0001,0.03474757228371648,22.797886828319417,400.0,100.0
calma,1940,pls,False,0.2615241950288349,,,,,,
calma,1940,naive,False,0.30565346933018467,,,,,,
calma,1960,ols,False,0.2569266138561859,,,,,,
calma,1960,ridge,False,0.25693780720430265,0.0010057452059534704,1e-06,0.05861211547927469,100.57452059534705,400.0,100.0
calma,1960,nnls,False,0.6815464655826475,,,,,,
calma,1960,ssrc,False,0.04446667895757364,0.022811432271537008,0.0001,0.02914721873942305,22.811432271537008,400.0,100.0
calma,1960,pls,False,0.3473236855122424,,,,,,
calma,1960,naive,False,0.6432422179912995,,,,,,
calma,1980,ols,False,0.4433958696466756,,,,,,
calma,1980,ridge,False,0.4784718800448353,0.09696536670670526,0.0001,0.06222993772478991,96.96536670670525,400.0,100.0
calma,1980,nnls,False,1.244491034684301,,,,,,
calma,1980,ssrc,False,0.13696254937591293,0.0002227812116502101,1e-06,0.02249401478012297,22.278121165021012,400.0,100.0
calma,1980,pls,False,2.9762515574080077,,,,,,
calma,1980,naive,False,1.1490827490462876,,,,,,
calma,2000,ols,False,0.17980676000283902,,,,,,
calma,2000,ridge,False,0.2113835969428929,0.09888983786520729,0.0001,0.0711026956558673,98.88983786520728,400.0,100.0
calma,2000,nnls,False,1.1664013716130714,,,,,,
calma,2000,ssrc,False,0.030576269726373048,2.2509334660694465e-06,1e-08,0.026399297475087423,22.509334660694467,400.0,100.0
calma,2000,pls,False,0.32350619426646415,,,,,,
calma,2000,naive,False,1.1854359430095378,,,,,,
calma,2020,ols,False,0.22891446746805189,,,,,,
calma,2020,ridge,False,0.2535534815267184,0.09863351642479216,0.0001,0.06066700625298707,98.63351642479216,400.0,100.0
calma,2020,nnls,False,0.7303801321680524,,,,,,
calma,2020,ssrc,False,0.027516231431867315,2.2669929985955225e-06,1e-08,0.027357752377110273,22.669929985955225,400.0,100.0
calma,2020,pls,False,0.3669348619690316,,,,,,
calma,2020,naive,False,0.6791882370542699,,,,,,
calma,2040,ols,False,0.17267975657449677,,,,,,
calma,2040,ridge,False,0.11814575580631671,0.0943882088462135,0.0001,0.0626241290612408,94.3882088462135,400.0,100.0
calma,2040,nnls,False,1.5787069644552165,,,,,,
calma,2040,ssrc,False,0.19820256190449603,2.2242923546977087e-06,1e-08,0.024493875997371593,22.24292354697709,400.0,100.0
calma,2040,pls,False,4.815713996237904,,,,,,
calma,2040,naive,False,1.3696763834612933,,,,,,
calma,2060,ols,False,0.12829142285129105,,,,,,
calma,2060,ridge,False,0.08050380621114546,0.09800873466643927,0.0001,0.06560832228266567,98.00873466643927,400.0,100.0
calma,2060,nnls,False,0.9242627863721874,,,,,,
calma,2060,ssrc,False,0.018556114842916905,2.262108764293954e-06,1e-08,0.024901116201773668,22.621087642939543,400.0,100.0
calma,2060,pls,False,1.8947144416424113,,,,,,
calma,2060,naive,False,1.1392210726175853,,,,,,
calma,2080,ols,False,0.3208340969359301,,,,,,
calma,2080,ridge,False,0.3127553993832664,0.09667349779848837,0.0001,0.06870682151088164,96.67349779848837,400.0,100.0
calma,2080,nnls,False,0.5216524445281081,,,,,,
calma,2080,ssrc,False,0.08690750405672265,2.257988215721727e-06,1e-08,0.025332447364429075,22.57988215721727,400.0,100.0
calma,2080,pls,False,2.1882087523099267,,,,,,
calma,2080,naive,False,0.45481163213995934,,,,,,
calma,2100,ols,False,0.3617977339232291,,,,,,
calma,2100,ridge,False,0.4109644200536758,0.09577341833826733,0.0001,0.06278908969771846,95.77341833826733,400.0,100.0
calma,2100,nnls,False,1.9398240547520944,,,,,,
calma,2100,ssrc,False,0.04815605298858887,2.2611234079056533e-06,1e-08,0.023749644097438814,22.611234079056533,400.0,100.0
calma,2100,pls,False,3.9509500125286676,,,,,,
calma,2100,naive,False,1.7003813289257963,,,,,,
calma,2120,ols,False,0.23898176477222102,,,,,,
calma,2120,ridge,False,0.31399436190338825,0.09544841814301502,0.0001,0.06715865008422738,95.44841814301503,400.0,100.0
calma,2120,nnls,False,2.4959094555490435,,,,,,
calma,2120,ssrc,False,0.09523844391849902,0.00022413364364414298,1e-06,0.02173378710538164,22.4133643644143,400.0,100.0
calma,2120,pls,False,5.459004477395093,,,,,,
calma,2120,naive,False,2.3150201059840474,,,,,,
calma,2140,ols,False,0.02819091407201534,,,,,,
calma,2140,ridge,False,0.0028169872653935274,0.09705376003227345,0.0001,0.0710801694535467,97.05376003227344,400.0,100.0
calma,2140,nnls,False,0.02868411793059766,,,,,,
calma,2140,ssrc,False,0.4146371002854025,0.00022871711570475727,1e-06,0.028602282601441823,22.87171157047573,400.0,100.0
calma,2140,pls,False,0.6028614408271935,,,,,,
calma,2140,naive,False,0.08913491938934635,,,,,,
calma,2160,ols,False,0.08272768315409272,,,,,,
calma,2160,ridge,False,0.11368937535775077,0.09813784881330379,0.0001,0.06348313058712762,98.13784881330378,400.0,100.0
calma,2160,nnls,False,1.4051924926228916,,,,,,
calma,2160,ssrc,False,0.08102953480176435,0.02331028076590424,0.0001,0.030605521036176624,23.31028076590424,400.0,100.0
calma,2160,pls,False,3.0451979568128444,,,,,,
calma,2160,naive,False,1.1388672128396273,,,,,,
calma,2180,ols,False,0.14935022267374412,,,,,,
calma,2180,ridge,False,0.14934871965717395,9.864257045126494e-06,1e-08,0.0585266683970791,98.64257045126493,400.0,100.0
calma,2180,nnls,False,0.8230023946092034,,,,,,
calma,2180,ssrc,False,0.1049536241773583,0.0002352029271796234,1e-06,0.02966928900438261,23.52029271796234,400.0,100.0
calma,2180,pls,False,1.5971831779269736,,,,,,
calma,2180,naive,False,1.018018309666704,,,,,,
calma,2200,ols,False,0.3009404563170185,,,,,,
calma,2200,ridge,False,0.27843044714523507,0.10069571426347822,0.0001,0.0600027071824312,100.69571426347822,400.0,100.0
calma,2200,nnls,False,0.48050856586925206,,,,,,
calma,2200,ssrc,False,0.29062980080071427,0.023808879289462032,0.0001,0.02845698053323748,23.80887928946203,400.0,100.0
calma,2200,pls,False,0.0605157844166926,,,,,,
calma,2200,naive,False,0.46836921460513065,,,,,,
calma,2220,ols,False,0.3847047055155734,,,,,,
calma,2220,ridge,False,0.445321791319301,0.0989976018017871,0.0001,0.059975851111595375,98.9976018017871,400.0,100.0
calma,2220,nnls,False,1.903701983967299,,,,,,
calma,2220,ssrc,False,0.05088429027878392,0.000234039260902287,1e-06,0.029178440909051452,23.403926090228705,400.0,100.0
calma,2220,pls,False,3.95196977224284,,,,,,
calma,2220,naive,False,1.7786142191881678,,,,,,
calma,2240,ols,False,1.1990125229405848,,,,,,
calma,2240,ridge,False,1.203387012917985,0.0947498281159101,0.0001,0.058884982457382634,94.74982811591009,400.0,100.0
calma,2240,nnls,False,0.3679231950338495,,,,,,
calma,2240,ssrc,False,0.03379013969344294,0.00022975057514495686,1e-06,0.0273634715107019,22.97505751449569,400.0,100.0
calma,2240,pls,False,0.10501365309589208,,,,,,
calma,2240,naive,False,0.7419469301393437,,,,,,
calma,2260,ols,False,0.03363172164887794,,,,,,
calma,2260,ridge,False,0.00045807610437573274,0.09778478062062645,0.0001,0.06465067213744613,97.78478062062646,400.0,100.0
calma,2260,nnls,False,0.11164181776751596,,,,,,
calma,2260,ssrc,False,0.28301260039230214,2.328150017360196e-06,1e-08,0.023805544888660598,23.281500173601962,400.0,100.0
calma,2260,pls,False,0.7672899305472499,,,,,,
calma,2260,naive,False,0.09362803769471881,,,,,,
calma,2280,ols,False,0.515164179932498,,,,,,
calma,2280,ridge,False,0.554939425299443,0.095947745551623,0.0001,0.06368337845404008,95.947745551623,400.0,100.0
calma,2280,nnls,False,1.6854776673987804,,,,,,
calma,2280,ssrc,False,0.01366667623070261,2.3055596351336938e-06,1e-08,0.02376821549194492,23.055596351336938,400.0,100.0
calma,2280,pls,False,2.2570073608478296,,,,,,
calma,2280,naive,False,1.5892333386539272,,,,,,
calma,2300,ols,False,0.10357224577173439,,,,,,
calma,2300,ridge,False,0.10355815246586898,9.416335782403118e-06,1e-08,0.0662440300456691,94.16335782403118,400.0,100.0
calma,2300,nnls,False,1.9586603955308557,,,,,,
calma,2300,ssrc,False,0.08148093261272396,2.2933606195580663e-06,1e-08,0.0238982706580851,22.933606195580666,400.0,100.0
calma,2300,pls,False,3.8330850955878852,,,,,,
calma,2300,naive,False,2.30581827125655,,,,,,
calma,2320,ols,False,0.3092931808506662,,,,,,
calma,2320,ridge,False,0.27082862576841543,0.09581493279989141,0.0001,0.06895796919862689,95.81493279989141,400.0,100.0
calma,2320,nnls,False,0.4055605401446867,,,,,,
calma,2320,ssrc,False,0.00011341297804462637,0.00023086452296416983,1e-06,0.023776471716099784,23.086452296416986,400.0,100.0
calma,2320,pls,False,2.132487093733187,,,,,,
calma,2320,naive,False,0.38645338006399294,,,,,,
calma,2340,ols,False,0.3020658519478972,,,,,,
calma,2340,ridge,False,0.3180702569689801,0.0964077593448906,0.0001,0.0701228648585668,96.40775934489061,400.0,100.0
calma,2340,nnls,False,0.8304153051203264,,,,,,
calma,2340,ssrc,False,0.09315421133562753,0.00023029460279453266,1e-06,0.021713220530847926,23.029460279453268,400.0,100.0
calma,2340,pls,False,0.46151850643493036,,,,,,
calma,2340,naive,False,0.7851626818905142,,,,,,
calma,2360,ols,False,0.44069133902392255,,,,,,
calma,2360,ridge,False,0.46926165388302365,0.09325041680054638,0.0001,0.06580196398294191,93.25041680054638,400.0,100.0
calma,2360,nnls,False,1.2422845449226998,,,,,,
calma,2360,ssrc,False,0.008522874610360952,0.00022741543539311166,1e-06,0.02197224611678444,22.741543539311166,400.0,100.0
calma,2360,pls,False,0.9706393671394389,,,,,,
calma,2360,naive,False,1.1888710374238844,,,,,,
calma,2380,ols,False,0.15055094911796452,,,,,,
calma,2380,ridge,False,0.13853089451393766,0.09545903280570416,0.0001,0.07534748666106968,95.45903280570415,400.0,100.0
calma,2380,nnls,False,0.945925750509813,,,,,,
calma,2380,ssrc,False,0.058190426118093434,2.279378976476213e-06,1e-08,0.02488197816063187,22.79378976476213,400.0,100.0
calma,2380,pls,False,1.9932197894574397,,,,,,
calma,2380,naive,False,1.1436899776883231,,,,,,
calma,2400,ols,False,0.298017713488246,,,,,,
calma,2400,ridge,False,0.3264626249125174,0.09739985857592541,0.0001,0.0648804231356384,97.3998585759254,400.0,100.0
calma,2400,nnls,False,0.9882197816235646,,,,,,
calma,2400,ssrc,False,0.1663848733613432,2.33833309651988e-06,1e-08,0.0259596911659355,23.383330965198798,400.0,100.0
calma,2400,pls,False,2.6413446250921395,,,,,,
calma,2400,naive,False,0.8702127600122697,,,,,,
calma,2420,ols,False,0.4891243989605911,,,,,,
calma,2420,ridge,False,0.48914066274608187,9.8516101419106e-06,1e-08,0.062478134038414,98.51610141910601,400.0,100.0
calma,2420,nnls,False,0.9794350236138315,,,,,,
calma,2420,ssrc,False,0.049480152987827285,2.3679437012936196e-06,1e-08,0.028017253716044684,23.679437012936198,400.0,100.0
calma,2420,pls,False,1.6897738216932183,,,,,,
calma,2420,naive,False,1.3878900587788703,,,,,,
calma,2440,ols,False,0.22443339157204337,,,,,,
calma,2440,ridge,False,0.3238609101382899,0.09519289498549999,0.0001,0.05726052848740736,95.19289498549999,400.0,100.0
calma,2440,nnls,False,2.7902485664819494,,,,,,
calma,2440,ssrc,False,0.027717606959174995,2.2925927146975663e-06,1e-08,0.02806286597242935,22.925927146975663,400.0,100.0
calma,2440,pls,False,6.188309819940505,,,,,,
calma,2440,naive,False,2.6130381982857345,,,,,,
calma,2460,ols,False,0.05827631083578627,,,,,,
calma,2460,ridge,False,0.07639132193735584,0.09675913522151904,0.0001,0.06343716948182601,96.75913522151905,400.0,100.0
calma,2460,nnls,False,0.2508305441493809,,,,,,
calma,2460,ssrc,False,0.3704722330837545,2.334366925151536e-06,1e-08,0.034517403376995416,23.343669251515365,400.0,100.0
calma,2460,pls,False,1.04768318913255,,,,,,
calma,2460,naive,False,0.12084909877147412,,,,,,
calma,2480,ols,False,0.1896375474862668,,,,,,
calma,2480,ridge,False,0.1891625920415861,0.0009844546182696022,1e-06,0.04999467820859588,98.44546182696024,400.0,100.0
calma,2480,nnls,False,0.281757217457719,,,,,,
calma,2480,ssrc,False,0.04684281124345949,0.024038354174207063,0.0001,0.0310329891168663,24.038354174207065,400.0,100.0
calma,2480,pls,False,0.3683376427113225,,,,,,
calma,2480,naive,False,0.5571553040609798,,,,,,
calma,2500,ols,False,0.08911132733260249,,,,,,
calma,2500,ridge,False,0.08698732478963819,0.0009729851328664505,1e-06,0.04843685695745204,97.29851328664506,400.0,100.0
calma,2500,nnls,False,0.442658902795719,,,,,,
calma,2500,ssrc,False,0.008970077239544417,0.00024330341598724316,1e-06,0.027308075512763978,24.330341598724317,400.0,100.0
calma,2500,pls,False,1.6706228933864968,,,,,,
calma,2500,naive,False,0.34122149183263223,,,,,,
calma,2520,ols,False,0.5068465039884641,,,,,,
calma,2520,ridge,False,0.504377693892601,0.00099114165604109,1e-06,0.04509085426704211,99.114165604109,400.0,100.0
calma,2520,nnls,False,0.09080411237032154,,,,,,
calma,2520,ssrc,False,0.05907491691911686,0.024672417820862495,0.0001,0.026128438830741132,24.672417820862492,400.0,100.0
calma,2520,pls,False,0.10690290094088399,,,,,,
calma,2520,naive,False,0.365161488473488,,,,,,
calma,2540,ols,False,0.28362036499877796,,,,,,
calma,2540,ridge,False,0.28416757075670784,0.001035394241174008,1e-06,0.04576009618820529,103.53942411740081,400.0,100.0
calma,2540,nnls,False,0.3047014811583036,,,,,,
calma,2540,ssrc,False,0.21195115835638115,0.02527681367111801,0.0001,0.02748322929999956,25.27681367111801,400.0,100.0
calma,2540,pls,False,0.0266838508260124,,,,,,
calma,2540,naive,False,0.3869598277331282,,,,,,
calma,2560,ols,False,0.3080498082673945,,,,,,
calma,2560,ridge,False,0.31906509979818287,0.10224923386064101,0.0001,0.04887350286410404,102.24923386064101,400.0,100.0
calma,2560,nnls,False,0.7282198830810273,,,,,,
calma,2560,ssrc,False,0.027651618512099088,2.50599975495469e-06,1e-08,0.025541399834278215,25.059997549546903,400.0,100.0
calma,2560,pls,False,0.744240847282458,,,,,,
calma,2560,naive,False,0.7025107734641103,,,,,,
calma,2580,ols,False,0.418343237794,,,,,,
calma,2580,ridge,False,0.35896524405549673,0.10131479439350992,0.0001,0.05245836367298369,101.31479439350993,400.0,100.0
calma,2580,nnls,False,0.8043419752287528,,,,,,
calma,2580,ssrc,False,0.08867612766762484,2.5027650301327715e-06,1e-08,0.02434124207397905,25.027650301327714,400.0,100.0
calma,2580,pls,False,6.258489252520059,,,,,,
calma,2580,naive,False,0.7784358616515709,,,,,,
calma,2600,ols,False,0.8565628363876956,,,,,,
calma,2600,ridge,False,0.7507765997110508,0.10282811161198933,0.0001,0.06244468855409959,102.82811161198934,400.0,100.0
calma,2600,nnls,False,2.3190096401600284,,,,,,
calma,2600,ssrc,False,0.02155336538189047,0.024947110955897068,0.0001,0.027778478400389793,24.94711095589707,400.0,100.0
calma,2600,pls,False,5.8591751115909005,,,,,,
calma,2600,naive,False,2.8471674242367584,,,,,,
calma,2620,ols,False,0.0964816431521808,,,,,,
calma,2620,ridge,False,0.12059605794476289,0.10232400829325104,0.0001,0.06567431368140894,102.32400829325104,400.0,100.0
calma,2620,nnls,False,0.39261473822385057,,,,,,
calma,2620,ssrc,False,0.0231797271292495,2.5139814073494053e-06,1e-08,0.0300563451086912,25.13981407349405,400.0,100.0
calma,2620,pls,False,0.26346185016470197,,,,,,
calma,2620,naive,False,0.3760331389575614,,,,,,
calma,2640,ols,False,0.2234697955537546,,,,,,
calma,2640,ridge,False,0.2431940910170346,0.09858814131074815,0.0001,0.06431925939285218,98.58814131074814,400.0,100.0
calma,2640,nnls,False,0.5914933253942047,,,,,,
calma,2640,ssrc,False,0.24192545734729487,2.4496138211571893e-06,1e-08,0.0318403958024623,24.496138211571893,400.0,100.0
calma,2640,pls,False,2.1987649445313897,,,,,,
calma,2640,naive,False,0.5513425179335274,,,,,,
calma,2660,ols,False,0.02763688831740442,,,,,,
calma,2660,ridge,False,0.027931584212614526,0.0010093347115604123,1e-06,0.0687916318572781,100.93347115604125,400.0,100.0
calma,2660,nnls,False,1.3001569906302202,,,,,,
calma,2660,ssrc,False,0.0399873626433172,0.024313058190420338,0.0001,0.035014894245605596,24.313058190420335,400.0,100.0
calma,2660,pls,False,2.6123068579209905,,,,,,
calma,2660,naive,False,1.238096756654351,,,,,,
calma,2680,ols,False,0.12126039854683605,,,,,,
calma,2680,ridge,False,0.12066597012023769,0.0009670937855410076,1e-06,0.06326273487113408,96.70937855410077,400.0,100.0
calma,2680,nnls,False,0.4761246753060876,,,,,,
calma,2680,ssrc,False,0.2134102192211177,0.02400773780344915,0.0001,0.03691745249182132,24.00773780344915,400.0,100.0
calma,2680,pls,False,0.0779775591705364,,,,,,
calma,2680,naive,False,0.4428851401005633,,,,,,
calma,2700,ols,False,0.35400216442395377,,,,,,
calma,2700,ridge,False,0.3535282056064891,0.0009369335411507194,1e-06,0.05807889255123415,93.69335411507195,400.0,100.0
calma,2700,nnls,False,0.9571912559629623,,,,,,
calma,2700,ssrc,False,0.06493092209021169,0.023804436665607033,0.0001,0.03402480053730618,23.80443666560703,400.0,100.0
calma,2700,pls,False,4.960928429019808,,,,,,
calma,2700,naive,False,0.7731507733356453,,,,,,
calma,2720,ols,False,0.7428224743858385,,,,,,
calma,2720,ridge,False,0.7428342203156597,9.441368592967642e-06,1e-08,0.057963197126480924,94.41368592967643,400.0,100.0
calma,2720,nnls,False,2.370707263062631,,,,,,
calma,2720,ssrc,False,0.04683682381781805,0.023811195610589562,0.0001,0.034840303200422876,23.811195610589564,400.0,100.0
calma,2720,pls,False,3.9056338558456902,,,,,,
calma,2720,naive,False,2.5643857879397958,,,,,,
calma,2740,ols,False,0.10812606164475726,,,,,,
calma,2740,ridge,False,0.10812140001244278,9.701094073298855e-06,1e-08,0.06048792634127276,97.01094073298854,400.0,100.0
calma,2740,nnls,False,0.5092480424418737,,,,,,
calma,2740,ssrc,False,0.1373543185286021,0.00024226071477299175,1e-06,0.03470088649973246,24.226071477299175,400.0,100.0
calma,2740,pls,False,2.0254400103884818,,,,,,
calma,2740,naive,False,0.4052971932687126,,,,,,
calma,2760,ols,False,0.4133131088179434,,,,,,
calma,2760,ridge,False,0.4133029147004637,9.488208135330883e-06,1e-08,0.051341603308065996,94.88208135330883,400.0,100.0
calma,2760,nnls,False,0.9581562077091995,,,,,,
calma,2760,ssrc,False,0.009810582944579937,0.00024249280942181809,1e-06,0.0318812489779437,24.249280942181812,400.0,100.0
calma,2760,pls,False,2.18214560184283,,,,,,
calma,2760,naive,False,0.6965020340114215,,,,,,
calma,2780,ols,False,0.8600052432645334,,,,,,
calma,2780,ridge,False,0.8599938450161828,9.936121521901164e-06,1e-08,0.05944557091674254,99.36121521901163,400.0,100.0
calma,2780,nnls,False,2.4910169453659603,,,,,,
calma,2780,ssrc,False,0.0012668109703540373,2.4628261197473447e-06,1e-08,0.024224092526708353,24.62826119747345,400.0,100.0
calma,2780,pls,False,6.08554363925113,,,,,,
calma,2780,naive,False,2.8933368273397497,,,,,,
calma,2800,ols,False,0.0857071489155486,,,,,,
calma,2800,ridge,False,0.11144312099573024,0.09901875435476425,0.0001,0.061675517779601056,99.01875435476424,400.0,100.0
calma,2800,nnls,False,0.38177182760560674,,,,,,
calma,2800,ssrc,False,0.04606048240237143,0.0002464692534351167,1e-06,0.026612881714466928,24.646925343511676,400.0,100.0
calma,2800,pls,False,0.45771117025130437,,,,,,
calma,2800,naive,False,0.363661977821045,,,,,,
calma,2820,ols,False,0.2215528111392504,,,,,,
calma,2820,ridge,False,0.24022414458326866,0.09629191724095743,0.0001,0.05944840143428995,96.29191724095743,400.0,100.0
calma,2820,nnls,False,0.5906522550947949,,,,,,
calma,2820,ssrc,False,0.2260534597415977,0.024293108230338076,0.0001,0.025780954597222117,24.293108230338078,400.0,100.0
calma,2820,pls,False,2.2555689213993904,,,,,,
calma,2820,naive,False,0.5463111118613484,,,,,,
calma,2840,ols,False,0.0010532900164836856,,,,,,
calma,2840,ridge,False,0.02212592733302579,0.09769121487861815,0.0001,0.06882583895349433,97.69121487861815,400.0,100.0
calma,2840,nnls,False,1.2237660603997158,,,,,,
calma,2840,ssrc,False,0.016940543993992127,0.024488952637692563,0.0001,0.030008353689243036,24.488952637692563,400.0,100.0
calma,2840,pls,False,2.459980336200259,,,,,,
calma,2840,naive,False,1.2475227905004884,,,,,,
calma,2860,ols,False,0.10469808804161003,,,,,,
calma,2860,ridge,False,0.1388855736696185,0.0980781110084572,0.0001,0.06335339028099592,98.0781110084572,400.0,100.0
calma,2860,nnls,False,0.45752202822174326,,,,,,
calma,2860,ssrc,False,0.1135411008422603,0.02487984775669872,0.0001,0.03059901931464186,24.879847756698723,400.0,100.0
calma,2860,pls,False,0.16453920288496757,,,,,,
calma,2860,naive,False,0.4279914256562869,,,,,,
calma,2880,ols,False,0.3171816169576286,,,,,,
calma,2880,ridge,False,0.31676306568864077,0.00094674663782121,1e-06,0.05867126782429919,94.674663782121,400.0,100.0
calma,2880,nnls,False,1.0880259612750272,,,,,,
calma,2880,ssrc,False,0.15659883660246143,0.0002452367304388761,1e-06,0.02818960421798379,24.523673043887616,400.0,100.0
calma,2880,pls,False,5.478655525140196,,,,,,
calma,2880,naive,False,0.9814415823265498,,,,,,
calma,2900,ols,False,1.5265334149601064,,,,,,
calma,2900,ridge,False,1.5246514327053116,0.0009293035934699596,1e-06,0.05796533870371867,92.93035934699597,400.0,100.0
calma,2900,nnls,False,0.6703462784381953,,,,,,
calma,2900,ssrc,False,0.6156142809921814,2.3911699569154227e-06,1e-08,0.027099829893261616,23.91169956915423,400.0,100.0
calma,2900,pls,False,6.291596346069739,,,,,,
calma,2900,naive,False,0.830200511112547,,,,,,
calma,2920,ols,False,0.0642657450767352,,,,,,
calma,2920,ridge,False,0.06403012545779525,0.0009418460362690046,1e-06,0.061983548843293414,94.18460362690047,400.0,100.0
calma,2920,nnls,False,0.42313951075534,,,,,,
calma,2920,ssrc,False,0.06070067743916828,0.02402130276747687,0.0001,0.03195693697571249,24.02130276747687,400.0,100.0
calma,2920,pls,False,1.8404209883968519,,,,,,
calma,2920,naive,False,0.31064788079215855,,,,,,
calma,2940,ols,False,0.4237187448114659,,,,,,
calma,2940,ridge,False,0.42372485420150835,9.494184836111802e-06,1e-08,0.052365809833263915,94.94184836111802,400.0,100.0
calma,2940,nnls,False,0.47049866285760084,,,,,,
calma,2940,ssrc,False,0.018107578995934293,0.02463822411888005,0.0001,0.029969548194722993,24.638224118880046,400.0,100.0
calma,2940,pls,False,1.2192890176464295,,,,,,
calma,2940,naive,False,0.18857862302577866,,,,,,
calma,2960,ols,False,0.30841509284729623,,,,,,
calma,2960,ridge,False,0.3083296247994309,9.583854216942833e-06,1e-08,0.05800793867291146,95.83854216942832,400.0,100.0
calma,2960,nnls,False,0.6645406060576098,,,,,,
calma,2960,ssrc,False,0.13986280774803192,0.024585981069381535,0.0001,0.031165706644522242,24.585981069381535,400.0,100.0
calma,2960,pls,False,0.7869401056913282,,,,,,
calma,2960,naive,False,0.826292576067612,,,,,,
calma,2980,ols,False,0.4605526733332019,,,,,,
calma,2980,ridge,False,0.46054794922614584,9.498234361266365e-06,1e-08,0.06529734821859941,94.98234361266367,400.0,100.0
calma,2980,nnls,False,0.6476975504721575,,,,,,
calma,2980,ssrc,False,0.40860752587020266,0.02396671996115051,0.0001,0.03551098040763115,23.96671996115051,400.0,100.0
calma,2980,pls,False,2.966977180774429,,,,,,
calma,2980,naive,False,0.5806382014450616,,,,,,
calma,3000,ols,False,0.20329881260359112,,,,,,
calma,3000,ridge,False,0.2033001439332999,9.342034635789052e-06,1e-08,0.061484617174447094,93.42034635789052,400.0,100.0
calma,3000,nnls,False,0.9592894304815219,,,,,,
calma,3000,ssrc,False,0.02671805643833717,0.02368763031185935,0.0001,0.03760135135611584,23.68763031185935,400.0,100.0
calma,3000,pls,False,2.2057086158356736,,,,,,
calma,3000,naive,False,0.6775861881175838,,,,,,
calma,3020,ols,False,0.25361832495741565,,,,,,
calma,3020,ridge,False,0.25358144612588823,9.627090742021567e-06,1e-08,0.055585932987962244,96.27090742021568,400.0,100.0
calma,3020,nnls,False,0.6046123591242717,,,,,,
calma,3020,ssrc,False,0.14479176259706855,0.00023767607833191052,1e-06,0.0318183053025134,23.767607833191054,400.0,100.0
calma,3020,pls,False,0.7337532077593706,,,,,,
calma,3020,naive,False,0.7704515070930182,,,,,,
calma,3040,ols,False,0.3467610036121823,,,,,,
calma,3040,ridge,False,0.3227416175379973,0.09488534664976817,0.0001,0.06282913356641302,94.88534664976817,400.0,100.0
calma,3040,nnls,False,0.5594584394229505,,,,,,
calma,3040,ssrc,False,0.3267705427913453,0.00023369897966209232,1e-06,0.032820254813661284,23.369897966209237,400.0,100.0
calma,3040,pls,False,0.07648224872470258,,,,,,
calma,3040,naive,False,0.5349317782079708,,,,,,
calma,3060,ols,False,0.19916522093949754,,,,,,
calma,3060,ridge,False,0.1991619964550738,9.196055814300447e-06,1e-08,0.06280658455637679,91.96055814300448,400.0,100.0
calma,3060,nnls,False,1.0781065321720957,,,,,,
calma,3060,ssrc,False,0.06641920314350795,0.023262944998386888,0.0001,0.03020035802503425,23.26294499838689,400.0,100.0
calma,3060,pls,False,4.221718552286017,,,,,,
calma,3060,naive,False,0.8901361822406518,,,,,,
calma,3080,ols,False,0.03524352176496799,,,,,,
calma,3080,ridge,False,0.03442473589321895,0.0009379079333041967,1e-06,0.05986676634733066,93.79079333041967,400.0,100.0
calma,3080,nnls,False,1.4680627552612888,,,,,,
calma,3080,ssrc,False,0.01105631483268151,0.02346000596601194,0.0001,0.02942167560495826,23.46000596601194,400.0,100.0
calma,3080,pls,False,2.510473579761002,,,,,,
calma,3080,naive,False,1.5042286429907659,,,,,,
calma,3100,ols,False,0.20942858013711022,,,,,,
calma,3100,ridge,False,0.1977965436891056,0.0931658373695563,0.0001,0.063440061098538,93.1658373695563,400.0,100.0
calma,3100,nnls,False,0.3606120019096211,,,,,,
calma,3100,ssrc,False,0.016525345909633875,0.02346940607480878,0.0001,0.026270131317417057,23.46940607480878,400.0,100.0
calma,3100,pls,False,0.560502313222535,,,,,,
calma,3100,naive,False,0.3544967896178582,,,,,,
calma,3120,ols,False,0.3480061092338704,,,,,,
calma,3120,ridge,False,0.37450949374161807,0.09197485610852316,0.0001,0.0653330026716143,91.97485610852316,400.0,100.0
calma,3120,nnls,False,0.9738078742343629,,,,,,
calma,3120,ssrc,False,0.14569551724355911,0.023169764752597615,0.0001,0.025800961816263054,23.169764752597615,400.0,100.0
calma,3120,pls,False,2.79013655904289,,,,,,
calma,3120,naive,False,0.8933820935448875,,,,,,
calma,3140,ols,False,0.140017482158027,,,,,,
calma,3140,ridge,False,0.08034266161899174,0.09540663186491244,0.0001,0.0684683543027996,95.40663186491244,400.0,100.0
calma,3140,nnls,False,1.6803713825700757,,,,,,
calma,3140,ssrc,False,0.1476194857438626,0.023571225097264458,0.0001,0.023242640781142295,23.57122509726446,400.0,100.0
calma,3140,pls,False,1.423571892162948,,,,,,
calma,3140,naive,False,1.7208746250396396,,,,,,
calma,3160,ols,False,0.15193595424405276,,,,,,
calma,3160,ridge,False,0.12682088448238388,0.09244650682424178,0.0001,0.06704892847623077,92.4465068242418,400.0,100.0
calma,3160,nnls,False,0.1121005975697761,,,,,,
calma,3160,ssrc,False,0.25546485928738816,0.023462558890312395,0.0001,0.022550843772830786,23.462558890312394,400.0,100.0
calma,3160,pls,False,1.5853963800520636,,,,,,
calma,3160,naive,False,0.10461785593515148,,,,,,
calma,3180,ols,False,0.3538646129232809,,,,,,
calma,3180,ridge,False,0.374899365967188,0.09290213191967947,0.0001,0.07102460020815804,92.90213191967946,400.0,100.0
calma,3180,nnls,False,0.9847180987190222,,,,,,
calma,3180,ssrc,False,0.336081657753165,0.0002309862210585289,1e-06,0.025261042906839982,23.098622105852893,400.0,100.0
calma,3180,pls,False,2.7401979435971895,,,,,,
calma,3180,naive,False,0.8610335907991622,,,,,,
calma,3200,ols,False,0.09901461726783244,,,,,,
calma,3200,ridge,False,0.09824937136090735,0.0009582051397079194,1e-06,0.0672766743648911,95.82051397079195,400.0,100.0
calma,3200,nnls,False,1.4616199916333388,,,,,,
calma,3200,ssrc,False,0.043995517653267,0.023584007131402122,0.0001,0.02620974776255764,23.58400713140212,400.0,100.0
calma,3200,pls,False,3.045169998879359,,,,,,
calma,3200,naive,False,1.7502519407076087,,,,,,
calma,3220,ols,False,0.18682037901611243,,,,,,
calma,3220,ridge,False,0.14786070802012316,0.09894401307129473,0.0001,0.06524015724478703,98.94401307129473,400.0,100.0
calma,3220,nnls,False,0.14668578655444026,,,,,,
calma,3220,ssrc,False,0.1851055525560111,0.0002411680120183196,1e-06,0.02738816499706305,24.11680120183196,400.0,100.0
calma,3220,pls,False,0.7149025339735585,,,,,,
calma,3220,naive,False,0.18716522023264776,,,,,,
calma,3240,ols,False,0.6326775570869321,,,,,,
calma,3240,ridge,False,0.5617989357066562,0.0969956246877606,0.0001,0.06511516894077425,96.9956246877606,400.0,100.0
calma,3240,nnls,False,1.0476517059930373,,,,,,
calma,3240,ssrc,False,0.49024140225493695,0.23481760700235482,0.001,0.03622856901883875,23.481760700235483,400.0,100.0
calma,3240,pls,False,3.784832996313714,,,,,,
calma,3240,naive,False,0.9806376341699928,,,,,,
calma,3260,ols,False,0.11820357130704409,,,,,,
calma,3260,ridge,False,0.11279404346278747,0.09657386166760763,0.0001,0.06349470648997356,96.57386166760763,400.0,100.0
calma,3260,nnls,False,0.43196639850091,,,,,,
calma,3260,ssrc,False,0.015110669669083485,0.023585423684890597,0.0001,0.04282481837136373,23.5854236848906,400.0,100.0
calma,3260,pls,False,1.1543194491811812,,,,,,
calma,3260,naive,False,0.14181089179378492,,,,,,
calma,3280,ols,False,0.03614299608207782,,,,,,
calma,3280,ridge,False,0.03367528162502966,0.0009542496885060592,1e-06,0.05002037927237476,95.42496885060594,400.0,100.0
calma,3280,nnls,False,0.26302906712348106,,,,,,
calma,3280,ssrc,False,0.2802314249959564,0.00023969658623757098,1e-06,0.03704024335220289,23.9696586237571,400.0,100.0
calma,3280,pls,False,1.2791321704127256,,,,,,
calma,3280,naive,False,0.142188406375466,,,,,,
calma,3300,ols,False,0.3628081067997011,,,,,,
calma,3300,ridge,False,0.3627951396270316,9.564880097366633e-06,1e-08,0.04693611740767942,95.64880097366633,400.0,100.0
calma,3300,nnls,False,0.19020495239227936,,,,,,
calma,3300,ssrc,False,0.07400809625551288,0.00024286659648277154,1e-06,0.0352423686552594,24.286659648277155,400.0,100.0
calma,3300,pls,False,0.6453149290185418,,,,,,
calma,3300,naive,False,0.07059928940635625,,,,,,
calma,3320,ols,False,0.1595400987530569,,,,,,
calma,3320,ridge,False,0.15954715622009052,9.951607878669096e-06,1e-08,0.04455391894692276,99.51607878669097,400.0,100.0
calma,3320,nnls,False,0.08451606934073877,,,,,,
calma,3320,ssrc,False,0.2816950091995653,0.0002501706433857647,1e-06,0.03480077654299645,25.017064338576475,400.0,100.0
calma,3320,pls,False,0.7250424890428692,,,,,,
calma,3320,naive,False,0.16783270482960502,,,,,,
calma,3340,ols,False,0.09697184849372435,,,,,,
calma,3340,ridge,False,0.11038323002051138,0.09757583674776275,0.0001,0.041965099917292144,97.57583674776276,400.0,100.0
calma,3340,nnls,False,0.2862067249693403,,,,,,
calma,3340,ssrc,False,0.06551871090929536,2.4952757308019296e-06,1e-08,0.027364652016614737,24.952757308019297,400.0,100.0
calma,3340,pls,False,1.7094450672760948,,,,,,
calma,3340,naive,False,0.25060401722796444,,,,,,
calma,3360,ols,False,0.18387923359551703,,,,,,
calma,3360,ridge,False,0.14598049857621406,0.10039667123365494,0.0001,0.05465277502735061,100.39667123365494,400.0,100.0
calma,3360,nnls,False,0.3279772958585547,,,,,,
calma,3360,ssrc,False,0.016654086780409205,0.0002484723286483703,1e-06,0.029630963701325924,24.847232864837036,400.0,100.0
calma,3360,pls,False,4.543840707788215,,,,,,
calma,3360,naive,False,0.26125673502780433,,,,,,
calma,3380,ols,False,0.14037397297173598,,,,,,
calma,3380,ridge,False,0.0801809842962444,0.10152526878525628,0.0001,0.055797671191156854,101.52526878525629,400.0,100.0
calma,3380,nnls,False,0.1812099676088146,,,,,,
calma,3380,ssrc,False,0.056154742759920835,0.025163169724520287,0.0001,0.03043897366133069,25.163169724520287,400.0,100.0
calma,3380,pls,False,1.0017226286977357,,,,,,
calma,3380,naive,False,0.18764976123195373,,,,,,
calma,3400,ols,False,0.3343196914678914,,,,,,
calma,3400,ridge,False,0.36252635210300527,0.10124508161363772,0.0001,0.05587948527142918,101.24508161363772,400.0,100.0
calma,3400,nnls,False,0.9579726759192745,,,,,,
calma,3400,ssrc,False,0.02968144164695845,0.025195740214581326,0.0001,0.03144071692021107,25.195740214581328,400.0,100.0
calma,3400,pls,False,0.7653904957891694,,,,,,
calma,3400,naive,False,0.9233735083122935,,,,,,
calma,3420,ols,False,0.6051027440689528,,,,,,
calma,3420,ridge,False,0.6061032530084852,0.0009884967334195314,1e-06,0.06217123420510676,98.84967334195315,400.0,100.0
calma,3420,nnls,False,0.899520069164558,,,,,,
calma,3420,ssrc,False,0.00853900679000754,0.024821287279631853,0.0001,0.031581140471225996,24.821287279631854,400.0,100.0
calma,3420,pls,False,1.551873149469371,,,,,,
calma,3420,naive,False,1.2582548958028132,,,,,,
calma,3440,ols,False,0.8224336018804309,,,,,,
calma,3440,ridge,False,0.8238466975527889,0.0009815629517032213,1e-06,0.06043028553286154,98.15629517032215,400.0,100.0
calma,3440,nnls,False,2.5382048719887558,,,,,,
calma,3440,ssrc,False,0.2716472461204578,0.024181955092575102,0.0001,0.03041678748082096,24.1819550925751,400.0,100.0
calma,3440,pls,False,3.7358420398976824,,,,,,
calma,3440,naive,False,2.4542762595516194,,,,,,
calma,3460,ols,False,0.02073291355730869,,,,,,
calma,3460,ridge,False,0.03714048528447861,0.09720188703420055,0.0001,0.058804094240116324,97.20188703420055,400.0,100.0
calma,3460,nnls,False,0.051728269183000455,,,,,,
calma,3460,ssrc,False,0.035224522798679936,0.24197032131212187,0.001,0.03064795359253271,24.197032131212186,400.0,100.0
calma,3460,pls,False,0.32404565212532443,,,,,,
calma,3460,naive,False,0.20308624306879244,,,,,,
calma,3480,ols,False,0.14683097253666905,,,,,,
calma,3480,ridge,False,0.14668546857902118,0.0009781606580987756,1e-06,0.057153852377274224,97.81606580987757,400.0,100.0
calma,3480,nnls,False,0.3574326477264837,,,,,,
calma,3480,ssrc,False,0.021570993327466568,0.024837232774932216,0.0001,0.03010331544887527,24.837232774932218,400.0,100.0
calma,3480,pls,False,0.9920088019934289,,,,,,
calma,3480,naive,False,0.10350914665578519,,,,,,
calma,3500,ols,False,0.03644167008619649,,,,,,
calma,3500,ridge,False,0.03542228276138256,0.00099418092907258,1e-06,0.05186042068695526,99.41809290725803,400.0,100.0
calma,3500,nnls,False,0.3217999510721174,,,,,,
calma,3500,ssrc,False,0.24623696517405036,0.02515239767158474,0.0001,0.028968317869380825,25.15239767158474,400.0,100.0
calma,3500,pls,False,1.4768594754924222,,,,,,
calma,3500,naive,False,0.19599521241703086,,,,,,
calma,3520,ols,False,0.3581874945429198,,,,,,
calma,3520,ridge,False,0.3572301710948,0.0009651857516477903,1e-06,0.04064121438054909,96.51857516477904,400.0,100.0
calma,3520,nnls,False,0.2186238328022665,,,,,,
calma,3520,ssrc,False,0.05441658813312633,0.025138575345579114,0.0001,0.028184506917771204,25.138575345579113,400.0,100.0
calma,3520,pls,False,0.23984666446784136,,,,,,
calma,3520,naive,False,0.48274271039901695,,,,,,
calma,3540,ols,False,0.07263813721490076,,,,,,
calma,3540,ridge,False,0.07373924773744865,0.0009713110037662467,1e-06,0.039898995892576714,97.13110037662469,400.0,100.0
calma,3540,nnls,False,0.1273895179525472,,,,,,
calma,3540,ssrc,False,0.12260421185476371,0.02560263900578699,0.0001,0.029931704699752527,25.60263900578699,400.0,100.0
calma,3540,pls,False,1.2788169751165346,,,,,,
calma,3540,naive,False,0.05636218952271054,,,,,,
calma,3560,ols,False,0.5659698368786757,,,,,,
calma,3560,ridge,False,0.5655980925539,0.000990156158495267,1e-06,0.035493310861290324,99.01561584952672,400.0,100.0
calma,3560,nnls,False,1.8569918653434347,,,,,,
calma,3560,ssrc,False,0.035035141070351626,2.583920583668974e-06,1e-08,0.023565802074780116,25.839205836689743,400.0,100.0
calma,3560,pls,False,4.1390960777613675,,,,,,
calma,3560,naive,False,1.7321348483244456,,,,,,
calma,3580,ols,False,0.3965800636820134,,,,,,
calma,3580,ridge,False,0.5516209630836351,0.09997756217132997,0.0001,0.046923122739390026,99.97756217132996,400.0,100.0
calma,3580,nnls,False,2.3922336925421304,,,,,,
calma,3580,ssrc,False,0.02102390237729726,0.0002584710957564679,1e-06,0.021624915048442484,25.84710957564679,400.0,100.0
calma,3580,pls,False,5.2708789651294605,,,,,,
calma,3580,naive,False,2.2830774287113207,,,,,,
calma,3600,ols,False,0.33306878975830556,,,,,,
calma,3600,ridge,False,0.2649970234532332,0.10113555488141518,0.0001,0.05777429760546621,101.13555488141517,400.0,100.0
calma,3600,nnls,False,0.3177704747957984,,,,,,
calma,3600,ssrc,False,0.033466233595324635,0.00026017108847389386,1e-06,0.02225068230719713,26.017108847389387,400.0,100.0
calma,3600,pls,False,0.24645653173781532,,,,,,
calma,3600,naive,False,0.36456540986533276,,,,,,
calma,3620,ols,False,0.35018981802079313,,,,,,
calma,3620,ridge,False,0.36817357038889653,0.10178930901351495,0.0001,0.0648668739025152,101.78930901351495,400.0,100.0
calma,3620,nnls,False,0.8097836304495353,,,,,,
calma,3620,ssrc,False,0.008455003803731691,2.6043047078592794e-06,1e-08,0.023981232489590623,26.043047078592792,400.0,100.0
calma,3620,pls,False,2.7373607632533075,,,,,,
calma,3620,naive,False,0.7369968045535867,,,,,,
calma,3640,ols,False,0.5692153864954483,,,,,,
calma,3640,ridge,False,0.5953739434257904,0.10037270111075443,0.0001,0.06779962422665757,100.37270111075442,400.0,100.0
calma,3640,nnls,False,0.8574781261089182,,,,,,
calma,3640,ssrc,False,0.04779148139450242,2.619272539749503e-06,1e-08,0.02334379528127488,26.192725397495032,400.0,100.0
calma,3640,pls,False,1.5204269159442276,,,,,,
calma,3640,naive,False,1.143229746322006,,,,,,
calma,3660,ols,False,0.45227446623252526,,,,,,
calma,3660,ridge,False,0.35812969794108135,0.10408064365825963,0.0001,0.070590872630665,104.08064365825963,400.0,100.0
calma,3660,nnls,False,0.487604666360901,,,,,,
calma,3660,ssrc,False,0.056863496867668416,0.00026523192074211487,1e-06,0.023921947314301875,26.52319207421149,400.0,100.0
calma,3660,pls,False,0.48253458414326966,,,,,,
calma,3660,naive,False,0.5799386727017913,,,,,,
calma,3680,ols,False,0.3210811058831449,,,,,,
calma,3680,ridge,False,0.34159093267377794,0.10385858847245229,0.0001,0.06804828789073537,103.8585884724523,400.0,100.0
calma,3680,nnls,False,0.7426861662232981,,,,,,
calma,3680,ssrc,False,0.012505957719587606,2.6584705207069755e-06,1e-08,0.026222957929662977,26.584705207069756,400.0,100.0
calma,3680,pls,False,2.4636043606014235,,,,,,
calma,3680,naive,False,0.7028019497969902,,,,,,
calma,3700,ols,False,0.3881478089705931,,,,,,
calma,3700,ridge,False,0.3869139789040161,0.0010283068231559736,1e-06,0.064840821046693,102.83068231559737,400.0,100.0
calma,3700,nnls,False,1.4412540112857302,,,,,,
calma,3700,ssrc,False,0.09349191046739898,0.0002637760149014133,1e-06,0.022512880336513,26.37760149014133,400.0,100.0
calma,3700,pls,False,3.255358199090869,,,,,,
calma,3700,naive,False,1.237679319047261,,,,,,
calma,3720,ols,False,0.5271357668887746,,,,,,
calma,3720,ridge,False,0.5270392921680509,1.0267873197458798e-05,1e-08,0.06659241503813218,102.67873197458799,400.0,100.0
calma,3720,nnls,False,3.1121960092478362,,,,,,
calma,3720,ssrc,False,0.2579002653355405,0.026085487085716366,0.0001,0.022519779523214756,26.085487085716366,400.0,100.0
calma,3720,pls,False,0.5566180220239678,,,,,,
calma,3720,naive,False,2.8469264635866054,,,,,,
calma,3740,ols,False,0.0450721374012254,,,,,,
calma,3740,ridge,False,0.07586215113623923,0.10366720226044202,0.0001,0.06739208830663147,103.66720226044202,400.0,100.0
calma,3740,nnls,False,0.2741304389310327,,,,,,
calma,3740,ssrc,False,0.10821435041214962,0.026583856444209755,0.0001,0.022076139963929427,26.583856444209758,400.0,100.0
calma,3740,pls,False,1.4250245326524427,,,,,,
calma,3740,naive,False,0.24860073615797404,,,,,,
calma,3760,ols,False,0.5685617171649258,,,,,,
calma,3760,ridge,False,0.6439952286657675,0.1045709797154058,0.0001,0.06988397834201822,104.5709797154058,400.0,100.0
calma,3760,nnls,False,1.8169485664972642,,,,,,
calma,3760,ssrc,False,0.12057919098084861,0.02618617966911395,0.0001,0.020903646053378026,26.18617966911395,400.0,100.0
calma,3760,pls,False,3.6068837682918846,,,,,,
calma,3760,naive,False,1.807810401598502,,,,,,
calma,3780,ols,False,0.16495839131251633,,,,,,
calma,3780,ridge,False,0.05956634294267338,0.10337135398147503,0.0001,0.07184680687486182,103.37135398147502,400.0,100.0
calma,3780,nnls,False,2.06019881744712,,,,,,
calma,3780,ssrc,False,0.15271998942410944,0.025692238119841074,0.0001,0.019851254089321237,25.692238119841075,400.0,100.0
calma,3780,pls,False,4.510361916389265,,,,,,
calma,3780,naive,False,2.5615625772907546,,,,,,
calma,3800,ols,False,0.3135436245397383,,,,,,
calma,3800,ridge,False,0.2645127022026337,0.10432662895464098,0.0001,0.07304620215031556,104.32662895464098,400.0,100.0
calma,3800,nnls,False,0.4066364007622306,,,,,,
calma,3800,ssrc,False,0.012927106672274645,0.025403111202839303,0.0001,0.020023276769574952,25.403111202839302,400.0,100.0
calma,3800,pls,False,1.8891676775173087,,,,,,
calma,3800,naive,False,0.3877582853515706,,,,,,
calma,3820,ols,False,0.31851093102724587,,,,,,
calma,3820,ridge,False,0.3420850862682737,0.10267670739814089,0.0001,0.07301443728939494,102.67670739814089,400.0,100.0
calma,3820,nnls,False,0.8634721542532682,,,,,,
calma,3820,ssrc,False,0.039465464308226846,0.024858324938017935,0.0001,0.02259445189300597,24.858324938017933,400.0,100.0
calma,3820,pls,False,0.9141128712952296,,,,,,
calma,3820,naive,False,0.8396555793483951,,,,,,
calma,3840,ols,False,0.5737125953129814,,,,,,
calma,3840,ridge,False,0.6167462901094993,0.10094671224628729,0.0001,0.07206324271253017,100.94671224628729,400.0,100.0
calma,3840,nnls,False,1.6373822903453152,,,,,,
calma,3840,ssrc,False,0.2050667620174381,0.024559508592166834,0.0001,0.025026764562973272,24.559508592166836,400.0,100.0
calma,3840,pls,False,3.6821686317269204,,,,,,
calma,3840,naive,False,1.5502013762313218,,,,,,
calma,3860,ols,False,0.0676619524545136,,,,,,
calma,3860,ridge,False,0.1270079049780734,0.10202084238560905,0.0001,0.07683494291396727,102.02084238560906,400.0,100.0
calma,3860,nnls,False,1.1095631037803235,,,,,,
calma,3860,ssrc,False,0.13042326011165017,0.024803069850248303,0.0001,0.038516108051301165,24.803069850248303,400.0,100.0
calma,3860,pls,False,0.22310933582017511,,,,,,
calma,3860,naive,False,1.0918664231119817,,,,,,
calma,3880,ols,False,0.28297634287571005,,,,,,
calma,3880,ridge,False,0.3247307852750124,0.1009456922381251,0.0001,0.06724343701233489,100.9456922381251,400.0,100.0
calma,3880,nnls,False,0.9072111261122309,,,,,,
calma,3880,ssrc,False,0.033394486233034607,0.00024580637072122834,1e-06,0.0404917385920201,24.58063707212284,400.0,100.0
calma,3880,pls,False,1.0198091025550737,,,,,,
calma,3880,naive,False,0.8672837655881003,,,,,,
calma,3900,ols,False,0.2813023526976938,,,,,,
calma,3900,ridge,False,0.19749864707176,0.10100814267486581,0.0001,0.06570010258866363,101.00814267486581,400.0,100.0
calma,3900,nnls,False,1.4198244342414597,,,,,,
calma,3900,ssrc,False,0.10852088840829359,0.024602709010999764,0.0001,0.05612226298798342,24.602709010999764,400.0,100.0
calma,3900,pls,False,6.094013840940369,,,,,,
calma,3900,naive,False,1.3004703469721817,,,,,,
calma,3920,ols,False,0.29321633402567243,,,,,,
calma,3920,ridge,False,0.29369061695575843,0.0010372905877655241,1e-06,0.06442176807120457,103.72905877655242,400.0,100.0
calma,3920,nnls,False,0.6721365511784924,,,,,,
calma,3920,ssrc,False,0.14585866140554604,0.02485068676221171,0.0001,0.05172587142434458,24.85068676221171,400.0,100.0
calma,3920,pls,False,1.1105442016028702,,,,,,
calma,3920,naive,False,0.8613895686894145,,,,,,
calma,3940,ols,False,0.9055735052085153,,,,,,
calma,3940,ridge,False,0.9166753573885141,0.0010351967196525523,1e-06,0.06856786838859884,103.51967196525526,400.0,100.0
calma,3940,nnls,False,3.3390024441742034,,,,,,
calma,3940,ssrc,False,0.7299497913718397,0.02484968702577941,0.0001,0.053092444048222304,24.849687025779406,400.0,100.0
calma,3940,pls,False,7.4376814018033235,,,,,,
calma,3940,naive,False,3.870080556744851,,,,,,
calma,3960,ols,False,0.25908277878358643,,,,,,
calma,3960,ridge,False,0.2590083839369347,1.0211588869391869e-05,1e-08,0.060001177671354364,102.11588869391869,400.0,100.0
calma,3960,nnls,False,0.8154094070735147,,,,,,
calma,3960,ssrc,False,0.04949493119023046,0.2465822503342465,0.001,0.05243442502130398,24.65822503342465,400.0,100.0
calma,3960,pls,False,2.3493018842373337,,,,,,
calma,3960,naive,False,0.8108480591240613,,,,,,
calma,3980,ols,False,0.06340903241238373,,,,,,
calma,3980,ridge,False,0.06083831608274023,0.0010094578603932315,1e-06,0.05798413177579229,100.94578603932317,400.0,100.0
calma,3980,nnls,False,0.8824003444011599,,,,,,
calma,3980,ssrc,False,0.02883208382368624,0.024435307383781715,0.0001,0.03847636214936636,24.435307383781716,400.0,100.0
calma,3980,pls,False,0.20196320650967534,,,,,,
calma,3980,naive,False,0.7646456910932365,,,,,,
calma,4000,ols,False,0.2596756094460466,,,,,,
calma,4000,ridge,False,0.25964161601129765,9.749585654660662e-06,1e-08,0.05075780810387787,97.49585654660662,400.0,100.0
calma,4000,nnls,False,1.1761126673544025,,,,,,
calma,4000,ssrc,False,0.07975412001355404,0.023957307707756524,0.0001,0.041455532741656684,23.957307707756524,400.0,100.0
calma,4000,pls,False,2.9212395955522186,,,,,,
calma,4000,naive,False,1.1177920483833828,,,,,,
calma,4020,ols,False,0.06348745121445432,,,,,,
calma,4020,ridge,False,0.06501729476402436,0.0009655279344570313,1e-06,0.04172696306332287,96.55279344570313,400.0,100.0
calma,4020,nnls,False,0.8440403062309525,,,,,,
calma,4020,ssrc,False,0.038644629102495616,0.02376627267912921,0.0001,0.045227175383715575,23.76627267912921,400.0,100.0
calma,4020,pls,False,1.0630707468331506,,,,,,
calma,4020,naive,False,0.7855987041575196,,,,,,
calma,4040,ols,False,0.3570045821210821,,,,,,
calma,4040,ridge,False,0.35639663730101623,0.0009277267248951789,1e-06,0.03997368423794875,92.7726724895179,400.0,100.0
calma,4040,nnls,False,1.1222438438716937,,,,,,
calma,4040,ssrc,False,0.06461936429731423,0.23194979279469202,0.001,0.04141404053736317,23.194979279469205,400.0,100.0
calma,4040,pls,False,1.0191408131093644,,,,,,
calma,4040,naive,False,1.059452310929,,,,,,
calma,4060,ols,False,0.27103294697835867,,,,,,
calma,4060,ridge,False,0.27079355925868254,0.0009114456279752396,1e-06,0.0389821964435078,91.14456279752397,400.0,100.0
calma,4060,nnls,False,1.7244931244379869,,,,,,
calma,4060,ssrc,False,0.1858024717538106,0.022872079626707332,0.0001,0.02865565591257404,22.872079626707333,400.0,100.0
calma,4060,pls,False,5.303563894332021,,,,,,
calma,4060,naive,False,1.5183310507419479,,,,,,
calma,4080,ols,False,0.2206208436534477,,,,,,
calma,4080,ridge,False,0.217673520279238,0.0009234017936298407,1e-06,0.04939094501765326,92.34017936298409,400.0,100.0
calma,4080,nnls,False,0.4261955869283782,,,,,,
calma,4080,ssrc,False,0.02586199316330607,2.311150519578819e-06,1e-08,0.024078212667169675,23.11150519578819,400.0,100.0
calma,4080,pls,False,0.3040682589099176,,,,,,
calma,4080,naive,False,0.5399451649258222,,,,,,
calma,4100,ols,False,0.21886520596862352,,,,,,
calma,4100,ridge,False,0.2246511228252854,0.09106558335197565,0.0001,0.05619249477861609,91.06558335197565,400.0,100.0
calma,4100,nnls,False,0.539874906230675,,,,,,
calma,4100,ssrc,False,0.22914752297469962,2.295479302725991e-06,1e-08,0.02211660115443551,22.95479302725991,400.0,100.0
calma,4100,pls,False,0.2706898208591547,,,,,,
calma,4100,naive,False,0.5177564893144567,,,,,,
calma,4120,ols,False,0.5805851880561845,,,,,,
calma,4120,ridge,False,0.6543054963508667,0.09047761663303926,0.0001,0.06444797111109297,90.47761663303925,400.0,100.0
calma,4120,nnls,False,2.0980084563680226,,,,,,
calma,4120,ssrc,False,0.1593533539115047,0.022966151137308256,0.0001,0.021592263131188897,22.966151137308255,400.0,100.0
calma,4120,pls,False,4.454045031679076,,,,,,
calma,4120,naive,False,1.9293214865374573,,,,,,
calma,4140,ols,False,0.19228733264364736,,,,,,
calma,4140,ridge,False,0.20865843885964136,0.09238085042155031,0.0001,0.07271760165255083,92.3808504215503,400.0,100.0
calma,4140,nnls,False,1.5840160053185959,,,,,,
calma,4140,ssrc,False,0.229671545107113,0.022882576086097964,0.0001,0.020905526361177932,22.882576086097963,400.0,100.0
calma,4140,pls,False,1.4902050874190123,,,,,,
calma,4140,naive,False,1.5457439817169099,,,,,,
calma,4160,ols,False,0.2655790156359978,,,,,,
calma,4160,ridge,False,0.2521894171601524,0.08847513575442259,0.0001,0.07390308232656732,88.47513575442258,400.0,100.0
calma,4160,nnls,False,0.4013089208531706,,,,,,
calma,4160,ssrc,False,0.13574259028966337,0.022419313057815745,0.0001,0.022175136000275812,22.419313057815742,400.0,100.0
calma,4160,pls,False,2.0509554001952,,,,,,
calma,4160,naive,False,0.35236295468712553,,,,,,
calma,4180,ols,False,0.12002966792212731,,,,,,
calma,4180,ridge,False,0.12461643817807509,0.08977485122607022,0.0001,0.0685518104169938,89.77485122607021,400.0,100.0
calma,4180,nnls,False,0.324063420239933,,,,,,
calma,4180,ssrc,False,0.016940964014275656,0.022550376257095963,0.0001,0.02060229261364239,22.550376257095962,400.0,100.0
calma,4180,pls,False,0.7567565660976062,,,,,,
calma,4180,naive,False,0.3250369135133725,,,,,,
calma,4200,ols,False,0.19332005289958995,,,,,,
calma,4200,ridge,False,0.206022701980931,0.08967994306674819,0.0001,0.07758530326822713,89.6799430667482,400.0,100.0
calma,4200,nnls,False,0.1349684506927835,,,,,,
calma,4200,ssrc,False,0.11884642833228716,0.022400232928147894,0.0001,0.023966389117666485,22.400232928147897,400.0,100.0
calma,4200,pls,False,0.08620969490529089,,,,,,
calma,4200,naive,False,0.46826200471890894,,,,,,
calma,4220,ols,False,0.028621740259296084,,,,,,
calma,4220,ridge,False,0.0285939112602638,8.96911109454305e-06,1e-08,0.06871398819895105,89.69111094543051,400.0,100.0
calma,4220,nnls,False,0.18741880703648992,,,,,,
calma,4220,ssrc,False,0.264490835616315,0.022839406168214598,0.0001,0.030318745450231388,22.839406168214598,400.0,100.0
calma,4220,pls,False,1.220974870549441,,,,,,
calma,4220,naive,False,0.09260099250611471,,,,,,
calma,4240,ols,False,0.49347258138773215,,,,,,
calma,4240,ridge,False,0.49350266550950095,8.89530040394692e-06,1e-08,0.06174835534043219,88.95300403946919,400.0,100.0
calma,4240,nnls,False,1.9731599626074163,,,,,,
calma,4240,ssrc,False,0.00469184531597117,0.022796909398990227,0.0001,0.03918048198861581,22.796909398990227,400.0,100.0
calma,4240,pls,False,4.139321913315584,,,,,,
calma,4240,naive,False,1.7824515100424512,,,,,,
calma,4260,ols,False,1.1983095800274628,,,,,,
calma,4260,ridge,False,1.198279232340618,8.892083268943587e-06,1e-08,0.059937591572291546,88.92083268943587,400.0,100.0
calma,4260,nnls,False,0.18188323082810026,,,,,,
calma,4260,ssrc,False,0.48156221000441507,0.022819496325938774,0.0001,0.041524248366849266,22.819496325938772,400.0,100.0
calma,4260,pls,False,4.694655358419442,,,,,,
calma,4260,naive,False,0.4348884772920648,,,,,,
calma,4280,ols,False,0.08022454759451775,,,,,,
calma,4280,ridge,False,0.08022149991543263,9.064274176076851e-06,1e-08,0.06530366338227404,90.64274176076852,400.0,100.0
calma,4280,nnls,False,0.06280842876709643,,,,,,
calma,4280,ssrc,False,0.27840410307755875,0.023092789443588557,0.0001,0.04571471071678343,23.092789443588558,400.0,100.0
calma,4280,pls,False,1.070725472543152,,,,,,
calma,4280,naive,False,0.029341796144351045,,,,,,
calma,4300,ols,False,0.21818928223416548,,,,,,
calma,4300,ridge,False,0.218193053379296,8.981776710386453e-06,1e-08,0.054216653722134994,89.81776710386453,400.0,100.0
calma,4300,nnls,False,0.6169147535140181,,,,,,
calma,4300,ssrc,False,0.13417091500949116,0.230598384795471,0.001,0.04190665817091766,23.059838479547103,400.0,100.0
calma,4300,pls,False,2.3246620334310126,,,,,,
calma,4300,naive,False,0.5569212051806367,,,,,,
calma,4320,ols,False,0.32691185139572637,,,,,,
calma,4320,ridge,False,0.326318780398179,0.0009071987433999149,1e-06,0.06586605142968273,90.7198743399915,400.0,100.0
calma,4320,nnls,False,0.9591287220725151,,,,,,
calma,4320,ssrc,False,0.13424722503143058,2.321478577587476e-06,1e-08,0.03374258505722249,23.214785775874763,400.0,100.0
calma,4320,pls,False,2.6770695216018066,,,,,,
calma,4320,naive,False,1.0963988934206579,,,,,,
calma,4340,ols,False,0.2033405110148027,,,,,,
calma,4340,ridge,False,0.16681744346708594,0.09171824593266452,0.0001,0.06586821725097967,91.71824593266452,400.0,100.0
calma,4340,nnls,False,0.18709119901954518,,,,,,
calma,4340,ssrc,False,0.14375710287345034,2.3538920608494872e-06,1e-08,0.02719551584491537,23.538920608494877,400.0,100.0
calma,4340,pls,False,1.8408760127799784,,,,,,
calma,4340,naive,False,0.18796148381765831,,,,,,
calma,4360,ols,False,0.3671359210880148,,,,,,
calma,4360,ridge,False,0.39177365050291557,0.08792842899596286,0.0001,0.06736620872573028,87.92842899596286,400.0,100.0
calma,4360,nnls,False,1.0401545689631895,,,,,,
calma,4360,ssrc,False,0.1056871583152435,0.02305154723661136,0.0001,0.028844505404411455,23.051547236611363,400.0,100.0
calma,4360,pls,False,2.8695965493267463,,,,,,
calma,4360,naive,False,0.9303051463311969,,,,,,
calma,4380,ols,False,0.17518599499436305,,,,,,
calma,4380,ridge,False,0.17517542865665156,8.985442254080855e-06,1e-08,0.06458492173928235,89.85442254080856,400.0,100.0
calma,4380,nnls,False,1.8772972079455317,,,,,,
calma,4380,ssrc,False,0.11649312654157964,0.02319065023655855,0.0001,0.028026192903885406,23.190650236558554,400.0,100.0
calma,4380,pls,False,3.8034708191419258,,,,,,
calma,4380,naive,False,1.597236558883377,,,,,,
calma,4400,ols,False,0.2602350902314536,,,,,,
calma,4400,ridge,False,0.19822742649725536,0.0939847067480895,0.0001,0.07079113069589293,93.9847067480895,400.0,100.0
calma,4400,nnls,False,0.7868957523857375,,,,,,
calma,4400,ssrc,False,0.006003924538273357,0.23587751481994695,0.001,0.028878711449446627,23.587751481994697,400.0,100.0
calma,4400,pls,False,2.2711525169851896,,,,,,
calma,4400,naive,False,0.7885650230353991,,,,,,
calma,4420,ols,False,0.3477189236521915,,,,,,
calma,4420,ridge,False,0.34029676100781764,0.09074395843090204,0.0001,0.06855232977934082,90.74395843090204,400.0,100.0
calma,4420,nnls,False,0.6059634755863318,,,,,,
calma,4420,ssrc,False,0.0941711651809783,0.2312908461749453,0.001,0.028036419904944467,23.12908461749453,400.0,100.0
calma,4420,pls,False,2.5547204181696372,,,,,,
calma,4420,naive,False,0.530624047188477,,,,,,
calma,4440,ols,False,0.11525007017087982,,,,,,
calma,4440,ridge,False,0.07838106298864406,0.09151409790743201,0.0001,0.0683852450755987,91.51409790743202,400.0,100.0
calma,4440,nnls,False,1.4872766367514556,,,,,,
calma,4440,ssrc,False,0.03078482478143905,0.02364938798985343,0.0001,0.027753851912412867,23.64938798985343,400.0,100.0
calma,4440,pls,False,3.204413629881135,,,,,,
calma,4440,naive,False,1.1874762846440736,,,,,,
calma,4460,ols,False,0.8261033423234829,,,,,,
calma,4460,ridge,False,0.6654908581663903,0.09323525074360031,0.0001,0.0692825330836662,93.23525074360032,400.0,100.0
calma,4460,nnls,False,2.5578295902653996,,,,,,
calma,4460,ssrc,False,0.17933936805217462,0.023626814377845622,0.0001,0.023421790681329727,23.626814377845623,400.0,100.0
calma,4460,pls,False,5.885498819233074,,,,,,
calma,4460,naive,False,2.842802617285881,,,,,,
calma,4480,ols,False,0.009612597775182849,,,,,,
calma,4480,ridge,False,0.03227124352187434,0.09450836207668381,0.0001,0.06862436995110328,94.50836207668381,400.0,100.0
calma,4480,nnls,False,0.21143360098885308,,,,,,
calma,4480,ssrc,False,0.0746835394883899,0.023440718921970756,0.0001,0.02540357419306655,23.440718921970756,400.0,100.0
calma,4480,pls,False,0.8399455386203439,,,,,,
calma,4480,naive,False,0.20067720427961763,,,,,,
calma,4500,ols,False,0.515311565358701,,,,,,
calma,4500,ridge,False,0.5486139255511321,0.09512828318036191,0.0001,0.06524028696616245,95.1282831803619,400.0,100.0
calma,4500,nnls,False,1.5831330752549022,,,,,,
calma,4500,ssrc,False,0.0037883911548441617,0.00023142062812899435,1e-06,0.022791562735253384,23.14206281289944,400.0,100.0
calma,4500,pls,False,3.518487249571621,,,,,,
calma,4500,naive,False,1.4485097562516658,,,,,,
calma,4520,ols,False,0.20138387436445535,,,,,,
calma,4520,ridge,False,0.12527849684603526,0.09753591722025114,0.0001,0.06912845221646474,97.53591722025114,400.0,100.0
calma,4520,nnls,False,2.118642470631125,,,,,,
calma,4520,ssrc,False,0.13646341118325647,0.00023051193411188878,1e-06,0.021568376668514716,23.05119341118888,400.0,100.0
calma,4520,pls,False,1.3552579306977932,,,,,,
calma,4520,naive,False,2.2042217960807915,,,,,,
calma,4540,ols,False,0.0861313184282521,,,,,,
calma,4540,ridge,False,0.011112032014763613,0.1013588400935099,0.0001,0.07341885473450174,101.3588400935099,400.0,100.0
calma,4540,nnls,False,1.415775494210762,,,,,,
calma,4540,ssrc,False,0.20722100189269543,0.023118988745274033,0.0001,0.025031568127906828,23.118988745274034,400.0,100.0
calma,4540,pls,False,3.3742000778066985,,,,,,
calma,4540,naive,False,1.6878923967039476,,,,,,
calma,4560,ols,False,0.3601699761778636,,,,,,
calma,4560,ridge,False,0.39712706875713316,0.1013467017454732,0.0001,0.06919704118399968,101.34670174547318,400.0,100.0
calma,4560,nnls,False,1.1542514637889059,,,,,,
calma,4560,ssrc,False,0.16843864899265498,0.023291353809097606,0.0001,0.029971097538562114,23.291353809097604,400.0,100.0
calma,4560,pls,False,1.6191958943686098,,,,,,
calma,4560,naive,False,1.0758185584293685,,,,,,
calma,4580,ols,False,0.12071506150007139,,,,,,
calma,4580,ridge,False,0.2066664555454098,0.09793204696480383,0.0001,0.06820804038360721,97.93204696480383,400.0,100.0
calma,4580,nnls,False,1.9164246955527713,,,,,,
calma,4580,ssrc,False,0.04163794593991884,0.022963556550002418,0.0001,0.028407038945639087,22.96355655000242,400.0,100.0
calma,4580,pls,False,2.4672427616388206,,,,,,
calma,4580,naive,False,1.9647798265170804,,,,,,
calma,4600,ols,False,0.6052052149963251,,,,,,
calma,4600,ridge,False,0.5488110125239303,0.09893804031259248,0.0001,0.07063787256812008,98.93804031259248,400.0,100.0
calma,4600,nnls,False,2.032288171577747,,,,,,
calma,4600,ssrc,False,0.6139962032108774,0.022850804959019026,0.0001,0.03168865738550511,22.85080495901903,400.0,100.0
calma,4600,pls,False,5.079277659295479,,,,,,
calma,4600,naive,False,2.4060658736466705,,,,,,
calma,4620,ols,False,0.3068627291442962,,,,,,
calma,4620,ridge,False,0.33781304740151824,0.09929835828702521,0.0001,0.06404969434918438,99.29835828702521,400.0,100.0
calma,4620,nnls,False,0.9840182913925796,,,,,,
calma,4620,ssrc,False,0.11148108438314774,0.023099450084057054,0.0001,0.03858110727780424,23.099450084057054,400.0,100.0
calma,4620,pls,False,1.1119767365180566,,,,,,
calma,4620,naive,False,0.9161884453586444,,,,,,
calma,4640,ols,False,0.10418473056193969,,,,,,
calma,4640,ridge,False,0.10419508369357167,9.568563073431537e-06,1e-08,0.059643901241837737,95.68563073431537,400.0,100.0
calma,4640,nnls,False,1.7102959680274346,,,,,,
calma,4640,ssrc,False,0.04019589750334527,0.022875180409509133,0.0001,0.03657191859254889,22.875180409509134,400.0,100.0
calma,4640,pls,False,2.2538216458549054,,,,,,
calma,4640,naive,False,1.8270409155440877,,,,,,
calma,4660,ols,False,0.09417356848520274,,,,,,
calma,4660,ridge,False,0.09379830814467144,0.0009679625087988845,1e-06,0.06448791610719419,96.79625087988846,400.0,100.0
calma,4660,nnls,False,1.6799709629028037,,,,,,
calma,4660,ssrc,False,0.24665653276228847,0.022881124537915513,0.0001,0.03074755657171359,22.881124537915515,400.0,100.0
calma,4660,pls,False,2.9862209114981066,,,,,,
calma,4660,naive,False,1.637253278774908,,,,,,
calma,4680,ols,False,0.323266426786666,,,,,,
calma,4680,ridge,False,0.35359130280291556,0.09640213504824229,0.0001,0.06225407060611055,96.40213504824229,400.0,100.0
calma,4680,nnls,False,1.0330190005072322,,,,,,
calma,4680,ssrc,False,0.14327706109881483,0.023103104149916166,0.0001,0.03143477870963866,23.103104149916163,400.0,100.0
calma,4680,pls,False,2.7273494245496464,,,,,,
calma,4680,naive,False,0.9194118510871674,,,,,,
calma,4700,ols,False,0.21678280130161576,,,,,,
calma,4700,ridge,False,0.1471569648920545,0.09660345756806057,0.0001,0.06012227973008797,96.60345756806058,400.0,100.0
calma,4700,nnls,False,1.7996196567915625,,,,,,
calma,4700,ssrc,False,0.05611474431839614,0.02320298437804537,0.0001,0.027322046155474383,23.20298437804537,400.0,100.0
calma,4700,pls,False,3.7536543234335076,,,,,,
calma,4700,naive,False,1.494817495229338,,,,,,
calma,4720,ols,False,0.23612385913673706,,,,,,
calma,4720,ridge,False,0.17914281711117927,0.09719967996802825,0.0001,0.06442207513936331,97.19967996802825,400.0,100.0
calma,4720,nnls,False,0.6423597559554212,,,,,,
calma,4720,ssrc,False,0.004119462582894575,0.022934127539026267,0.0001,0.023816856349131745,22.934127539026267,400.0,100.0
calma,4720,pls,False,1.9022326742994542,,,,,,
calma,4720,naive,False,0.6285780960117394,,,,,,
calma,4740,ols,False,0.2663871088818095,,,,,,
calma,4740,ridge,False,0.2749399129931865,0.09612590559757553,0.0001,0.06766490115973058,96.12590559757552,400.0,100.0
calma,4740,nnls,False,0.5916586104026949,,,,,,
calma,4740,ssrc,False,0.11404299385631307,0.02258192820583208,0.0001,0.02448407603454629,22.58192820583208,400.0,100.0
calma,4740,pls,False,2.235622957892303,,,,,,
calma,4740,naive,False,0.5127759717808844,,,,,,
calma,4760,ols,False,0.5659935949550273,,,,,,
calma,4760,ridge,False,0.6287844768990826,0.09567643664772854,0.0001,0.06452858639184064,95.67643664772855,400.0,100.0
calma,4760,nnls,False,2.0490237225160506,,,,,,
calma,4760,ssrc,False,0.12823488303477792,0.022647358902476173,0.0001,0.023937575042555052,22.647358902476174,400.0,100.0
calma,4760,pls,False,4.100604910958268,,,,,,
calma,4760,naive,False,1.8568552562335776,,,,,,
calma,4780,ols,False,0.218283937170056,,,,,,
calma,4780,ridge,False,0.24323426145231605,0.0959480671101178,0.0001,0.06970549985996981,95.9480671101178,400.0,100.0
calma,4780,nnls,False,1.561406486715433,,,,,,
calma,4780,ssrc,False,0.20366378147827824,0.02252652557370457,0.0001,0.019803202037246385,22.526525573704568,400.0,100.0
calma,4780,pls,False,1.332127461207325,,,,,,
calma,4780,naive,False,1.537381162526565,,,,,,
calma,4800,ols,False,0.3347908859076095,,,,,,
calma,4800,ridge,False,0.31565410705536484,0.09496149029717567,0.0001,0.07126357524663456,94.96149029717567,400.0,100.0
calma,4800,nnls,False,0.46986720404850657,,,,,,
calma,4800,ssrc,False,0.14681909093192652,0.022356355361066754,0.0001,0.019200605905796198,22.356355361066754,400.0,100.0
calma,4800,pls,False,2.208585662675428,,,,,,
calma,4800,naive,False,0.41918082666143164,,,,,,
calma,4820,ols,False,0.43785421980714706,,,,,,
calma,4820,ridge,False,0.473267173651328,0.09339957796596242,0.0001,0.06732431112346231,93.39957796596241,400.0,100.0
calma,4820,nnls,False,1.314283270274892,,,,,,
calma,4820,ssrc,False,0.10454512228177124,0.022295227463248333,0.0001,0.020106593412890027,22.295227463248334,400.0,100.0
calma,4820,pls,False,3.0162449457868736,,,,,,
calma,4820,naive,False,1.188269512340847,,,,,,
calma,4840,ols,False,0.006067876148369577,,,,,,
calma,4840,ridge,False,0.07965935316458846,0.095382620386977,0.0001,0.07057628702279124,95.382620386977,400.0,100.0
calma,4840,nnls,False,1.8724033547129284,,,,,,
calma,4840,ssrc,False,0.027278160079973898,0.00022316234956700683,1e-06,0.01970487630271213,22.316234956700683,400.0,100.0
calma,4840,pls,False,1.6189811096334055,,,,,,
calma,4840,naive,False,1.9871718614354335,,,,,,
calma,4860,ols,False,0.59693412735387,,,,,,
calma,4860,ridge,False,0.5968938955964083,9.43492378710624e-06,1e-08,0.06889260599872042,94.34923787106241,400.0,100.0
calma,4860,nnls,False,2.028089642654597,,,,,,
calma,4860,ssrc,False,0.049081594907214914,0.022183393983117552,0.0001,0.022607997748392138,22.183393983117554,400.0,100.0
calma,4860,pls,False,4.095067806793376,,,,,,
calma,4860,naive,False,1.6964655308736858,,,,,,
calma,4880,ols,False,0.114695219152175,,,,,,
calma,4880,ridge,False,0.11041630056807979,0.0009726333876861665,1e-06,0.066939647706296,97.26333876861666,400.0,100.0
calma,4880,nnls,False,0.333220555453363,,,,,,
calma,4880,ssrc,False,0.40456332927293154,0.022386644665499444,0.0001,0.028660727598947958,22.386644665499446,400.0,100.0
calma,4880,pls,False,0.14293683029568066,,,,,,
calma,4880,naive,False,0.2697675166335284,,,,,,
calma,4900,ols,False,0.05767810550086855,,,,,,
calma,4900,ridge,False,0.05733317362518922,0.0009304227846241335,1e-06,0.059624024790410755,93.04227846241336,400.0,100.0
calma,4900,nnls,False,0.8074039716753467,,,,,,
calma,4900,ssrc,False,0.024940014653891333,0.022314401863322657,0.0001,0.03333398972350133,22.314401863322658,400.0,100.0
calma,4900,pls,False,1.7630044041549313,,,,,,
calma,4900,naive,False,0.9067166632676167,,,,,,
calma,4920,ols,False,0.15563521221171922,,,,,,
calma,4920,ridge,False,0.15273865829024216,0.0009260445892041148,1e-06,0.05240886101978929,92.60445892041149,400.0,100.0
calma,4920,nnls,False,0.5594773152863278,,,,,,
calma,4920,ssrc,False,0.1291399933226886,0.22688714034568322,0.001,0.0341920695437343,22.68871403456832,400.0,100.0
calma,4920,pls,False,0.1299323604148585,,,,,,
calma,4920,naive,False,0.5066885403520542,,,,,,
calma,4940,ols,False,0.3018864442366082,,,,,,
calma,4940,ridge,False,0.3008278813029564,0.0009105726592164551,1e-06,0.04405639402782517,91.05726592164552,400.0,100.0
calma,4940,nnls,False,1.0138098821221477,,,,,,
calma,4940,ssrc,False,0.09227427211844562,0.2253011956201288,0.001,0.03487037252014824,22.53011956201288,400.0,100.0
calma,4940,pls,False,2.363242140092821,,,,,,
calma,4940,naive,False,1.1524227621866283,,,,,,
calma,4960,ols,False,0.184833691201771,,,,,,
calma,4960,ridge,False,0.1852302990650243,0.000879544114199578,1e-06,0.04376326618079308,87.95441141995781,400.0,100.0
calma,4960,nnls,False,0.15244604413917084,,,,,,
calma,4960,ssrc,False,0.23804443236836229,0.22433595195779388,0.001,0.0323275179804286,22.43359519577939,400.0,100.0
calma,4960,pls,False,1.609364663503678,,,,,,
calma,4960,naive,False,0.15614697054809562,,,,,,
calma,4980,ols,False,0.36854711515052446,,,,,,
calma,4980,ridge,False,0.3692954716772021,0.0008678076030051028,1e-06,0.04771567480593725,86.7807603005103,400.0,100.0
calma,4980,nnls,False,1.0595577207991087,,,,,,
calma,4980,ssrc,False,0.024259013372559587,0.02213605373076077,0.0001,0.025444873512400705,22.13605373076077,400.0,100.0
calma,4980,pls,False,2.681474942893818,,,,,,
calma,4980,naive,False,0.943380419949893,,,,,,
calma,5000,ols,False,0.2522068521637094,,,,,,
calma,5000,ridge,False,0.2576000364780868,0.000883176842060874,1e-06,0.05316439562059787,88.3176842060874,400.0,100.0
calma,5000,nnls,False,2.387500807597339,,,,,,
calma,5000,ssrc,False,0.06998519369640267,0.022416619362065685,0.0001,0.021446400599037917,22.416619362065685,400.0,100.0
calma,5000,pls,False,4.6475861301230745,,,,,,
calma,5000,naive,False,2.1183175372126097,,,,,,
calma,5020,ols,False,0.20857509928715945,,,,,,
calma,5020,ridge,False,0.15944430157088488,0.08929242236831623,0.0001,0.061637936741135685,89.29242236831624,400.0,100.0
calma,5020,nnls,False,0.6537584603750461,,,,,,
calma,5020,ssrc,False,0.06180472526678644,0.022546199689312495,0.0001,0.021195947633050768,22.546199689312495,400.0,100.0
calma,5020,pls,False,2.013333944782906,,,,,,
calma,5020,naive,False,0.6881495408579859,,,,,,
calma,5040,ols,False,0.14270757991240973,,,,,,
calma,5040,ridge,False,0.1483939512583323,0.08587161182297601,0.0001,0.06442392562296073,85.871611822976,400.0,100.0
calma,5040,nnls,False,0.3229392075550781,,,,,,
calma,5040,ssrc,False,0.16311942309224206,0.0223843271166664,0.0001,0.0220699270326687,22.3843271166664,400.0,100.0
calma,5040,pls,False,1.6835955838881393,,,,,,
calma,5040,naive,False,0.2758521857802473,,,,,,
calma,5060,ols,False,0.11595383075657875,,,,,,
calma,5060,ridge,False,0.1558216930803451,0.0884933811419175,0.0001,0.0707773155953498,88.4933811419175,400.0,100.0
calma,5060,nnls,False,1.5905950567666995,,,,,,
calma,5060,ssrc,False,0.03665091062318427,0.022371285387097775,0.0001,0.021257589162522614,22.371285387097775,400.0,100.0
calma,5060,pls,False,3.5337922172020826,,,,,,
calma,5060,naive,False,1.3951041964747066,,,,,,
calma,5080,ols,False,0.4319590649286095,,,,,,
calma,5080,ridge,False,0.41066677033552995,0.08955987733066959,0.0001,0.06853696851758814,89.5598773306696,400.0,100.0
calma,5080,nnls,False,1.9875951774943699,,,,,,
calma,5080,ssrc,False,0.15360856054843047,0.02242230721993169,0.0001,0.021167683133844036,22.42230721993169,400.0,100.0
calma,5080,pls,False,2.111906268494316,,,,,,
calma,5080,naive,False,2.0894276794486095,,,,,,
calma,5100,ols,False,0.1957534726817988,,,,,,
calma,5100,ridge,False,0.1770010742911824,0.08884044457023024,0.0001,0.07033067023832612,88.84044457023025,400.0,100.0
calma,5100,nnls,False,0.26844943053580883,,,,,,
calma,5100,ssrc,False,0.10631021786462808,0.022580119025118493,0.0001,0.022208439225446748,22.580119025118492,400.0,100.0
calma,5100,pls,False,0.5837021542628729,,,,,,
calma,5100,naive,False,0.2767348479030678,,,,,,
calma,5120,ols,False,0.4564393104978455,,,,,,
calma,5120,ridge,False,0.492371148295218,0.08858193894430294,0.0001,0.07015090895207549,88.58193894430295,400.0,100.0
calma,5120,nnls,False,1.3749817485267037,,,,,,
calma,5120,ssrc,False,0.07909425526557114,2.231382314356258e-06,1e-08,0.02098219717715196,22.313823143562583,400.0,100.0
calma,5120,pls,False,3.1368388578704183,,,,,,
calma,5120,naive,False,1.2470030877961218,,,,,,
calma,5140,ols,False,0.9631354201616099,,,,,,
calma,5140,ridge,False,0.956481366207607,0.0905103318106316,0.0001,0.07313387997026762,90.51033181063161,400.0,100.0
calma,5140,nnls,False,0.2232559532782513,,,,,,
calma,5140,ssrc,False,0.10801570727850011,0.022337252994943282,0.0001,0.020093961973302023,22.337252994943285,400.0,100.0
calma,5140,pls,False,4.115788191968553,,,,,,
calma,5140,naive,False,0.49747747486971744,,,,,,
calma,5160,ols,False,0.2646299724897264,,,,,,
calma,5160,ridge,False,0.1984400006314797,0.0926373630122304,0.0001,0.07274955702528993,92.6373630122304,400.0,100.0
calma,5160,nnls,False,0.37493740569935047,,,,,,
calma,5160,ssrc,False,0.23698568425676367,0.022692543365576717,0.0001,0.02064091411898239,22.692543365576718,400.0,100.0
calma,5160,pls,False,0.026359396244293218,,,,,,
calma,5160,naive,False,0.4659898858025595,,,,,,
calma,5180,ols,False,0.009314300933347525,,,,,,
calma,5180,ridge,False,0.15165639778487466,0.09141132499262733,0.0001,0.07330733360487246,91.41132499262733,400.0,100.0
calma,5180,nnls,False,3.3043298306988413,,,,,,
calma,5180,ssrc,False,0.5527939643891645,0.022106235045872058,0.0001,0.022722576641967036,22.106235045872058,400.0,100.0
calma,5180,pls,False,6.60486314550488,,,,,,
calma,5180,naive,False,3.828901119377965,,,,,,
calma,5200,ols,False,0.21328597512315942,,,,,,
calma,5200,ridge,False,0.21027449333537565,0.0009255565648479542,1e-06,0.06837939843031159,92.55565648479543,400.0,100.0
calma,5200,nnls,False,0.8295389382129877,,,,,,
calma,5200,ssrc,False,0.00989506581016984,0.022231449814118613,0.0001,0.024885617871481663,22.231449814118616,400.0,100.0
calma,5200,pls,False,1.4239621956315511,,,,,,
calma,5200,naive,False,0.7133542007869788,,,,,,
calma,5220,ols,False,0.05426966427128445,,,,,,
calma,5220,ridge,False,0.05248930383935187,0.0008872921909621049,1e-06,0.05792442542551507,88.7292190962105,400.0,100.0
calma,5220,nnls,False,0.6327040549978971,,,,,,
calma,5220,ssrc,False,0.02217034835841866,0.02227293242622094,0.0001,0.025972616324666895,22.27293242622094,400.0,100.0
calma,5220,pls,False,0.5556995839901657,,,,,,
calma,5220,naive,False,0.6759142746415759,,,,,,
calma,5240,ols,False,0.1536104331587675,,,,,,
calma,5240,ridge,False,0.15149297968743503,0.0008781660091420021,1e-06,0.04723165094847573,87.81660091420022,400.0,100.0
calma,5240,nnls,False,1.0834619301986457,,,,,,
calma,5240,ssrc,False,0.1415058926407306,0.02258645251795508,0.0001,0.02617290471854279,22.58645251795508,400.0,100.0
calma,5240,pls,False,2.528164724695511,,,,,,
calma,5240,naive,False,0.950988702479005,,,,,,
calma,5260,ols,False,0.08635126686507252,,,,,,
calma,5260,ridge,False,0.08902020972462528,0.0008674076657542419,1e-06,0.03658314866319629,86.7407665754242,400.0,100.0
calma,5260,nnls,False,0.3907882891233811,,,,,,
calma,5260,ssrc,False,0.050662108865712444,0.022805220268978906,0.0001,0.024833349210387583,22.805220268978907,400.0,100.0
calma,5260,pls,False,1.2891792506567985,,,,,,
calma,5260,naive,False,0.4242681983559463,,,,,,
calma,5280,ols,False,0.25036153401801164,,,,,,
calma,5280,ridge,False,0.24889359621227372,0.0008238798406175931,1e-06,0.03345063238851519,82.38798406175931,400.0,100.0
calma,5280,nnls,False,1.56882276277241,,,,,,
calma,5280,ssrc,False,0.0006344522801265641,0.0225745737636974,0.0001,0.023396791870939463,22.5745737636974,400.0,100.0
calma,5280,pls,False,2.908188327727343,,,,,,
calma,5280,naive,False,1.404674471100228,,,,,,
calma,5300,ols,False,0.09899902721274878,,,,,,
calma,5300,ridge,False,0.09829907237226508,0.0008281831168831605,1e-06,0.0347905643977613,82.81831168831606,400.0,100.0
calma,5300,nnls,False,1.2135509665681956,,,,,,
calma,5300,ssrc,False,0.14947475386667827,0.022835501193570727,0.0001,0.01704024668329539,22.835501193570725,400.0,100.0
calma,5300,pls,False,2.388589924954778,,,,,,
calma,5300,naive,False,1.2118247718350725,,,,,,
calma,5320,ols,False,0.18141339829319994,,,,,,
calma,5320,ridge,False,0.17934664476304063,0.08151243327847146,0.0001,0.04314956959953755,81.51243327847146,400.0,100.0
calma,5320,nnls,False,0.32834569723133056,,,,,,
calma,5320,ssrc,False,0.11118641878010495,0.022673862964017123,0.0001,0.015664286597427548,22.673862964017122,400.0,100.0
calma,5320,pls,False,1.8449766121461442,,,,,,
calma,5320,naive,False,0.2806752538181656,,,,,,
calma,5340,ols,False,0.49021358377574825,,,,,,
calma,5340,ridge,False,0.5201414437799123,0.0808015228593199,0.0001,0.05152138330714444,80.8015228593199,400.0,100.0
calma,5340,nnls,False,1.9839255471231025,,,,,,
calma,5340,ssrc,False,0.008355662638960676,0.022493271027035463,0.0001,0.016915921469529666,22.493271027035462,400.0,100.0
calma,5340,pls,False,2.89053115155985,,,,,,
calma,5340,naive,False,1.8266537404151537,,,,,,
calma,5360,ols,False,0.7758963709503213,,,,,,
calma,5360,ridge,False,0.8208953983434154,0.08134683720898771,0.0001,0.0569601810569026,81.34683720898771,400.0,100.0
calma,5360,nnls,False,2.7526009034754884,,,,,,
calma,5360,ssrc,False,0.3589067141769956,0.022569279551421403,0.0001,0.01753774109538412,22.569279551421403,400.0,100.0
calma,5360,pls,False,3.6995889605022723,,,,,,
calma,5360,naive,False,2.591943694430767,,,,,,
calma,5380,ols,False,0.016429322769287057,,,,,,
calma,5380,ridge,False,0.015850857650935593,0.08038248225846667,0.0001,0.06787481816841755,80.38248225846667,400.0,100.0
calma,5380,nnls,False,0.2549833183701428,,,,,,
calma,5380,ssrc,False,0.042506332414088834,0.22630573629670286,0.001,0.02877727276520659,22.630573629670288,400.0,100.0
calma,5380,pls,False,0.4061841003537389,,,,,,
calma,5380,naive,False,0.3813466522857613,,,,,,
calma,5400,ols,False,0.25664417012671165,,,,,,
calma,5400,ridge,False,0.29822103270309025,0.08193147920141408,0.0001,0.06535339495313386,81.93147920141409,400.0,100.0
calma,5400,nnls,False,1.5911748422161556,,,,,,
calma,5400,ssrc,False,0.09200470442344184,0.22838678773388194,0.001,0.035762107403608204,22.838678773388196,400.0,100.0
calma,5400,pls,False,3.211808437924994,,,,,,
calma,5400,naive,False,1.3592413160466714,,,,,,
calma,5420,ols,False,0.08198429991407738,,,,,,
calma,5420,ridge,False,0.08198009680078769,8.596157612129006e-06,1e-08,0.06119165645414517,85.96157612129008,400.0,100.0
calma,5420,nnls,False,0.9605454568619677,,,,,,
calma,5420,ssrc,False,0.2927403952406163,0.23123263790238574,0.001,0.039778730564889515,23.123263790238575,400.0,100.0
calma,5420,pls,False,1.910626658666657,,,,,,
calma,5420,naive,False,1.0815516692385752,,,,,,
calma,5440,ols,False,0.1426246213334516,,,,,,
calma,5440,ridge,False,0.14257804235900842,0.000882792858840768,1e-06,0.057013879671420645,88.27928588407681,400.0,100.0
calma,5440,nnls,False,0.26491858781696026,,,,,,
calma,5440,ssrc,False,0.005569946752808264,0.2325133920124226,0.001,0.04225774928094223,23.25133920124226,400.0,100.0
calma,5440,pls,False,0.8102430844872386,,,,,,
calma,5440,naive,False,0.267346341770472,,,,,,
calma,5460,ols,False,0.42469740709715087,,,,,,
calma,5460,ridge,False,0.4247072441612083,8.773575552152792e-06,1e-08,0.0633650754093717,87.73575552152793,400.0,100.0
calma,5460,nnls,False,1.9427071057323513,,,,,,
calma,5460,ssrc,False,0.12108774537744801,0.22986295576005294,0.001,0.04363434030383153,22.986295576005293,400.0,100.0
calma,5460,pls,False,4.055261963486967,,,,,,
calma,5460,naive,False,1.7371395460600256,,,,,,
calma,5480,ols,False,1.0270636548118535,,,,,,
calma,5480,ridge,False,1.027122320118677,8.965544549481343e-06,1e-08,0.056215568169650856,89.65544549481342,400.0,100.0
calma,5480,nnls,False,0.9013967213240341,,,,,,
calma,5480,ssrc,False,0.037224557860243326,0.23323785046045242,0.001,0.03588566873324064,23.323785046045245,400.0,100.0
calma,5480,pls,False,1.272402011939328,,,,,,
calma,5480,naive,False,1.3064466281625464,,,,,,
calma,5500,ols,False,0.08345352312976959,,,,,,
calma,5500,ridge,False,0.04956853058663728,0.09149480163722284,0.0001,0.06323798777283479,91.49480163722285,400.0,100.0
calma,5500,nnls,False,0.05267180382335473,,,,,,
calma,5500,ssrc,False,0.19702337597305508,0.02346569502313914,0.0001,0.03078208892866131,23.465695023139144,400.0,100.0
calma,5500,pls,False,1.3269893640859862,,,,,,
calma,5500,naive,False,0.03456567754426948,,,,,,
calma,5520,ols,False,0.15446394585879114,,,,,,
calma,5520,ridge,False,0.16261869681954363,0.08729570717835008,0.0001,0.0636809362090261,87.29570717835009,400.0,100.0
calma,5520,nnls,False,0.43485418188204333,,,,,,
calma,5520,ssrc,False,0.14636898335208265,0.022970513793137644,0.0001,0.02637206974424938,22.97051379313764,400.0,100.0
calma,5520,pls,False,0.6340449340457475,,,,,,
calma,5520,naive,False,0.4291133590710381,,,,,,
calma,5540,ols,False,0.2647931940715891,,,,,,
calma,5540,ridge,False,0.289979076015469,0.08873569906245816,0.0001,0.07269301267199434,88.73569906245817,400.0,100.0
calma,5540,nnls,False,0.48383141124105244,,,,,,
calma,5540,ssrc,False,0.09209765143369576,0.00023162975017011547,1e-06,0.024374670045394346,23.162975017011547,400.0,100.0
calma,5540,pls,False,0.7155087011524627,,,,,,
calma,5540,naive,False,0.7847353021550401,,,,,,
calma,5560,ols,False,0.07486477338217357,,,,,,
calma,5560,ridge,False,0.03703734589823854,0.08979800122683573,0.0001,0.06271715938876117,89.79800122683574,400.0,100.0
calma,5560,nnls,False,0.08486591555214264,,,,,,
calma,5560,ssrc,False,0.08364274966669868,0.00023661860152467048,1e-06,0.028300537843369014,23.66186015246705,400.0,100.0
calma,5560,pls,False,1.154090207316791,,,,,,
calma,5560,naive,False,0.010750291406202593,,,,,,
calma,5580,ols,False,0.16798920931166247,,,,,,
calma,5580,ridge,False,0.1831424444588269,0.09006103415084116,0.0001,0.05943037149701265,90.06103415084117,400.0,100.0
calma,5580,nnls,False,0.4709137764235766,,,,,,
calma,5580,ssrc,False,0.04210925155949796,2.367818518613046e-06,1e-08,0.0276352588212914,23.678185186130463,400.0,100.0
calma,5580,pls,False,2.205132897070357,,,,,,
calma,5580,naive,False,0.42243816012457147,,,,,,
calma,5600,ols,False,0.34288382993622196,,,,,,
calma,5600,ridge,False,0.3589253233081895,0.09077227268615329,0.0001,0.06449740678971415,90.77227268615329,400.0,100.0
calma,5600,nnls,False,0.6220154858704282,,,,,,
calma,5600,ssrc,False,0.1104388310509853,2.3643940584975717e-06,1e-08,0.030365701977718363,23.64394058497572,400.0,100.0
calma,5600,pls,False,3.270717168211886,,,,,,
calma,5600,naive,False,0.726106193125472,,,,,,
calma,5620,ols,False,0.11595299372230708,,,,,,
calma,5620,ridge,False,0.07775517511113889,0.09136243927927071,0.0001,0.06283438471928782,91.3624392792707,400.0,100.0
calma,5620,nnls,False,0.006189420248140542,,,,,,
calma,5620,ssrc,False,0.2820290266139207,0.02400653003258247,0.0001,0.03089845842826961,24.00653003258247,400.0,100.0
calma,5620,pls,False,1.462761101224012,,,,,,
calma,5620,naive,False,0.018440997217987372,,,,,,
calma,5640,ols,False,0.09579135981786349,,,,,,
calma,5640,ridge,False,0.10047199010368661,0.08905752146396938,0.0001,0.05359579093419904,89.05752146396938,400.0,100.0
calma,5640,nnls,False,0.2733243301155424,,,,,,
calma,5640,ssrc,False,0.13999843493701958,0.02375507459168298,0.0001,0.028307843456403393,23.755074591682984,400.0,100.0
calma,5640,pls,False,0.9999053509053072,,,,,,
calma,5640,naive,False,0.27786732646788903,,,,,,
calma,5660,ols,False,0.2529549654025005,,,,,,
calma,5660,ridge,False,0.24967681503349154,0.08664902863602039,0.0001,0.0650269913168538,86.64902863602039,400.0,100.0
calma,5660,nnls,False,0.21697992974355684,,,,,,
calma,5660,ssrc,False,0.08503553444398593,2.3469278490030955e-06,1e-08,0.02565585640465801,23.469278490030955,400.0,100.0
calma,5660,pls,False,0.724309428304428,,,,,,
calma,5660,naive,False,0.05383928938529043,,,,,,
calma,5680,ols,False,0.04094506475644308,,,,,,
calma,5680,ridge,False,0.019801021261416255,0.09002147073334886,0.0001,0.06196681789351965,90.02147073334886,400.0,100.0
calma,5680,nnls,False,0.08023195891053739,,,,,,
calma,5680,ssrc,False,0.31117684920534383,0.024391876387541908,0.0001,0.027983667443342065,24.39187638754191,400.0,100.0
calma,5680,pls,False,1.2318794301801828,,,,,,
calma,5680,naive,False,0.022581036990528547,,,,,,
calma,5700,ols,False,0.5474285077456051,,,,,,
calma,5700,ridge,False,0.5473955476503357,8.861041066829726e-06,1e-08,0.05168036700816194,88.61041066829726,400.0,100.0
calma,5700,nnls,False,1.8984005516778855,,,,,,
calma,5700,ssrc,False,0.06645167303522075,0.00024322341739097363,1e-06,0.02463109283400536,24.322341739097368,400.0,100.0
calma,5700,pls,False,4.237633641414755,,,,,,
calma,5700,naive,False,1.745407626121871,,,,,,
calma,5720,ols,False,0.6274533951442174,,,,,,
calma,5720,ridge,False,0.6274567107451351,9.034412618167078e-06,1e-08,0.05800466290660888,90.34412618167079,400.0,100.0
calma,5720,nnls,False,1.4414688865647192,,,,,,
calma,5720,ssrc,False,0.19571795557966265,2.399925855617842e-06,1e-08,0.02325259759619585,23.999258556178418,400.0,100.0
calma,5720,pls,False,6.139201495735789,,,,,,
calma,5720,naive,False,1.2092444635141488,,,,,,
calma,5740,ols,False,0.12547183677116727,,,,,,
calma,5740,ridge,False,0.12551115012548222,9.45566014615938e-06,1e-08,0.0641574565729222,94.5566014615938,400.0,100.0
calma,5740,nnls,False,0.06529987089179186,,,,,,
calma,5740,ssrc,False,0.3060815383802976,0.024235887374546346,0.0001,0.027009420155220457,24.235887374546348,400.0,100.0
calma,5740,pls,False,0.6925788387382127,,,,,,
calma,5740,naive,False,0.1442150850954268,,,,,,
calma,5760,ols,False,0.3771256734173071,,,,,,
calma,5760,ridge,False,0.40443111410154936,0.09561310398507059,0.0001,0.056424859030443884,95.6131039850706,400.0,100.0
calma,5760,nnls,False,1.1013091036110032,,,,,,
calma,5760,ssrc,False,0.0065313699786689215,0.02409657407750815,0.0001,0.02604933084469752,24.096574077508148,400.0,100.0
calma,5760,pls,False,2.9815518905608904,,,,,,
calma,5760,naive,False,1.0121397351553396,,,,,,
calma,5780,ols,False,0.44965409890883684,,,,,,
calma,5780,ridge,False,0.5281885232261869,0.09872487528053088,0.0001,0.06603713449567027,98.72487528053088,400.0,100.0
calma,5780,nnls,False,1.3019118866382975,,,,,,
calma,5780,ssrc,False,0.11022511784538104,0.02419146410463768,0.0001,0.02212717863609572,24.191464104637678,400.0,100.0
calma,5780,pls,False,3.9874116354138205,,,,,,
calma,5780,naive,False,1.4228484000777544,,,,,,
calma,5800,ols,False,0.9814251845195988,,,,,,
calma,5800,ridge,False,0.8399722294328855,0.0999364337135608,0.0001,0.07063074971299009,99.9364337135608,400.0,100.0
calma,5800,nnls,False,2.7606108672430505,,,,,,
calma,5800,ssrc,False,0.39332503478518244,0.023956909949783337,0.0001,0.02478680373840339,23.956909949783338,400.0,100.0
calma,5800,pls,False,6.456711744676225,,,,,,
calma,5800,naive,False,3.2306197496439517,,,,,,
calma,5820,ols,False,0.23542895765981245,,,,,,
calma,5820,ridge,False,0.27426740028077756,0.10133620950739655,0.0001,0.06735192970331773,101.33620950739655,400.0,100.0
calma,5820,nnls,False,0.7853884627652067,,,,,,
calma,5820,ssrc,False,0.1525708936600589,0.024205509001308554,0.0001,0.03066616220385423,24.205509001308556,400.0,100.0
calma,5820,pls,False,0.9449182753602595,,,,,,
calma,5820,naive,False,0.7473502631407353,,,,,,
calma,5840,ols,False,0.22614454243751658,,,,,,
calma,5840,ridge,False,0.2889078222243521,0.0991666615328532,0.0001,0.06411912150159416,99.1666615328532,400.0,100.0
calma,5840,nnls,False,1.489195337895535,,,,,,
calma,5840,ssrc,False,0.11378645711097797,2.426818595766879e-06,1e-08,0.030391327814866226,24.26818595766879,400.0,100.0
calma,5840,pls,False,3.2516234997250537,,,,,,
calma,5840,naive,False,1.5449819148483641,,,,,,
calma,5860,ols,False,0.3724746329166697,,,,,,
calma,5860,ridge,False,0.30820728296376193,0.10069040779030723,0.0001,0.06576335812643115,100.69040779030723,400.0,100.0
calma,5860,nnls,False,0.6668766000514239,,,,,,
calma,5860,ssrc,False,0.11629155951665669,2.4569424072286395e-06,1e-08,0.03196757237966237,24.569424072286395,400.0,100.0
calma,5860,pls,False,2.481090961491642,,,,,,
calma,5860,naive,False,0.6445447118119876,,,,,,
calma,5880,ols,False,0.1547833966479561,,,,,,
calma,5880,ridge,False,0.15876331450913111,0.09898112506515833,0.0001,0.06244053853130135,98.98112506515832,400.0,100.0
calma,5880,nnls,False,0.3876124336474347,,,,,,
calma,5880,ssrc,False,0.03424101251270537,2.417771042240834e-06,1e-08,0.03254638860559727,24.177710422408342,400.0,100.0
calma,5880,pls,False,0.4347824378916845,,,,,,
calma,5880,naive,False,0.38230736741694343,,,,,,
calma,5900,ols,False,0.17567107925403658,,,,,,
calma,5900,ridge,False,0.14175406823654055,0.09828258682820183,0.0001,0.0657745505829004,98.28258682820183,400.0,100.0
calma,5900,nnls,False,1.2731423913230757,,,,,,
calma,5900,ssrc,False,0.0407213525338838,2.3728283890850306e-06,1e-08,0.02684413644354524,23.728283890850307,400.0,100.0
calma,5900,pls,False,2.8242612318830305,,,,,,
calma,5900,naive,False,0.9898002717739534,,,,,,
calma,5920,ols,False,0.5697753505673568,,,,,,
calma,5920,ridge,False,0.569737756491127,9.862890874470431e-06,1e-08,0.06711926970067134,98.62890874470432,400.0,100.0
calma,5920,nnls,False,1.9176101467173396,,,,,,
calma,5920,ssrc,False,0.0589228971481791,2.350433801811693e-06,1e-08,0.02037821369739775,23.504338018116933,400.0,100.0
calma,5920,pls,False,4.826869168695768,,,,,,
calma,5920,naive,False,2.3700109491693424,,,,,,
calma,5940,ols,False,0.023388676981425195,,,,,,
calma,5940,ridge,False,0.010322340854551927,0.09736103882798301,0.0001,0.06914329057616576,97.36103882798301,400.0,100.0
calma,5940,nnls,False,0.08817779348750936,,,,,,
calma,5940,ssrc,False,0.04027326301529789,2.3367831488505194e-06,1e-08,0.021465661900596653,23.367831488505196,400.0,100.0
calma,5940,pls,False,1.0384434413429637,,,,,,
calma,5940,naive,False,0.09137507672809286,,,,,,
calma,5960,ols,False,0.41484396264620194,,,,,,
calma,5960,ridge,False,0.4565154973919159,0.09746060789538931,0.0001,0.07315008245216788,97.46060789538932,400.0,100.0
calma,5960,nnls,False,1.6519421654956183,,,,,,
calma,5960,ssrc,False,0.1203414071691716,2.3355255661967544e-06,1e-08,0.021958135369314073,23.355255661967547,400.0,100.0
calma,5960,pls,False,3.680934308401682,,,,,,
calma,5960,naive,False,1.4664587420113921,,,,,,
calma,5980,ols,False,0.436011791766933,,,,,,
calma,5980,ridge,False,0.4360032037441831,9.876225530358698e-06,1e-08,0.0714561538402266,98.76225530358698,400.0,100.0
calma,5980,nnls,False,1.9658568324713146,,,,,,
calma,5980,ssrc,False,0.028867367559191497,2.3535523906797436e-06,1e-08,0.02231957047492999,23.535523906797437,400.0,100.0
calma,5980,pls,False,4.456806306229326,,,,,,
calma,5980,naive,False,2.392533962131285,,,,,,
calma,6000,ols,False,0.3625957261098359,,,,,,
calma,6000,ridge,False,0.32009338320921105,0.09732166758510788,0.0001,0.069438909020352,97.32166758510789,400.0,100.0
calma,6000,nnls,False,0.5303698703928308,,,,,,
calma,6000,ssrc,False,0.029884619031155128,0.00023374435544874997,1e-06,0.020459036833651485,23.374435544875,400.0,100.0
calma,6000,pls,False,2.3955597229858867,,,,,,
calma,6000,naive,False,0.5015273465678203,,,,,,
calma,6020,ols,False,0.07937789449122457,,,,,,
calma,6020,ridge,False,0.09013583859076793,0.09912149025919549,0.0001,0.06731945873745737,99.12149025919548,400.0,100.0
calma,6020,nnls,False,0.2310911137868782,,,,,,
calma,6020,ssrc,False,0.03670587236293805,2.360500525606414e-06,1e-08,0.020818003549411438,23.605005256064143,400.0,100.0
calma,6020,pls,False,1.5102125236852055,,,,,,
calma,6020,naive,False,0.19776594846731096,,,,,,
calma,6040,ols,False,0.14370135007239382,,,,,,
calma,6040,ridge,False,0.14357441769501814,0.0010070156853764277,1e-06,0.0730847617087233,100.70156853764277,400.0,100.0
calma,6040,nnls,False,0.5333172711123715,,,,,,
calma,6040,ssrc,False,0.06835992635102192,0.00023589018920271463,1e-06,0.022020214285062262,23.589018920271467,400.0,100.0
calma,6040,pls,False,4.066440804621482,,,,,,
calma,6040,naive,False,0.45900999561061384,,,,,,
calma,6060,ols,False,0.13067726570632457,,,,,,
calma,6060,ridge,False,0.08184362454944408,0.09798243769616703,0.0001,0.06487485164267648,97.98243769616704,400.0,100.0
calma,6060,nnls,False,0.21299944670087811,,,,,,
calma,6060,ssrc,False,0.11353243117265849,2.3325223698183823e-06,1e-08,0.023116961233967136,23.325223698183823,400.0,100.0
calma,6060,pls,False,1.1399599187063516,,,,,,
calma,6060,naive,False,0.218397814679882,,,,,,
calma,6080,ols,False,0.37951320299982666,,,,,,
calma,6080,ridge,False,0.4066321082405527,0.09603054126604198,0.0001,0.061033702849353305,96.03054126604198,400.0,100.0
calma,6080,nnls,False,1.1318151729107628,,,,,,
calma,6080,ssrc,False,0.058333810300877774,2.3098524612824287e-06,1e-08,0.022915012814302905,23.09852461282429,400.0,100.0
calma,6080,pls,False,0.9746397544979781,,,,,,
calma,6080,naive,False,1.0743528925016186,,,,,,
calma,6100,ols,False,0.8803756526446546,,,,,,
calma,6100,ridge,False,0.8803629520905156,9.350461768544717e-06,1e-08,0.06158137002108141,93.50461768544717,400.0,100.0
calma,6100,nnls,False,0.07360623284929235,,,,,,
calma,6100,ssrc,False,0.10070662076833979,0.022984969843387434,0.0001,0.02502565526669703,22.984969843387432,400.0,100.0
calma,6100,pls,False,0.3246874866898381,,,,,,
calma,6100,naive,False,0.4098186389613792,,,,,,
calma,6120,ols,False,0.31647909316623496,,,,,,
calma,6120,ridge,False,0.3164561952354063,9.637243096058826e-06,1e-08,0.0655422393733124,96.37243096058826,400.0,100.0
calma,6120,nnls,False,0.6844161859633855,,,,,,
calma,6120,ssrc,False,0.025141942842935687,0.023004382552785627,0.0001,0.025800005021991895,23.00438255278563,400.0,100.0
calma,6120,pls,False,2.3281495252193647,,,,,,
calma,6120,naive,False,0.6799160511272142,,,,,,
calma,6140,ols,False,0.25927304248397287,,,,,,
calma,6140,ridge,False,0.25967586011183186,0.09893315756921771,0.0001,0.06326346590732833,98.93315756921771,400.0,100.0
calma,6140,nnls,False,0.5685126093032736,,,,,,
calma,6140,ssrc,False,0.002273633063417366,0.023197948606404315,0.0001,0.024143534866105515,23.197948606404314,400.0,100.0
calma,6140,pls,False,0.10898688892599155,,,,,,
calma,6140,naive,False,0.5381245559592798,,,,,,
calma,6160,ols,False,0.2873572790846977,,,,,,
calma,6160,ridge,False,0.3357355118850369,0.0973355570208904,0.0001,0.0682520614362974,97.3355570208904,400.0,100.0
calma,6160,nnls,False,1.9807117049157132,,,,,,
calma,6160,ssrc,False,0.06668542655159387,0.023025444702086107,0.0001,0.022330439844447613,23.025444702086105,400.0,100.0
calma,6160,pls,False,4.441054369558703,,,,,,
calma,6160,naive,False,1.8327381537101002,,,,,,
calma,6180,ols,False,0.3780152916965489,,,,,,
calma,6180,ridge,False,0.3344329390621275,0.09711576302318227,0.0001,0.0754325975370424,97.11576302318227,400.0,100.0
calma,6180,nnls,False,1.6009798482770718,,,,,,
calma,6180,ssrc,False,0.031511028423817436,0.022663709125823918,0.0001,0.020605678522250655,22.663709125823917,400.0,100.0
calma,6180,pls,False,3.9122828383735713,,,,,,
calma,6180,naive,False,1.9921944334416388,,,,,,
calma,6200,ols,False,0.2205370248519539,,,,,,
calma,6200,ridge,False,0.20944635959553623,0.09669977603267092,0.0001,0.07379492849521284,96.69977603267091,400.0,100.0
calma,6200,nnls,False,0.3177132648225059,,,,,,
calma,6200,ssrc,False,0.1369968190708921,0.022489464556470905,0.0001,0.01847884220651461,22.489464556470907,400.0,100.0
calma,6200,pls,False,1.862801033554656,,,,,,
calma,6200,naive,False,0.2783259472364462,,,,,,
calma,6220,ols,False,0.3954685016905976,,,,,,
calma,6220,ridge,False,0.4177765785276896,0.09682397147441729,0.0001,0.07196529446602896,96.82397147441729,400.0,100.0
calma,6220,nnls,False,1.1300383721191862,,,,,,
calma,6220,ssrc,False,0.016258546905626187,0.0002247334565746274,1e-06,0.017350715751944405,22.473345657462744,400.0,100.0
calma,6220,pls,False,1.0196351240353863,,,,,,
calma,6220,naive,False,1.0647490365186596,,,,,,
calma,6240,ols,False,0.45256206163026064,,,,,,
calma,6240,ridge,False,0.45260638095422295,9.432157877859795e-06,1e-08,0.07446496005182207,94.32157877859795,400.0,100.0
calma,6240,nnls,False,1.0739020664389505,,,,,,
calma,6240,ssrc,False,0.023617537819415155,2.2133757783381964e-06,1e-08,0.014971446143890262,22.133757783381967,400.0,100.0
calma,6240,pls,False,1.7401339645719105,,,,,,
calma,6240,naive,False,1.4699783580354395,,,,,,
calma,6260,ols,False,0.1965068981820005,,,,,,
calma,6260,ridge,False,0.143377052493076,0.09603727495226694,0.0001,0.0774086725142244,96.03727495226694,400.0,100.0
calma,6260,nnls,False,1.3873961266414592,,,,,,
calma,6260,ssrc,False,0.07344408735239305,2.206537541258817e-06,1e-08,0.017119704344171524,22.065375412588168,400.0,100.0
calma,6260,pls,False,2.9450881930444313,,,,,,
calma,6260,naive,False,1.3759396506233317,,,,,,
calma,6280,ols,False,0.21625703143082844,,,,,,
calma,6280,ridge,False,0.2388102899696178,0.09493807412546708,0.0001,0.07177779130402015,94.93807412546708,400.0,100.0
calma,6280,nnls,False,0.6705007072926035,,,,,,
calma,6280,ssrc,False,0.14677864858065767,2.210770675781188e-06,1e-08,0.02174920048393749,22.107706757811883,400.0,100.0
calma,6280,pls,False,2.030930155163274,,,,,,
calma,6280,naive,False,0.5809976010045018,,,,,,
calma,6300,ols,False,0.4642558853230164,,,,,,
calma,6300,ridge,False,0.5246295669478115,0.09456374434885995,0.0001,0.07119468569347671,94.56374434885994,400.0,100.0
calma,6300,nnls,False,2.1776229294851097,,,,,,
calma,6300,ssrc,False,0.08149190041189433,2.2141611237352873e-06,1e-08,0.022373097224368976,22.141611237352873,400.0,100.0
calma,6300,pls,False,3.7322527001219044,,,,,,
calma,6300,naive,False,2.0046626865014896,,,,,,
calma,6320,ols,False,0.002321128940904709,,,,,,
calma,6320,ridge,False,0.02301304059328089,0.0965529888151665,0.0001,0.07453695919361727,96.55298881516649,400.0,100.0
calma,6320,nnls,False,0.9802911165648164,,,,,,
calma,6320,ssrc,False,0.11311041099441767,2.2273478170758683e-06,1e-08,0.022584559084149768,22.273478170758683,400.0,100.0
calma,6320,pls,False,2.0625360883349164,,,,,,
calma,6320,naive,False,1.1501835860545528,,,,,,
calma,6340,ols,False,0.26591543651862687,,,,,,
calma,6340,ridge,False,0.24259169452621865,0.09919743832484612,0.0001,0.07127076701608422,99.19743832484612,400.0,100.0
calma,6340,nnls,False,0.41974351745774613,,,,,,
calma,6340,ssrc,False,0.2471429017349868,2.239749956955223e-06,1e-08,0.02301770361867884,22.39749956955223,400.0,100.0
calma,6340,pls,False,0.03581746411834542,,,,,,
calma,6340,naive,False,0.405547652862608,,,,,,
calma,6360,ols,False,0.5062495920329019,,,,,,
calma,6360,ridge,False,0.5425783368724097,0.09754119321727195,0.0001,0.06647218866602149,97.54119321727194,400.0,100.0
calma,6360,nnls,False,1.583899032568622,,,,,,
calma,6360,ssrc,False,0.026937005093418766,2.2146777443828186e-06,1e-08,0.02116858037247796,22.146777443828185,400.0,100.0
calma,6360,pls,False,2.1235386596259227,,,,,,
calma,6360,naive,False,1.4956377766029045,,,,,,
calma,6380,ols,False,0.3634550331710478,,,,,,
calma,6380,ridge,False,0.2873917007337304,0.0979724506004506,0.0001,0.07286215943133685,97.9724506004506,400.0,100.0
calma,6380,nnls,False,1.7764149575112538,,,,,,
calma,6380,ssrc,False,0.08249322850056746,0.0002227823977252478,1e-06,0.01778844371420221,22.27823977252478,400.0,100.0
calma,6380,pls,False,3.829350629562087,,,,,,
calma,6380,naive,False,2.1309797904842203,,,,,,
calma,6400,ols,False,0.20159447265857477,,,,,,
calma,6400,ridge,False,0.18558709190466166,0.09955505872674994,0.0001,0.07422090922259181,99.55505872674993,400.0,100.0
calma,6400,nnls,False,2.0138565854514656,,,,,,
calma,6400,ssrc,False,0.6529336214434611,2.229060276834225e-06,1e-08,0.018188712499867976,22.29060276834225,400.0,100.0
calma,6400,pls,False,2.822538761565893,,,,,,
calma,6400,naive,False,1.9510508556818298,,,,,,
calma,6420,ols,False,0.36394912580847605,,,,,,
calma,6420,ridge,False,0.3849201236429911,0.09634263382955241,0.0001,0.06714539244654605,96.34263382955241,400.0,100.0
calma,6420,nnls,False,1.2481659734199089,,,,,,
calma,6420,ssrc,False,0.060725024841394734,0.022305888313126857,0.0001,0.023567993856285073,22.305888313126857,400.0,100.0
calma,6420,pls,False,2.859101376182077,,,,,,
calma,6420,naive,False,1.0807560686582516,,,,,,
calma,6440,ols,False,0.35761370174301826,,,,,,
calma,6440,ridge,False,0.3576080044026275,9.875005843809689e-06,1e-08,0.06415774993888287,98.75005843809689,400.0,100.0
calma,6440,nnls,False,1.534903546748195,,,,,,
calma,6440,ssrc,False,0.2481852867591995,0.00022664708775167584,1e-06,0.025047052334381807,22.664708775167586,400.0,100.0
calma,6440,pls,False,3.4088661413523464,,,,,,
calma,6440,naive,False,1.8648433939027385,,,,,,
calma,6460,ols,False,0.3007637573657941,,,,,,
calma,6460,ridge,False,0.29992240604773096,0.001017869431115719,1e-06,0.06605306180551661,101.78694311157192,400.0,100.0
calma,6460,nnls,False,0.3717382871498532,,,,,,
calma,6460,ssrc,False,0.149031459707464,0.023096842524885433,0.0001,0.026595954795622326,23.09684252488543,400.0,100.0
calma,6460,pls,False,0.10804675435371938,,,,,,
calma,6460,naive,False,0.40075824206704097,,,,,,
calma,6480,ols,False,0.08380482566241328,,,,,,
calma,6480,ridge,False,0.09172061561904823,0.09817696569353583,0.0001,0.06099229077191607,98.17696569353583,400.0,100.0
calma,6480,nnls,False,0.2116892181528056,,,,,,
calma,6480,ssrc,False,0.1378868132715113,0.02258385871891921,0.0001,0.029731523566850188,22.58385871891921,400.0,100.0
calma,6480,pls,False,1.4395469803131555,,,,,,
calma,6480,naive,False,0.1755147262336121,,,,,,
calma,6500,ols,False,0.08678697678226514,,,,,,
calma,6500,ridge,False,0.042403174872540646,0.09928897731351875,0.0001,0.06585812864355425,99.28897731351876,400.0,100.0
calma,6500,nnls,False,0.6185462961415465,,,,,,
calma,6500,ssrc,False,0.08086137339385598,0.02253044964384894,0.0001,0.03354158121004759,22.53044964384894,400.0,100.0
calma,6500,pls,False,3.6006432501539845,,,,,,
calma,6500,naive,False,0.5108460627276484,,,,,,
calma,6520,ols,False,0.09605856012491107,,,,,,
calma,6520,ridge,False,0.05046384905800676,0.0983505988598828,0.0001,0.06259280045454797,98.3505988598828,400.0,100.0
calma,6520,nnls,False,0.1646593329724798,,,,,,
calma,6520,ssrc,False,0.1175659757137314,0.022754184055071097,0.0001,0.03017461868299942,22.754184055071097,400.0,100.0
calma,6520,pls,False,1.0132013727066467,,,,,,
calma,6520,naive,False,0.18373192704697258,,,,,,
calma,6540,ols,False,0.44832821628064107,,,,,,
calma,6540,ridge,False,0.4936772907839552,0.09489907675393848,0.0001,0.06097756170269829,94.89907675393849,400.0,100.0
calma,6540,nnls,False,1.5601363629044378,,,,,,
calma,6540,ssrc,False,0.1083795158860762,0.02259586720984853,0.0001,0.030794560157798037,22.59586720984853,400.0,100.0
calma,6540,pls,False,2.1309392209371287,,,,,,
calma,6540,naive,False,1.4462393330810621,,,,,,
calma,6560,ols,False,0.4124517842381899,,,,,,
calma,6560,ridge,False,0.4127272522270547,0.0009398482849614764,1e-06,0.05513989708707479,93.98482849614766,400.0,100.0
calma,6560,nnls,False,1.1250248078242129,,,,,,
calma,6560,ssrc,False,0.09863430674386596,0.022112320979667633,0.0001,0.03304020693382097,22.112320979667633,400.0,100.0
calma,6560,pls,False,0.791446451423228,,,,,,
calma,6560,naive,False,1.0840528358511485,,,,,,
calma,6580,ols,False,0.11610247519683953,,,,,,
calma,6580,ridge,False,0.116081494099692,9.750558547047367e-06,1e-08,0.06289209698114828,97.50558547047368,400.0,100.0
calma,6580,nnls,False,0.6324777974733012,,,,,,
calma,6580,ssrc,False,0.1063895871561811,0.022553982868143797,0.0001,0.04609549146863235,22.553982868143795,400.0,100.0
calma,6580,pls,False,1.2501152313419832,,,,,,
calma,6580,naive,False,0.8341863890072844,,,,,,
calma,6600,ols,False,0.2994236370862244,,,,,,
calma,6600,ridge,False,0.2980669912244364,0.0009836613657344688,1e-06,0.05125071259789473,98.3661365734469,400.0,100.0
calma,6600,nnls,False,1.2647894119495724,,,,,,
calma,6600,ssrc,False,0.03875582982583517,0.23045024166894607,0.001,0.044894469089085114,23.045024166894606,400.0,100.0
calma,6600,pls,False,2.914256175328735,,,,,,
calma,6600,naive,False,1.0563662233058155,,,,,,
calma,6620,ols,False,0.02382347637484114,,,,,,
calma,6620,ridge,False,0.023820550091037212,9.823205035578169e-06,1e-08,0.05075844119234855,98.23205035578168,400.0,100.0
calma,6620,nnls,False,0.7474303652708584,,,,,,
calma,6620,ssrc,False,0.19785332181837367,0.023389643819787403,0.0001,0.03653548815577076,23.389643819787402,400.0,100.0
calma,6620,pls,False,1.503518302681979,,,,,,
calma,6620,naive,False,0.9601113595605723,,,,,,
calma,6640,ols,False,0.30727161555398574,,,,,,
calma,6640,ridge,False,0.30690792046041043,0.000974440523110798,1e-06,0.048610629815839704,97.44405231107982,400.0,100.0
calma,6640,nnls,False,0.9650673677939408,,,,,,
calma,6640,ssrc,False,0.15168977385881813,0.023731375106876163,0.0001,0.03671282475194087,23.73137510687616,400.0,100.0
calma,6640,pls,False,2.667007549498634,,,,,,
calma,6640,naive,False,0.8648523595613148,,,,,,
calma,6660,ols,False,0.4076959690108659,,,,,,
calma,6660,ridge,False,0.40769006448761985,9.935371531667907e-06,1e-08,0.05196067833136146,99.35371531667909,400.0,100.0
calma,6660,nnls,False,2.4112818600827906,,,,,,
calma,6660,ssrc,False,0.34458126670145306,0.023991877544215143,0.0001,0.036438650432271506,23.991877544215143,400.0,100.0
calma,6660,pls,False,4.7109785178166605,,,,,,
calma,6660,naive,False,2.199125642328374,,,,,,
calma,6680,ols,False,0.1595733943102483,,,,,,
calma,6680,ridge,False,0.1562607134800214,0.0010012688099937865,1e-06,0.05073067179364641,100.12688099937866,400.0,100.0
calma,6680,nnls,False,0.7863693274151854,,,,,,
calma,6680,ssrc,False,0.14140739546771894,0.00024105549447356686,1e-06,0.0286503405126901,24.10554944735669,400.0,100.0
calma,6680,pls,False,1.4809639302413837,,,,,,
calma,6680,naive,False,0.7580796825558239,,,,,,
calma,6700,ols,False,0.10391115109503613,,,,,,
calma,6700,ridge,False,0.10397958753656782,0.0009914351273785289,1e-06,0.05452378689119257,99.1435127378529,400.0,100.0
calma,6700,nnls,False,0.20651239600299734,,,,,,
calma,6700,ssrc,False,0.07776163206578779,2.395320781318598e-06,1e-08,0.026118939003801432,23.95320781318598,400.0,100.0
calma,6700,pls,False,1.553734679806573,,,,,,
calma,6700,naive,False,0.17798792741076397,,,,,,
calma,6720,ols,False,0.22607724284664268,,,,,,
calma,6720,ridge,False,0.2849219885970825,0.09986592011610099,0.0001,0.06670423212214574,99.865920116101,400.0,100.0
calma,6720,nnls,False,1.4113685537184766,,,,,,
calma,6720,ssrc,False,0.29339702985128563,2.3975307990889494e-06,1e-08,0.029827606031786084,23.975307990889494,400.0,100.0
calma,6720,pls,False,3.757061643296032,,,,,,
calma,6720,naive,False,1.302894938956945,,,,,,
calma,6740,ols,False,0.052843554588765,,,,,,
calma,6740,ridge,False,0.05182296944452004,0.0009987516627784406,1e-06,0.06783707332299632,99.87516627784407,400.0,100.0
calma,6740,nnls,False,1.1939060257394767,,,,,,
calma,6740,ssrc,False,0.13611701472626764,2.4097531661859724e-06,1e-08,0.028956438135904258,24.097531661859723,400.0,100.0
calma,6740,pls,False,1.544435418211384,,,,,,
calma,6740,naive,False,1.144849763685691,,,,,,
calma,6760,ols,False,0.24027338593316258,,,,,,
calma,6760,ridge,False,0.2392224153547468,0.09696653855245821,0.0001,0.06761997861772637,96.9665385524582,400.0,100.0
calma,6760,nnls,False,0.43391350328904543,,,,,,
calma,6760,ssrc,False,0.2128335664599179,2.39040795604805e-06,1e-08,0.029556327879964504,23.9040795604805,400.0,100.0
calma,6760,pls,False,2.126388462375869,,,,,,
calma,6760,naive,False,0.3866028035326383,,,,,,
calma,6780,ols,False,0.11784693344986179,,,,,,
calma,6780,ridge,False,0.1224007308397991,0.09721958322949292,0.0001,0.0628113856519348,97.21958322949291,400.0,100.0
calma,6780,nnls,False,0.31942354602091877,,,,,,
calma,6780,ssrc,False,0.06533398077026636,2.3729981285944684e-06,1e-08,0.026108151511859187,23.72998128594469,400.0,100.0
calma,6780,pls,False,0.6830109640967346,,,,,,
calma,6780,naive,False,0.321297440428687,,,,,,
calma,6800,ols,False,0.2168637843152728,,,,,,
calma,6800,ridge,False,0.2364138010023034,0.09699586445150296,0.0001,0.0710941009818251,96.99586445150295,400.0,100.0
calma,6800,nnls,False,0.3228084108892192,,,,,,
calma,6800,ssrc,False,0.07340244133349512,0.023809516570222178,0.0001,0.02867826124139463,23.80951657022218,400.0,100.0
calma,6800,pls,False,0.449243371144413,,,,,,
calma,6800,naive,False,0.5992797684801301,,,,,,
calma,6820,ols,False,0.04787494769448272,,,,,,
calma,6820,ridge,False,0.07940113738404249,0.09646787169422094,0.0001,0.05988791785104288,96.46787169422095,400.0,100.0
calma,6820,nnls,False,0.3603029370222873,,,,,,
calma,6820,ssrc,False,0.042289487637965514,0.02406962371672521,0.0001,0.02560052003083038,24.069623716725207,400.0,100.0
calma,6820,pls,False,1.6109944733090675,,,,,,
calma,6820,naive,False,0.26190685135184016,,,,,,
calma,6840,ols,False,0.29009412315467775,,,,,,
calma,6840,ridge,False,0.28954116132727403,0.0009523190433253734,1e-06,0.058485909218329656,95.23190433253735,400.0,100.0
calma,6840,nnls,False,1.0664530744464942,,,,,,
calma,6840,ssrc,False,0.014069453475209225,0.024220518682413875,0.0001,0.026635869187271722,24.220518682413875,400.0,100.0
calma,6840,pls,False,2.3808598206234772,,,,,,
calma,6840,naive,False,0.8116117141234056,,,,,,
calma,6860,ols,False,0.01791566719577945,,,,,,
calma,6860,ridge,False,0.017306917718915786,0.0010035926572296119,1e-06,0.05923063156270496,100.3592657229612,400.0,100.0
calma,6860,nnls,False,1.3430975186681784,,,,,,
calma,6860,ssrc,False,0.1110100952245442,0.02477018968279829,0.0001,0.027868749699123938,24.77018968279829,400.0,100.0
calma,6860,pls,False,3.152381598305173,,,,,,
calma,6860,naive,False,1.6134511536465372,,,,,,
calma,6880,ols,False,0.18273458121823707,,,,,,
calma,6880,ridge,False,0.1827743974823306,0.0009850246714071004,1e-06,0.06128249365005515,98.50246714071005,400.0,100.0
calma,6880,nnls,False,0.3156187672879512,,,,,,
calma,6880,ssrc,False,0.18640794295884935,0.024594168181705497,0.0001,0.02919791550684729,24.5941681817055,400.0,100.0
calma,6880,pls,False,1.9265077284797274,,,,,,
calma,6880,naive,False,0.2795616329619238,,,,,,
calma,6900,ols,False,0.5217696520616569,,,,,,
calma,6900,ridge,False,0.5703967655974723,0.09848434894548967,0.0001,0.05811839810928448,98.48434894548967,400.0,100.0
calma,6900,nnls,False,1.7579791706090577,,,,,,
calma,6900,ssrc,False,0.12610750497192372,2.4605269255615483e-06,1e-08,0.026281197118747393,24.605269255615482,400.0,100.0
calma,6900,pls,False,3.031270747082039,,,,,,
calma,6900,naive,False,1.6915094068332435,,,,,,
calma,6920,ols,False,0.48623384070621756,,,,,,
calma,6920,ridge,False,0.48548150489675246,0.0009734509470910887,1e-06,0.06584008231309406,97.34509470910888,400.0,100.0
calma,6920,nnls,False,1.7602487525319241,,,,,,
calma,6920,ssrc,False,0.10192909495948053,0.02423427692009783,0.0001,0.02749464997011565,24.23427692009783,400.0,100.0
calma,6920,pls,False,3.7282608662465337,,,,,,
calma,6920,naive,False,1.4891490734765727,,,,,,
calma,6940,ols,False,0.11205245029412624,,,,,,
calma,6940,ridge,False,0.06235588209345648,0.09808303551506369,0.0001,0.07157223845247374,98.08303551506368,400.0,100.0
calma,6940,nnls,False,0.13869551980125464,,,,,,
calma,6940,ssrc,False,0.07266033685652518,2.4121022741640526e-06,1e-08,0.026309140044295427,24.121022741640527,400.0,100.0
calma,6940,pls,False,1.0893344785902346,,,,,,
calma,6940,naive,False,0.14645701400900638,,,,,,
calma,6960,ols,False,0.4445999604769621,,,,,,
calma,6960,ridge,False,0.4807253855053885,0.09427126454476237,0.0001,0.0669724176225929,94.27126454476236,400.0,100.0
calma,6960,nnls,False,1.3637018849628868,,,,,,
calma,6960,ssrc,False,0.0001467452883684644,2.3686570351039906e-06,1e-08,0.025275564730305185,23.686570351039904,400.0,100.0
calma,6960,pls,False,1.4203886102182486,,,,,,
calma,6960,naive,False,1.2960524330839915,,,,,,
calma,6980,ols,False,0.9232625563319083,,,,,,
calma,6980,ridge,False,0.925373614955884,0.0009501005629910651,1e-06,0.06866184048648577,95.01005629910651,400.0,100.0
calma,6980,nnls,False,0.36049282807789135,,,,,,
calma,6980,ssrc,False,0.09200410163954,2.387395254651795e-06,1e-08,0.02554767695417917,23.873952546517952,400.0,100.0
calma,6980,pls,False,0.26601071649489383,,,,,,
calma,6980,naive,False,0.6911209275457537,,,,,,
calma,7000,ols,False,0.29732678670686247,,,,,,
calma,7000,ridge,False,0.2952833806514691,0.0009540559213933768,1e-06,0.06782859631784763,95.4055921393377,400.0,100.0
calma,7000,nnls,False,0.48445054365082074,,,,,,
calma,7000,ssrc,False,0.215930082268346,2.405757180038513e-06,1e-08,0.027718523209740522,24.05757180038513,400.0,100.0
calma,7000,pls,False,2.207104511130046,,,,,,
calma,7000,naive,False,0.48934494826712727,,,,,,
calma,7020,ols,False,0.5835774961476571,,,,,,
calma,7020,ridge,False,0.4785135629041313,0.09794551690047841,0.0001,0.0727876301300177,97.94551690047842,400.0,100.0
calma,7020,nnls,False,0.8152954777639124,,,,,,
calma,7020,ssrc,False,0.6298059754551153,0.023691504355945848,0.0001,0.03028307893952372,23.69150435594585,400.0,100.0
calma,7020,pls,False,1.0333910049404311,,,,,,
calma,7020,naive,False,0.8310586637323581,,,,,,
calma,7040,ols,False,0.1217946522395005,,,,,,
calma,7040,ridge,False,0.1216316867561232,0.0009772283077733952,1e-06,0.06564548021856907,97.72283077733954,400.0,100.0
calma,7040,nnls,False,0.5092009289181901,,,,,,
calma,7040,ssrc,False,0.00373011491599885,0.023861988152463758,0.0001,0.03627433807323627,23.86198815246376,400.0,100.0
calma,7040,pls,False,3.7962807583480704,,,,,,
calma,7040,naive,False,0.3882797324202391,,,,,,
calma,7060,ols,False,0.08401311991433835,,,,,,
calma,7060,ridge,False,0.08527390024903099,0.0009850083595747796,1e-06,0.06292625081666983,98.50083595747797,400.0,100.0
calma,7060,nnls,False,0.09458310779114683,,,,,,
calma,7060,ssrc,False,0.07989724044812921,0.024362445000541813,0.0001,0.03645655856896046,24.36244500054181,400.0,100.0
calma,7060,pls,False,0.9738986998031097,,,,,,
calma,7060,naive,False,0.11109095998246983,,,,,,
calma,7080,ols,False,0.4617330613854152,,,,,,
calma,7080,ridge,False,0.4576226542306759,0.0009486802653361305,1e-06,0.05585760650149695,94.86802653361306,400.0,100.0
calma,7080,nnls,False,1.765957006612901,,,,,,
calma,7080,ssrc,False,0.10792577472571543,0.023962371336546433,0.0001,0.03513650406672878,23.962371336546433,400.0,100.0
calma,7080,pls,False,3.12434987062326,,,,,,
calma,7080,naive,False,1.6716082329578466,,,,,,
calma,7100,ols,False,1.2773016046132337,,,,,,
calma,7100,ridge,False,1.269689552810993,0.0009340049318866565,1e-06,0.05266750246408222,93.40049318866566,400.0,100.0
calma,7100,nnls,False,0.25778961717775567,,,,,,
calma,7100,ssrc,False,0.41975763435392666,0.023345367326021237,0.0001,0.03547950663402519,23.345367326021236,400.0,100.0
calma,7100,pls,False,5.621076394497287,,,,,,
calma,7100,naive,False,0.42483492149202273,,,,,,
calma,7120,ols,False,0.09984641985895061,,,,,,
calma,7120,ridge,False,0.0975963436192517,0.0009347551645301411,1e-06,0.055139932744855215,93.47551645301412,400.0,100.0
calma,7120,nnls,False,0.051042656073205815,,,,,,
calma,7120,ssrc,False,0.19951668330201683,0.023172013251344145,0.0001,0.03363750504970159,23.172013251344147,400.0,100.0
calma,7120,pls,False,1.0335966862927388,,,,,,
calma,7120,naive,False,0.0349499914435869,,,,,,
calma,7140,ols,False,0.1852735155050376,,,,,,
calma,7140,ridge,False,0.20235790365534995,0.0934821440963166,0.0001,0.05383144122274246,93.4821440963166,400.0,100.0
calma,7140,nnls,False,0.5235487253862353,,,,,,
calma,7140,ssrc,False,0.03160884520993583,2.2926893953811642e-06,1e-08,0.02599129117041187,22.926893953811643,400.0,100.0
calma,7140,pls,False,2.1180370715492614,,,,,,
calma,7140,naive,False,0.4686021332446603,,,,,,
calma,7160,ols,False,0.3315270452761535,,,,,,
calma,7160,ridge,False,0.3402275973795709,0.09491652472086656,0.0001,0.06411668388382036,94.91652472086656,400.0,100.0
calma,7160,nnls,False,0.7212148502920758,,,,,,
calma,7160,ssrc,False,0.11165532052721826,2.294567779508909e-06,1e-08,0.026347322870734702,22.945677795089093,400.0,100.0
calma,7160,pls,False,2.9500591902721807,,,,,,
calma,7160,naive,False,0.8627750442932992,,,,,,
calma,7180,ols,False,0.15825776728590063,,,,,,
calma,7180,ridge,False,0.12575160565566007,0.09175490625456147,0.0001,0.06438041094429256,91.75490625456146,400.0,100.0
calma,7180,nnls,False,0.12678628773725173,,,,,,
calma,7180,ssrc,False,0.16745411980259187,2.279917812144397e-06,1e-08,0.02827877718075884,22.799178121443973,400.0,100.0
calma,7180,pls,False,1.509187389844471,,,,,,
calma,7180,naive,False,0.13589551561531532,,,,,,
calma,7200,ols,False,0.32157715158916456,,,,,,
calma,7200,ridge,False,0.34655808925496134,0.09187336420875171,0.0001,0.06564597811139779,91.87336420875171,400.0,100.0
calma,7200,nnls,False,0.9083628563915037,,,,,,
calma,7200,ssrc,False,0.1000946635386302,2.2735778899557567e-06,1e-08,0.026784765419589008,22.735778899557566,400.0,100.0
calma,7200,pls,False,2.6617611552165563,,,,,,
calma,7200,naive,False,0.8177231654081021,,,,,,
calma,7220,ols,False,0.32956312857161024,,,,,,
calma,7220,ridge,False,0.27848387744506653,0.09119985674424744,0.0001,0.06592359608647151,91.19985674424744,400.0,100.0
calma,7220,nnls,False,1.4774212514723983,,,,,,
calma,7220,ssrc,False,0.10896869294239594,0.00022764135119817893,1e-06,0.02242993444058555,22.764135119817894,400.0,100.0
calma,7220,pls,False,4.831170778457044,,,,,,
calma,7220,naive,False,1.2377481524570435,,,,,,
calma,7240,ols,False,0.22596592663623968,,,,,,
calma,7240,ridge,False,0.2233063027331344,0.0009386208533379218,1e-06,0.07240916303950605,93.8620853337922,400.0,100.0
calma,7240,nnls,False,0.8466233561648808,,,,,,
calma,7240,ssrc,False,0.15456056775790608,0.00022861757757947624,1e-06,0.022017977374984135,22.86175775794763,400.0,100.0
calma,7240,pls,False,1.5169656708969625,,,,,,
calma,7240,naive,False,0.9910610330550179,,,,,,
calma,7260,ols,False,0.42685049801896824,,,,,,
calma,7260,ridge,False,0.4019469532019157,0.09431892559927355,0.0001,0.0715288318948795,94.31892559927354,400.0,100.0
calma,7260,nnls,False,0.6162346412602749,,,,,,
calma,7260,ssrc,False,0.21719053768855803,0.00022867623689674756,1e-06,0.02223299739954021,22.86762368967476,400.0,100.0
calma,7260,pls,False,2.6803735216880717,,,,,,
calma,7260,naive,False,0.5518602512701011,,,,,,
calma,7280,ols,False,0.028532118846252348,,,,,,
calma,7280,ridge,False,0.006811692223479543,0.09386822639881656,0.0001,0.07194440107794561,93.86822639881656,400.0,100.0
calma,7280,nnls,False,1.3311191044129755,,,,,,
calma,7280,ssrc,False,0.05065413911762771,2.313467115347381e-06,1e-08,0.024773273809470718,23.134671153473814,400.0,100.0
calma,7280,pls,False,2.855922274072969,,,,,,
calma,7280,naive,False,1.0726594803342084,,,,,,
calma,7300,ols,False,0.06743094449882243,,,,,,
calma,7300,ridge,False,0.06741995862888243,9.686001509273733e-06,1e-08,0.06890107974550336,96.86001509273733,400.0,100.0
calma,7300,nnls,False,0.9928752894556293,,,,,,
calma,7300,ssrc,False,0.05157595134093558,2.3481979472831916e-06,1e-08,0.027396788825583992,23.481979472831917,400.0,100.0
calma,7300,pls,False,2.1231719433322365,,,,,,
calma,7300,naive,False,1.2811007207921108,,,,,,
calma,7320,ols,False,0.48977716807961486,,,,,,
calma,7320,ridge,False,0.450063596049071,0.09475198609080672,0.0001,0.0712636027711339,94.75198609080672,400.0,100.0
calma,7320,nnls,False,0.6764672212169943,,,,,,
calma,7320,ssrc,False,0.14444539965291509,2.2858457448541566e-06,1e-08,0.03154348521592827,22.858457448541568,400.0,100.0
calma,7320,pls,False,2.8807473939850996,,,,,,
calma,7320,naive,False,0.6219512209445512,,,,,,
calma,7340,ols,False,0.17702493600810412,,,,,,
calma,7340,ridge,False,0.22170569765077697,0.09450292477789224,0.0001,0.06559067158602788,94.50292477789225,400.0,100.0
calma,7340,nnls,False,1.5928540590558413,,,,,,
calma,7340,ssrc,False,0.05136311300053861,0.00022783325842024103,1e-06,0.03769321710748125,22.783325842024105,400.0,100.0
calma,7340,pls,False,3.3981016452165314,,,,,,
calma,7340,naive,False,1.3271703165216733,,,,,,
calma,7360,ols,False,0.10634055529376318,,,,,,
calma,7360,ridge,False,0.10633771180323068,9.416842547284864e-06,1e-08,0.059837047527460975,94.16842547284864,400.0,100.0
calma,7360,nnls,False,1.2733029910604767,,,,,,
calma,7360,ssrc,False,0.017668903332172588,0.02284122844560557,0.0001,0.04013696904469754,22.841228445605573,400.0,100.0
calma,7360,pls,False,2.8995596829445214,,,,,,
calma,7360,naive,False,1.516821103034375,,,,,,
calma,7380,ols,False,0.5146166891724846,,,,,,
calma,7380,ridge,False,0.43631196305504827,0.09492256759986181,0.0001,0.06346671971755458,94.92256759986181,400.0,100.0
calma,7380,nnls,False,1.1499058755418181,,,,,,
calma,7380,ssrc,False,0.1367222920090409,0.02278067344439551,0.0001,0.03674660826452468,22.78067344439551,400.0,100.0
calma,7380,pls,False,3.5375731420635232,,,,,,
calma,7380,naive,False,1.111140797692599,,,,,,
calma,7400,ols,False,0.2685082073964186,,,,,,
calma,7400,ridge,False,0.3018887755589661,0.09385562506472858,0.0001,0.06330532016611555,93.85562506472859,400.0,100.0
calma,7400,nnls,False,1.490015533376888,,,,,,
calma,7400,ssrc,False,0.000831860200688313,0.02308808830765754,0.0001,0.03721075363832557,23.088088307657543,400.0,100.0
calma,7400,pls,False,3.172073961549842,,,,,,
calma,7400,naive,False,1.2757675377762325,,,,,,
calma,7420,ols,False,0.03664707302616351,,,,,,
calma,7420,ridge,False,0.036732205483862655,0.000977847607504476,1e-06,0.05706005979463087,97.7847607504476,400.0,100.0
calma,7420,nnls,False,0.8670371318803664,,,,,,
calma,7420,ssrc,False,0.1559156414271736,0.02366869574604431,0.0001,0.03315995114721297,23.668695746044307,400.0,100.0
calma,7420,pls,False,1.713552806549656,,,,,,
calma,7420,naive,False,1.0879883324389632,,,,,,
calma,7440,ols,False,0.11094084694638587,,,,,,
calma,7440,ridge,False,0.10233056533258576,0.09589279517999605,0.0001,0.05754119921498587,95.89279517999606,400.0,100.0
calma,7440,nnls,False,0.18120903210343128,,,,,,
calma,7440,ssrc,False,0.07663429294568998,0.023579131438462537,0.0001,0.029696085905557657,23.57913143846254,400.0,100.0
calma,7440,pls,False,0.832579943963452,,,,,,
calma,7440,naive,False,0.18982885690336238,,,,,,
calma,7460,ols,False,0.3649207898578439,,,,,,
calma,7460,ridge,False,0.39927685806321633,0.09672893711145632,0.0001,0.06207376395765034,96.72893711145632,400.0,100.0
calma,7460,nnls,False,1.662665599763191,,,,,,
calma,7460,ssrc,False,0.06139657495446961,0.023595744655842507,0.0001,0.02704003895334147,23.59574465584251,400.0,100.0
calma,7460,pls,False,3.5735662399682577,,,,,,
calma,7460,naive,False,1.4689436596209557,,,,,,
calma,7480,ols,False,0.43898494473516997,,,,,,
calma,7480,ridge,False,0.3959340440701795,0.1001189175657755,0.0001,0.060414646451410495,100.1189175657755,400.0,100.0
calma,7480,nnls,False,1.6401479985957625,,,,,,
calma,7480,ssrc,False,0.07942380114261274,0.00023973506082529457,1e-06,0.02506100507087848,23.973506082529457,400.0,100.0
calma,7480,pls,False,4.012973576433975,,,,,,
calma,7480,naive,False,2.055580757548631,,,,,,
calma,7500,ols,False,0.4307604389820544,,,,,,
calma,7500,ridge,False,0.34885147299336167,0.09822777043700323,0.0001,0.06364098683187519,98.22777043700323,400.0,100.0
calma,7500,nnls,False,1.102837448076537,,,,,,
calma,7500,ssrc,False,0.013171490842055947,2.37428913976e-06,1e-08,0.021900559016157697,23.7428913976,400.0,100.0
calma,7500,pls,False,3.2663250819820084,,,,,,
calma,7500,naive,False,1.0571188955995203,,,,,,
calma,7520,ols,False,0.41547189504094,,,,,,
calma,7520,ridge,False,0.435151010462404,0.09613459346674995,0.0001,0.06488976258281746,96.13459346674995,400.0,100.0
calma,7520,nnls,False,1.5889879494361594,,,,,,
calma,7520,ssrc,False,0.04582489734255662,0.024073625274314107,0.0001,0.019563686696108175,24.073625274314107,400.0,100.0
calma,7520,pls,False,3.527804083209253,,,,,,
calma,7520,naive,False,1.4249583791780183,,,,,,
calma,7540,ols,False,0.5856642596882505,,,,,,
calma,7540,ridge,False,0.5856425040928429,1.0038325811615755e-05,1e-08,0.06606017713589413,100.38325811615755,400.0,100.0
calma,7540,nnls,False,1.9209408578225806,,,,,,
calma,7540,ssrc,False,0.08177536861126408,0.0243851560878858,0.0001,0.017639210526812804,24.385156087885804,400.0,100.0
calma,7540,pls,False,4.433295706197935,,,,,,
calma,7540,naive,False,2.246128996652751,,,,,,
calma,7560,ols,False,0.13738094397636275,,,,,,
calma,7560,ridge,False,0.08559919547759157,0.10177314544549385,0.0001,0.06582843860727933,101.77314544549385,400.0,100.0
calma,7560,nnls,False,1.5162730062116532,,,,,,
calma,7560,ssrc,False,0.0682726266804534,0.02410662951953352,0.0001,0.019151445596034586,24.106629519533524,400.0,100.0
calma,7560,pls,False,3.006664542499191,,,,,,
calma,7560,naive,False,1.4703823482240912,,,,,,
calma,7580,ols,False,0.3985916373999896,,,,,,
calma,7580,ridge,False,0.41991020164874393,0.10335532734931019,0.0001,0.06338208880410968,103.35532734931019,400.0,100.0
calma,7580,nnls,False,1.3878349093460374,,,,,,
calma,7580,ssrc,False,0.006053760502159875,0.024452965482082638,0.0001,0.01997036549903675,24.452965482082636,400.0,100.0
calma,7580,pls,False,3.103993163163986,,,,,,
calma,7580,naive,False,1.2466303305082218,,,,,,
calma,7600,ols,False,0.46321017023967187,,,,,,
calma,7600,ridge,False,0.4631737604826505,1.0670934466901745e-05,1e-08,0.06159760781992252,106.70934466901745,400.0,100.0
calma,7600,nnls,False,1.7076362571924295,,,,,,
calma,7600,ssrc,False,0.023833984723151982,0.024958108611175474,0.0001,0.019802490004805853,24.958108611175476,400.0,100.0
calma,7600,pls,False,3.858607617525804,,,,,,
calma,7600,naive,False,2.142225562189782,,,,,,
calma,7620,ols,False,1.0379597556822675,,,,,,
calma,7620,ridge,False,0.970951574740338,0.10622517539550229,0.0001,0.06512566898406122,106.22517539550229,400.0,100.0
calma,7620,nnls,False,2.3190493861755614,,,,,,
calma,7620,ssrc,False,0.5789912407728635,0.024583264180454572,0.0001,0.021766846848387356,24.583264180454574,400.0,100.0
calma,7620,pls,False,6.118019134491168,,,,,,
calma,7620,naive,False,3.0318097400947557,,,,,,
calma,7640,ols,False,0.27783482713529534,,,,,,
calma,7640,ridge,False,0.33846094612210426,0.1055219321346835,0.0001,0.06361497369775575,105.5219321346835,400.0,100.0
calma,7640,nnls,False,0.9904799299949132,,,,,,
calma,7640,ssrc,False,0.1274639232639294,0.024636417237624924,0.0001,0.032377495617865695,24.636417237624926,400.0,100.0
calma,7640,pls,False,2.062022460517551,,,,,,
calma,7640,naive,False,0.9585429194873433,,,,,,
calma,7660,ols,False,0.15740074566233855,,,,,,
calma,7660,ridge,False,0.16140416751812434,0.10296981709610618,0.0001,0.058138638138637386,102.96981709610618,400.0,100.0
calma,7660,nnls,False,1.6227930227835576,,,,,,
calma,7660,ssrc,False,0.08405899032672909,0.024691379656491572,0.0001,0.03902685029463939,24.691379656491574,400.0,100.0
calma,7660,pls,False,0.6023560640287382,,,,,,
calma,7660,naive,False,1.5573759213457599,,,,,,
calma,7680,ols,False,0.009682347645532177,,,,,,
calma,7680,ridge,False,0.03256737552328336,0.10223879898226693,0.0001,0.0560288985391473,102.23879898226693,400.0,100.0
calma,7680,nnls,False,0.19740625360882377,,,,,,
calma,7680,ssrc,False,0.227926133582484,0.024562610265475137,0.0001,0.051960626512316074,24.562610265475136,400.0,100.0
calma,7680,pls,False,0.5721571477295165,,,,,,
calma,7680,naive,False,0.193100907431862,,,,,,
calma,7700,ols,False,0.5123846915059843,,,,,,
calma,7700,ridge,False,0.5494714791906551,0.10230480551034166,0.0001,0.05710980659267935,102.30480551034167,400.0,100.0
calma,7700,nnls,False,1.8072590627371181,,,,,,
calma,7700,ssrc,False,0.10627293606409978,0.024590000336312534,0.0001,0.07062028586111058,24.590000336312535,400.0,100.0
calma,7700,pls,False,3.9168776170352926,,,,,,
calma,7700,naive,False,1.6777849123991253,,,,,,
calma,7720,ols,False,0.8156156592317175,,,,,,
calma,7720,ridge,False,0.8254317867714894,0.0010244195333447565,1e-06,0.057923266032886236,102.44195333447566,400.0,100.0
calma,7720,nnls,False,1.1230606627152508,,,,,,
calma,7720,ssrc,False,0.05504440030443647,0.024616763184913057,0.0001,0.0644634088976254,24.616763184913054,400.0,100.0
calma,7720,pls,False,5.489751979707832,,,,,,
calma,7720,naive,False,1.1927628032134596,,,,,,
calma,7740,ols,False,0.13561029991185175,,,,,,
calma,7740,ridge,False,0.135633610784347,1.0211483253328788e-05,1e-08,0.05934788764195768,102.11483253328788,400.0,100.0
calma,7740,nnls,False,0.04024501359011276,,,,,,
calma,7740,ssrc,False,0.02720153874554002,0.024682440066764025,0.0001,0.03692212628186699,24.682440066764023,400.0,100.0
calma,7740,pls,False,0.7105554400231416,,,,,,
calma,7740,naive,False,0.10682312778886566,,,,,,
calma,7760,ols,False,0.28327761419846165,,,,,,
calma,7760,ridge,False,0.2839153114604192,0.001033058897069673,1e-06,0.06510175879768071,103.30588970696732,400.0,100.0
calma,7760,nnls,False,0.7709868269454863,,,,,,
calma,7760,ssrc,False,0.1005359195134993,0.24818733197198958,0.001,0.030650196531924925,24.81873319719896,400.0,100.0
calma,7760,pls,False,0.6599493946664501,,,,,,
calma,7760,naive,False,0.7560939808170787,,,,,,
calma,7780,ols,False,0.7524129660395723,,,,,,
calma,7780,ridge,False,0.7482428200577766,0.0010272722531465522,1e-06,0.07207985919459098,102.72722531465523,400.0,100.0
calma,7780,nnls,False,0.11339228435866952,,,,,,
calma,7780,ssrc,False,0.07191972892110195,2.456715231778496e-06,1e-08,0.023721877967386385,24.567152317784963,400.0,100.0
calma,7780,pls,False,0.6898435390704294,,,,,,
calma,7780,naive,False,0.22191023582373912,,,,,,
calma,7800,ols,False,0.39353571984787933,,,,,,
calma,7800,ridge,False,0.39379507226709887,1.0061458040877312e-05,1e-08,0.07432840508545424,100.61458040877312,400.0,100.0
calma,7800,nnls,False,3.291619201883173,,,,,,
calma,7800,ssrc,False,0.11839426521632714,0.024138704174164825,0.0001,0.020202915487112883,24.138704174164825,400.0,100.0
calma,7800,pls,False,1.7826494787483762,,,,,,
calma,7800,naive,False,3.1670313136611163,,,,,,
calma,7820,ols,False,0.1920629780767056,,,,,,
calma,7820,ridge,False,0.2174981067816811,0.10215762455515885,0.0001,0.06959279080127706,102.15762455515886,400.0,100.0
calma,7820,nnls,False,0.6615083673023591,,,,,,
calma,7820,ssrc,False,0.1765864637885449,0.024549226257923978,0.0001,0.02203234306840648,24.549226257923976,400.0,100.0
calma,7820,pls,False,2.087057176118393,,,,,,
calma,7820,naive,False,0.5777417775018943,,,,,,
calma,7840,ols,False,0.6426201927431809,,,,,,
calma,7840,ridge,False,0.6191318095144517,0.10266308364768356,0.0001,0.06615201675045995,102.66308364768356,400.0,100.0
calma,7840,nnls,False,0.3757734880408974,,,,,,
calma,7840,ssrc,False,0.04959060031639332,0.024594220233532138,0.0001,0.022062676060700205,24.594220233532138,400.0,100.0
calma,7840,pls,False,1.1782908122515179,,,,,,
calma,7840,naive,False,0.061264934561513634,,,,,,
calma,7860,ols,False,1.6203401939270703,,,,,,
calma,7860,ridge,False,1.555264700730329,0.09985778395552457,0.0001,0.06521503149826191,99.85778395552457,400.0,100.0
calma,7860,nnls,False,0.0813195998334643,,,,,,
calma,7860,ssrc,False,0.24303039546821167,0.024154906091281955,0.0001,0.023371550405351126,24.154906091281955,400.0,100.0
calma,7860,pls,False,0.5767673897208272,,,,,,
calma,7860,naive,False,0.4227522438787403,,,,,,
calma,7880,ols,False,0.0774755605614656,,,,,,
calma,7880,ridge,False,0.119177442062464,0.10262967113860036,0.0001,0.06438186390669257,102.62967113860037,400.0,100.0
calma,7880,nnls,False,0.3474313859057578,,,,,,
calma,7880,ssrc,False,0.33788302058657893,0.00024534284673280644,1e-06,0.028776759474424284,24.53428467328065,400.0,100.0
calma,7880,pls,False,0.4241573307778365,,,,,,
calma,7880,naive,False,0.3445047748685917,,,,,,
calma,7900,ols,False,0.36411976183385103,,,,,,
calma,7900,ridge,False,0.3722260668500908,0.1012709412454483,0.0001,0.057050072345763175,101.2709412454483,400.0,100.0
calma,7900,nnls,False,0.7114331847816028,,,,,,
calma,7900,ssrc,False,0.21699826360709779,0.02432106267361422,0.0001,0.03064752801143119,24.32106267361422,400.0,100.0
calma,7900,pls,False,4.176276295847542,,,,,,
calma,7900,naive,False,0.6736540557703051,,,,,,
calma,7920,ols,False,0.17086386044703059,,,,,,
calma,7920,ridge,False,0.16966048934466615,0.000980896735276464,1e-06,0.05511525633651284,98.08967352764641,400.0,100.0
calma,7920,nnls,False,0.1429055582499998,,,,,,
calma,7920,ssrc,False,0.1267525408348501,0.0239902724656455,0.0001,0.03052289985324295,23.990272465645504,400.0,100.0
calma,7920,pls,False,1.3601796539405109,,,,,,
calma,7920,naive,False,0.14287055928922063,,,,,,
calma,7940,ols,False,0.26448392537880283,,,,,,
calma,7940,ridge,False,0.28386468346012544,0.09598694329717554,0.0001,0.05585114052680232,95.98694329717554,400.0,100.0
calma,7940,nnls,False,0.721921027748613,,,,,,
calma,7940,ssrc,False,0.08391608408304621,0.023587830295776314,0.0001,0.03150568711386604,23.587830295776314,400.0,100.0
calma,7940,pls,False,2.4140561436521644,,,,,,
calma,7940,naive,False,0.6552104253589424,,,,,,
calma,7960,ols,False,0.6328810591229451,,,,,,
calma,7960,ridge,False,0.6255943236015395,0.09787637704294315,0.0001,0.06101996525294551,97.87637704294315,400.0,100.0
calma,7960,nnls,False,0.09646564197272883,,,,,,
calma,7960,ssrc,False,0.08088662037309191,2.379343636414894e-06,1e-08,0.030604073004874187,23.79343636414894,400.0,100.0
calma,7960,pls,False,4.973859505456217,,,,,,
calma,7960,naive,False,0.18815855694559885,,,,,,
calma,7980,ols,False,1.4122353200035103,,,,,,
calma,7980,ridge,False,1.4182507117447676,0.000937496102589605,1e-06,0.05791376349675215,93.7496102589605,400.0,100.0
calma,7980,nnls,False,0.7365950437044385,,,,,,
calma,7980,ssrc,False,0.8078824883842755,0.00023176662725461907,1e-06,0.027162126255076954,23.17666272546191,400.0,100.0
calma,7980,pls,False,5.673123036081672,,,,,,
calma,7980,naive,False,0.9298988313545595,,,,,,
calma,8000,ols,False,0.11755687593734324,,,,,,
calma,8000,ridge,False,0.14839028209215394,0.0955842641454807,0.0001,0.06530997538388611,95.58426414548069,400.0,100.0
calma,8000,nnls,False,0.508993049337995,,,,,,
calma,8000,ssrc,False,0.18867205104218968,0.023632446402172717,0.0001,0.033301994290264404,23.632446402172718,400.0,100.0
calma,8000,pls,False,1.823070817530052,,,,,,
calma,8000,naive,False,0.390766046285339,,,,,,
calma,8020,ols,False,0.3122438524222584,,,,,,
calma,8020,ridge,False,0.3416648402397499,0.09625084080813581,0.0001,0.06395266802975992,96.25084080813582,400.0,100.0
calma,8020,nnls,False,0.49960913586109607,,,,,,
calma,8020,ssrc,False,0.06386418295797171,0.023827883030776025,0.0001,0.03166315065143936,23.827883030776025,400.0,100.0
calma,8020,pls,False,0.8027960518553158,,,,,,
calma,8020,naive,False,0.841897679170531,,,,,,
calma,8040,ols,False,0.1366880796516251,,,,,,
calma,8040,ridge,False,0.13716665554394328,0.0009633987216013328,1e-06,0.059982876295847996,96.33987216013328,400.0,100.0
calma,8040,nnls,False,0.04149561571540093,,,,,,
calma,8040,ssrc,False,0.06446804097467505,0.023942842496693085,0.0001,0.032523759400622375,23.942842496693086,400.0,100.0
calma,8040,pls,False,0.9127211800207159,,,,,,
calma,8040,naive,False,0.11558076426922131,,,,,,
calma,8060,ols,False,0.2784504193848692,,,,,,
calma,8060,ridge,False,0.2784494857878999,9.627049473726857e-06,1e-08,0.055335770176027574,96.27049473726856,400.0,100.0
calma,8060,nnls,False,0.7654166364914488,,,,,,
calma,8060,ssrc,False,0.05568089321566651,0.024004979222066413,0.0001,0.032223193978308556,24.00497922206641,400.0,100.0
calma,8060,pls,False,0.2214219960130649,,,,,,
calma,8060,naive,False,0.7412243432534132,,,,,,
calma,8080,ols,False,0.6571739571364964,,,,,,
calma,8080,ridge,False,0.65718583452649,9.583770852839068e-06,1e-08,0.06018402217944449,95.83770852839068,400.0,100.0
calma,8080,nnls,False,0.07438005590931523,,,,,,
calma,8080,ssrc,False,0.10285453765371202,0.023764651650745202,0.0001,0.03081212898474509,23.764651650745204,400.0,100.0
calma,8080,pls,False,0.5299002524729245,,,,,,
calma,8080,naive,False,0.27149701129130704,,,,,,
calma,8100,ols,False,1.4566743554464965,,,,,,
calma,8100,ridge,False,1.4567199855248174,9.392912439868674e-06,1e-08,0.05839208981880075,93.92912439868674,400.0,100.0
calma,8100,nnls,False,0.5807551349217508,,,,,,
calma,8100,ssrc,False,0.7142853031662443,2.325314483132903e-06,1e-08,0.02309104876965461,23.25314483132903,400.0,100.0
calma,8100,pls,False,5.8891469210705045,,,,,,
calma,8100,naive,False,0.7773225296982036,,,,,,
calma,8120,ols,False,0.13913596698443909,,,,,,
calma,8120,ridge,False,0.1549462830205971,0.09436627034349453,0.0001,0.06426298950918795,94.36627034349453,400.0,100.0
calma,8120,nnls,False,0.5073550504816279,,,,,,
calma,8120,ssrc,False,0.1292728720041457,2.369770627144613e-06,1e-08,0.026376872654704595,23.697706271446133,400.0,100.0
calma,8120,pls,False,1.7841093623971707,,,,,,
calma,8120,naive,False,0.38783058612238663,,,,,,
calma,8140,ols,False,0.3436751761026065,,,,,,
calma,8140,ridge,False,0.3634787442881216,0.09526264444074657,0.0001,0.06332302082560011,95.26264444074657,400.0,100.0
calma,8140,nnls,False,0.6146394936645723,,,,,,
calma,8140,ssrc,False,0.07971106817988542,0.00023971175467412976,1e-06,0.023189828548636698,23.971175467412976,400.0,100.0
calma,8140,pls,False,1.0376855806102352,,,,,,
calma,8140,naive,False,0.8800540624823686,,,,,,
calma,8160,ols,False,0.12031252270767484,,,,,,
calma,8160,ridge,False,0.12129609588662958,0.0009839335278837152,1e-06,0.059749428336433937,98.39335278837153,400.0,100.0
calma,8160,nnls,False,0.00018762489600064074,,,,,,
calma,8160,ssrc,False,0.016127433691035864,0.0002428467467950231,1e-06,0.025510226978570888,24.284674679502313,400.0,100.0
calma,8160,pls,False,0.8985497853586173,,,,,,
calma,8160,naive,False,0.06555596744138284,,,,,,
calma,8180,ols,False,0.20454288382850255,,,,,,
calma,8180,ridge,False,0.21642805967680312,0.10009687608460845,0.0001,0.055470774489921916,100.09687608460845,400.0,100.0
calma,8180,nnls,False,0.5544464787085411,,,,,,
calma,8180,ssrc,False,0.010532669308393788,0.00024307938809166337,1e-06,0.025809370535759713,24.30793880916634,400.0,100.0
calma,8180,pls,False,0.052633841194233574,,,,,,
calma,8180,naive,False,0.5423700508562466,,,,,,
calma,8200,ols,False,0.49176693203357463,,,,,,
calma,8200,ridge,False,0.48995852262879314,0.0010106921928930979,1e-06,0.06059558050055867,101.0692192893098,400.0,100.0
calma,8200,nnls,False,0.4225781127695179,,,,,,
calma,8200,ssrc,False,0.08022266893195068,0.00024507924286913213,1e-06,0.02699797439228557,24.507924286913216,400.0,100.0
calma,8200,pls,False,0.5532080308395493,,,,,,
calma,8200,naive,False,0.7578157088265478,,,,,,
calma,8220,ols,False,0.3502100299765683,,,,,,
calma,8220,ridge,False,0.350520843360543,0.001033216075669981,1e-06,0.059510034406461416,103.3216075669981,400.0,100.0
calma,8220,nnls,False,0.439722571635386,,,,,,
calma,8220,ssrc,False,0.12515650049087185,2.4877211724232895e-06,1e-08,0.023263232809711588,24.877211724232897,400.0,100.0
calma,8220,pls,False,0.3042236197801058,,,,,,
calma,8220,naive,False,0.5315581144448037,,,,,,
calma,8240,ols,False,0.333388251699018,,,,,,
calma,8240,ridge,False,0.33883568073850673,0.10047916912319275,0.0001,0.0659536314968624,100.47916912319276,400.0,100.0
calma,8240,nnls,False,0.6499521489190438,,,,,,
calma,8240,ssrc,False,0.21735533732058085,2.438868758295516e-06,1e-08,0.023996213525950313,24.38868758295516,400.0,100.0
calma,8240,pls,False,2.4621033725915273,,,,,,
calma,8240,naive,False,0.5803882822120427,,,,,,
calma,8260,ols,False,0.5392760156092202,,,,,,
calma,8260,ridge,False,0.5365015305454421,0.0010008368932365003,1e-06,0.06669021721723792,100.08368932365005,400.0,100.0
calma,8260,nnls,False,0.21801301905705858,,,,,,
calma,8260,ssrc,False,0.11530861249519067,2.4649531535824477e-06,1e-08,0.022668232692052273,24.64953153582448,400.0,100.0
calma,8260,pls,False,0.760975411851165,,,,,,
calma,8260,naive,False,0.06967623251404123,,,,,,
calma,8280,ols,False,0.36689661340025526,,,,,,
calma,8280,ridge,False,0.3679505247843071,0.0010410143845783811,1e-06,0.06759330202704601,104.10143845783813,400.0,100.0
calma,8280,nnls,False,0.671965997635978,,,,,,
calma,8280,ssrc,False,0.1555979121536945,2.5053293890008082e-06,1e-08,0.022525257758046847,25.05329389000808,400.0,100.0
calma,8280,pls,False,1.0647393283973943,,,,,,
calma,8280,naive,False,0.8573394344137631,,,,,,
calma,8300,ols,False,0.2806406661688422,,,,,,
calma,8300,ridge,False,0.28762068230583504,0.10200283365947112,0.0001,0.06528169092389335,102.00283365947112,400.0,100.0
calma,8300,nnls,False,0.5835199572987708,,,,,,
calma,8300,ssrc,False,0.22703487277536202,0.000249599076391275,1e-06,0.022266043752180237,24.959907639127504,400.0,100.0
calma,8300,pls,False,2.225421620082082,,,,,,
calma,8300,naive,False,0.5224160527128227,,,,,,
calma,8320,ols,False,0.43573767982990974,,,,,,
calma,8320,ridge,False,0.48752056114394104,0.10102010495612855,0.0001,0.06543935092383618,101.02010495612855,400.0,100.0
calma,8320,nnls,False,2.1526964350043833,,,,,,
calma,8320,ssrc,False,0.21076371101968056,0.024747272052610046,0.0001,0.02261150112117161,24.747272052610043,400.0,100.0
calma,8320,pls,False,4.462358463812472,,,,,,
calma,8320,naive,False,1.9948966016150553,,,,,,
calma,8340,ols,False,0.4208873500285422,,,,,,
calma,8340,ridge,False,0.37567732755578137,0.10287610786868161,0.0001,0.06672354024410086,102.87610786868161,400.0,100.0
calma,8340,nnls,False,2.3563807734824933,,,,,,
calma,8340,ssrc,False,0.037144133918584045,0.02465067699923714,0.0001,0.022962375408162008,24.65067699923714,400.0,100.0
calma,8340,pls,False,0.16894737424794376,,,,,,
calma,8340,naive,False,2.1780720639396716,,,,,,
calma,8360,ols,False,0.31533627084580246,,,,,,
calma,8360,ridge,False,0.2719915405027256,0.10390707787291711,0.0001,0.07147106255239485,103.90707787291711,400.0,100.0
calma,8360,nnls,False,0.3812713241881026,,,,,,
calma,8360,ssrc,False,0.04184571865486587,0.024813271428336,0.0001,0.02315432826729429,24.813271428336,400.0,100.0
calma,8360,pls,False,0.15867222943817855,,,,,,
calma,8360,naive,False,0.3944746199566091,,,,,,
calma,8380,ols,False,0.0485463209564577,,,,,,
calma,8380,ridge,False,0.04920706423424518,0.09977596378084722,0.0001,0.06908452031832285,99.77596378084722,400.0,100.0
calma,8380,nnls,False,0.14510654247041052,,,,,,
calma,8380,ssrc,False,0.21289907563363317,0.02432555536570409,0.0001,0.023739064078611705,24.32555536570409,400.0,100.0
calma,8380,pls,False,0.8196948956041696,,,,,,
calma,8380,naive,False,0.15448250616302284,,,,,,
calma,8400,ols,False,0.08923714889202167,,,,,,
calma,8400,ridge,False,0.08173078557818157,0.10134729939578832,0.0001,0.07242896181967717,101.34729939578831,400.0,100.0
calma,8400,nnls,False,0.742699439517309,,,,,,
calma,8400,ssrc,False,0.022713507656472943,0.024229560438497267,0.0001,0.0277719373904785,24.229560438497266,400.0,100.0
calma,8400,pls,False,1.7122285392343164,,,,,,
calma,8400,naive,False,0.4906555492228543,,,,,,
calma,8420,ols,False,0.04776329252676816,,,,,,
calma,8420,ridge,False,0.02526930930724109,0.10380019242670087,0.0001,0.06653119138597878,103.80019242670087,400.0,100.0
calma,8420,nnls,False,0.027047087620491194,,,,,,
calma,8420,ssrc,False,0.2470970370515047,0.0002464477110707938,1e-06,0.027084761348527983,24.644771107079382,400.0,100.0
calma,8420,pls,False,0.5677749221433938,,,,,,
calma,8420,naive,False,0.08710151718917752,,,,,,
calma,8440,ols,False,0.1435258051050674,,,,,,
calma,8440,ridge,False,0.17048924860286743,0.10504114390292002,0.0001,0.05911878869963776,105.04114390292003,400.0,100.0
calma,8440,nnls,False,1.5378259643782248,,,,,,
calma,8440,ssrc,False,0.06727267594451554,0.00025165613676434947,1e-06,0.02599206065077583,25.16561367643495,400.0,100.0
calma,8440,pls,False,3.3005997004651855,,,,,,
calma,8440,naive,False,1.3533917342536277,,,,,,
calma,8460,ols,False,0.021793783230869803,,,,,,
calma,8460,ridge,False,0.027893520628343035,0.0010713700814239321,1e-06,0.05528716529694107,107.13700814239321,400.0,100.0
calma,8460,nnls,False,1.2046078756881013,,,,,,
calma,8460,ssrc,False,0.05152954755061973,0.00025511306970151855,1e-06,0.023555833406687564,25.511306970151857,400.0,100.0
calma,8460,pls,False,2.910328190670065,,,,,,
calma,8460,naive,False,1.5258677311345177,,,,,,
calma,8480,ols,False,0.12037665980542978,,,,,,
calma,8480,ridge,False,0.12027472389107545,1.08437246935199e-05,1e-08,0.05964849359067842,108.43724693519898,400.0,100.0
calma,8480,nnls,False,1.752851774810839,,,,,,
calma,8480,ssrc,False,0.2315332046480593,0.025614710453172495,0.0001,0.022598178243789634,25.614710453172496,400.0,100.0
calma,8480,pls,False,2.8939132933827985,,,,,,
calma,8480,naive,False,1.6331732769448726,,,,,,
calma,8500,ols,False,0.26421317872103744,,,,,,
calma,8500,ridge,False,0.26110271273347835,0.0010600650634199635,1e-06,0.051395909945554014,106.00650634199636,400.0,100.0
calma,8500,nnls,False,1.35466721549529,,,,,,
calma,8500,ssrc,False,0.019805334085679586,0.00025490035357548824,1e-06,0.017695937221483916,25.490035357548827,400.0,100.0
calma,8500,pls,False,3.0272813174535385,,,,,,
calma,8500,naive,False,1.2072637617300017,,,,,,
calma,8520,ols,False,0.06414706034546111,,,,,,
calma,8520,ridge,False,0.06632481028650528,0.001079803047734316,1e-06,0.05399172438305931,107.9803047734316,400.0,100.0
calma,8520,nnls,False,0.6256779655893467,,,,,,
calma,8520,ssrc,False,0.13227099686509128,0.00025606977536879927,1e-06,0.017549397522722002,25.60697753687993,400.0,100.0
calma,8520,pls,False,1.3642170629895882,,,,,,
calma,8520,naive,False,0.9175942736767795,,,,,,
calma,8540,ols,False,0.15757581968907272,,,,,,
calma,8540,ridge,False,0.1854215756822133,0.10598505292056407,0.0001,0.05424126160603394,105.98505292056407,400.0,100.0
calma,8540,nnls,False,0.49226442229593237,,,,,,
calma,8540,ssrc,False,0.12075641029564474,0.00025393150211216434,1e-06,0.017515037605587595,25.393150211216437,400.0,100.0
calma,8540,pls,False,1.6371983751833128,,,,,,
calma,8540,naive,False,0.4566029430880159,,,,,,
calma,8560,ols,False,0.09877499898161479,,,,,,
calma,8560,ridge,False,0.23777756296755193,0.10613936047442508,0.0001,0.05939331073055754,106.13936047442508,400.0,100.0
calma,8560,nnls,False,1.685742054853792,,,,,,
calma,8560,ssrc,False,0.1509413668082755,2.536749628508039e-06,1e-08,0.01955171754238404,25.367496285080392,400.0,100.0
calma,8560,pls,False,5.748341691717491,,,,,,
calma,8560,naive,False,1.6473382822474398,,,,,,
calma,8580,ols,False,0.7491846863792029,,,,,,
calma,8580,ridge,False,0.5956000407982482,0.10775069764969039,0.0001,0.06084707414911601,107.7506976496904,400.0,100.0
calma,8580,nnls,False,2.2777685896833577,,,,,,
calma,8580,ssrc,False,0.29835507038970716,2.544544641127964e-06,1e-08,0.02197898497635543,25.44544641127964,400.0,100.0
calma,8580,pls,False,5.2526852060146485,,,,,,
calma,8580,naive,False,2.8805356499179804,,,,,,
calma,8600,ols,False,0.018042424596429577,,,,,,
calma,8600,ridge,False,0.013397930127569372,0.10806992957973201,0.0001,0.06438899447335969,108.069929579732,400.0,100.0
calma,8600,nnls,False,0.15713367728013233,,,,,,
calma,8600,ssrc,False,0.09435353918950541,2.5706929411526852e-06,1e-08,0.030815526564447877,25.706929411526854,400.0,100.0
calma,8600,pls,False,0.32695689591994836,,,,,,
calma,8600,naive,False,0.15301728453603694,,,,,,
calma,8620,ols,False,0.49019868554214935,,,,,,
calma,8620,ridge,False,0.5336083557590624,0.10468034397434477,0.0001,0.06697827706182326,104.68034397434477,400.0,100.0
calma,8620,nnls,False,1.4893394522950545,,,,,,
calma,8620,ssrc,False,0.03942873753719816,2.5083786936811374e-06,1e-08,0.030648993546849457,25.083786936811375,400.0,100.0
calma,8620,pls,False,3.3923765796329217,,,,,,
calma,8620,naive,False,1.4141624023912722,,,,,,
calma,8640,ols,False,0.14652555130919853,,,,,,
calma,8640,ridge,False,0.24447948864871866,0.10560957981481306,0.0001,0.07546288505543962,105.60957981481306,400.0,100.0
calma,8640,nnls,False,2.3122821971804255,,,,,,
calma,8640,ssrc,False,0.07060496688541419,2.4795757781959212e-06,1e-08,0.031605474368982936,24.79575778195921,400.0,100.0
calma,8640,pls,False,3.794050961729642,,,,,,
calma,8640,naive,False,2.1289950600600385,,,,,,
calma,8660,ols,False,0.46419446341714277,,,,,,
calma,8660,ridge,False,0.36222942304514827,0.10559817305991585,0.0001,0.0735033748490461,105.59817305991585,400.0,100.0
calma,8660,nnls,False,0.6654537385007778,,,,,,
calma,8660,ssrc,False,0.1733654817256952,2.4474066830986415e-06,1e-08,0.030947529818420468,24.474066830986416,400.0,100.0
calma,8660,pls,False,1.0671436783893482,,,,,,
calma,8660,naive,False,0.7995104360285139,,,,,,
calma,8680,ols,False,0.10235880334337634,,,,,,
calma,8680,ridge,False,0.11154759374086035,0.10357083364020628,0.0001,0.06997365267787847,103.57083364020627,400.0,100.0
calma,8680,nnls,False,0.3214511210902701,,,,,,
calma,8680,ssrc,False,0.14627393537538697,2.43079711125991e-06,1e-08,0.031062829153404546,24.3079711125991,400.0,100.0
calma,8680,pls,False,0.3363486505021452,,,,,,
calma,8680,naive,False,0.31838581093704865,,,,,,
calma,8700,ols,False,0.322181915794769,,,,,,
calma,8700,ridge,False,0.3211383164935071,0.0010320775319763908,1e-06,0.07398932321305668,103.2077531976391,400.0,100.0
calma,8700,nnls,False,0.7758439751901309,,,,,,
calma,8700,ssrc,False,0.0297052796393013,2.424031434830254e-06,1e-08,0.02461042736169553,24.24031434830254,400.0,100.0
calma,8700,pls,False,1.903064297001951,,,,,,
calma,8700,naive,False,0.48004966432972584,,,,,,
calma,8720,ols,False,0.29536310586180664,,,,,,
calma,8720,ridge,False,0.22392658493410522,0.1034113478933626,0.0001,0.07233829499438865,103.41134789336262,400.0,100.0
calma,8720,nnls,False,0.6522692073701667,,,,,,
calma,8720,ssrc,False,0.11521541854291836,2.4264149504331167e-06,1e-08,0.02166763540671311,24.26414950433117,400.0,100.0
calma,8720,pls,False,1.0955126346448067,,,,,,
calma,8720,naive,False,0.816374397581471,,,,,,
calma,8740,ols,False,0.08947052733981016,,,,,,
calma,8740,ridge,False,0.08158534336198446,0.10372463018457737,0.0001,0.07043030009341653,103.72463018457736,400.0,100.0
calma,8740,nnls,False,2.2218270443342996,,,,,,
calma,8740,ssrc,False,0.5460336782855839,2.4167851395130647e-06,1e-08,0.025673934521839924,24.167851395130647,400.0,100.0
calma,8740,pls,False,3.0591515738653667,,,,,,
calma,8740,naive,False,2.036427328309532,,,,,,
calma,8760,ols,False,0.18288685916574668,,,,,,
calma,8760,ridge,False,0.18086176318876546,0.001032167240465374,1e-06,0.06469420329899919,103.21672404653742,400.0,100.0
calma,8760,nnls,False,1.1697438986503377,,,,,,
calma,8760,ssrc,False,0.014843721133894271,0.024242400845222507,0.0001,0.027205743905518914,24.242400845222505,400.0,100.0
calma,8760,pls,False,2.670820439462154,,,,,,
calma,8760,naive,False,0.9517159537895512,,,,,,
calma,8780,ols,False,0.0677042753071148,,,,,,
calma,8780,ridge,False,0.07111677458984214,0.0010186208474601609,1e-06,0.058004850783200716,101.86208474601611,400.0,100.0
calma,8780,nnls,False,0.3117243294515155,,,,,,
calma,8780,ssrc,False,0.11273891240902582,0.024422373541288893,0.0001,0.025926170201745088,24.42237354128889,400.0,100.0
calma,8780,pls,False,0.3150235761375995,,,,,,
calma,8780,naive,False,0.46944658719882587,,,,,,
calma,8800,ols,False,0.34346227383751143,,,,,,
calma,8800,ridge,False,0.34241780613901945,0.0010269743636276828,1e-06,0.04848187440420074,102.69743636276829,400.0,100.0
calma,8800,nnls,False,1.5713803922272545,,,,,,
calma,8800,ssrc,False,0.008264260492372286,0.02489977722977342,0.0001,0.025465491325642707,24.89977722977342,400.0,100.0
calma,8800,pls,False,3.46898743356879,,,,,,
calma,8800,naive,False,1.4166076113464074,,,,,,
calma,8820,ols,False,0.27122517763898124,,,,,,
calma,8820,ridge,False,0.2732746101685111,0.0010525751218657925,1e-06,0.048041682709040946,105.25751218657925,400.0,100.0
calma,8820,nnls,False,1.3471275612077116,,,,,,
calma,8820,ssrc,False,0.09629076888502813,0.02521231694848364,0.0001,0.02523537987918364,25.212316948483643,400.0,100.0
calma,8820,pls,False,3.2944588996452713,,,,,,
calma,8820,naive,False,1.7203252787295324,,,,,,
calma,8840,ols,False,0.44420417268754825,,,,,,
calma,8840,ridge,False,0.36958354179154823,0.10487759292552919,0.0001,0.05070959465454511,104.8775929255292,400.0,100.0
calma,8840,nnls,False,0.5242563299314001,,,,,,
calma,8840,ssrc,False,0.2230929413070278,0.0252149970305066,0.0001,0.02620170728810732,25.2149970305066,400.0,100.0
calma,8840,pls,False,0.5191044959216908,,,,,,
calma,8840,naive,False,0.5464499378436741,,,,,,
calma,8860,ols,False,0.49044652614890705,,,,,,
calma,8860,ridge,False,0.5631343253887812,0.10177162764910617,0.0001,0.052897557376789445,101.77162764910616,400.0,100.0
calma,8860,nnls,False,1.6533044353404103,,,,,,
calma,8860,ssrc,False,0.20235540242998348,0.02492853321257896,0.0001,0.02587079027664335,24.92853321257896,400.0,100.0
calma,8860,pls,False,2.8691611437131885,,,,,,
calma,8860,naive,False,1.5927751610641647,,,,,,
calma,8880,ols,False,0.4335047643334189,,,,,,
calma,8880,ridge,False,0.3760944699743009,0.10204936574501206,0.0001,0.059490285850473244,102.04936574501205,400.0,100.0
calma,8880,nnls,False,1.8121772386440658,,,,,,
calma,8880,ssrc,False,0.022963126326190575,0.025039256137568827,0.0001,0.02845505618764068,25.039256137568827,400.0,100.0
calma,8880,pls,False,3.8054879402409334,,,,,,
calma,8880,naive,False,1.584919562197084,,,,,,
calma,8900,ols,False,0.12625020978880894,,,,,,
calma,8900,ridge,False,0.0651156009383352,0.10482547318659795,0.0001,0.06666611855947434,104.82547318659795,400.0,100.0
calma,8900,nnls,False,0.22798495411471234,,,,,,
calma,8900,ssrc,False,0.35085304227074204,0.02537691321412714,0.0001,0.03035436854723274,25.376913214127143,400.0,100.0
calma,8900,pls,False,0.7546796270699209,,,,,,
calma,8900,naive,False,0.20126199231137237,,,,,,
calma,8920,ols,False,0.3596830861614095,,,,,,
calma,8920,ridge,False,0.3889301259642597,0.1011986158528171,0.0001,0.06377602598074927,101.19861585281711,400.0,100.0
calma,8920,nnls,False,1.0315388880047056,,,,,,
calma,8920,ssrc,False,0.0008276864626050391,0.024640838758838577,0.0001,0.036198513966989136,24.640838758838576,400.0,100.0
calma,8920,pls,False,1.0523828052972786,,,,,,
calma,8920,naive,False,1.0027896386833512,,,,,,
calma,8940,ols,False,0.7269524453571842,,,,,,
calma,8940,ridge,False,0.7274883182643445,0.0010082769123430351,1e-06,0.06542834675152664,100.82769123430351,400.0,100.0
calma,8940,nnls,False,0.6970596554496057,,,,,,
calma,8940,ssrc,False,0.04379265415997849,0.02434010041877755,0.0001,0.03386799312737907,24.340100418777553,400.0,100.0
calma,8940,pls,False,0.9962613238538758,,,,,,
calma,8940,naive,False,1.067122175605115,,,,,,
calma,8960,ols,False,0.057562882165700484,,,,,,
calma,8960,ridge,False,0.05754319145712261,9.969190679216424e-06,1e-08,0.06958227957173622,99.69190679216425,400.0,100.0
calma,8960,nnls,False,1.837039804351272,,,,,,
calma,8960,ssrc,False,0.06938605474584912,0.024011211367528217,0.0001,0.028380113498500132,24.01121136752822,400.0,100.0
calma,8960,pls,False,2.4348873159414532,,,,,,
calma,8960,naive,False,1.7732250536559158,,,,,,
calma,8980,ols,False,0.19634653690982207,,,,,,
calma,8980,ridge,False,0.22332898150387057,0.1000150366377376,0.0001,0.0668646591779006,100.0150366377376,400.0,100.0
calma,8980,nnls,False,0.6252623927194845,,,,,,
calma,8980,ssrc,False,0.021103455810673227,0.024327272005299022,0.0001,0.027190733150256063,24.327272005299022,400.0,100.0
calma,8980,pls,False,2.1645926507265667,,,,,,
calma,8980,naive,False,0.5641821913352983,,,,,,
calma,9000,ols,False,0.6167143318527412,,,,,,
calma,9000,ridge,False,0.6698979778718169,0.10081032156591524,0.0001,0.06513838175646834,100.81032156591525,400.0,100.0
calma,9000,nnls,False,1.9861786401872683,,,,,,
calma,9000,ssrc,False,0.10823069975462316,0.02399132210307133,0.0001,0.025167663860449965,23.99132210307133,400.0,100.0
calma,9000,pls,False,3.172592928850524,,,,,,
calma,9000,naive,False,1.9112323532456523,,,,,,
calma,9020,ols,False,0.07498803639861276,,,,,,
calma,9020,ridge,False,0.07499482897066191,0.0010038179154502275,1e-06,0.07379965254549152,100.38179154502276,400.0,100.0
calma,9020,nnls,False,0.9882764877468515,,,,,,
calma,9020,ssrc,False,0.016944789885477145,0.023747728180840724,0.0001,0.023043528220376915,23.747728180840724,400.0,100.0
calma,9020,pls,False,2.229836040543233,,,,,,
calma,9020,naive,False,1.274462628560873,,,,,,
calma,9040,ols,False,0.09688412596674012,,,,,,
calma,9040,ridge,False,0.08398471866818479,0.10091885025222377,0.0001,0.06811292021216765,100.91885025222378,400.0,100.0
calma,9040,nnls,False,0.12797690160100192,,,,,,
calma,9040,ssrc,False,0.028135054002085966,0.0002373038460841777,1e-06,0.023506074161739905,23.730384608417772,400.0,100.0
calma,9040,pls,False,0.7913025384075915,,,,,,
calma,9040,naive,False,0.1413515513290969,,,,,,
calma,9060,ols,False,0.381340937866488,,,,,,
calma,9060,ridge,False,0.4136940971396313,0.09941792049898084,0.0001,0.07007225124863341,99.41792049898083,400.0,100.0
calma,9060,nnls,False,1.4630278398116716,,,,,,
calma,9060,ssrc,False,0.13550863468024343,0.0002356069892017097,1e-06,0.024129255622386037,23.56069892017097,400.0,100.0
calma,9060,pls,False,3.2388007025825196,,,,,,
calma,9060,naive,False,1.2852695738824642,,,,,,
calma,9080,ols,False,0.30523981365687336,,,,,,
calma,9080,ridge,False,0.3052614847279592,1.008761631652405e-05,1e-08,0.06921842195200772,100.87616316524048,400.0,100.0
calma,9080,nnls,False,1.36841363652052,,,,,,
calma,9080,ssrc,False,0.12589009418711639,0.00023922524342626992,1e-06,0.02340169717733412,23.922524342626996,400.0,100.0
calma,9080,pls,False,3.2275049935636995,,,,,,
calma,9080,naive,False,1.6996974869788775,,,,,,
calma,9100,ols,False,0.27614836896973044,,,,,,
calma,9100,ridge,False,0.23836716762631585,0.10208593109244776,0.0001,0.06939133548056964,102.08593109244777,400.0,100.0
calma,9100,nnls,False,0.3493916168521648,,,,,,
calma,9100,ssrc,False,0.11534195734947895,0.00024043033185168922,1e-06,0.023005882075213268,24.043033185168923,400.0,100.0
calma,9100,pls,False,0.1570475758378894,,,,,,
calma,9100,naive,False,0.35713470755620014,,,,,,
calma,9120,ols,False,0.07662239629657185,,,,,,
calma,9120,ridge,False,0.08563349837228729,0.10188486409855893,0.0001,0.06323484046827471,101.88486409855892,400.0,100.0
calma,9120,nnls,False,0.1913102995475995,,,,,,
calma,9120,ssrc,False,0.2727074303192821,0.024025238349274104,0.0001,0.02175717431629861,24.025238349274105,400.0,100.0
calma,9120,pls,False,1.3935309192876755,,,,,,
calma,9120,naive,False,0.164782325373016,,,,,,
calma,9140,ols,False,0.06774467917255178,,,,,,
calma,9140,ridge,False,0.019220965770683246,0.10245038752095505,0.0001,0.07275691743915962,102.45038752095505,400.0,100.0
calma,9140,nnls,False,0.5042818145867662,,,,,,
calma,9140,ssrc,False,0.10225174849261455,0.023922959781755453,0.0001,0.031956617694290125,23.922959781755452,400.0,100.0
calma,9140,pls,False,3.949492271386202,,,,,,
calma,9140,naive,False,0.40824769019104673,,,,,,
calma,9160,ols,False,0.055143209733914934,,,,,,
calma,9160,ridge,False,0.0012540752451497923,0.09935190013809768,0.0001,0.0634911657968409,99.35190013809768,400.0,100.0
calma,9160,nnls,False,0.037039013715310876,,,,,,
calma,9160,ssrc,False,0.21158786841198451,0.024033503126706796,0.0001,0.03592609314699111,24.033503126706794,400.0,100.0
calma,9160,pls,False,0.5672294071510562,,,,,,
calma,9160,naive,False,0.05408916215684395,,,,,,
calma,9180,ols,False,0.14323808734767482,,,,,,
calma,9180,ridge,False,0.20653068841642452,0.09903530212113604,0.0001,0.06029773430478552,99.03530212113604,400.0,100.0
calma,9180,nnls,False,1.4415425657821703,,,,,,
calma,9180,ssrc,False,0.004766525093936285,0.02411240666564248,0.0001,0.04113078441752557,24.11240666564248,400.0,100.0
calma,9180,pls,False,4.229648647600739,,,,,,
calma,9180,naive,False,1.3346444591318969,,,,,,
calma,9200,ols,False,0.068768557282016,,,,,,
calma,9200,ridge,False,0.06914300432011057,0.0009960414375818612,1e-06,0.05620824797884365,99.60414375818613,400.0,100.0
calma,9200,nnls,False,1.635880533323094,,,,,,
calma,9200,ssrc,False,0.29471184665078876,0.024262814025930373,0.0001,0.040154116890134414,24.262814025930375,400.0,100.0
calma,9200,pls,False,1.600723251301623,,,,,,
calma,9200,naive,False,1.5347635155162238,,,,,,
calma,9220,ols,False,0.535446890951121,,,,,,
calma,9220,ridge,False,0.5323171544658136,0.0009806443026139265,1e-06,0.06167856805739692,98.06443026139266,400.0,100.0
calma,9220,nnls,False,0.8685216918641075,,,,,,
calma,9220,ssrc,False,0.20350367678331113,0.023804217590114723,0.0001,0.04692052223042615,23.804217590114725,400.0,100.0
calma,9220,pls,False,1.2786369782299154,,,,,,
calma,9220,naive,False,0.9594251465636189,,,,,,
calma,9240,ols,False,0.25560056717872326,,,,,,
calma,9240,ridge,False,0.2515908619635771,0.0009654741727559826,1e-06,0.05195078308698556,96.54741727559826,400.0,100.0
calma,9240,nnls,False,1.4461862587237826,,,,,,
calma,9240,ssrc,False,0.0003306909388455418,0.24030413506458317,0.001,0.03959661623910704,24.030413506458316,400.0,100.0
calma,9240,pls,False,3.676826576606895,,,,,,
calma,9240,naive,False,1.3616253262081894,,,,,,
calma,9260,ols,False,0.022403882330339634,,,,,,
calma,9260,ridge,False,0.022205822068867634,0.0009660440784500156,1e-06,0.05690221502871709,96.60440784500156,400.0,100.0
calma,9260,nnls,False,1.3094505155382068,,,,,,
calma,9260,ssrc,False,0.23127982970908056,2.3831310746781934e-06,1e-08,0.02908344794108269,23.831310746781938,400.0,100.0
calma,9260,pls,False,1.6167853325576258,,,,,,
calma,9260,naive,False,1.2323300312885401,,,,,,
calma,9280,ols,False,0.2402230326910017,,,,,,
calma,9280,ridge,False,0.23556321689721607,0.09358158686224684,0.0001,0.06167334117994903,93.58158686224684,400.0,100.0
calma,9280,nnls,False,0.4129930464944802,,,,,,
calma,9280,ssrc,False,0.13121070200190335,2.31538996246628e-06,1e-08,0.025815877939883904,23.1538996246628,400.0,100.0
calma,9280,pls,False,2.1365583592887387,,,,,,
calma,9280,naive,False,0.36246515657594697,,,,,,
calma,9300,ols,False,0.1989374051645619,,,,,,
calma,9300,ridge,False,0.20844403986534038,0.09404926647284538,0.0001,0.06036776814796202,94.04926647284537,400.0,100.0
calma,9300,nnls,False,0.5413809537002828,,,,,,
calma,9300,ssrc,False,0.04933922194918299,2.276284570853477e-06,1e-08,0.023233408684312805,22.76284570853477,400.0,100.0
calma,9300,pls,False,0.3541610075511579,,,,,,
calma,9300,naive,False,0.5291806639679598,,,,,,
calma,9320,ols,False,0.07286257303987677,,,,,,
calma,9320,ridge,False,0.11922500195645641,0.09186772533380126,0.0001,0.06602915126370053,91.86772533380126,400.0,100.0
calma,9320,nnls,False,0.8803576745958319,,,,,,
calma,9320,ssrc,False,0.09495441954285518,2.2439038408669736e-06,1e-08,0.023125118858179503,22.439038408669735,400.0,100.0
calma,9320,pls,False,1.6011159763751794,,,,,,
calma,9320,naive,False,1.2029850752824183,,,,,,
calma,9340,ols,False,0.01517076152082381,,,,,,
calma,9340,ridge,False,0.04360527699700495,0.09177170367325127,0.0001,0.06155705471251571,91.77170367325128,400.0,100.0
calma,9340,nnls,False,0.2566217744650581,,,,,,
calma,9340,ssrc,False,0.07567040011375177,0.022737866359641312,0.0001,0.025154706657406996,22.737866359641313,400.0,100.0
calma,9340,pls,False,1.383706088926514,,,,,,
calma,9340,naive,False,0.18231525911777083,,,,,,
calma,9360,ols,False,0.41673754113937883,,,,,,
calma,9360,ridge,False,0.44878320178313474,0.09371446087789832,0.0001,0.06091172939892757,93.71446087789832,400.0,100.0
calma,9360,nnls,False,1.2011087246868433,,,,,,
calma,9360,ssrc,False,0.062320019340975814,0.022974592169938374,0.0001,0.027016186150948262,22.974592169938376,400.0,100.0
calma,9360,pls,False,3.0218597117549275,,,,,,
calma,9360,naive,False,1.1011498125367467,,,,,,
calma,9380,ols,False,0.25876365954987335,,,,,,
calma,9380,ridge,False,0.2587572959122676,9.696325493097815e-06,1e-08,0.06562081030633947,96.96325493097817,400.0,100.0
calma,9380,nnls,False,1.8283092009250943,,,,,,
calma,9380,ssrc,False,0.02201389986606735,0.00023262304890282138,1e-06,0.028203112693809426,23.262304890282138,400.0,100.0
calma,9380,pls,False,0.8720420841492528,,,,,,
calma,9380,naive,False,1.862076853478598,,,,,,
calma,9400,ols,False,0.23663969255028638,,,,,,
calma,9400,ridge,False,0.2366363775625225,9.369735334710999e-06,1e-08,0.06584031420299974,93.69735334710998,400.0,100.0
calma,9400,nnls,False,0.2842227159225106,,,,,,
calma,9400,ssrc,False,0.0974478683931904,0.00022989897662740931,1e-06,0.027687203735187037,22.989897662740933,400.0,100.0
calma,9400,pls,False,1.8916939288607542,,,,,,
calma,9400,naive,False,0.26200510325245313,,,,,,
calma,9420,ols,False,0.3610685862027349,,,,,,
calma,9420,ridge,False,0.38510354669187097,0.09634377134154498,0.0001,0.06328195006618367,96.34377134154498,400.0,100.0
calma,9420,nnls,False,1.0574809149438662,,,,,,
calma,9420,ssrc,False,0.0438747053428772,2.3102638353793085e-06,1e-08,0.02620595570589791,23.102638353793086,400.0,100.0
calma,9420,pls,False,1.0411015294885235,,,,,,
calma,9420,naive,False,0.9918939655940942,,,,,,
calma,9440,ols,False,0.7959911816288923,,,,,,
calma,9440,ridge,False,0.7759223118352049,0.09529926660640463,0.0001,0.06673667139196128,95.29926660640463,400.0,100.0
calma,9440,nnls,False,0.2916691313382822,,,,,,
calma,9440,ssrc,False,0.10808388671569125,0.0002296980163440945,1e-06,0.022787556425349367,22.969801634409453,400.0,100.0
calma,9440,pls,False,5.016156953748049,,,,,,
calma,9440,naive,False,0.08146605382365783,,,,,,
calma,9460,ols,False,0.3014132602160176,,,,,,
calma,9460,ridge,False,0.2262603039804828,0.09575271342353102,0.0001,0.07237042017564722,95.75271342353102,400.0,100.0
calma,9460,nnls,False,0.5935013039019336,,,,,,
calma,9460,ssrc,False,0.07419824711849442,0.0231554291103467,0.0001,0.022353224997248393,23.1554291103467,400.0,100.0
calma,9460,pls,False,0.6920261195994576,,,,,,
calma,9460,naive,False,0.7228829916208465,,,,,,
calma,9480,ols,False,0.3231343610233189,,,,,,
calma,9480,ridge,False,0.3222239733439,0.0947897326550065,0.0001,0.07153816364540182,94.7897326550065,400.0,100.0
calma,9480,nnls,False,0.6045768902670804,,,,,,
calma,9480,ssrc,False,0.17455421577018246,0.00022851099768206692,1e-06,0.020270847539725162,22.851099768206694,400.0,100.0
calma,9480,pls,False,2.4009624317048788,,,,,,
calma,9480,naive,False,0.5252602289580522,,,,,,
calma,9500,ols,False,0.2220514326015688,,,,,,
calma,9500,ridge,False,0.22204786161147633,9.440517404404212e-06,1e-08,0.0705825351158043,94.40517404404213,400.0,100.0
calma,9500,nnls,False,1.2022220145717086,,,,,,
calma,9500,ssrc,False,0.01678562696538831,2.310987771081028e-06,1e-08,0.022982052898140207,23.10987771081028,400.0,100.0
calma,9500,pls,False,2.6028660908781744,,,,,,
calma,9500,naive,False,0.9135947381265207,,,,,,
calma,9520,ols,False,0.6223584685878804,,,,,,
calma,9520,ridge,False,0.622390618447241,9.505000443581703e-06,1e-08,0.06838953448645728,95.05000443581703,400.0,100.0
calma,9520,nnls,False,2.3736868294746256,,,,,,
calma,9520,ssrc,False,0.15475350225498827,0.0002302892898409959,1e-06,0.022993799161382854,23.028928984099593,400.0,100.0
calma,9520,pls,False,5.608170910638913,,,,,,
calma,9520,naive,False,2.8514789767096294,,,,,,
calma,9540,ols,False,0.060210620347053594,,,,,,
calma,9540,ridge,False,0.07898492014175294,0.09425949039463545,0.0001,0.06889525958572505,94.25949039463546,400.0,100.0
calma,9540,nnls,False,0.31320732026136794,,,,,,
calma,9540,ssrc,False,0.04580184928046588,0.00022893359150130352,1e-06,0.026419691166191483,22.893359150130355,400.0,100.0
calma,9540,pls,False,0.6320829750037399,,,,,,
calma,9540,naive,False,0.2942760145708986,,,,,,
calma,9560,ols,False,0.29153702334550774,,,,,,
calma,9560,ridge,False,0.31618955470604243,0.09358724021504249,0.0001,0.06440957260879906,93.58724021504248,400.0,100.0
calma,9560,nnls,False,0.8099248485161492,,,,,,
calma,9560,ssrc,False,0.16041423111630654,2.284145267179977e-06,1e-08,0.027016768517638786,22.84145267179977,400.0,100.0
calma,9560,pls,False,2.5808420065257893,,,,,,
calma,9560,naive,False,0.7393095235075074,,,,,,
calma,9580,ols,False,0.14627348452823977,,,,,,
calma,9580,ridge,False,0.14627161962962004,9.334354514992958e-06,1e-08,0.06667376946844913,93.34354514992958,400.0,100.0
calma,9580,nnls,False,1.4442469158688227,,,,,,
calma,9580,ssrc,False,0.12748706486124262,2.259461427093686e-06,1e-08,0.02798019924024945,22.594614270936862,400.0,100.0
calma,9580,pls,False,0.9963920398885379,,,,,,
calma,9580,naive,False,1.49501813955011,,,,,,
calma,9600,ols,False,0.03300012583913334,,,,,,
calma,9600,ridge,False,0.053241982107149886,0.09068383489948176,0.0001,0.06360639286893789,90.68383489948177,400.0,100.0
calma,9600,nnls,False,0.2674681204942531,,,,,,
calma,9600,ssrc,False,0.03683518535164395,2.244757784532689e-06,1e-08,0.023912823862045587,22.44757784532689,400.0,100.0
calma,9600,pls,False,0.7285236639591566,,,,,,
calma,9600,naive,False,0.24464595366993916,,,,,,
calma,9620,ols,False,0.0787072967984716,,,,,,
calma,9620,ridge,False,0.08134701068400225,0.09064338686957912,0.0001,0.0602123983362852,90.64338686957912,400.0,100.0
calma,9620,nnls,False,0.21860219628620753,,,,,,
calma,9620,ssrc,False,0.14275362355459928,0.02243298144995931,0.0001,0.023724783631091984,22.43298144995931,400.0,100.0
calma,9620,pls,False,0.867205371350098,,,,,,
calma,9620,naive,False,0.2266184268145356,,,,,,
calma,9640,ols,False,0.17812653030684816,,,,,,
calma,9640,ridge,False,0.17895299026738848,0.08891651940157079,0.0001,0.06750946205762066,88.9165194015708,400.0,100.0
calma,9640,nnls,False,0.088228795208584,,,,,,
calma,9640,ssrc,False,0.01061618741763138,0.022432917640987763,0.0001,0.03201580108278869,22.432917640987764,400.0,100.0
calma,9640,pls,False,0.40696766344601243,,,,,,
calma,9640,naive,False,0.19062739326119538,,,,,,
calma,9660,ols,False,0.04481491867404212,,,,,,
calma,9660,ridge,False,0.04373361850508039,0.0009142022429255796,1e-06,0.06133144652579139,91.42022429255798,400.0,100.0
calma,9660,nnls,False,0.31868915049916163,,,,,,
calma,9660,ssrc,False,0.29031109543899497,0.022732793600198135,0.0001,0.033919786934574564,22.732793600198136,400.0,100.0
calma,9660,pls,False,1.2832643064387894,,,,,,
calma,9660,naive,False,0.21201539575129918,,,,,,
calma,9680,ols,False,0.36598421061891,,,,,,
calma,9680,ridge,False,0.3658906456989302,0.0009340253065483674,1e-06,0.05152033095386068,93.40253065483675,400.0,100.0
calma,9680,nnls,False,0.3778171298542698,,,,,,
calma,9680,ssrc,False,0.07440363686242223,0.02315346808583866,0.0001,0.03383705888234955,23.15346808583866,400.0,100.0
calma,9680,pls,False,1.035306410006755,,,,,,
calma,9680,naive,False,0.0941301501597226,,,,,,
calma,9700,ols,False,0.25467104654312056,,,,,,
calma,9700,ridge,False,0.25282277651557916,0.0009627200992230614,1e-06,0.05309309701896101,96.27200992230615,400.0,100.0
calma,9700,nnls,False,0.3519068358013361,,,,,,
calma,9700,ssrc,False,0.2272170987683004,0.023509348517129092,0.0001,0.0375523859052539,23.509348517129094,400.0,100.0
calma,9700,pls,False,0.007866548820016186,,,,,,
calma,9700,naive,False,0.44426623674827415,,,,,,
calma,9720,ols,False,0.26781709803740633,,,,,,
calma,9720,ridge,False,0.26781820190025024,9.55185518208096e-06,1e-08,0.05742452430526129,95.5185518208096,400.0,100.0
calma,9720,nnls,False,0.6752873958455997,,,,,,
calma,9720,ssrc,False,0.17308708989768148,0.023594104984050134,0.0001,0.03658985898747508,23.594104984050134,400.0,100.0
calma,9720,pls,False,0.14913696707604915,,,,,,
calma,9720,naive,False,0.6403189072404339,,,,,,
calma,9740,ols,False,0.6023643633792082,,,,,,
calma,9740,ridge,False,0.6612622014442129,0.09587192280741814,0.0001,0.05091498402716271,95.87192280741814,400.0,100.0
calma,9740,nnls,False,1.9936939411038908,,,,,,
calma,9740,ssrc,False,0.010209659071182162,2.3398109328819657e-06,1e-08,0.027123928596603033,23.398109328819658,400.0,100.0
calma,9740,pls,False,2.748141895233569,,,,,,
calma,9740,naive,False,1.888047036730784,,,,,,
calma,9760,ols,False,0.06555997864765373,,,,,,
calma,9760,ridge,False,0.06577057778513126,0.000980930054869481,1e-06,0.06163935313984451,98.0930054869481,400.0,100.0
calma,9760,nnls,False,1.0211069173097718,,,,,,
calma,9760,ssrc,False,0.03498920713114104,2.3516981643603566e-06,1e-08,0.02449543006164171,23.516981643603568,400.0,100.0
calma,9760,pls,False,2.200016397832278,,,,,,
calma,9760,naive,False,1.2354949518709144,,,,,,
calma,9780,ols,False,0.03720174512304467,,,,,,
calma,9780,ridge,False,0.023181253434480294,0.09988659209270069,0.0001,0.06328001345748877,99.8865920927007,400.0,100.0
calma,9780,nnls,False,0.01085398751428247,,,,,,
calma,9780,ssrc,False,0.054986016162462126,2.3875561376264773e-06,1e-08,0.0254894562681247,23.875561376264773,400.0,100.0
calma,9780,pls,False,1.1065438470088593,,,,,,
calma,9780,naive,False,0.012408506879471995,,,,,,
calma,9800,ols,False,0.33738403812142037,,,,,,
calma,9800,ridge,False,0.34751420891639034,0.10149449296269543,0.0001,0.07246496578245218,101.49449296269543,400.0,100.0
calma,9800,nnls,False,0.7705693271089654,,,,,,
calma,9800,ssrc,False,0.3394339424079153,0.02380449901353482,0.0001,0.03143052341913473,23.80449901353482,400.0,100.0
calma,9800,pls,False,1.1675071529340382,,,,,,
calma,9800,naive,False,0.7118003046200996,,,,,,
calma,9820,ols,False,0.16501274503538207,,,,,,
calma,9820,ridge,False,0.16501645399514683,9.96438885934856e-06,1e-08,0.06344104096024417,99.6438885934856,400.0,100.0
calma,9820,nnls,False,1.3172939666585985,,,,,,
calma,9820,ssrc,False,0.04191999765575232,0.023896619098757264,0.0001,0.03608023774539996,23.896619098757263,400.0,100.0
calma,9820,pls,False,1.2687340679187855,,,,,,
calma,9820,naive,False,1.229037864142343,,,,,,
calma,9840,ols,False,0.25948579688622614,,,,,,
calma,9840,ridge,False,0.2594662404600679,9.640733054961302e-06,1e-08,0.05789850763782978,96.40733054961304,400.0,100.0
calma,9840,nnls,False,0.8565286518099221,,,,,,
calma,9840,ssrc,False,0.0402781891237921,0.023549368524288364,0.0001,0.0395072130073416,23.549368524288365,400.0,100.0
calma,9840,pls,False,0.8864651973802059,,,,,,
calma,9840,naive,False,0.8013676885246255,,,,,,
calma,9860,ols,False,0.07723295036793185,,,,,,
calma,9860,ridge,False,0.07722670734886168,9.502302129413007e-06,1e-08,0.050464052295018005,95.02302129413007,400.0,100.0
calma,9860,nnls,False,1.712632694990941,,,,,,
calma,9860,ssrc,False,0.10621962210732844,0.23553108570274164,0.001,0.038394421140127755,23.553108570274166,400.0,100.0
calma,9860,pls,False,1.7584122041326238,,,,,,
calma,9860,naive,False,1.7547809184862675,,,,,,
calma,9880,ols,False,0.2094435833833716,,,,,,
calma,9880,ridge,False,0.20944518310551455,9.245744622700055e-06,1e-08,0.04988809864225256,92.45744622700055,400.0,100.0
calma,9880,nnls,False,0.21368779223360346,,,,,,
calma,9880,ssrc,False,0.03624319873047465,0.2341946375436958,0.001,0.03865236318801655,23.41946375436958,400.0,100.0
calma,9880,pls,False,1.8328532786501068,,,,,,
calma,9880,naive,False,0.20177749049186475,,,,,,
calma,9900,ols,False,0.5612837413785029,,,,,,
calma,9900,ridge,False,0.5569219578576676,0.0009513538446355918,1e-06,0.049381309924792297,95.13538446355919,400.0,100.0
calma,9900,nnls,False,0.8575941525269578,,,,,,
calma,9900,ssrc,False,0.7581290042783791,0.2323938530063468,0.001,0.03441001162588171,23.23938530063468,400.0,100.0
calma,9900,pls,False,1.0860064880043192,,,,,,
calma,9900,naive,False,0.8761682204733756,,,,,,
calma,9920,ols,False,0.17014238429619172,,,,,,
calma,9920,ridge,False,0.1697451098023276,0.0009215130162041909,1e-06,0.05018671137952177,92.15130162041909,400.0,100.0
calma,9920,nnls,False,0.14690489027069098,,,,,,
calma,9920,ssrc,False,0.12680098522060212,0.023381400685667738,0.0001,0.03261147034370602,23.38140068566774,400.0,100.0
calma,9920,pls,False,3.07402300709554,,,,,,
calma,9920,naive,False,0.008070023223276858,,,,,,
calma,9940,ols,False,0.022742098355205114,,,,,,
calma,9940,ridge,False,0.020841279903269876,0.000926219265942931,1e-06,0.050019017601592886,92.62192659429311,400.0,100.0
calma,9940,nnls,False,0.22086069439447123,,,,,,
calma,9940,ssrc,False,0.29872254013594834,0.023757452975511906,0.0001,0.029900146936936305,23.757452975511907,400.0,100.0
calma,9940,pls,False,0.5036666297262614,,,,,,
calma,9940,naive,False,0.17321918465401623,,,,,,
calma,9960,ols,False,0.3905253234738279,,,,,,
calma,9960,ridge,False,0.38958753760985376,0.000883672052799745,1e-06,0.04711502403862074,88.36720527997451,400.0,100.0
calma,9960,nnls,False,0.22596619436578366,,,,,,
calma,9960,ssrc,False,0.10442048850750824,0.023519441136993665,0.0001,0.030027639659579865,23.519441136993663,400.0,100.0
calma,9960,pls,False,3.8646076901948816,,,,,,
calma,9960,naive,False,0.07048906757510494,,,,,,
calma,9980,ols,False,0.2572316657058306,,,,,,
calma,9980,ridge,False,0.25912139379452,0.0008880411439456242,1e-06,0.04543707109596709,88.80411439456242,400.0,100.0
calma,9980,nnls,False,0.33736283214983526,,,,,,
calma,9980,ssrc,False,0.20604968915544286,0.0238314234206196,0.0001,0.02826150957705846,23.8314234206196,400.0,100.0
calma,9980,pls,False,2.057146811325179,,,,,,
calma,9980,naive,False,0.33974233379799534,,,,,,
calma,10000,ols,False,0.22315727134009802,,,,,,
calma,10000,ridge,False,0.22341483287598296,0.0008739824502146926,1e-06,0.04516603299639172,87.39824502146928,400.0,100.0
calma,10000,nnls,False,0.5886141370833801,,,,,,
calma,10000,ssrc,False,0.16666409140060695,0.023421478112949583,0.0001,0.025944980849506204,23.421478112949586,400.0,100.0
calma,10000,pls,False,2.5390047862068807,,,,,,
calma,10000,naive,False,0.5218863989194983,,,,,,
calma,10020,ols,False,0.43669804034080495,,,,,,
calma,10020,ridge,False,0.43604165789280486,0.0008573721730080706,1e-06,0.05160151074832248,85.73721730080706,400.0,100.0
calma,10020,nnls,False,1.0065718885776263,,,,,,
calma,10020,ssrc,False,0.06450357725770589,2.3252924413953484e-06,1e-08,0.0199491289105485,23.252924413953483,400.0,100.0
calma,10020,pls,False,4.403650388780111,,,,,,
calma,10020,naive,False,0.7792999148630688,,,,,,
calma,10040,ols,False,0.34325337138350953,,,,,,
calma,10040,ridge,False,0.34494167740167503,0.0008478827506367326,1e-06,0.06112724217493557,84.78827506367327,400.0,100.0
calma,10040,nnls,False,2.8156980610944347,,,,,,
calma,10040,ssrc,False,0.02268561505553776,2.301486091479285e-06,1e-08,0.023132078228994355,23.01486091479285,400.0,100.0
calma,10040,pls,False,1.8647998316485126,,,,,,
calma,10040,naive,False,3.033097647439355,,,,,,
calma,10060,ols,False,0.11268237491954075,,,,,,
calma,10060,ridge,False,0.1471880842111429,0.08778656847579089,0.0001,0.06686481325942639,87.78656847579089,400.0,100.0
calma,10060,nnls,False,0.531025117070237,,,,,,
calma,10060,ssrc,False,0.21815647751567055,0.00023581258314553458,1e-06,0.02966260348750989,23.581258314553462,400.0,100.0
calma,10060,pls,False,2.10973724978497,,,,,,
calma,10060,naive,False,0.4385167897151728,,,,,,
calma,10080,ols,False,0.20092488353585572,,,,,,
calma,10080,ridge,False,0.2003362943690233,0.0008574580652367415,1e-06,0.06657729875095661,85.74580652367416,400.0,100.0
calma,10080,nnls,False,1.5027543677712827,,,,,,
calma,10080,ssrc,False,0.09429955649926328,2.3633012233533218e-06,1e-08,0.03190635254326334,23.63301223353322,400.0,100.0
calma,10080,pls,False,3.151002224918414,,,,,,
calma,10080,naive,False,1.2310979901227856,,,,,,
calma,10100,ols,False,0.424716730904616,,,,,,
calma,10100,ridge,False,0.448322685848159,0.08689179737892364,0.0001,0.06025729624481854,86.89179737892363,400.0,100.0
calma,10100,nnls,False,1.1307221146076711,,,,,,
calma,10100,ssrc,False,0.0539827535152162,2.334216123297161e-06,1e-08,0.029303889046814042,23.34216123297161,400.0,100.0
calma,10100,pls,False,0.3745898997953762,,,,,,
calma,10100,naive,False,1.1007158977036515,,,,,,
calma,10120,ols,False,0.0818395543681834,,,,,,
calma,10120,ridge,False,0.08783264937542341,0.09032967616974424,0.0001,0.06676311921386766,90.32967616974425,400.0,100.0
calma,10120,nnls,False,0.5604478919187077,,,,,,
calma,10120,ssrc,False,0.18351012832174454,2.3865835346032847e-06,1e-08,0.03580875116109095,23.86583534603285,400.0,100.0
calma,10120,pls,False,1.0023693718336417,,,,,,
calma,10120,naive,False,0.7357140624011482,,,,,,
calma,10140,ols,False,0.16755926036427224,,,,,,
calma,10140,ridge,False,0.2004871708912054,0.09017219160200408,0.0001,0.05754536903592404,90.17219160200409,400.0,100.0
calma,10140,nnls,False,1.1317888414756625,,,,,,
calma,10140,ssrc,False,0.0056068459386140485,0.024375104561533252,0.0001,0.04864733663407998,24.375104561533252,400.0,100.0
calma,10140,pls,False,2.7978834747389074,,,,,,
calma,10140,naive,False,0.9036795025498819,,,,,,
calma,10160,ols,False,0.054270961160682286,,,,,,
calma,10160,ridge,False,0.053967878133330274,0.0009019179786261342,1e-06,0.04769547224784315,90.19179786261344,400.0,100.0
calma,10160,nnls,False,0.2043573951034436,,,,,,
calma,10160,ssrc,False,0.16254557745455106,0.024404609021520016,0.0001,0.045869687953254044,24.404609021520017,400.0,100.0
calma,10160,pls,False,0.18680687448626984,,,,,,
calma,10160,naive,False,0.36464370660887385,,,,,,
calma,10180,ols,False,0.024558027916983697,,,,,,
calma,10180,ridge,False,0.024838706956228914,0.0008995863886422676,1e-06,0.0433216215716972,89.95863886422677,400.0,100.0
calma,10180,nnls,False,1.176985269572756,,,,,,
calma,10180,ssrc,False,0.1017457306025149,0.2447967338346375,0.001,0.051465807938733565,24.479673383463748,400.0,100.0
calma,10180,pls,False,2.7682056167363727,,,,,,
calma,10180,naive,False,0.9185564030498435,,,,,,
calma,10200,ols,False,0.1579915738989069,,,,,,
calma,10200,ridge,False,0.1579891637896638,8.936400900190534e-06,1e-08,0.04325946880377414,89.36400900190534,400.0,100.0
calma,10200,nnls,False,0.27215646500269164,,,,,,
calma,10200,ssrc,False,0.024007676381174115,0.24563568965518803,0.001,0.05443912441226539,24.563568965518805,400.0,100.0
calma,10200,pls,False,0.2885542637344993,,,,,,
calma,10200,naive,False,0.3820798628447136,,,,,,
calma,10220,ols,False,0.5003686096492841,,,,,,
calma,10220,ridge,False,0.5006293529888808,0.0008843916319060788,1e-06,0.03235687336079259,88.43916319060789,400.0,100.0
calma,10220,nnls,False,1.6609321467773004,,,,,,
calma,10220,ssrc,False,0.04322984202389658,2.475596192656732,0.01,0.04178098678935199,24.75596192656732,400.0,100.0
calma,10220,pls,False,4.148847249874484,,,,,,
calma,10220,naive,False,1.5322027043037363,,,,,,
calma,10240,ols,False,0.7758855711208971,,,,,,
calma,10240,ridge,False,0.7766694521465322,0.0009028878789124108,1e-06,0.03660231575270858,90.2887878912411,400.0,100.0
calma,10240,nnls,False,2.4501918340385194,,,,,,
calma,10240,ssrc,False,0.34344739732862295,2.496732444446785e-06,1e-08,0.030851088460939778,24.967324444467852,400.0,100.0
calma,10240,pls,False,5.342483620791635,,,,,,
calma,10240,naive,False,2.3170599423333864,,,,,,
calma,10260,ols,False,0.07545950326361014,,,,,,
calma,10260,ridge,False,0.07547014148821056,9.12651221249969e-06,1e-08,0.048840595942513804,91.2651221249969,400.0,100.0
calma,10260,nnls,False,0.7396891645079334,,,,,,
calma,10260,ssrc,False,0.025821333296115922,0.00025009636082618984,1e-06,0.03190038811917669,25.009636082618982,400.0,100.0
calma,10260,pls,False,1.0693046638473633,,,,,,
calma,10260,naive,False,0.707433873865217,,,,,,
calma,10280,ols,False,0.41879030202909917,,,,,,
calma,10280,ridge,False,0.418785505011198,8.86511817378508e-06,1e-08,0.05021307311505878,88.65118173785082,400.0,100.0
calma,10280,nnls,False,1.6301850198927619,,,,,,
calma,10280,ssrc,False,0.0019888620974114067,0.00024749451736891573,1e-06,0.0309113701431535,24.749451736891572,400.0,100.0
calma,10280,pls,False,2.51136831769853,,,,,,
calma,10280,naive,False,1.5351109062982897,,,,,,
calma,10300,ols,False,0.40803467303526303,,,,,,
calma,10300,ridge,False,0.4080050219784249,8.617598252510611e-06,1e-08,0.0554583457089377,86.17598252510612,400.0,100.0
calma,10300,nnls,False,2.1193910652411456,,,,,,
calma,10300,ssrc,False,0.09657740145139822,0.024951466200112633,0.0001,0.026342438107382904,24.951466200112634,400.0,100.0
calma,10300,pls,False,0.5516871219605398,,,,,,
calma,10300,naive,False,2.2620874655649716,,,,,,
calma,10320,ols,False,0.5455979295964565,,,,,,
calma,10320,ridge,False,0.5455652992725945,8.717626938120289e-06,1e-08,0.059080442164566926,87.1762693812029,400.0,100.0
calma,10320,nnls,False,0.8736639598802906,,,,,,
calma,10320,ssrc,False,0.07213496025147272,2.4680861464762816e-06,1e-08,0.024951262309975887,24.680861464762817,400.0,100.0
calma,10320,pls,False,3.7810807960280397,,,,,,
calma,10320,naive,False,0.8465730871643039,,,,,,
calma,10340,ols,False,0.5095321884628305,,,,,,
calma,10340,ridge,False,0.5095269120969736,8.859321001827371e-06,1e-08,0.05937111886014731,88.59321001827371,400.0,100.0
calma,10340,nnls,False,1.7499262519968084,,,,,,
calma,10340,ssrc,False,0.055469654564574575,2.4695509565168947e-06,1e-08,0.026820921659153844,24.695509565168948,400.0,100.0
calma,10340,pls,False,4.186268833416176,,,,,,
calma,10340,naive,False,1.6108815924630977,,,,,,
calma,10360,ols,False,0.18081723798162944,,,,,,
calma,10360,ridge,False,0.1808252305467538,9.00829311143322e-06,1e-08,0.055035626980561615,90.08293111433221,400.0,100.0
calma,10360,nnls,False,2.720618943105942,,,,,,
calma,10360,ssrc,False,0.24201707726378457,2.466611940511057e-06,1e-08,0.024857086042181196,24.666119405110567,400.0,100.0
calma,10360,pls,False,5.33483698275683,,,,,,
calma,10360,naive,False,2.476428103437366,,,,,,
calma,10380,ols,False,0.16233881477239992,,,,,,
calma,10380,ridge,False,0.10129001669945283,0.09342279949978405,0.0001,0.06398345617063657,93.42279949978405,400.0,100.0
calma,10380,nnls,False,0.31398195041577276,,,,,,
calma,10380,ssrc,False,0.18122910639718479,2.4921122373557255e-06,1e-08,0.030108494602297066,24.921122373557253,400.0,100.0
calma,10380,pls,False,1.4256624429163156,,,,,,
calma,10380,naive,False,0.31784458000832594,,,,,,
calma,10400,ols,False,0.4576554341412831,,,,,,
calma,10400,ridge,False,0.5115858825789912,0.08960660676559265,0.0001,0.061254672071634035,89.60660676559264,400.0,100.0
calma,10400,nnls,False,1.5208379000970769,,,,,,
calma,10400,ssrc,False,0.09521425640199371,2.4949667054990007e-06,1e-08,0.029598105891798322,24.94966705499001,400.0,100.0
calma,10400,pls,False,1.4835073971130914,,,,,,
calma,10400,naive,False,1.4466121221579777,,,,,,
calma,10420,ols,False,0.6890509845592945,,,,,,
calma,10420,ridge,False,0.7443596359828732,0.09020565490837094,0.0001,0.06152985356935266,90.20565490837095,400.0,100.0
calma,10420,nnls,False,2.802039167314039,,,,,,
calma,10420,ssrc,False,0.6756698793106389,2.469836794695795e-06,1e-08,0.031240730721827648,24.69836794695795,400.0,100.0
calma,10420,pls,False,5.581219876435643,,,,,,
calma,10420,naive,False,2.6121605069598743,,,,,,
calma,10440,ols,False,0.13086007802587304,,,,,,
calma,10440,ridge,False,0.0634598774227253,0.09408124521944493,0.0001,0.06837864068061897,94.08124521944494,400.0,100.0
calma,10440,nnls,False,0.512295718165806,,,,,,
calma,10440,ssrc,False,0.014072856832779958,0.02475294023463514,0.0001,0.035613573711862835,24.75294023463514,400.0,100.0
calma,10440,pls,False,1.3320452070967934,,,,,,
calma,10440,naive,False,0.5403096400395295,,,,,,
calma,10460,ols,False,0.4366693367997745,,,,,,
calma,10460,ridge,False,0.48263674539070506,0.09412435695649927,0.0001,0.06258107307992368,94.12435695649927,400.0,100.0
calma,10460,nnls,False,1.423968592987032,,,,,,
calma,10460,ssrc,False,0.09710262669353213,2.463924122908284e-06,1e-08,0.03350208452720937,24.63924122908284,400.0,100.0
calma,10460,pls,False,1.6572263899746942,,,,,,
calma,10460,naive,False,1.3422069130962724,,,,,,
calma,10480,ols,False,0.09909612135787092,,,,,,
calma,10480,ridge,False,0.0991161930184928,9.293954863661651e-06,1e-08,0.057490074482993654,92.93954863661651,400.0,100.0
calma,10480,nnls,False,2.4126136433239935,,,,,,
calma,10480,ssrc,False,0.2914820112504201,2.4262367979468114e-06,1e-08,0.029342938806174147,24.262367979468113,400.0,100.0
calma,10480,pls,False,6.020023103523963,,,,,,
calma,10480,naive,False,2.2441172682345134,,,,,,
calma,10500,ols,False,0.20011122438328383,,,,,,
calma,10500,ridge,False,0.2000716040704285,0.000965580102115654,1e-06,0.06537214718397878,96.55801021156542,400.0,100.0
calma,10500,nnls,False,0.3029338888875668,,,,,,
calma,10500,ssrc,False,0.10010108712753922,0.024817406763257364,0.0001,0.03261880682118898,24.817406763257367,400.0,100.0
calma,10500,pls,False,0.13875597699051442,,,,,,
calma,10500,naive,False,0.41407073222035773,,,,,,
calma,10520,ols,False,0.22107257782684045,,,,,,
calma,10520,ridge,False,0.24337490632860723,0.0958220954914653,0.0001,0.06156114070944043,95.82209549146529,400.0,100.0
calma,10520,nnls,False,0.6447244330279701,,,,,,
calma,10520,ssrc,False,0.022590980516958136,0.02495425122325139,0.0001,0.02967885504465346,24.95425122325139,400.0,100.0
calma,10520,pls,False,2.429629529727732,,,,,,
calma,10520,naive,False,0.5842659178336833,,,,,,
calma,10540,ols,False,0.60078141735515,,,,,,
calma,10540,ridge,False,0.5822720855769632,0.09780869492901784,0.0001,0.0619253621809697,97.80869492901785,400.0,100.0
calma,10540,nnls,False,0.04572361419560817,,,,,,
calma,10540,ssrc,False,0.12551997159132167,0.25155620868775835,0.001,0.02685049887754048,25.155620868775834,400.0,100.0
calma,10540,pls,False,5.518891909784041,,,,,,
calma,10540,naive,False,0.16510204866244862,,,,,,
calma,10560,ols,False,0.07357708869412986,,,,,,
calma,10560,ridge,False,0.1089344512322281,0.09657648867486163,0.0001,0.06886741557626656,96.57648867486164,400.0,100.0
calma,10560,nnls,False,2.0082257900953304,,,,,,
calma,10560,ssrc,False,0.07823048372316092,0.24819792872430335,0.001,0.027546004318016317,24.819792872430337,400.0,100.0
calma,10560,pls,False,2.353130998573443,,,,,,
calma,10560,naive,False,1.9142714141823873,,,,,,
calma,10580,ols,False,0.07112366875395643,,,,,,
calma,10580,ridge,False,0.0903624464240952,0.09679289864859532,0.0001,0.06777582635587773,96.79289864859533,400.0,100.0
calma,10580,nnls,False,0.2930053475625754,,,,,,
calma,10580,ssrc,False,0.05747180856476059,0.024733630713120486,0.0001,0.029099658304135915,24.733630713120487,400.0,100.0
calma,10580,pls,False,1.9397373565511258,,,,,,
calma,10580,naive,False,0.24829341903770333,,,,,,
calma,10600,ols,False,0.26323338602782376,,,,,,
calma,10600,ridge,False,0.3280166842197397,0.09765190493143268,0.0001,0.06900541231166922,97.65190493143268,400.0,100.0
calma,10600,nnls,False,1.766497687872741,,,,,,
calma,10600,ssrc,False,0.10794060095517745,0.0002493041708344522,1e-06,0.02549328762637553,24.930417083445224,400.0,100.0
calma,10600,pls,False,4.259580975801355,,,,,,
calma,10600,naive,False,1.6502979719772604,,,,,,
calma,10620,ols,False,0.36476886498794375,,,,,,
calma,10620,ridge,False,0.34936360911581993,0.0009511304191245558,1e-06,0.0730610188527378,95.11304191245559,400.0,100.0
calma,10620,nnls,False,3.030097933061669,,,,,,
calma,10620,ssrc,False,0.08182122561344218,0.024588206429167737,0.0001,0.02235937762154265,24.588206429167737,400.0,100.0
calma,10620,pls,False,2.572041026043681,,,,,,
calma,10620,naive,False,2.935497060415838,,,,,,
calma,10640,ols,False,0.06293556370778566,,,,,,
calma,10640,ridge,False,0.02820907844224886,0.09651399525812222,0.0001,0.06995561547612135,96.51399525812224,400.0,100.0
calma,10640,nnls,False,0.10161227252389714,,,,,,
calma,10640,ssrc,False,0.09833493371959776,0.02432818477007453,0.0001,0.022721918253060344,24.328184770074532,400.0,100.0
calma,10640,pls,False,1.4713563115868222,,,,,,
calma,10640,naive,False,0.050681835622381724,,,,,,
calma,10660,ols,False,0.46437430801752283,,,,,,
calma,10660,ridge,False,0.4913726804113241,0.09560125746618595,0.0001,0.06758823587706483,95.60125746618594,400.0,100.0
calma,10660,nnls,False,1.404436274061874,,,,,,
calma,10660,ssrc,False,0.1644778047358517,0.023723041347911766,0.0001,0.02268585819996203,23.723041347911767,400.0,100.0
calma,10660,pls,False,1.676805988373329,,,,,,
calma,10660,naive,False,1.3394192583554707,,,,,,
calma,10680,ols,False,0.299212907198005,,,,,,
calma,10680,ridge,False,0.4127059400559483,0.09436517680234618,0.0001,0.07019842888479536,94.36517680234618,400.0,100.0
calma,10680,nnls,False,2.5385929823577227,,,,,,
calma,10680,ssrc,False,0.2665406938028576,0.02314442947655776,0.0001,0.023228041970617567,23.14442947655776,400.0,100.0
calma,10680,pls,False,5.020047543067143,,,,,,
calma,10680,naive,False,2.289468490927074,,,,,,
calma,10700,ols,False,0.13712993965123293,,,,,,
calma,10700,ridge,False,0.09145774787574654,0.09487275533875304,0.0001,0.06920169811150233,94.87275533875305,400.0,100.0
calma,10700,nnls,False,0.38437907137984956,,,,,,
calma,10700,ssrc,False,0.0665474547444137,0.022906960641711896,0.0001,0.02374120037343173,22.906960641711898,400.0,100.0
calma,10700,pls,False,1.3600005334900935,,,,,,
calma,10700,naive,False,0.38938384314199376,,,,,,
calma,10720,ols,False,0.34937175570546747,,,,,,
calma,10720,ridge,False,0.3705685360343724,0.09316273771728416,0.0001,0.06376600694307383,93.16273771728416,400.0,100.0
calma,10720,nnls,False,1.039499766183036,,,,,,
calma,10720,ssrc,False,0.12363906242800637,0.00022529202792136738,1e-06,0.02210931604962052,22.52920279213674,400.0,100.0
calma,10720,pls,False,0.7134707374687841,,,,,,
calma,10720,naive,False,0.9808769705659909,,,,,,
calma,10740,ols,False,0.2492306815373248,,,,,,
calma,10740,ridge,False,0.18537271061555852,0.0917379220868401,0.0001,0.06700780011315598,91.73792208684011,400.0,100.0
calma,10740,nnls,False,1.6811670742015292,,,,,,
calma,10740,ssrc,False,0.11994892233934486,2.2462959328029737e-06,1e-08,0.020541004046092298,22.46295932802974,400.0,100.0
calma,10740,pls,False,3.4903150808632364,,,,,,
calma,10740,naive,False,1.369915134999621,,,,,,
calma,10760,ols,False,0.2431179973772791,,,,,,
calma,10760,ridge,False,0.18967033052615762,0.09133732626277044,0.0001,0.06796182243731276,91.33732626277043,400.0,100.0
calma,10760,nnls,False,0.5791285348840823,,,,,,
calma,10760,ssrc,False,0.02052909164703665,2.23921665564004e-06,1e-08,0.022072631877688025,22.392166556400404,400.0,100.0
calma,10760,pls,False,2.053576259548844,,,,,,
calma,10760,naive,False,0.6086279694037432,,,,,,
calma,10780,ols,False,0.2707641780724689,,,,,,
calma,10780,ridge,False,0.2796411499191427,0.09217647447444478,0.0001,0.06837098153124471,92.17647447444477,400.0,100.0
calma,10780,nnls,False,0.6095293274095013,,,,,,
calma,10780,ssrc,False,0.047485318827337336,0.0002222954203813532,1e-06,0.020115096451571956,22.22954203813532,400.0,100.0
calma,10780,pls,False,2.086044111645444,,,,,,
calma,10780,naive,False,0.5268871103254936,,,,,,
calma,10800,ols,False,0.5228550816509943,,,,,,
calma,10800,ridge,False,0.5912384193086799,0.09281077474380454,0.0001,0.0658392022489939,92.81077474380454,400.0,100.0
calma,10800,nnls,False,2.151820555288991,,,,,,
calma,10800,ssrc,False,0.18237099403814247,0.00022215197030308145,1e-06,0.01925025071343166,22.215197030308147,400.0,100.0
calma,10800,pls,False,4.232405369547854,,,,,,
calma,10800,naive,False,1.94388199003278,,,,,,
calma,10820,ols,False,0.21594787837699467,,,,,,
calma,10820,ridge,False,0.2443421560580424,0.09559946428210604,0.0001,0.07342647296192076,95.59946428210604,400.0,100.0
calma,10820,nnls,False,1.6237588369409635,,,,,,
calma,10820,ssrc,False,0.2192500567581878,0.02252100885031283,0.0001,0.01994254453214728,22.52100885031283,400.0,100.0
calma,10820,pls,False,1.4997908969747886,,,,,,
calma,10820,naive,False,1.5827290963432872,,,,,,
calma,10840,ols,False,0.5149770916255907,,,,,,
calma,10840,ridge,False,0.44870138546013594,0.09533513502341721,0.0001,0.07297264060595215,95.33513502341721,400.0,100.0
calma,10840,nnls,False,1.1961597794544163,,,,,,
calma,10840,ssrc,False,0.04830277665544078,0.02221160301283127,0.0001,0.024532282893439467,22.211603012831272,400.0,100.0
calma,10840,pls,False,3.4690710034130676,,,,,,
calma,10840,naive,False,1.1623415924910456,,,,,,
calma,10860,ols,False,0.3130005513347176,,,,,,
calma,10860,ridge,False,0.3130085268761851,9.472287876968315e-06,1e-08,0.06946589490537927,94.72287876968315,400.0,100.0
calma,10860,nnls,False,1.4943608372700652,,,,,,
calma,10860,ssrc,False,0.017440335993946548,0.022419836097590594,0.0001,0.027752776587714453,22.419836097590593,400.0,100.0
calma,10860,pls,False,3.2261523409344437,,,,,,
calma,10860,naive,False,1.269626339364629,,,,,,
calma,10880,ols,False,0.058863688064277636,,,,,,
calma,10880,ridge,False,0.05886511993477765,9.46073694043232e-06,1e-08,0.0634029490066795,94.60736940432321,400.0,100.0
calma,10880,nnls,False,1.0809766562869407,,,,,,
calma,10880,ssrc,False,0.06430916292972913,0.02257684442631634,0.0001,0.029942193085606385,22.576844426316338,400.0,100.0
calma,10880,pls,False,2.3105353613382573,,,,,,
calma,10880,naive,False,1.2524083532595898,,,,,,
calma,10900,ols,False,0.14983996235092453,,,,,,
calma,10900,ridge,False,0.1384502235936566,0.0973479501835034,0.0001,0.06322782283767413,97.3479501835034,400.0,100.0
calma,10900,nnls,False,0.2435622344283103,,,,,,
calma,10900,ssrc,False,0.04955118758413947,0.022922561433844753,0.0001,0.029513557817896222,22.922561433844752,400.0,100.0
calma,10900,pls,False,0.587043152135651,,,,,,
calma,10900,naive,False,0.2474354889123041,,,,,,
calma,10920,ols,False,0.4857066408762465,,,,,,
calma,10920,ridge,False,0.5302192164095815,0.09761031346897324,0.0001,0.06273375130291686,97.61031346897323,400.0,100.0
calma,10920,nnls,False,1.700755755187579,,,,,,
calma,10920,ssrc,False,0.003156804502821474,0.02291047561116486,0.0001,0.029707564296249343,22.910475611164863,400.0,100.0
calma,10920,pls,False,3.7170029413518426,,,,,,
calma,10920,naive,False,1.5290351255709314,,,,,,
calma,10940,ols,False,0.6324252595333569,,,,,,
calma,10940,ridge,False,0.7100746485488864,0.09508456013229866,0.0001,0.06046050033550523,95.08456013229866,400.0,100.0
calma,10940,nnls,False,2.4616134987129903,,,,,,
calma,10940,ssrc,False,0.1588539460268299,0.022500078439881138,0.0001,0.025145682539180418,22.500078439881136,400.0,100.0
calma,10940,pls,False,3.913648871086054,,,,,,
calma,10940,naive,False,2.3196256906596044,,,,,,
calma,10960,ols,False,0.05472663904150007,,,,,,
calma,10960,ridge,False,0.03415906985480495,0.09907421939589096,0.0001,0.06600265034025371,99.07421939589096,400.0,100.0
calma,10960,nnls,False,0.23294256927459003,,,,,,
calma,10960,ssrc,False,0.016275274763670106,0.00022980387160088616,1e-06,0.02589980365514399,22.98038716008862,400.0,100.0
calma,10960,pls,False,0.11433607751251686,,,,,,
calma,10960,naive,False,0.36800999218817176,,,,,,
calma,10980,ols,False,0.3299818958818308,,,,,,
calma,10980,ridge,False,0.36449607086201957,0.10052038723622234,0.0001,0.0639575510521932,100.52038723622233,400.0,100.0
calma,10980,nnls,False,1.5672597230770797,,,,,,
calma,10980,ssrc,False,0.039372573965879856,0.00023524596117866284,1e-06,0.026211371964853156,23.524596117866285,400.0,100.0
calma,10980,pls,False,3.313663012959267,,,,,,
calma,10980,naive,False,1.3646905276364105,,,,,,
calma,11000,ols,False,0.2565293044872988,,,,,,
calma,11000,ridge,False,0.23839094873901948,0.10097787915139263,0.0001,0.06306021178255089,100.97787915139263,400.0,100.0
calma,11000,nnls,False,1.3068137250024947,,,,,,
calma,11000,ssrc,False,0.04431877892973745,0.023569361293059893,0.0001,0.029932551718898873,23.569361293059895,400.0,100.0
calma,11000,pls,False,3.153644710993566,,,,,,
calma,11000,naive,False,1.664387462606838,,,,,,
calma,11020,ols,False,0.49230024319823606,,,,,,
calma,11020,ridge,False,0.3908240144008224,0.10280479230965058,0.0001,0.062405830778803184,102.80479230965057,400.0,100.0
calma,11020,nnls,False,0.7284351822886114,,,,,,
calma,11020,ssrc,False,0.3139092855861571,0.023521000068916963,0.0001,0.03171501077771931,23.521000068916962,400.0,100.0
calma,11020,pls,False,1.0097599423825157,,,,,,
calma,11020,naive,False,0.8077336439752744,,,,,,
calma,11040,ols,False,0.3710023470477583,,,,,,
calma,11040,ridge,False,0.42831677600412543,0.09978412622899814,0.0001,0.061785628031778304,99.78412622899815,400.0,100.0
calma,11040,nnls,False,1.568250223279991,,,,,,
calma,11040,ssrc,False,0.09347696970921794,0.023383700417400163,0.0001,0.035729020448954756,23.383700417400163,400.0,100.0
calma,11040,pls,False,3.0868590376939684,,,,,,
calma,11040,naive,False,1.442501189568668,,,,,,
calma,11060,ols,False,0.46749058464969095,,,,,,
calma,11060,ridge,False,0.46749053065716706,9.910025424766128e-06,1e-08,0.056277381613767524,99.10025424766128,400.0,100.0
calma,11060,nnls,False,2.2319994844451703,,,,,,
calma,11060,ssrc,False,0.22535195205026295,0.023433625681434957,0.0001,0.028781588836336535,23.433625681434957,400.0,100.0
calma,11060,pls,False,0.0024051047981228386,,,,,,
calma,11060,naive,False,2.157253558114277,,,,,,
calma,11080,ols,False,0.45298487496761514,,,,,,
calma,11080,ridge,False,0.36333545200201683,0.10054621618012671,0.0001,0.06479589035369902,100.54621618012672,400.0,100.0
calma,11080,nnls,False,0.6724657405749335,,,,,,
calma,11080,ssrc,False,0.17819093816950765,0.02335404654045806,0.0001,0.029238162557628473,23.354046540458057,400.0,100.0
calma,11080,pls,False,0.7851895495768069,,,,,,
calma,11080,naive,False,0.7430718071857983,,,,,,
calma,11100,ols,False,0.4403690555069305,,,,,,
calma,11100,ridge,False,0.4821603337881863,0.09780491345995283,0.0001,0.06432416411742302,97.80491345995284,400.0,100.0
calma,11100,nnls,False,1.4504284488293284,,,,,,
calma,11100,ssrc,False,0.04833442193209528,0.023241992831151984,0.0001,0.030822691136803793,23.241992831151983,400.0,100.0
calma,11100,pls,False,1.99213909222372,,,,,,
calma,11100,naive,False,1.357649975808093,,,,,,
calma,11120,ols,False,0.5365877157675418,,,,,,
calma,11120,ridge,False,0.534418940822612,0.0009688170507902523,1e-06,0.06067471999524583,96.88170507902524,400.0,100.0
calma,11120,nnls,False,2.5320415480221685,,,,,,
calma,11120,ssrc,False,0.10199151487056286,0.023061098644816955,0.0001,0.027756629146637613,23.061098644816955,400.0,100.0
calma,11120,pls,False,4.7161741772361125,,,,,,
calma,11120,naive,False,2.366750337689308,,,,,,
calma,11140,ols,False,0.1132542677032385,,,,,,
calma,11140,ridge,False,0.11314274323567286,0.0009767041154987474,1e-06,0.06660783777672714,97.67041154987474,400.0,100.0
calma,11140,nnls,False,0.2435753592725083,,,,,,
calma,11140,ssrc,False,0.02323036281578997,0.023181428552063687,0.0001,0.027187802103831787,23.18142855206369,400.0,100.0
calma,11140,pls,False,0.016488776642268645,,,,,,
calma,11140,naive,False,0.38081603708880113,,,,,,
calma,11160,ols,False,0.4413527597782724,,,,,,
calma,11160,ridge,False,0.4790201895149746,0.09690719171387555,0.0001,0.06278804102699341,96.90719171387555,400.0,100.0
calma,11160,nnls,False,1.5162319351266065,,,,,,
calma,11160,ssrc,False,0.04150510239905496,0.02346637092117615,0.0001,0.027822187619686706,23.46637092117615,400.0,100.0
calma,11160,pls,False,3.42685470144165,,,,,,
calma,11160,naive,False,1.3674459419871015,,,,,,
calma,11180,ols,False,0.9232118728276684,,,,,,
calma,11180,ridge,False,0.9232101710529589,9.87831439724138e-06,1e-08,0.05901984172259618,98.7831439724138,400.0,100.0
calma,11180,nnls,False,0.5107814444323246,,,,,,
calma,11180,ssrc,False,0.02644021509124064,0.023746491736069745,0.0001,0.025887940544264312,23.746491736069743,400.0,100.0
calma,11180,pls,False,1.4821790671034871,,,,,,
calma,11180,naive,False,0.16573338509693053,,,,,,
calma,11200,ols,False,0.18006723652671836,,,,,,
calma,11200,ridge,False,0.1788731203168953,0.0009838989751586884,1e-06,0.0637228446337276,98.38989751586885,400.0,100.0
calma,11200,nnls,False,0.22308816097293785,,,,,,
calma,11200,ssrc,False,0.04984024630669413,0.0002367914452796822,1e-06,0.026827283862350112,23.67914452796822,400.0,100.0
calma,11200,pls,False,1.407315440960465,,,,,,
calma,11200,naive,False,0.23063625014640002,,,,,,
calma,11220,ols,False,0.21817659158584463,,,,,,
calma,11220,ridge,False,0.23508532043427174,0.09874752851982116,0.0001,0.06388961269499356,98.74752851982116,400.0,100.0
calma,11220,nnls,False,0.5785942231579763,,,,,,
calma,11220,ssrc,False,0.0248854761710472,0.00023619540673467185,1e-06,0.026091331609303606,23.619540673467185,400.0,100.0
calma,11220,pls,False,2.0927256112081225,,,,,,
calma,11220,naive,False,0.5202675906411459,,,,,,
calma,11240,ols,False,0.45617281336047066,,,,,,
calma,11240,ridge,False,0.4236872011051266,0.10093787716399734,0.0001,0.06640573353031645,100.93787716399734,400.0,100.0
calma,11240,nnls,False,0.3979032947089517,,,,,,
calma,11240,ssrc,False,0.05681507049842704,0.02374412104953816,0.0001,0.02443556008725265,23.74412104953816,400.0,100.0
calma,11240,pls,False,4.962822256443031,,,,,,
calma,11240,naive,False,0.26096508957345993,,,,,,
calma,11260,ols,False,0.6676897176088327,,,,,,
calma,11260,ridge,False,0.5585364187972186,0.0982676428089834,0.0001,0.07068620464016902,98.2676428089834,400.0,100.0
calma,11260,nnls,False,2.890808676872678,,,,,,
calma,11260,ssrc,False,0.3488199940183173,0.02341941275481755,0.0001,0.024342701453751118,23.41941275481755,400.0,100.0
calma,11260,pls,False,0.007255519117641805,,,,,,
calma,11260,naive,False,2.8697583139723006,,,,,,
calma,11280,ols,False,0.14562879923731076,,,,,,
calma,11280,ridge,False,0.17205930875653186,0.10009415090464453,0.0001,0.07016985028247656,100.09415090464454,400.0,100.0
calma,11280,nnls,False,0.5389840725437963,,,,,,
calma,11280,ssrc,False,0.15187316294171596,2.3862397141440388e-06,1e-08,0.025504987131775757,23.862397141440386,400.0,100.0
calma,11280,pls,False,1.9737132304485385,,,,,,
calma,11280,naive,False,0.464162945925791,,,,,,
calma,11300,ols,False,0.5927926958481664,,,,,,
calma,11300,ridge,False,0.6409709283965621,0.10014696552034826,0.0001,0.06577103481558895,100.14696552034826,400.0,100.0
calma,11300,nnls,False,1.8668732316003758,,,,,,
calma,11300,ssrc,False,0.12124801207092183,2.3843458441818157e-06,1e-08,0.02285076809993628,23.843458441818157,400.0,100.0
calma,11300,pls,False,4.055694696119394,,,,,,
calma,11300,naive,False,1.7354788533479488,,,,,,
calma,11320,ols,False,0.16941816451324795,,,,,,
calma,11320,ridge,False,0.2000477330149554,0.1002139176161122,0.0001,0.07218388200685172,100.21391761611221,400.0,100.0
calma,11320,nnls,False,1.5141390552356646,,,,,,
calma,11320,ssrc,False,0.23505029552153617,0.00023868532470562058,1e-06,0.023708419754488806,23.86853247056206,400.0,100.0
calma,11320,pls,False,0.5824274214445414,,,,,,
calma,11320,naive,False,1.4611950881728875,,,,,,
calma,11340,ols,False,0.13542873509124057,,,,,,
calma,11340,ridge,False,0.12889592826491952,0.09946165494262142,0.0001,0.06551566386070073,99.46165494262142,400.0,100.0
calma,11340,nnls,False,0.1815333005347514,,,,,,
calma,11340,ssrc,False,0.07799060634981003,0.0002398090905788096,1e-06,0.022703653820449258,23.980909057880964,400.0,100.0
calma,11340,pls,False,1.5445267781888403,,,,,,
calma,11340,naive,False,0.1599851213998494,,,,,,
calma,11360,ols,False,0.4077320314859955,,,,,,
calma,11360,ridge,False,0.44587474541976085,0.10097697386999714,0.0001,0.06845903409879085,100.97697386999715,400.0,100.0
calma,11360,nnls,False,1.3672745460233713,,,,,,
calma,11360,ssrc,False,0.04170686519589153,0.00023670187818196066,1e-06,0.0260079449048442,23.67018781819607,400.0,100.0
calma,11360,pls,False,2.4480608401440036,,,,,,
calma,11360,naive,False,1.2924195151060964,,,,,,
calma,11380,ols,False,0.4168347153513,,,,,,
calma,11380,ridge,False,0.3644772348080921,0.09772618334490132,0.0001,0.06757367573327112,97.72618334490132,400.0,100.0
calma,11380,nnls,False,2.0829383969295807,,,,,,
calma,11380,ssrc,False,0.22280667180041516,0.00023284832744444804,1e-06,0.02452021977270843,23.284832744444806,400.0,100.0
calma,11380,pls,False,0.17612841405181068,,,,,,
calma,11380,naive,False,2.036753644064123,,,,,,
calma,11400,ols,False,0.42088112621897594,,,,,,
calma,11400,ridge,False,0.35868344023133825,0.09655455436557012,0.0001,0.07012927802121706,96.55455436557013,400.0,100.0
calma,11400,nnls,False,1.127906437758159,,,,,,
calma,11400,ssrc,False,0.15040939447949625,0.00022970792833681348,1e-06,0.0264265938961855,22.97079283368135,400.0,100.0
calma,11400,pls,False,3.2730561500382738,,,,,,
calma,11400,naive,False,1.109327551457692,,,,,,
calma,11420,ols,False,0.41097176274207653,,,,,,
calma,11420,ridge,False,0.45160672989914397,0.09748851213848435,0.0001,0.06451600902988171,97.48851213848435,400.0,100.0
calma,11420,nnls,False,1.4865201840834152,,,,,,
calma,11420,ssrc,False,0.03157056450600463,0.023342356873284204,0.0001,0.028367658661237635,23.342356873284203,400.0,100.0
calma,11420,pls,False,3.438617927162405,,,,,,
calma,11420,naive,False,1.3266475802837498,,,,,,
calma,11440,ols,False,0.008366424318256632,,,,,,
calma,11440,ridge,False,0.008381301923234663,9.873277355814958e-06,1e-08,0.06543028531953894,98.73277355814957,400.0,100.0
calma,11440,nnls,False,1.883785909254267,,,,,,
calma,11440,ssrc,False,0.0996980255214221,0.023725268491465425,0.0001,0.026739666849824498,23.725268491465425,400.0,100.0
calma,11440,pls,False,3.8677670393751433,,,,,,
calma,11440,naive,False,2.259275748057419,,,,,,
calma,11460,ols,False,0.41053303205377994,,,,,,
calma,11460,ridge,False,0.41243690727861865,0.0009776191132328442,1e-06,0.06442370199649093,97.76191132328444,400.0,100.0
calma,11460,nnls,False,0.6467138682323982,,,,,,
calma,11460,ssrc,False,0.13367609929095142,0.023439113925940065,0.0001,0.024840338294144008,23.439113925940063,400.0,100.0
calma,11460,pls,False,2.552565328245719,,,,,,
calma,11460,naive,False,0.6171749127726812,,,,,,
calma,11480,ols,False,0.004223076996625631,,,,,,
calma,11480,ridge,False,0.010273143123119461,0.09816838515901598,0.0001,0.06445553403956572,98.16838515901598,400.0,100.0
calma,11480,nnls,False,0.03358003355728542,,,,,,
calma,11480,ssrc,False,0.01435510333847259,0.023116212200345616,0.0001,0.026613921588493586,23.116212200345615,400.0,100.0
calma,11480,pls,False,1.2443150731057253,,,,,,
calma,11480,naive,False,0.010797320101297254,,,,,,
calma,11500,ols,False,0.3218183695071146,,,,,,
calma,11500,ridge,False,0.33126448369559175,0.09773843978299253,0.0001,0.06948227350655127,97.73843978299253,400.0,100.0
calma,11500,nnls,False,0.7379399334956115,,,,,,
calma,11500,ssrc,False,0.2539444268789443,0.022587492324991625,0.0001,0.034500299512693976,22.587492324991626,400.0,100.0
calma,11500,pls,False,1.1299697468765062,,,,,,
calma,11500,naive,False,0.6572619732389469,,,,,,
calma,11520,ols,False,0.13149231436828498,,,,,,
calma,11520,ridge,False,0.14512516233981448,0.09422128192678533,0.0001,0.06604724926487639,94.22128192678534,400.0,100.0
calma,11520,nnls,False,0.8688893144837239,,,,,,
calma,11520,ssrc,False,0.08016472641657152,0.022706507610876014,0.0001,0.03789147903335609,22.706507610876013,400.0,100.0
calma,11520,pls,False,0.4124249519410133,,,,,,
calma,11520,naive,False,0.932058875967168,,,,,,
calma,11540,ols,False,0.269191602218993,,,,,,
calma,11540,ridge,False,0.26721652997350376,0.0009433716059010016,1e-06,0.05732592369336535,94.33716059010017,400.0,100.0
calma,11540,nnls,False,1.0401622571178015,,,,,,
calma,11540,ssrc,False,0.03821697586964665,0.22952097104488509,0.001,0.04465380050539167,22.95209710448851,400.0,100.0
calma,11540,pls,False,1.7698538650406184,,,,,,
calma,11540,naive,False,0.931881916287845,,,,,,
calma,11560,ols,False,0.059323198572967015,,,,,,
calma,11560,ridge,False,0.058495725468996077,0.0009371061394183299,1e-06,0.0487150211412821,93.710613941833,400.0,100.0
calma,11560,nnls,False,0.929639889651645,,,,,,
calma,11560,ssrc,False,0.09865464085154024,0.23143085081608922,0.001,0.04684905681090992,23.143085081608923,400.0,100.0
calma,11560,pls,False,0.664234348823784,,,,,,
calma,11560,naive,False,0.9425966307955759,,,,,,
calma,11580,ols,False,0.3586621580363998,,,,,,
calma,11580,ridge,False,0.3586560449655944,9.012277498492554e-06,1e-08,0.04206954572524236,90.12277498492556,400.0,100.0
calma,11580,nnls,False,1.2755413805941678,,,,,,
calma,11580,ssrc,False,0.056596606167944895,0.23108320133080903,0.001,0.051829807140515854,23.108320133080905,400.0,100.0
calma,11580,pls,False,1.5817150750528495,,,,,,
calma,11580,naive,False,1.1786083660913578,,,,,,
calma,11600,ols,False,0.36554517076117826,,,,,,
calma,11600,ridge,False,0.3650406092790845,0.000911450118266996,1e-06,0.035875886486218596,91.1450118266996,400.0,100.0
calma,11600,nnls,False,1.9877013604479008,,,,,,
calma,11600,ssrc,False,0.05384323653528183,0.23314073289599296,0.001,0.04533369560850422,23.314073289599296,400.0,100.0
calma,11600,pls,False,0.009494273799185639,,,,,,
calma,11600,naive,False,2.055805174895449,,,,,,
calma,11620,ols,False,0.38145782200170275,,,,,,
calma,11620,ridge,False,0.38148561210271104,0.000922453938001445,1e-06,0.04336769067402391,92.24539380014451,400.0,100.0
calma,11620,nnls,False,0.5119557598028915,,,,,,
calma,11620,ssrc,False,0.00825240328784891,0.023518253106175946,0.0001,0.03084860218251102,23.518253106175948,400.0,100.0
calma,11620,pls,False,2.5626945995528376,,,,,,
calma,11620,naive,False,0.4791393488062818,,,,,,
calma,11640,ols,False,0.04185865279956359,,,,,,
calma,11640,ridge,False,0.04905305682326627,0.09028712684436291,0.0001,0.05033693350012375,90.2871268443629,400.0,100.0
calma,11640,nnls,False,0.13118871922486774,,,,,,
calma,11640,ssrc,False,0.024842543800193222,0.023138341950862458,0.0001,0.023373939452703576,23.138341950862458,400.0,100.0
calma,11640,pls,False,1.5930637849429967,,,,,,
calma,11640,naive,False,0.1014843750346311,,,,,,
calma,11660,ols,False,0.11269783387376978,,,,,,
calma,11660,ridge,False,0.14186128600733744,0.09223108894826598,0.0001,0.06116632713881481,92.23108894826599,400.0,100.0
calma,11660,nnls,False,1.0192142239740314,,,,,,
calma,11660,ssrc,False,0.3785185012828026,0.00022842440609842975,1e-06,0.025060607197039005,22.842440609842978,400.0,100.0
calma,11660,pls,False,2.918590232099025,,,,,,
calma,11660,naive,False,0.8888510884741627,,,,,,
calma,11680,ols,False,0.08876120198017874,,,,,,
calma,11680,ridge,False,0.09108772310509149,0.0009083614047070596,1e-06,0.060560588316357064,90.83614047070597,400.0,100.0
calma,11680,nnls,False,0.2937685062493657,,,,,,
calma,11680,ssrc,False,0.1040763489768236,2.2975561283282345e-06,1e-08,0.023861955935218702,22.975561283282346,400.0,100.0
calma,11680,pls,False,1.2009444358168273,,,,,,
calma,11680,naive,False,0.32902369542312077,,,,,,
calma,11700,ols,False,0.27660062254696033,,,,,,
calma,11700,ridge,False,0.3123320887451815,0.08655405007288373,0.0001,0.057131960369769016,86.55405007288374,400.0,100.0
calma,11700,nnls,False,1.6070775387526997,,,,,,
calma,11700,ssrc,False,0.026415117609260127,2.2707693840270634e-06,1e-08,0.023524235739533893,22.707693840270636,400.0,100.0
calma,11700,pls,False,3.0358005362712643,,,,,,
calma,11700,naive,False,1.450202374531427,,,,,,
calma,11720,ols,False,0.06367509200682457,,,,,,
calma,11720,ridge,False,0.06536429337936096,0.000876809235566465,1e-06,0.053797579986525734,87.6809235566465,400.0,100.0
calma,11720,nnls,False,1.4796535034462863,,,,,,
calma,11720,ssrc,False,0.26382283141874474,2.3040619182999846e-06,1e-08,0.022474757532294724,23.040619182999848,400.0,100.0
calma,11720,pls,False,2.1803794599913773,,,,,,
calma,11720,naive,False,1.487401118506882,,,,,,
calma,11740,ols,False,0.39114354442499255,,,,,,
calma,11740,ridge,False,0.390734285168242,0.0008588261588021955,1e-06,0.05714319922025258,85.88261588021956,400.0,100.0
calma,11740,nnls,False,0.5549400226662798,,,,,,
calma,11740,ssrc,False,0.2696391064926776,2.2888594785483746e-06,1e-08,0.02230334268313312,22.888594785483747,400.0,100.0
calma,11740,pls,False,2.443817300425167,,,,,,
calma,11740,naive,False,0.49371501337989654,,,,,,
calma,11760,ols,False,0.5331696486901204,,,,,,
calma,11760,ridge,False,0.5365281327405912,0.0008601973498866667,1e-06,0.0518435391981701,86.01973498866668,400.0,100.0
calma,11760,nnls,False,1.9609733581107374,,,,,,
calma,11760,ssrc,False,0.044196623544098854,0.00023066068241015355,1e-06,0.02343223758423385,23.06606824101536,400.0,100.0
calma,11760,pls,False,4.185360863546068,,,,,,
calma,11760,naive,False,1.779225981273438,,,,,,
calma,11780,ols,False,1.1203460400556746,,,,,,
calma,11780,ridge,False,1.1564661246348724,0.08607063176353,0.0001,0.059729028752708385,86.07063176353,400.0,100.0
calma,11780,nnls,False,1.357477642457219,,,,,,
calma,11780,ssrc,False,0.1439083047296515,0.022839721727927354,0.0001,0.02539464420419103,22.839721727927355,400.0,100.0
calma,11780,pls,False,3.6887897107265424,,,,,,
calma,11780,naive,False,1.552991289326311,,,,,,
calma,11800,ols,False,0.15403476488802162,,,,,,
calma,11800,ridge,False,0.10876087908660996,0.08794593403683515,0.0001,0.06658673490390125,87.94593403683515,400.0,100.0
calma,11800,nnls,False,0.0704447099491506,,,,,,
calma,11800,ssrc,False,0.10805853845672743,0.023088968226458152,0.0001,0.028920552163618635,23.088968226458153,400.0,100.0
calma,11800,pls,False,0.9072474826030112,,,,,,
calma,11800,naive,False,0.13636328853825025,,,,,,
calma,11820,ols,False,0.3556630493944269,,,,,,
calma,11820,ridge,False,0.3752178346122879,0.08621298200143274,0.0001,0.06739438893826266,86.21298200143274,400.0,100.0
calma,11820,nnls,False,1.019137340326293,,,,,,
calma,11820,ssrc,False,0.06272948977116989,2.2852406050428967e-06,1e-08,0.03110834150624152,22.852406050428968,400.0,100.0
calma,11820,pls,False,0.5629638266179219,,,,,,
calma,11820,naive,False,0.9622463111861926,,,,,,
calma,11840,ols,False,0.6571227629342196,,,,,,
calma,11840,ridge,False,0.740788726463354,0.08594888537431303,0.0001,0.066896998344057,85.94888537431302,400.0,100.0
calma,11840,nnls,False,2.4396132012275125,,,,,,
calma,11840,ssrc,False,0.22697073130376305,0.02273722951958866,0.0001,0.030268815507188407,22.737229519588663,400.0,100.0
calma,11840,pls,False,4.84831041579952,,,,,,
calma,11840,naive,False,2.252250211467172,,,,,,
calma,11860,ols,False,0.11200030104995547,,,,,,
calma,11860,ridge,False,0.06348597848773123,0.0874988679304198,0.0001,0.07241071802298156,87.4988679304198,400.0,100.0
calma,11860,nnls,False,0.7997836028520051,,,,,,
calma,11860,ssrc,False,0.010811922863864972,0.023095112401252192,0.0001,0.026989893519491045,23.095112401252194,400.0,100.0
calma,11860,pls,False,1.8358852821009237,,,,,,
calma,11860,naive,False,0.844740734501182,,,,,,
calma,11880,ols,False,0.1992431481380041,,,,,,
calma,11880,ridge,False,0.2146481541220212,0.08647655884986022,0.0001,0.06589389991915494,86.47655884986023,400.0,100.0
calma,11880,nnls,False,0.6189773637192617,,,,,,
calma,11880,ssrc,False,0.08499180554370388,0.022919885309856468,0.0001,0.025484426925959636,22.91988530985647,400.0,100.0
calma,11880,pls,False,0.2404303529652301,,,,,,
calma,11880,naive,False,0.58961129509697,,,,,,
calma,11900,ols,False,0.07848887909758502,,,,,,
calma,11900,ridge,False,0.07854318833423414,8.550332971133604e-06,1e-08,0.06774018412895132,85.50332971133605,400.0,100.0
calma,11900,nnls,False,2.0834183644596775,,,,,,
calma,11900,ssrc,False,0.06373146524463573,0.00022917117254070584,1e-06,0.02407816074724865,22.917117254070586,400.0,100.0
calma,11900,pls,False,4.194783579976008,,,,,,
calma,11900,naive,False,1.8069443034920076,,,,,,
calma,11920,ols,False,0.23830577725589117,,,,,,
calma,11920,ridge,False,0.25645561834949887,0.0880734606727424,0.0001,0.07183697664138265,88.0734606727424,400.0,100.0
calma,11920,nnls,False,1.9197335378953362,,,,,,
calma,11920,ssrc,False,0.15846102985265842,0.022895799786470435,0.0001,0.023740600870087815,22.895799786470434,400.0,100.0
calma,11920,pls,False,2.4755523887849993,,,,,,
calma,11920,naive,False,1.8975637771905214,,,,,,
calma,11940,ols,False,0.20279464740618358,,,,,,
calma,11940,ridge,False,0.18725628505499245,0.08746025025265003,0.0001,0.07101403016387685,87.46025025265003,400.0,100.0
calma,11940,nnls,False,0.3056483273551538,,,,,,
calma,11940,ssrc,False,0.04517966385456842,0.022713869661323723,0.0001,0.021118191820889868,22.713869661323724,400.0,100.0
calma,11940,pls,False,0.6617856885737808,,,,,,
calma,11940,naive,False,0.30867945939787256,,,,,,
calma,11960,ols,False,0.46321723003028353,,,,,,
calma,11960,ridge,False,0.5082641506311035,0.08491214962209748,0.0001,0.07097305435662613,84.91214962209747,400.0,100.0
calma,11960,nnls,False,1.3998683341794316,,,,,,
calma,11960,ssrc,False,0.016454072963563406,0.022406890858325586,0.0001,0.022435130470149427,22.406890858325585,400.0,100.0
calma,11960,pls,False,3.31484016141686,,,,,,
calma,11960,naive,False,1.2766417399869066,,,,,,
calma,11980,ols,False,0.17983860066648955,,,,,,
calma,11980,ridge,False,0.28103954795776237,0.08601592602296793,0.0001,0.07801845349982173,86.01592602296793,400.0,100.0
calma,11980,nnls,False,1.886907870779596,,,,,,
calma,11980,ssrc,False,0.021023559711024015,0.00022509425091838054,1e-06,0.023273310061034988,22.509425091838054,400.0,100.0
calma,11980,pls,False,1.315805759220326,,,,,,
calma,11980,naive,False,2.0547534743519753,,,,,,
calma,12000,ols,False,0.5635433725353638,,,,,,
calma,12000,ridge,False,0.5128427462330248,0.08551832854892541,0.0001,0.07693865705588342,85.51832854892541,400.0,100.0
calma,12000,nnls,False,2.3742057778444394,,,,,,
calma,12000,ssrc,False,0.540674838338296,2.2608109119873367e-06,1e-08,0.021791214678350466,22.60810911987337,400.0,100.0
calma,12000,pls,False,5.586986814829957,,,,,,
calma,12000,naive,False,2.552662129570952,,,,,,
calma,12020,ols,False,0.30255501145439284,,,,,,
calma,12020,ridge,False,0.332114733657778,0.0859829511381158,0.0001,0.0718076586256751,85.98295113811581,400.0,100.0
calma,12020,nnls,False,1.0471279174299108,,,,,,
calma,12020,ssrc,False,0.06198792823328223,2.2441039701282294e-06,1e-08,0.02274862001097767,22.441039701282296,400.0,100.0
calma,12020,pls,False,0.8951331395270367,,,,,,
calma,12020,naive,False,0.9601963493192087,,,,,,
calma,12040,ols,False,0.21867504453891976,,,,,,
calma,12040,ridge,False,0.29257770577060904,0.08654959964250944,0.0001,0.06854212855006,86.54959964250943,400.0,100.0
calma,12040,nnls,False,1.5508257071986933,,,,,,
calma,12040,ssrc,False,0.02537545131040578,2.2274522527740868e-06,1e-08,0.02232118249449225,22.27452252774087,400.0,100.0
calma,12040,pls,False,1.1887025085790497,,,,,,
calma,12040,naive,False,1.790202814080306,,,,,,
calma,12060,ols,False,0.8889056801167335,,,,,,
calma,12060,ridge,False,0.7704394971892565,0.08736946162788617,0.0001,0.06836967439804438,87.36946162788617,400.0,100.0
calma,12060,nnls,False,2.664020323053838,,,,,,
calma,12060,ssrc,False,0.2505177456629922,0.0002186878657742601,1e-06,0.023787493814905688,21.86878657742601,400.0,100.0
calma,12060,pls,False,2.6250871975298358,,,,,,
calma,12060,naive,False,2.8345751196351814,,,,,,
calma,12080,ols,False,0.2959058351732289,,,,,,
calma,12080,ridge,False,0.32558097358058924,0.08956700581622502,0.0001,0.062465113158056564,89.56700581622502,400.0,100.0
calma,12080,nnls,False,0.9924462555002503,,,,,,
calma,12080,ssrc,False,0.2201665246607232,0.0002213959364052335,1e-06,0.029164960140674375,22.139593640523355,400.0,100.0
calma,12080,pls,False,2.397748752649244,,,,,,
calma,12080,naive,False,0.8593853257062886,,,,,,
calma,12100,ols,False,0.08060904748455436,,,,,,
calma,12100,ridge,False,0.1515316314751326,0.09148283400677318,0.0001,0.058131820449783114,91.48283400677317,400.0,100.0
calma,12100,nnls,False,1.467760939178694,,,,,,
calma,12100,ssrc,False,0.050149586539884404,2.2408940367462724e-06,1e-08,0.031517710986271985,22.408940367462726,400.0,100.0
calma,12100,pls,False,2.7362579628752175,,,,,,
calma,12100,naive,False,1.7672593194184074,,,,,,
calma,12120,ols,False,0.37610373860333113,,,,,,
calma,12120,ridge,False,0.2937974958136682,0.0949505970768898,0.0001,0.06013246317198925,94.95059707688979,400.0,100.0
calma,12120,nnls,False,0.6704492770966385,,,,,,
calma,12120,ssrc,False,0.030214990795753245,0.02271600806469526,0.0001,0.03238240526921576,22.71600806469526,400.0,100.0
calma,12120,pls,False,0.8070478931144952,,,,,,
calma,12120,naive,False,0.77164446841863,,,,,,
calma,12140,ols,False,0.07096016013256516,,,,,,
calma,12140,ridge,False,0.07617241449647115,0.09313861658136442,0.0001,0.06013792646145029,93.13861658136443,400.0,100.0
calma,12140,nnls,False,0.23195201114944433,,,,,,
calma,12140,ssrc,False,0.026258023237068804,0.022571126835024123,0.0001,0.03362599164151085,22.571126835024124,400.0,100.0
calma,12140,pls,False,0.8088802511414516,,,,,,
calma,12140,naive,False,0.23419179396662285,,,,,,
calma,12160,ols,False,0.1435673265826152,,,,,,
calma,12160,ridge,False,0.12075766655741699,0.09068904399310215,0.0001,0.0653103545737851,90.68904399310216,400.0,100.0
calma,12160,nnls,False,0.9513038859102001,,,,,,
calma,12160,ssrc,False,0.01630969976861184,0.0002254099211871437,1e-06,0.033856891529952284,22.54099211871437,400.0,100.0
calma,12160,pls,False,2.0899790359927577,,,,,,
calma,12160,naive,False,0.679206375642998,,,,,,
calma,12180,ols,False,0.2190865185456735,,,,,,
calma,12180,ridge,False,0.1668737217319644,0.09444211152442136,0.0001,0.0637513227992252,94.44211152442136,400.0,100.0
calma,12180,nnls,False,0.47684936587563453,,,,,,
calma,12180,ssrc,False,0.03539532267297095,0.00022744955719735795,1e-06,0.02980882151208426,22.7449557197358,400.0,100.0
calma,12180,pls,False,0.5090700652061918,,,,,,
calma,12180,naive,False,0.5708057527603795,,,,,,
calma,12200,ols,False,0.20143674937377487,,,,,,
calma,12200,ridge,False,0.20526750401977792,0.09712394451902344,0.0001,0.06545353499025941,97.12394451902344,400.0,100.0
calma,12200,nnls,False,0.48698528651227996,,,,,,
calma,12200,ssrc,False,0.0797402663392128,0.0002286363358580264,1e-06,0.02576129124500233,22.863633585802642,400.0,100.0
calma,12200,pls,False,0.14434132011082518,,,,,,
calma,12200,naive,False,0.4661235369747526,,,,,,
calma,12220,ols,False,0.5740416567285426,,,,,,
calma,12220,ridge,False,0.6250592954131222,0.09599121231264097,0.0001,0.06583200932456884,95.99121231264098,400.0,100.0
calma,12220,nnls,False,1.8904393182143053,,,,,,
calma,12220,ssrc,False,0.14470478786952826,0.02254066052689945,0.0001,0.024058291883414514,22.54066052689945,400.0,100.0
calma,12220,pls,False,3.924650305280593,,,,,,
calma,12220,naive,False,1.7338219567656197,,,,,,
calma,12240,ols,False,0.23990876213531853,,,,,,
calma,12240,ridge,False,0.26377849947109416,0.09918476693728429,0.0001,0.07109146409068544,99.18476693728428,400.0,100.0
calma,12240,nnls,False,1.6002454619166564,,,,,,
calma,12240,ssrc,False,0.13470403238839143,0.02288895081928894,0.0001,0.02409516776450604,22.88895081928894,400.0,100.0
calma,12240,pls,False,0.8356041835164303,,,,,,
calma,12240,naive,False,1.5293698057987737,,,,,,
calma,12260,ols,False,0.23847635334590603,,,,,,
calma,12260,ridge,False,0.22805598986144024,0.09827542072843291,0.0001,0.06600731966715961,98.2754207284329,400.0,100.0
calma,12260,nnls,False,0.3510225384146156,,,,,,
calma,12260,ssrc,False,0.1386000937643799,0.022718549110662883,0.0001,0.021643700366235176,22.718549110662885,400.0,100.0
calma,12260,pls,False,1.9205654130539254,,,,,,
calma,12260,naive,False,0.3089998754699342,,,,,,
calma,12280,ols,False,0.26900286504057325,,,,,,
calma,12280,ridge,False,0.2833471533060828,0.09787818385359388,0.0001,0.06925927470224714,97.87818385359388,400.0,100.0
calma,12280,nnls,False,0.7433925590595545,,,,,,
calma,12280,ssrc,False,0.03360541481996044,0.022636899802767205,0.0001,0.018824826715366963,22.636899802767203,400.0,100.0
calma,12280,pls,False,0.26606005178362285,,,,,,
calma,12280,naive,False,0.711708257544953,,,,,,
calma,12300,ols,False,0.1448083419210228,,,,,,
calma,12300,ridge,False,0.20709387430131995,0.09606442792851087,0.0001,0.07540626951498332,96.06442792851088,400.0,100.0
calma,12300,nnls,False,1.107555048829709,,,,,,
calma,12300,ssrc,False,0.07978338072736638,0.0002240490444750133,1e-06,0.019670377777263992,22.404904447501334,400.0,100.0
calma,12300,pls,False,2.058146429107458,,,,,,
calma,12300,naive,False,1.4525641532944824,,,,,,
calma,12320,ols,False,0.2493853555104664,,,,,,
calma,12320,ridge,False,0.20042362684734782,0.09789429019547612,0.0001,0.07223126140162292,97.89429019547612,400.0,100.0
calma,12320,nnls,False,0.2741526852833808,,,,,,
calma,12320,ssrc,False,0.05173285013800902,0.00022770980764617884,1e-06,0.020625880082723452,22.77098076461789,400.0,100.0
calma,12320,pls,False,0.25271068824183546,,,,,,
calma,12320,naive,False,0.3218603346646876,,,,,,
calma,12340,ols,False,0.3189329343543712,,,,,,
calma,12340,ridge,False,0.33361966131728465,0.09850463961487918,0.0001,0.07208915724796942,98.50463961487918,400.0,100.0
calma,12340,nnls,False,0.7677315537086908,,,,,,
calma,12340,ssrc,False,0.20100236738823296,2.2758895526543223e-06,1e-08,0.022221824904472873,22.758895526543224,400.0,100.0
calma,12340,pls,False,2.449295318325873,,,,,,
calma,12340,naive,False,0.6612960122453987,,,,,,
calma,12360,ols,False,0.4678010763283645,,,,,,
calma,12360,ridge,False,0.49571602566229345,0.09631569824891956,0.0001,0.0693463687912722,96.31569824891956,400.0,100.0
calma,12360,nnls,False,0.6486098185806853,,,,,,
calma,12360,ssrc,False,0.08356382481747486,0.00022770895935845262,1e-06,0.024666270589260034,22.770895935845264,400.0,100.0
calma,12360,pls,False,0.9532417027004104,,,,,,
calma,12360,naive,False,0.9655737823969784,,,,,,
calma,12380,ols,False,0.3574278781167909,,,,,,
calma,12380,ridge,False,0.2801486310270493,0.10116846436567843,0.0001,0.0691129598178268,101.16846436567843,400.0,100.0
calma,12380,nnls,False,0.6112799566353921,,,,,,
calma,12380,ssrc,False,0.08581465419758441,0.0002321253093339086,1e-06,0.025674126016788833,23.212530933390862,400.0,100.0
calma,12380,pls,False,0.8015710830679684,,,,,,
calma,12380,naive,False,0.717288489454126,,,,,,
calma,12400,ols,False,0.19584099507187985,,,,,,
calma,12400,ridge,False,0.208182723156594,0.10107372972412523,0.0001,0.06470906882580355,101.07372972412523,400.0,100.0
calma,12400,nnls,False,0.4721899340908044,,,,,,
calma,12400,ssrc,False,0.14235680216133742,2.3185163096437163e-06,1e-08,0.023322440480797763,23.185163096437165,400.0,100.0
calma,12400,pls,False,1.9426527337520227,,,,,,
calma,12400,naive,False,0.414680170157749,,,,,,
calma,12420,ols,False,0.32711334648905677,,,,,,
calma,12420,ridge,False,0.39283536015572396,0.0993931899396467,0.0001,0.06896695088483046,99.3931899396467,400.0,100.0
calma,12420,nnls,False,1.9226070258520014,,,,,,
calma,12420,ssrc,False,0.022278227145541184,2.299001725184507e-06,1e-08,0.02197975413409605,22.990017251845067,400.0,100.0
calma,12420,pls,False,4.336753583878838,,,,,,
calma,12420,naive,False,1.787316876218742,,,,,,
calma,12440,ols,False,0.6082570643942713,,,,,,
calma,12440,ridge,False,0.5222037227597739,0.09960475441268359,0.0001,0.06964640806428818,99.60475441268359,400.0,100.0
calma,12440,nnls,False,2.1439010409414276,,,,,,
calma,12440,ssrc,False,0.022004321486697277,0.02298512476320867,0.0001,0.021532310901621683,22.98512476320867,400.0,100.0
calma,12440,pls,False,4.890081425810427,,,,,,
calma,12440,naive,False,2.540290645457682,,,,,,
calma,12460,ols,False,0.10804800293998387,,,,,,
calma,12460,ridge,False,0.09093383523437253,0.10114151879591712,0.0001,0.07170459203947861,101.14151879591714,400.0,100.0
calma,12460,nnls,False,0.06998672203418284,,,,,,
calma,12460,ssrc,False,0.1613706434454584,0.02327632749199224,0.0001,0.02112015815685715,23.27632749199224,400.0,100.0
calma,12460,pls,False,1.2670442178348442,,,,,,
calma,12460,naive,False,0.05984919454885143,,,,,,
calma,12480,ols,False,0.33943667589634474,,,,,,
calma,12480,ridge,False,0.35974724733654506,0.09914223699366942,0.0001,0.07523765650609426,99.14223699366943,400.0,100.0
calma,12480,nnls,False,0.9358505687137553,,,,,,
calma,12480,ssrc,False,0.4220034569045237,0.022930745002903354,0.0001,0.02211063731950785,22.930745002903354,400.0,100.0
calma,12480,pls,False,2.529383745750588,,,,,,
calma,12480,naive,False,0.7971541221432309,,,,,,
calma,12500,ols,False,0.21733525951284796,,,,,,
calma,12500,ridge,False,0.15448456918284914,0.09861614421514986,0.0001,0.07004633215290842,98.61614421514986,400.0,100.0
calma,12500,nnls,False,1.2499140404814881,,,,,,
calma,12500,ssrc,False,0.1631915883295735,0.023387061765010562,0.0001,0.02396646287996965,23.38706176501056,400.0,100.0
calma,12500,pls,False,2.6738944717735023,,,,,,
calma,12500,naive,False,1.546555169964159,,,,,,
calma,12520,ols,False,0.02638143927670888,,,,,,
calma,12520,ridge,False,0.050007433100231695,0.10097454119208983,0.0001,0.06231305045338745,100.97454119208983,400.0,100.0
calma,12520,nnls,False,0.245463852826613,,,,,,
calma,12520,ssrc,False,0.1342962221309282,0.023727132707452765,0.0001,0.023926428102149656,23.727132707452768,400.0,100.0
calma,12520,pls,False,1.3488113615045172,,,,,,
calma,12520,naive,False,0.1879974062428869,,,,,,
calma,12540,ols,False,0.3692095223148786,,,,,,
calma,12540,ridge,False,0.3993105223735131,0.10265374133481085,0.0001,0.059000423672986156,102.65374133481085,400.0,100.0
calma,12540,nnls,False,1.0480158430040971,,,,,,
calma,12540,ssrc,False,0.03136862850773432,0.00023708757114310943,1e-06,0.021649179107060025,23.708757114310945,400.0,100.0
calma,12540,pls,False,1.0851057933840156,,,,,,
calma,12540,naive,False,1.0058614508578119,,,,,,
calma,12560,ols,False,0.21924812498565419,,,,,,
calma,12560,ridge,False,0.21846306059444057,0.0010358967513803869,1e-06,0.06324954383401458,103.58967513803869,400.0,100.0
calma,12560,nnls,False,1.4224957249183927,,,,,,
calma,12560,ssrc,False,0.023910425296432995,0.02399771686147845,0.0001,0.02145851214555358,23.99771686147845,400.0,100.0
calma,12560,pls,False,3.0290297409656977,,,,,,
calma,12560,naive,False,1.814453971559617,,,,,,
calma,12580,ols,False,0.24409387863512524,,,,,,
calma,12580,ridge,False,0.196404758131578,0.10537270539968914,0.0001,0.05964208646735705,105.37270539968914,400.0,100.0
calma,12580,nnls,False,0.25177340197571524,,,,,,
calma,12580,ssrc,False,0.16019346729750003,2.4030921329546487e-06,1e-08,0.021003358293762712,24.030921329546487,400.0,100.0
calma,12580,pls,False,0.23933731362472624,,,,,,
calma,12580,naive,False,0.28769377306998256,,,,,,
calma,12600,ols,False,0.35208874022314274,,,,,,
calma,12600,ridge,False,0.3792271053935657,0.10317152767163061,0.0001,0.06525189732653836,103.17152767163061,400.0,100.0
calma,12600,nnls,False,1.0117730270096714,,,,,,
calma,12600,ssrc,False,0.06088493601403373,0.00023486428025219902,1e-06,0.019124742331844972,23.486428025219904,400.0,100.0
calma,12600,pls,False,2.6736502249023575,,,,,,
calma,12600,naive,False,0.906988865564905,,,,,,
calma,12620,ols,False,0.059265036650761674,,,,,,
calma,12620,ridge,False,0.06058499275391997,0.0010041057172536917,1e-06,0.06972544077075851,100.41057172536917,400.0,100.0
calma,12620,nnls,False,1.9462507584181075,,,,,,
calma,12620,ssrc,False,0.08136189064171742,0.023316430324512395,0.0001,0.017743039679968552,23.316430324512396,400.0,100.0
calma,12620,pls,False,3.904957381059382,,,,,,
calma,12620,naive,False,1.6943910027524747,,,,,,
calma,12640,ols,False,0.2155719889433011,,,,,,
calma,12640,ridge,False,0.2154972431879943,1.0453278348562076e-05,1e-08,0.0733737140234433,104.53278348562077,400.0,100.0
calma,12640,nnls,False,0.6535591376745592,,,,,,
calma,12640,ssrc,False,0.20696634978114317,0.0002371586324685754,1e-06,0.020498747368274527,23.71586324685754,400.0,100.0
calma,12640,pls,False,1.4496605982681494,,,,,,
calma,12640,naive,False,0.6267474511528386,,,,,,
calma,12660,ols,False,0.22715466970729065,,,,,,
calma,12660,ridge,False,0.24140507234409556,0.10390118451894846,0.0001,0.06823493484092062,103.90118451894847,400.0,100.0
calma,12660,nnls,False,0.5236844481831505,,,,,,
calma,12660,ssrc,False,0.12788169483935355,2.361122387105092e-06,1e-08,0.021377032676300037,23.61122387105092,400.0,100.0
calma,12660,pls,False,1.9818330083204276,,,,,,
calma,12660,naive,False,0.4658927566751128,,,,,,
calma,12680,ols,False,0.251674425139318,,,,,,
calma,12680,ridge,False,0.2663132728246244,0.10137872194242423,0.0001,0.06750119940039288,101.37872194242422,400.0,100.0
calma,12680,nnls,False,0.682236250666893,,,,,,
calma,12680,ssrc,False,0.044779034968352435,0.000230886322719843,1e-06,0.020054563542316762,23.088632271984302,400.0,100.0
calma,12680,pls,False,0.2662353315777088,,,,,,
calma,12680,naive,False,0.6658532033182855,,,,,,
calma,12700,ols,False,0.17674980313349586,,,,,,
calma,12700,ridge,False,0.1767333151387241,1.0160626412321768e-05,1e-08,0.07155502759542429,101.60626412321768,400.0,100.0
calma,12700,nnls,False,1.010281881146278,,,,,,
calma,12700,ssrc,False,0.13157669665401864,0.00023148098887556702,1e-06,0.023737805043847936,23.148098887556703,400.0,100.0
calma,12700,pls,False,2.0925751305752818,,,,,,
calma,12700,naive,False,1.30483526982507,,,,,,
calma,12720,ols,False,0.15530772961658024,,,,,,
calma,12720,ridge,False,0.17673459582365936,0.10402783089136211,0.0001,0.06539351052676008,104.0278308913621,400.0,100.0
calma,12720,nnls,False,0.5546358207947689,,,,,,
calma,12720,ssrc,False,0.1793937009838503,2.378823902572359e-06,1e-08,0.02495071467809495,23.78823902572359,400.0,100.0
calma,12720,pls,False,1.8461560422084657,,,,,,
calma,12720,naive,False,0.4669211487687463,,,,,,
calma,12740,ols,False,0.1949482137148159,,,,,,
calma,12740,ridge,False,0.1949489506982973,1.0177131276334954e-05,1e-08,0.0611584251720477,101.77131276334954,400.0,100.0
calma,12740,nnls,False,1.4865428894997659,,,,,,
calma,12740,ssrc,False,0.08164257172194611,0.00023759345285922468,1e-06,0.0221010087409062,23.75934528592247,400.0,100.0
calma,12740,pls,False,3.1348767718762325,,,,,,
calma,12740,naive,False,1.2278474894401428,,,,,,
calma,12760,ols,False,0.3729388013919115,,,,,,
calma,12760,ridge,False,0.373111560755598,1.041561159565406e-05,1e-08,0.06403716079450686,104.15611595654062,400.0,100.0
calma,12760,nnls,False,3.034899984514291,,,,,,
calma,12760,ssrc,False,0.09490046653081159,0.023866683073106822,0.0001,0.020152400255547622,23.866683073106824,400.0,100.0
calma,12760,pls,False,1.800866924052352,,,,,,
calma,12760,naive,False,2.8636500898092065,,,,,,
calma,12780,ols,False,0.0778272177018415,,,,,,
calma,12780,ridge,False,0.07781545511197563,1.048695581167984e-05,1e-08,0.06460239262749366,104.86955811679842,400.0,100.0
calma,12780,nnls,False,0.35653059726031394,,,,,,
calma,12780,ssrc,False,0.14026771472136668,0.00024185757705983205,1e-06,0.02206844023015638,24.185757705983207,400.0,100.0
calma,12780,pls,False,1.4543934812623822,,,,,,
calma,12780,naive,False,0.29413010333389866,,,,,,
calma,12800,ols,False,0.17814570533808374,,,,,,
calma,12800,ridge,False,0.19832201993738588,0.10488866811570947,0.0001,0.05684849156077074,104.88866811570948,400.0,100.0
calma,12800,nnls,False,0.47754115332510366,,,,,,
calma,12800,ssrc,False,0.1686093076055419,0.00024125466342757965,1e-06,0.01842353998527811,24.125466342757967,400.0,100.0
calma,12800,pls,False,1.6861840635983976,,,,,,
calma,12800,naive,False,0.44074879082818813,,,,,,
calma,12820,ols,False,0.08199708631159047,,,,,,
calma,12820,ridge,False,0.06254721492419299,0.10448109358989598,0.0001,0.0716139759165131,104.48109358989598,400.0,100.0
calma,12820,nnls,False,1.0886395303468799,,,,,,
calma,12820,ssrc,False,0.1591856524052567,0.000238843455663069,1e-06,0.026404341954030457,23.8843455663069,400.0,100.0
calma,12820,pls,False,2.948894455575903,,,,,,
calma,12820,naive,False,1.0274572599451317,,,,,,
calma,12840,ols,False,0.07677877445649854,,,,,,
calma,12840,ridge,False,0.11778727591785931,0.1041681820001624,0.0001,0.06437339712460692,104.1681820001624,400.0,100.0
calma,12840,nnls,False,0.37348499096043714,,,,,,
calma,12840,ssrc,False,0.28221139124691724,0.024235576489776593,0.0001,0.03749377151510525,24.23557648977659,400.0,100.0
calma,12840,pls,False,0.1746396372450869,,,,,,
calma,12840,naive,False,0.3593158455219519,,,,,,
calma,12860,ols,False,0.24020704126031808,,,,,,
calma,12860,ridge,False,0.23947670586865988,0.0010187950503021416,1e-06,0.05887218005959057,101.87950503021416,400.0,100.0
calma,12860,nnls,False,0.9638540063141154,,,,,,
calma,12860,ssrc,False,0.09638014939937002,0.23828112589330797,0.001,0.045467451040131696,23.8281125893308,400.0,100.0
calma,12860,pls,False,5.144709421805481,,,,,,
calma,12860,naive,False,0.8595622396269866,,,,,,
calma,12880,ols,False,0.4331753031981212,,,,,,
calma,12880,ridge,False,0.4332955643711118,9.822875572560053e-06,1e-08,0.059093381646253516,98.22875572560054,400.0,100.0
calma,12880,nnls,False,2.9590315634512416,,,,,,
calma,12880,ssrc,False,0.015482692236172215,0.23398555741391755,0.001,0.04671104465728239,23.398555741391757,400.0,100.0
calma,12880,pls,False,1.186468038831639,,,,,,
calma,12880,naive,False,2.960470539768708,,,,,,
calma,12900,ols,False,0.10103680851249967,,,,,,
calma,12900,ridge,False,0.10067073338564379,0.0010060577519944004,1e-06,0.061252581386159875,100.60577519944005,400.0,100.0
calma,12900,nnls,False,0.42641314134375846,,,,,,
calma,12900,ssrc,False,0.19427938459350422,0.023819080036395882,0.0001,0.047811196013806914,23.81908003639588,400.0,100.0
calma,12900,pls,False,1.7406712904224262,,,,,,
calma,12900,naive,False,0.3549203041873108,,,,,,
calma,12920,ols,False,0.5036075661499576,,,,,,
calma,12920,ridge,False,0.5036033443547471,1.00126832941261e-05,1e-08,0.051699565138850004,100.12683294126101,400.0,100.0
calma,12920,nnls,False,1.4623828299674713,,,,,,
calma,12920,ssrc,False,0.16152743434170447,0.23897140631779912,0.001,0.03634393094477497,23.897140631779912,400.0,100.0
calma,12920,pls,False,3.359108368150417,,,,,,
calma,12920,naive,False,1.3588981833460962,,,,,,
calma,12940,ols,False,0.24266798570999862,,,,,,
calma,12940,ridge,False,0.2426514153983753,1.0130988055154105e-05,1e-08,0.06354800972473135,101.30988055154106,400.0,100.0
calma,12940,nnls,False,1.7423243845475838,,,,,,
calma,12940,ssrc,False,0.1166985667998835,2.4026512046569104e-06,1e-08,0.023664451169690865,24.026512046569106,400.0,100.0
calma,12940,pls,False,0.22064829082643314,,,,,,
calma,12940,naive,False,1.6491689171403072,,,,,,
calma,12960,ols,False,0.10268469003661912,,,,,,
calma,12960,ridge,False,0.08843105703725182,0.10002005865991465,0.0001,0.06388697036079892,100.02005865991464,400.0,100.0
calma,12960,nnls,False,0.0728552137668022,,,,,,
calma,12960,ssrc,False,0.02396590460363121,2.392684222367535e-06,1e-08,0.02483940806902782,23.92684222367535,400.0,100.0
calma,12960,pls,False,1.2988016626821948,,,,,,
calma,12960,naive,False,0.06034819581933406,,,,,,
calma,12980,ols,False,0.40639738319947555,,,,,,
calma,12980,ridge,False,0.4059363322972593,0.10031422150333838,0.0001,0.06778480797653195,100.31422150333839,400.0,100.0
calma,12980,nnls,False,0.7135429719349519,,,,,,
calma,12980,ssrc,False,0.023878249785646205,0.023886018979940728,0.0001,0.02577101776584623,23.88601897994073,400.0,100.0
calma,12980,pls,False,2.7367699871235818,,,,,,
calma,12980,naive,False,0.622098874972795,,,,,,
calma,13000,ols,False,0.03590992987297373,,,,,,
calma,13000,ridge,False,0.0359089399741475,9.946286723051281e-06,1e-08,0.062911227781331,99.46286723051281,400.0,100.0
calma,13000,nnls,False,0.625919367967083,,,,,,
calma,13000,ssrc,False,0.09301405644986924,0.023886144724236058,0.0001,0.02787608119374215,23.886144724236058,400.0,100.0
calma,13000,pls,False,1.200294112102643,,,,,,
calma,13000,naive,False,0.9691009334574446,,,,,,
calma,13020,ols,False,0.16574205656690186,,,,,,
calma,13020,ridge,False,0.16572587024123264,9.928748208856973e-06,1e-08,0.05764482454994565,99.28748208856973,400.0,100.0
calma,13020,nnls,False,0.6314416862300869,,,,,,
calma,13020,ssrc,False,0.06657098072966822,0.024006126973229052,0.0001,0.031128375006687366,24.006126973229055,400.0,100.0
calma,13020,pls,False,2.0248592535803156,,,,,,
calma,13020,naive,False,0.5211766759539772,,,,,,
calma,13040,ols,False,0.3132590513765785,,,,,,
calma,13040,ridge,False,0.3125179829972584,0.000994300495510049,1e-06,0.048828572158014776,99.43004955100491,400.0,100.0
calma,13040,nnls,False,0.8392361276864203,,,,,,
calma,13040,ssrc,False,0.03283140927819096,0.02440842224096318,0.0001,0.030242104605163543,24.408422240963176,400.0,100.0
calma,13040,pls,False,1.5364194522234635,,,,,,
calma,13040,naive,False,1.1532850878368122,,,,,,
calma,13060,ols,False,0.20078848761860965,,,,,,
calma,13060,ridge,False,0.20079412962218796,1.011182038491434e-05,1e-08,0.048421023863385655,101.11820384914341,400.0,100.0
calma,13060,nnls,False,0.1443170352816237,,,,,,
calma,13060,ssrc,False,0.012255029473169303,0.024705604931482984,0.0001,0.029053401589548646,24.70560493148298,400.0,100.0
calma,13060,pls,False,0.6293671838911716,,,,,,
calma,13060,naive,False,0.20883332185560188,,,,,,
calma,13080,ols,False,0.3368561102779939,,,,,,
calma,13080,ridge,False,0.3372341028311252,0.0010004217968935995,1e-06,0.050756309663609285,100.04217968935995,400.0,100.0
calma,13080,nnls,False,0.9041176860581543,,,,,,
calma,13080,ssrc,False,0.19432993915522714,0.02436050107841702,0.0001,0.025368713117901648,24.36050107841702,400.0,100.0
calma,13080,pls,False,0.9771157377435982,,,,,,
calma,13080,naive,False,0.8624789436965473,,,,,,
calma,13100,ols,False,0.7021696394168876,,,,,,
calma,13100,ridge,False,0.7035599649774822,0.0009960253542679702,1e-06,0.05218289419866111,99.60253542679703,400.0,100.0
calma,13100,nnls,False,0.5740563147173405,,,,,,
calma,13100,ssrc,False,0.11506315265085625,0.024479062698172387,0.0001,0.023686394952738023,24.479062698172385,400.0,100.0
calma,13100,pls,False,5.365534531027212,,,,,,
calma,13100,naive,False,0.6130048454186938,,,,,,
calma,13120,ols,False,0.8475979507920818,,,,,,
calma,13120,ridge,False,0.845891493911076,0.0010092271129286368,1e-06,0.06299254991946322,100.9227112928637,400.0,100.0
calma,13120,nnls,False,2.3563990641728747,,,,,,
calma,13120,ssrc,False,0.19247236312890306,0.024387979466925155,0.0001,0.0269723632773958,24.387979466925156,400.0,100.0
calma,13120,pls,False,5.986652025628054,,,,,,
calma,13120,naive,False,2.856472301760606,,,,,,
calma,13140,ols,False,0.20589317076404984,,,,,,
calma,13140,ridge,False,0.23735018601193175,0.09791591426021254,0.0001,0.06516029057718391,97.91591426021255,400.0,100.0
calma,13140,nnls,False,0.6956991551077426,,,,,,
calma,13140,ssrc,False,0.02110441852059878,2.421465722766761e-06,1e-08,0.027843865934041482,24.21465722766761,400.0,100.0
calma,13140,pls,False,0.3719033396918417,,,,,,
calma,13140,naive,False,0.6599389218549376,,,,,,
calma,13160,ols,False,0.10120894120415423,,,,,,
calma,13160,ridge,False,0.02649919653784567,0.09743502837292947,0.0001,0.06545941674600042,97.43502837292948,400.0,100.0
calma,13160,nnls,False,1.669775454225291,,,,,,
calma,13160,ssrc,False,0.28249399653266266,0.00024221988110270326,1e-06,0.02839923248675304,24.221988110270328,400.0,100.0
calma,13160,pls,False,5.659772789302935,,,,,,
calma,13160,naive,False,1.547507236489382,,,,,,
calma,13180,ols,False,0.041221323122101645,,,,,,
calma,13180,ridge,False,0.000134810087354042,0.09941328202788323,0.0001,0.0656322804125044,99.41328202788323,400.0,100.0
calma,13180,nnls,False,1.2422657857174482,,,,,,
calma,13180,ssrc,False,0.10126906440808628,2.4481540635063555e-06,1e-08,0.029598785585073343,24.481540635063553,400.0,100.0
calma,13180,pls,False,2.826098483453422,,,,,,
calma,13180,naive,False,1.4976018741471142,,,,,,
calma,13200,ols,False,0.2619552193045166,,,,,,
calma,13200,ridge,False,0.25647482939743055,0.09761622953421507,0.0001,0.0688507643984226,97.61622953421507,400.0,100.0
calma,13200,nnls,False,0.43571382859909796,,,,,,
calma,13200,ssrc,False,0.2752067584611028,2.427845732312466e-06,1e-08,0.029761938646130845,24.278457323124663,400.0,100.0
calma,13200,pls,False,2.2487089629111967,,,,,,
calma,13200,naive,False,0.38993778918690936,,,,,,
calma,13220,ols,False,0.05619168683641472,,,,,,
calma,13220,ridge,False,0.06373904468192439,0.0968336973266693,0.0001,0.0637829630606605,96.8336973266693,400.0,100.0
calma,13220,nnls,False,0.15051097548535255,,,,,,
calma,13220,ssrc,False,0.0038516489380941207,2.380654414354586e-06,1e-08,0.02352918295984366,23.806544143545864,400.0,100.0
calma,13220,pls,False,1.5144669018723913,,,,,,
calma,13220,naive,False,0.12502954172040967,,,,,,
calma,13240,ols,False,0.005042430172525482,,,,,,
calma,13240,ridge,False,0.031934969913549036,0.09884215083338352,0.0001,0.07259021153765739,98.84215083338353,400.0,100.0
calma,13240,nnls,False,0.570953183558579,,,,,,
calma,13240,ssrc,False,0.16088718903922558,2.360858143681681e-06,1e-08,0.02974197822366734,23.608581436816813,400.0,100.0
calma,13240,pls,False,3.4186005867563756,,,,,,
calma,13240,naive,False,0.4756184204244015,,,,,,
calma,13260,ols,False,0.011357772993569912,,,,,,
calma,13260,ridge,False,0.04477035268042581,0.09630383979809057,0.0001,0.06556686515293693,96.30383979809056,400.0,100.0
calma,13260,nnls,False,0.03456471391777077,,,,,,
calma,13260,ssrc,False,0.14058139611224835,0.023857535014277936,0.0001,0.03312843068699537,23.857535014277936,400.0,100.0
calma,13260,pls,False,0.3895626982112245,,,,,,
calma,13260,naive,False,0.0004144428312034245,,,,,,
calma,13280,ols,False,0.25828251627665266,,,,,,
calma,13280,ridge,False,0.25757402758736186,0.0009324634617457821,1e-06,0.055779061222200464,93.24634617457822,400.0,100.0
calma,13280,nnls,False,0.36634605563171185,,,,,,
calma,13280,ssrc,False,0.05843709957061583,0.023633905308435853,0.0001,0.033198272567892116,23.633905308435857,400.0,100.0
calma,13280,pls,False,3.926171074007879,,,,,,
calma,13280,naive,False,0.2572422114581608,,,,,,
calma,13300,ols,False,0.14718649537129125,,,,,,
calma,13300,ridge,False,0.14720178390880845,9.23821609465159e-06,1e-08,0.04887451175460764,92.38216094651591,400.0,100.0
calma,13300,nnls,False,0.16223494670086622,,,,,,
calma,13300,ssrc,False,0.08247491304934859,0.023829155101340777,0.0001,0.03047463490603801,23.829155101340778,400.0,100.0
calma,13300,pls,False,1.4907388731881377,,,,,,
calma,13300,naive,False,0.18096138416504545,,,,,,
calma,13320,ols,False,0.35137809262489156,,,,,,
calma,13320,ridge,False,0.3516264598426851,0.0008855303918400793,1e-06,0.04681836240681344,88.55303918400794,400.0,100.0
calma,13320,nnls,False,1.0467615467679718,,,,,,
calma,13320,ssrc,False,0.011926449690891293,0.02351689994437258,0.0001,0.032653630494833295,23.516899944372582,400.0,100.0
calma,13320,pls,False,0.49013846348451706,,,,,,
calma,13320,naive,False,0.9955610917943499,,,,,,
calma,13340,ols,False,0.6378254380253063,,,,,,
calma,13340,ridge,False,0.6385562033523252,0.000893212965042962,1e-06,0.044774462449933085,89.32129650429621,400.0,100.0
calma,13340,nnls,False,0.9980685439964746,,,,,,
calma,13340,ssrc,False,0.03799708986491175,0.2338272982332197,0.001,0.029048800499909735,23.38272982332197,400.0,100.0
calma,13340,pls,False,1.622653455539335,,,,,,
calma,13340,naive,False,1.2869012566332987,,,,,,
calma,13360,ols,False,0.7154011664158628,,,,,,
calma,13360,ridge,False,0.7166473482106888,0.0009198800923185006,1e-06,0.05558173600003931,91.98800923185007,400.0,100.0
calma,13360,nnls,False,3.221751256243198,,,,,,
calma,13360,ssrc,False,0.035594057610585095,2.3412344831529407e-06,1e-08,0.02499633574782946,23.412344831529406,400.0,100.0
calma,13360,pls,False,0.22007625679657486,,,,,,
calma,13360,naive,False,3.3799624653227527,,,,,,
calma,13380,ols,False,0.23581586969071996,,,,,,
calma,13380,ridge,False,0.269654638590841,0.09335509116573862,0.0001,0.061219155578028935,93.35509116573861,400.0,100.0
calma,13380,nnls,False,0.8573803922108605,,,,,,
calma,13380,ssrc,False,0.2712856434458959,0.00023826538006103482,1e-06,0.02427777982256734,23.826538006103483,400.0,100.0
calma,13380,pls,False,2.5518435985966184,,,,,,
calma,13380,naive,False,0.7362686375617908,,,,,,
calma,13400,ols,False,0.29872922079969905,,,,,,
calma,13400,ridge,False,0.36193221679928433,0.09303872036249723,0.0001,0.06315236422782197,93.03872036249723,400.0,100.0
calma,13400,nnls,False,1.1410189490052969,,,,,,
calma,13400,ssrc,False,0.0655902628298426,0.0002389270940007223,1e-06,0.026089759308005313,23.892709400072235,400.0,100.0
calma,13400,pls,False,2.21845258469392,,,,,,
calma,13400,naive,False,1.4832941903689336,,,,,,
calma,13420,ols,False,0.3864396013242958,,,,,,
calma,13420,ridge,False,0.3138645685213504,0.09587561698357105,0.0001,0.06552134341547296,95.87561698357105,400.0,100.0
calma,13420,nnls,False,0.571574549142505,,,,,,
calma,13420,ssrc,False,0.027238720659845502,2.4176349328712607e-06,1e-08,0.027569333865606803,24.176349328712607,400.0,100.0
calma,13420,pls,False,0.3072919899597304,,,,,,
calma,13420,naive,False,0.6521470959162399,,,,,,
calma,13440,ols,False,0.2146152157475368,,,,,,
calma,13440,ridge,False,0.22799244398054339,0.09225178962344352,0.0001,0.06242674710043963,92.25178962344353,400.0,100.0
calma,13440,nnls,False,0.5481453039513584,,,,,,
calma,13440,ssrc,False,0.20268698819178943,2.379456679729414e-06,1e-08,0.027319932309185734,23.794566797294138,400.0,100.0
calma,13440,pls,False,2.2846823130625316,,,,,,
calma,13440,naive,False,0.48788894340874894,,,,,,
calma,13460,ols,False,0.013331900975092252,,,,,,
calma,13460,ridge,False,0.07704665997774347,0.09408336657178773,0.0001,0.06485005460174943,94.08336657178774,400.0,100.0
calma,13460,nnls,False,1.7084543406518022,,,,,,
calma,13460,ssrc,False,0.10566867178897967,2.3803166137914967e-06,1e-08,0.025539886342796022,23.803166137914967,400.0,100.0
calma,13460,pls,False,4.958774132082419,,,,,,
calma,13460,naive,False,1.5588632547522743,,,,,,
calma,13480,ols,False,0.3149912498971118,,,,,,
calma,13480,ridge,False,0.39105178072191343,0.09435555713260751,0.0001,0.0666390781034954,94.35555713260752,400.0,100.0
calma,13480,nnls,False,2.2804665515454383,,,,,,
calma,13480,ssrc,False,0.12230578691273318,0.02405714867672128,0.0001,0.023122171786698963,24.05714867672128,400.0,100.0
calma,13480,pls,False,4.692159972235351,,,,,,
calma,13480,naive,False,2.758600623412319,,,,,,
calma,13500,ols,False,0.04637637355229546,,,,,,
calma,13500,ridge,False,0.07058420211473253,0.09532166288648182,0.0001,0.06880623573499738,95.32166288648182,400.0,100.0
calma,13500,nnls,False,0.3046986865534759,,,,,,
calma,13500,ssrc,False,0.039720184757581066,0.023804649196877952,0.0001,0.02330373161942738,23.804649196877953,400.0,100.0
calma,13500,pls,False,0.6575490713946891,,,,,,
calma,13500,naive,False,0.282350766606875,,,,,,
calma,13520,ols,False,0.5721919788760865,,,,,,
calma,13520,ridge,False,0.6052507944485656,0.09249090263103985,0.0001,0.0681172047340583,92.49090263103984,400.0,100.0
calma,13520,nnls,False,1.8960683282849375,,,,,,
calma,13520,ssrc,False,0.002544058441505732,0.023074799870728514,0.0001,0.022843399696841144,23.074799870728512,400.0,100.0
calma,13520,pls,False,2.6045685731371724,,,,,,
calma,13520,naive,False,1.795459424500993,,,,,,
calma,13540,ols,False,0.3875839678665075,,,,,,
calma,13540,ridge,False,0.3875503195179634,9.325160757933134e-06,1e-08,0.07125145433806772,93.25160757933133,400.0,100.0
calma,13540,nnls,False,1.7298482556801547,,,,,,
calma,13540,ssrc,False,0.35370341836182984,0.022856198335754106,0.0001,0.021578287316918746,22.856198335754105,400.0,100.0
calma,13540,pls,False,4.057085201591,,,,,,
calma,13540,naive,False,2.141489754287407,,,,,,
calma,13560,ols,False,1.0065423205232944,,,,,,
calma,13560,ridge,False,0.8657506357412812,0.0907497581111484,0.0001,0.07011683829215438,90.7497581111484,400.0,100.0
calma,13560,nnls,False,2.9235337184522963,,,,,,
calma,13560,ssrc,False,0.23482405673345266,0.022268659085976392,0.0001,0.02245857332603175,22.26865908597639,400.0,100.0
calma,13560,pls,False,2.386050272905143,,,,,,
calma,13560,naive,False,2.9660658064667222,,,,,,
calma,13580,ols,False,0.32242267469314123,,,,,,
calma,13580,ridge,False,0.351420732099407,0.08991309382241754,0.0001,0.06561173656260819,89.91309382241754,400.0,100.0
calma,13580,nnls,False,1.1852595642590502,,,,,,
calma,13580,ssrc,False,0.025142040186877167,0.02262466641412501,0.0001,0.029321916575831067,22.624666414125013,400.0,100.0
calma,13580,pls,False,2.7225674274720766,,,,,,
calma,13580,naive,False,1.0209718305813154,,,,,,
calma,13600,ols,False,0.18851130554401935,,,,,,
calma,13600,ridge,False,0.17458955590228334,0.09333401587013242,0.0001,0.06182394171112854,93.33401587013242,400.0,100.0
calma,13600,nnls,False,1.1756913591459925,,,,,,
calma,13600,ssrc,False,0.17351065191778514,0.023187122567213284,0.0001,0.029733028327188948,23.187122567213283,400.0,100.0
calma,13600,pls,False,2.5626186447237287,,,,,,
calma,13600,naive,False,1.3836204891762869,,,,,,
calma,13620,ols,False,0.13643949542423725,,,,,,
calma,13620,ridge,False,0.13643660429051965,9.243681128497187e-06,1e-08,0.05824655759131029,92.43681128497188,400.0,100.0
calma,13620,nnls,False,0.4879818754713776,,,,,,
calma,13620,ssrc,False,0.22242978639440344,0.023510294310450073,0.0001,0.032444926031049,23.510294310450075,400.0,100.0
calma,13620,pls,False,2.0553638310624316,,,,,,
calma,13620,naive,False,0.4161604412387387,,,,,,
calma,13640,ols,False,0.5093384101100767,,,,,,
calma,13640,ridge,False,0.5480351110139344,0.09329219800780011,0.0001,0.05315334385803647,93.29219800780011,400.0,100.0
calma,13640,nnls,False,1.5090302161130984,,,,,,
calma,13640,ssrc,False,0.07632815585458509,0.023390000731799927,0.0001,0.03317069772703671,23.39000073179993,400.0,100.0
calma,13640,pls,False,1.5042948609291096,,,,,,
calma,13640,naive,False,1.4420073262091853,,,,,,
calma,13660,ols,False,0.2830991686288534,,,,,,
calma,13660,ridge,False,0.283076375107591,0.0009646188772183209,1e-06,0.05739828966432937,96.4618877218321,400.0,100.0
calma,13660,nnls,False,1.3597653419672533,,,,,,
calma,13660,ssrc,False,0.29507555219542825,0.02376376317492165,0.0001,0.03220971641133234,23.76376317492165,400.0,100.0
calma,13660,pls,False,3.1156571302803884,,,,,,
calma,13660,naive,False,1.6277806353321074,,,,,,
calma,13680,ols,False,0.0656875927105441,,,,,,
calma,13680,ridge,False,0.04666363546192824,0.0952704436490595,0.0001,0.056929247061655364,95.2704436490595,400.0,100.0
calma,13680,nnls,False,0.005566720555934305,,,,,,
calma,13680,ssrc,False,0.1458398345735992,2.38575605029747e-06,1e-08,0.028849867843690927,23.857560502974703,400.0,100.0
calma,13680,pls,False,1.2154999075681399,,,,,,
calma,13680,naive,False,0.024942754522408024,,,,,,
calma,13700,ols,False,0.34768871496363574,,,,,,
calma,13700,ridge,False,0.3701463822801943,0.09770359849096417,0.0001,0.06590443361781836,97.70359849096417,400.0,100.0
calma,13700,nnls,False,0.9761778352053573,,,,,,
calma,13700,ssrc,False,0.03860685629159069,2.382973713110024e-06,1e-08,0.03035519837724246,23.829737131100238,400.0,100.0
calma,13700,pls,False,1.4111195192799895,,,,,,
calma,13700,naive,False,0.9174037479012798,,,,,,
calma,13720,ols,False,0.22068369741760546,,,,,,
calma,13720,ridge,False,0.22084866042298593,0.0009635533755660102,1e-06,0.06627512996360378,96.35533755660103,400.0,100.0
calma,13720,nnls,False,1.566499097434668,,,,,,
calma,13720,ssrc,False,0.05824821549235712,2.40065398074512e-06,1e-08,0.026787206489152105,24.0065398074512,400.0,100.0
calma,13720,pls,False,0.4724037036531766,,,,,,
calma,13720,naive,False,1.530779405974176,,,,,,
calma,13740,ols,False,0.08936933311904177,,,,,,
calma,13740,ridge,False,0.11616095091534476,0.09288994773630621,0.0001,0.06191395132138191,92.88994773630621,400.0,100.0
calma,13740,nnls,False,0.4198035590921968,,,,,,
calma,13740,ssrc,False,0.07274624715595822,2.4037871715423653e-06,1e-08,0.028173835862474607,24.037871715423652,400.0,100.0
calma,13740,pls,False,0.5426838222716805,,,,,,
calma,13740,naive,False,0.3940459262377913,,,,,,
calma,13760,ols,False,0.05829317272877723,,,,,,
calma,13760,ridge,False,0.05924780494263937,0.09243641090009909,0.0001,0.054093296350469486,92.43641090009909,400.0,100.0
calma,13760,nnls,False,0.16101747008445105,,,,,,
calma,13760,ssrc,False,0.20762498531364884,0.023516372535128005,0.0001,0.02802793262302977,23.516372535128006,400.0,100.0
calma,13760,pls,False,1.0307270210604456,,,,,,
calma,13760,naive,False,0.17242417302250437,,,,,,
calma,13780,ols,False,0.12413471587481126,,,,,,
calma,13780,ridge,False,0.12408629580326871,0.0009458703276690543,1e-06,0.06092089891219003,94.58703276690545,400.0,100.0
calma,13780,nnls,False,0.3095459426224374,,,,,,
calma,13780,ssrc,False,0.011507221973771332,0.02346261464849803,0.0001,0.03652578615672311,23.46261464849803,400.0,100.0
calma,13780,pls,False,0.8220948225876034,,,,,,
calma,13780,naive,False,0.05315213221839202,,,,,,
calma,13800,ols,False,0.06294804299403786,,,,,,
calma,13800,ridge,False,0.06291553046282097,9.667123553465931e-06,1e-08,0.04862713598424109,96.67123553465932,400.0,100.0
calma,13800,nnls,False,0.32638298252866405,,,,,,
calma,13800,ssrc,False,0.29271797587425186,0.02383048015075591,0.0001,0.034872696962451384,23.83048015075591,400.0,100.0
calma,13800,pls,False,1.3233160981839212,,,,,,
calma,13800,naive,False,0.210390242473564,,,,,,
calma,13820,ols,False,0.30471498867549646,,,,,,
calma,13820,ridge,False,0.3036476415638369,0.0009857899814581053,1e-06,0.04785003466719951,98.57899814581054,400.0,100.0
calma,13820,nnls,False,0.2874040456382768,,,,,,
calma,13820,ssrc,False,0.06937030264238747,2.444430096736251e-06,1e-08,0.03186051834365249,24.44430096736251,400.0,100.0
calma,13820,pls,False,0.36787469783342097,,,,,,
calma,13820,naive,False,0.5638160105057217,,,,,,
calma,13840,ols,False,0.030538298111538697,,,,,,
calma,13840,ridge,False,0.030549863347800837,1.0086193027704372e-05,1e-08,0.047436296193579086,100.86193027704371,400.0,100.0
calma,13840,nnls,False,0.19311549157616253,,,,,,
calma,13840,ssrc,False,0.05852088363647733,2.492865229262159e-06,1e-08,0.031238225995065583,24.928652292621592,400.0,100.0
calma,13840,pls,False,1.3155484903355674,,,,,,
calma,13840,naive,False,0.10248016684293913,,,,,,
calma,13860,ols,False,0.5248205100845929,,,,,,
calma,13860,ridge,False,0.5248283308490104,9.997618861364218e-06,1e-08,0.046920766286457666,99.9761886136422,400.0,100.0
calma,13860,nnls,False,1.9587740572178156,,,,,,
calma,13860,ssrc,False,0.1347161579308418,2.5160132182759837e-06,1e-08,0.031138052200750718,25.16013218275984,400.0,100.0
calma,13860,pls,False,4.212636142302437,,,,,,
calma,13860,naive,False,1.8118233663839873,,,,,,
calma,13880,ols,False,0.7810931742070212,,,,,,
calma,13880,ridge,False,0.7833655060685846,0.000999462866517788,1e-06,0.04359950238043915,99.94628665177882,400.0,100.0
calma,13880,nnls,False,1.923250261622389,,,,,,
calma,13880,ssrc,False,0.09527832631127234,2.4879312032367903e-06,1e-08,0.026997610366807347,24.879312032367906,400.0,100.0
calma,13880,pls,False,5.368980607042895,,,,,,
calma,13880,naive,False,1.8678628655637817,,,,,,
calma,13900,ols,False,0.15116198397889122,,,,,,
calma,13900,ridge,False,0.1511634386239134,0.0010112536871505215,1e-06,0.05391003547560845,101.12536871505216,400.0,100.0
calma,13900,nnls,False,0.04951628149697979,,,,,,
calma,13900,ssrc,False,0.06129787830633301,2.482880446651894e-06,1e-08,0.02574618893255484,24.82880446651894,400.0,100.0
calma,13900,pls,False,0.8826017378618211,,,,,,
calma,13900,naive,False,0.11211097924378484,,,,,,
calma,13920,ols,False,0.3682046524231483,,,,,,
calma,13920,ridge,False,0.39798452130853956,0.09887543482726766,0.0001,0.06147781267251295,98.87543482726765,400.0,100.0
calma,13920,nnls,False,1.052873271230699,,,,,,
calma,13920,ssrc,False,0.03321821932681293,0.024495493385101895,0.0001,0.026192684316196067,24.495493385101895,400.0,100.0
calma,13920,pls,False,1.0703090531890875,,,,,,
calma,13920,naive,False,1.0104313412598356,,,,,,
calma,13940,ols,False,0.43466670867699647,,,,,,
calma,13940,ridge,False,0.46784115172475993,0.09868671508519021,0.0001,0.06373005984864066,98.68671508519022,400.0,100.0
calma,13940,nnls,False,1.1784918526647734,,,,,,
calma,13940,ssrc,False,0.2071389304718849,0.2442712332527973,0.001,0.023871021928756512,24.42712332527973,400.0,100.0
calma,13940,pls,False,3.0804624509761953,,,,,,
calma,13940,naive,False,1.1137725678439558,,,,,,
calma,13960,ols,False,0.12748163033872456,,,,,,
calma,13960,ridge,False,0.15685629811914711,0.10072080209044457,0.0001,0.07521108372943477,100.72080209044458,400.0,100.0
calma,13960,nnls,False,1.1637017641941725,,,,,,
calma,13960,ssrc,False,0.007529780878757011,0.02469279671573157,0.0001,0.033067364289254914,24.69279671573157,400.0,100.0
calma,13960,pls,False,0.3812610001025304,,,,,,
calma,13960,naive,False,1.1252187282492754,,,,,,
calma,13980,ols,False,0.3264663277950244,,,,,,
calma,13980,ridge,False,0.3755572894249956,0.09902478350357227,0.0001,0.06466394188018704,99.02478350357228,400.0,100.0
calma,13980,nnls,False,1.1307623319042608,,,,,,
calma,13980,ssrc,False,0.016884686593607433,0.02477760951799753,0.0001,0.0354280725770588,24.77760951799753,400.0,100.0
calma,13980,pls,False,1.664779876198278,,,,,,
calma,13980,naive,False,1.064230333686741,,,,,,
calma,14000,ols,False,0.26665332713307394,,,,,,
calma,14000,ridge,False,0.26565628212876774,0.0009673624865839324,1e-06,0.06075169634084229,96.73624865839325,400.0,100.0
calma,14000,nnls,False,1.9755108544872817,,,,,,
calma,14000,ssrc,False,0.060477967364775474,0.024698873241779867,0.0001,0.03427043976508887,24.698873241779864,400.0,100.0
calma,14000,pls,False,1.0650885650859132,,,,,,
calma,14000,naive,False,1.9527022071950244,,,,,,
calma,14020,ols,False,0.20738602213850116,,,,,,
calma,14020,ridge,False,0.20703517312972694,0.000976387918319841,1e-06,0.05634472160910939,97.63879183198411,400.0,100.0
calma,14020,nnls,False,0.22870362026066315,,,,,,
calma,14020,ssrc,False,0.3266163475927059,0.02491047747260561,0.0001,0.03515400793561786,24.91047747260561,400.0,100.0
calma,14020,pls,False,1.8865261422297674,,,,,,
calma,14020,naive,False,0.2107405506583995,,,,,,
calma,14040,ols,False,0.38565040496399394,,,,,,
calma,14040,ridge,False,0.4152444998256627,0.09748415419636161,0.0001,0.06367561827556203,97.48415419636162,400.0,100.0
calma,14040,nnls,False,1.116742333854911,,,,,,
calma,14040,ssrc,False,0.13637331642451456,0.024675269443129665,0.0001,0.037756759575066474,24.675269443129665,400.0,100.0
calma,14040,pls,False,1.4137205226078184,,,,,,
calma,14040,naive,False,1.0618384628772564,,,,,,
calma,14060,ols,False,0.02460750533093646,,,,,,
calma,14060,ridge,False,0.026438090402669947,0.0009642488827682742,1e-06,0.05498453697374469,96.42488827682743,400.0,100.0
calma,14060,nnls,False,2.109305739427341,,,,,,
calma,14060,ssrc,False,0.07989960050205323,0.024865470852489607,0.0001,0.02715228818531395,24.865470852489608,400.0,100.0
calma,14060,pls,False,3.045260216890561,,,,,,
calma,14060,naive,False,2.069584980135103,,,,,,
calma,14080,ols,False,0.46711771739591607,,,,,,
calma,14080,ridge,False,0.46712765354677266,9.62545054018108e-06,1e-08,0.06359865213385302,96.2545054018108,400.0,100.0
calma,14080,nnls,False,1.192474008456717,,,,,,
calma,14080,ssrc,False,0.07098859530034551,0.024486240143410387,0.0001,0.026959006541583022,24.486240143410384,400.0,100.0
calma,14080,pls,False,3.2944026625176828,,,,,,
calma,14080,naive,False,1.1369934189764772,,,,,,
calma,14100,ols,False,0.31008592549165065,,,,,,
calma,14100,ridge,False,0.3411795950518993,0.09433305732920028,0.0001,0.06374372204824401,94.33305732920027,400.0,100.0
calma,14100,nnls,False,0.9515889040499547,,,,,,
calma,14100,ssrc,False,0.1275353083359132,0.00024116144015632064,1e-06,0.027751806824948325,24.116144015632067,400.0,100.0
calma,14100,pls,False,2.912520523270622,,,,,,
calma,14100,naive,False,0.8644649237484667,,,,,,
calma,14120,ols,False,0.389111944372393,,,,,,
calma,14120,ridge,False,0.3885445739061695,0.0009412572703012331,1e-06,0.06613375628089606,94.12572703012333,400.0,100.0
calma,14120,nnls,False,2.365531040522879,,,,,,
calma,14120,ssrc,False,0.04126537695625653,2.3743209075680834e-06,1e-08,0.024548807442499133,23.743209075680838,400.0,100.0
calma,14120,pls,False,4.875472008999568,,,,,,
calma,14120,naive,False,2.2242279196102683,,,,,,
calma,14140,ols,False,0.18677810397931713,,,,,,
calma,14140,ridge,False,0.1867650215911769,9.596090485450481e-06,1e-08,0.06607798188830181,95.96090485450482,400.0,100.0
calma,14140,nnls,False,0.6920187139729647,,,,,,
calma,14140,ssrc,False,0.23930218562472144,2.409588208506936e-06,1e-08,0.024261215245210906,24.095882085069363,400.0,100.0
calma,14140,pls,False,1.089646993579655,,,,,,
calma,14140,naive,False,0.838273594486753,,,,,,
calma,14160,ols,False,0.15542891369327072,,,,,,
calma,14160,ridge,False,0.1554659245808585,0.0009515076006438983,1e-06,0.06677263250103056,95.15076006438984,400.0,100.0
calma,14160,nnls,False,0.3312678629928215,,,,,,
calma,14160,ssrc,False,0.15847495973502115,0.0002402308639160774,1e-06,0.0274609128333684,24.02308639160774,400.0,100.0
calma,14160,pls,False,0.6998095766431933,,,,,,
calma,14160,naive,False,0.32815384317162105,,,,,,
calma,14180,ols,False,0.3722860033418761,,,,,,
calma,14180,ridge,False,0.42981156587414415,0.09292258648054175,0.0001,0.07066367962035644,92.92258648054174,400.0,100.0
calma,14180,nnls,False,2.0071186819276674,,,,,,
calma,14180,ssrc,False,0.03663853609109822,0.00023572842599839676,1e-06,0.028226068008148624,23.572842599839678,400.0,100.0
calma,14180,pls,False,4.1952784133516765,,,,,,
calma,14180,naive,False,1.80066950788847,,,,,,
calma,14200,ols,False,0.6933241128969296,,,,,,
calma,14200,ridge,False,0.755687983908576,0.0915195947383519,0.0001,0.06863399968519374,91.5195947383519,400.0,100.0
calma,14200,nnls,False,2.1243120612637,,,,,,
calma,14200,ssrc,False,0.13882507301437216,0.00023506767003588018,1e-06,0.021384355445734037,23.50676700358802,400.0,100.0
calma,14200,pls,False,2.489777919735924,,,,,,
calma,14200,naive,False,2.035413586810551,,,,,,
calma,14220,ols,False,0.009131164895676827,,,,,,
calma,14220,ridge,False,0.01385135142177031,0.09473122967263764,0.0001,0.07179285801957123,94.73122967263764,400.0,100.0
calma,14220,nnls,False,0.345493773210793,,,,,,
calma,14220,ssrc,False,0.21554432676818372,2.3722415664913284e-06,1e-08,0.025805408220739023,23.722415664913285,400.0,100.0
calma,14220,pls,False,0.4013735103765946,,,,,,
calma,14220,naive,False,0.48697542186399806,,,,,,
calma,14240,ols,False,0.12109475966309918,,,,,,
calma,14240,ridge,False,0.14591929976754373,0.09590995171741969,0.0001,0.06187622289954204,95.90995171741969,400.0,100.0
calma,14240,nnls,False,1.2409471467208766,,,,,,
calma,14240,ssrc,False,0.0563609360965491,2.4127009217916138e-06,1e-08,0.02630094667208062,24.12700921791614,400.0,100.0
calma,14240,pls,False,2.763250168090464,,,,,,
calma,14240,naive,False,1.0283577414846123,,,,,,
calma,14260,ols,False,0.14098219092426725,,,,,,
calma,14260,ridge,False,0.14099557711443936,9.969000007445544e-06,1e-08,0.05643249527090446,99.69000007445544,400.0,100.0
calma,14260,nnls,False,0.3646399836974915,,,,,,
calma,14260,ssrc,False,0.09697864595075635,2.4907308093504993e-06,1e-08,0.026707498046349257,24.907308093504994,400.0,100.0
calma,14260,pls,False,0.2638961815749924,,,,,,
calma,14260,naive,False,0.5035032182573476,,,,,,
calma,14280,ols,False,0.4177435259802378,,,,,,
calma,14280,ridge,False,0.41775522031099704,9.946792007699744e-06,1e-08,0.0480419772206465,99.46792007699743,400.0,100.0
calma,14280,nnls,False,1.3734169929204256,,,,,,
calma,14280,ssrc,False,0.15907230020946841,0.0002516489558292228,1e-06,0.030702153349452525,25.16489558292228,400.0,100.0
calma,14280,pls,False,3.525626785679093,,,,,,
calma,14280,naive,False,1.2702876485329946,,,,,,
calma,14300,ols,False,0.6522964810145748,,,,,,
calma,14300,ridge,False,0.6523266114025515,9.822928023123473e-06,1e-08,0.04976089728523734,98.22928023123472,400.0,100.0
calma,14300,nnls,False,2.486428561479439,,,,,,
calma,14300,ssrc,False,0.5166805388805503,0.02459714110156392,0.0001,0.032532434291852666,24.59714110156392,400.0,100.0
calma,14300,pls,False,5.084893460930637,,,,,,
calma,14300,naive,False,2.3531338615798405,,,,,,
calma,14320,ols,False,0.09098494334737864,,,,,,
calma,14320,ridge,False,0.0934428373860456,0.0010082898573748917,1e-06,0.050309062363568365,100.82898573748918,400.0,100.0
calma,14320,nnls,False,0.6387447940519195,,,,,,
calma,14320,ssrc,False,0.17434708362721976,2.4476787939088205e-06,1e-08,0.03236085984074847,24.476787939088208,400.0,100.0
calma,14320,pls,False,0.8697506382750657,,,,,,
calma,14320,naive,False,0.5837062066706424,,,,,,
calma,14340,ols,False,0.4115437894057228,,,,,,
calma,14340,ridge,False,0.4108429845623426,0.0009709295835151422,1e-06,0.05183426139610942,97.09295835151423,400.0,100.0
calma,14340,nnls,False,1.3093210187782685,,,,,,
calma,14340,ssrc,False,0.019376056811280233,0.00023886518189659988,1e-06,0.028900230956443562,23.88651818965999,400.0,100.0
calma,14340,pls,False,1.7133819028759985,,,,,,
calma,14340,naive,False,1.2469647280365832,,,,,,
calma,14360,ols,False,0.8120648741065312,,,,,,
calma,14360,ridge,False,0.8112172847745682,0.0009555582747188358,1e-06,0.05669828264306205,95.55582747188359,400.0,100.0
calma,14360,nnls,False,0.62468520260911,,,,,,
calma,14360,ssrc,False,0.03606527699324396,2.3577835074834573e-06,1e-08,0.02771974311512382,23.577835074834574,400.0,100.0
calma,14360,pls,False,5.779737538788356,,,,,,
calma,14360,naive,False,0.4461594129686955,,,,,,
calma,14380,ols,False,0.23881233496316687,,,,,,
calma,14380,ridge,False,0.17825355067448564,0.09694467638231956,0.0001,0.06401431537554343,96.94467638231956,400.0,100.0
calma,14380,nnls,False,0.2832381212518948,,,,,,
calma,14380,ssrc,False,0.28505935706926006,0.023851889558163916,0.0001,0.025366077574476828,23.851889558163915,400.0,100.0
calma,14380,pls,False,0.187385896703776,,,,,,
calma,14380,naive,False,0.3705292914469322,,,,,,
calma,14400,ols,False,0.26925934365478005,,,,,,
calma,14400,ridge,False,0.28106059359302676,0.09577172535032928,0.0001,0.0655991646755906,95.77172535032929,400.0,100.0
calma,14400,nnls,False,0.7036702655552328,,,,,,
calma,14400,ssrc,False,0.18733181322319115,0.023599150180109947,0.0001,0.027061536465365563,23.599150180109945,400.0,100.0
calma,14400,pls,False,0.15811079594491373,,,,,,
calma,14400,naive,False,0.6722007959736809,,,,,,
calma,14420,ols,False,0.15425593463553375,,,,,,
calma,14420,ridge,False,0.16725565691144845,0.0934947390093524,0.0001,0.05875918269529601,93.4947390093524,400.0,100.0
calma,14420,nnls,False,0.4101313912356574,,,,,,
calma,14420,ssrc,False,0.04751071075275333,0.2336406064733445,0.001,0.02408471012629264,23.36406064733445,400.0,100.0
calma,14420,pls,False,1.921257539755412,,,,,,
calma,14420,naive,False,0.36827833534145615,,,,,,
calma,14440,ols,False,0.045504789594884014,,,,,,
calma,14440,ridge,False,0.04765240363938724,0.09743940969389064,0.0001,0.0713250963165337,97.43940969389064,400.0,100.0
calma,14440,nnls,False,0.7973945321456203,,,,,,
calma,14440,ssrc,False,0.1334588885856328,0.23721618461131752,0.001,0.03182428400921283,23.721618461131754,400.0,100.0
calma,14440,pls,False,2.254351569992386,,,,,,
calma,14440,naive,False,0.8407801955266992,,,,,,
calma,14460,ols,False,0.16569014047636504,,,,,,
calma,14460,ridge,False,0.20265960766315141,0.09328372148577897,0.0001,0.0648449415361879,93.28372148577898,400.0,100.0
calma,14460,nnls,False,0.645274051984968,,,,,,
calma,14460,ssrc,False,0.1290688948326792,0.23672955298152001,0.001,0.03315442858958248,23.672955298152004,400.0,100.0
calma,14460,pls,False,0.4293545903826549,,,,,,
calma,14460,naive,False,0.5794427669842592,,,,,,
calma,14480,ols,False,0.01344030582882192,,,,,,
calma,14480,ridge,False,0.013158205483587102,0.000935947131346073,1e-06,0.05754191591774509,93.59471313460732,400.0,100.0
calma,14480,nnls,False,1.3349059056728239,,,,,,
calma,14480,ssrc,False,0.04205772045930585,0.237167153178695,0.001,0.03448116298039084,23.7167153178695,400.0,100.0
calma,14480,pls,False,1.792711359635939,,,,,,
calma,14480,naive,False,1.431874985764509,,,,,,
calma,14500,ols,False,0.013138627638054595,,,,,,
calma,14500,ridge,False,0.013134895780385689,9.350505626650282e-06,1e-08,0.04990766473421192,93.50505626650282,400.0,100.0
calma,14500,nnls,False,0.24584647585549324,,,,,,
calma,14500,ssrc,False,0.03182215850473398,0.2372163990553659,0.001,0.03742126092693551,23.72163990553659,400.0,100.0
calma,14500,pls,False,0.79809689720812,,,,,,
calma,14500,naive,False,0.22350964699459758,,,,,,
calma,14520,ols,False,0.28763452183332394,,,,,,
calma,14520,ridge,False,0.28763485607585165,9.269426269099256e-06,1e-08,0.04926876855078825,92.69426269099256,400.0,100.0
calma,14520,nnls,False,0.7989036280153882,,,,,,
calma,14520,ssrc,False,0.1445061414343566,0.23488773911335684,0.001,0.03675949029571714,23.488773911335684,400.0,100.0
calma,14520,pls,False,0.05326263577520968,,,,,,
calma,14520,naive,False,0.7748382077097755,,,,,,
calma,14540,ols,False,0.09720482709390357,,,,,,
calma,14540,ridge,False,0.09688113696350868,0.0009221658212703112,1e-06,0.04796706115645758,92.21658212703113,400.0,100.0
calma,14540,nnls,False,1.3678210513751263,,,,,,
calma,14540,ssrc,False,0.09593671862508325,0.2368174250946603,0.001,0.02957401838611183,23.681742509466034,400.0,100.0
calma,14540,pls,False,2.867455236286026,,,,,,
calma,14540,naive,False,1.6081340171831422,,,,,,
calma,14560,ols,False,0.02470780149735013,,,,,,
calma,14560,ridge,False,0.0244307539265278,0.0009493918255930212,1e-06,0.052317253341082504,94.93918255930214,400.0,100.0
calma,14560,nnls,False,0.1756111023339292,,,,,,
calma,14560,ssrc,False,0.11165328877393906,2.407040401692227e-06,1e-08,0.026117282387487714,24.070404016922268,400.0,100.0
calma,14560,pls,False,1.4451483857605654,,,,,,
calma,14560,naive,False,0.11594207831976328,,,,,,
calma,14580,ols,False,0.3990649643759661,,,,,,
calma,14580,ridge,False,0.4254502537017808,0.09536079725170801,0.0001,0.05655010563565654,95.36079725170801,400.0,100.0
calma,14580,nnls,False,1.130177313602753,,,,,,
calma,14580,ssrc,False,0.05138758968304184,2.409396559889094e-06,1e-08,0.025533758446394324,24.093965598890943,400.0,100.0
calma,14580,pls,False,0.8834707972313021,,,,,,
calma,14580,naive,False,1.0918132572899668,,,,,,
calma,14600,ols,False,0.05002132741013888,,,,,,
calma,14600,ridge,False,0.12921112561732226,0.095689075355905,0.0001,0.0676307890025242,95.689075355905,400.0,100.0
calma,14600,nnls,False,1.5816913701188386,,,,,,
calma,14600,ssrc,False,0.02447085673041621,2.4063731713889225e-06,1e-08,0.024852545416030266,24.063731713889226,400.0,100.0
calma,14600,pls,False,3.33588796202241,,,,,,
calma,14600,naive,False,1.9554478049830069,,,,,,
calma,14620,ols,False,0.37466777052079264,,,,,,
calma,14620,ridge,False,0.2860411931779242,0.09838941022253554,0.0001,0.07179551102624758,98.38941022253555,400.0,100.0
calma,14620,nnls,False,1.117253673459349,,,,,,
calma,14620,ssrc,False,0.17413013202651145,2.4302318528155546e-06,1e-08,0.026228302478454722,24.302318528155546,400.0,100.0
calma,14620,pls,False,2.2597714669202054,,,,,,
calma,14620,naive,False,1.317364169147212,,,,,,
calma,14640,ols,False,0.316256630005176,,,,,,
calma,14640,ridge,False,0.34309646592733933,0.09448329390893034,0.0001,0.06354489738308142,94.48329390893035,400.0,100.0
calma,14640,nnls,False,0.9638969279901325,,,,,,
calma,14640,ssrc,False,0.002319747736549531,2.391472560589257e-06,1e-08,0.02637660317446357,23.91472560589257,400.0,100.0
calma,14640,pls,False,0.6165011392779467,,,,,,
calma,14640,naive,False,0.9195582615190506,,,,,,
calma,14660,ols,False,0.3534240038130133,,,,,,
calma,14660,ridge,False,0.37969758050150354,0.0922831385385239,0.0001,0.06575603961853543,92.28313853852391,400.0,100.0
calma,14660,nnls,False,0.9578380545993825,,,,,,
calma,14660,ssrc,False,0.13748747514240006,0.00023543884543801322,1e-06,0.025349081790134134,23.543884543801326,400.0,100.0
calma,14660,pls,False,2.8434788125112904,,,,,,
calma,14660,naive,False,0.890230720984344,,,,,,
calma,14680,ols,False,0.164933861654064,,,,,,
calma,14680,ridge,False,0.16668489680558188,0.09611001945460892,0.0001,0.07249710517975658,96.11001945460893,400.0,100.0
calma,14680,nnls,False,1.239982459440847,,,,,,
calma,14680,ssrc,False,0.0842834501878808,0.00023922328408573453,1e-06,0.03158065478405242,23.922328408573456,400.0,100.0
calma,14680,pls,False,0.5731473687205393,,,,,,
calma,14680,naive,False,1.2021641507169232,,,,,,
calma,14700,ols,False,0.3002242217904488,,,,,,
calma,14700,ridge,False,0.2992030240235504,0.0009422329630306901,1e-06,0.06031051693437828,94.22329630306902,400.0,100.0
calma,14700,nnls,False,1.027072437805711,,,,,,
calma,14700,ssrc,False,0.0038478724192512626,0.0002417272971045114,1e-06,0.03058854591195332,24.17272971045114,400.0,100.0
calma,14700,pls,False,1.112110390868467,,,,,,
calma,14700,naive,False,0.95473536706983,,,,,,
calma,14720,ols,False,0.34635736173858256,,,,,,
calma,14720,ridge,False,0.3463917725463235,0.0009107739566140818,1e-06,0.05554576353294876,91.07739566140819,400.0,100.0
calma,14720,nnls,False,1.9361848592999364,,,,,,
calma,14720,ssrc,False,0.04314240210580298,0.00023910778930854714,1e-06,0.02750786901240173,23.91077893085472,400.0,100.0
calma,14720,pls,False,0.8023034653266311,,,,,,
calma,14720,naive,False,1.8745828566006932,,,,,,
calma,14740,ols,False,0.13630080321214466,,,,,,
calma,14740,ridge,False,0.13655416724573452,0.0009032611297831938,1e-06,0.055834824893686366,90.32611297831939,400.0,100.0
calma,14740,nnls,False,0.08248820981941518,,,,,,
calma,14740,ssrc,False,0.2884360918549308,0.00023490348455431828,1e-06,0.0250831541615686,23.49034845543183,400.0,100.0
calma,14740,pls,False,1.7719284455959203,,,,,,
calma,14740,naive,False,0.07198682501193013,,,,,,
calma,14760,ols,False,0.37162172696155865,,,,,,
calma,14760,ridge,False,0.39504409563344334,0.08741275354676668,0.0001,0.06302296851394872,87.41275354676668,400.0,100.0
calma,14760,nnls,False,1.0344452471816643,,,,,,
calma,14760,ssrc,False,0.44018136507391076,0.00022722560660285408,1e-06,0.024510078445582104,22.72256066028541,400.0,100.0
calma,14760,pls,False,2.855615428959202,,,,,,
calma,14760,naive,False,0.8956117652937214,,,,,,
calma,14780,ols,False,0.17010631972962606,,,,,,
calma,14780,ridge,False,0.11337951713093018,0.08872004759033894,0.0001,0.05551987440980729,88.72004759033894,400.0,100.0
calma,14780,nnls,False,1.4320617679478287,,,,,,
calma,14780,ssrc,False,0.18318053054291253,0.00022886592823687858,1e-06,0.025292497439641615,22.886592823687863,400.0,100.0
calma,14780,pls,False,3.0064926776162464,,,,,,
calma,14780,naive,False,1.7279650634755301,,,,,,
calma,14800,ols,False,0.05039733647496617,,,,,,
calma,14800,ridge,False,0.02295734298610244,0.09001164133999123,0.0001,0.05708889902182258,90.01164133999123,400.0,100.0
calma,14800,nnls,False,0.10380995357402466,,,,,,
calma,14800,ssrc,False,0.11146138517720713,2.325994414144106e-06,1e-08,0.0298488872289899,23.259944141441057,400.0,100.0
calma,14800,pls,False,1.426989593367217,,,,,,
calma,14800,naive,False,0.05203960457090204,,,,,,
calma,14820,ols,False,0.46709474404199264,,,,,,
calma,14820,ridge,False,0.5017360382071399,0.0879869162682973,0.0001,0.06030236163917693,87.9869162682973,400.0,100.0
calma,14820,nnls,False,1.5314196755028258,,,,,,
calma,14820,ssrc,False,0.07568595604170857,2.292062328117432e-06,1e-08,0.031267437065827346,22.92062328117432,400.0,100.0
calma,14820,pls,False,1.7675255019506828,,,,,,
calma,14820,naive,False,1.4323473755970086,,,,,,
calma,14840,ols,False,0.6490842860247081,,,,,,
calma,14840,ridge,False,0.6889878785474232,0.08824018149697181,0.0001,0.059779436978827274,88.24018149697181,400.0,100.0
calma,14840,nnls,False,1.9105041538405538,,,,,,
calma,14840,ssrc,False,0.21754924580076637,2.274327494334944e-06,1e-08,0.030081416947276805,22.74327494334944,400.0,100.0
calma,14840,pls,False,2.0499350359600306,,,,,,
calma,14840,naive,False,1.8237747999285585,,,,,,
calma,14860,ols,False,0.006083059635325407,,,,,,
calma,14860,ridge,False,0.005902631714986167,0.0009178290934912448,1e-06,0.06221453744533985,91.7829093491245,400.0,100.0
calma,14860,nnls,False,0.5518857817115669,,,,,,
calma,14860,ssrc,False,0.3277479398027929,0.023221530667234834,0.0001,0.032676973503018535,23.221530667234834,400.0,100.0
calma,14860,pls,False,0.9604689650738271,,,,,,
calma,14860,naive,False,0.7154488538546958,,,,,,
calma,14880,ols,False,0.3644179755116577,,,,,,
calma,14880,ridge,False,0.4056071001660811,0.08943466525153468,0.0001,0.05921532897264734,89.43466525153468,400.0,100.0
calma,14880,nnls,False,1.5163658910592288,,,,,,
calma,14880,ssrc,False,0.028482787467091823,2.329507601088054e-06,1e-08,0.03276472153272032,23.29507601088054,400.0,100.0
calma,14880,pls,False,3.4336544730981253,,,,,,
calma,14880,naive,False,1.3321677133827756,,,,,,
calma,14900,ols,False,0.1854412196783906,,,,,,
calma,14900,ridge,False,0.18543918120156735,9.104856455265369e-06,1e-08,0.05941263090780316,91.04856455265369,400.0,100.0
calma,14900,nnls,False,1.3795542561925904,,,,,,
calma,14900,ssrc,False,0.07952285718050237,0.02370164602938161,0.0001,0.030960131042913962,23.70164602938161,400.0,100.0
calma,14900,pls,False,3.1050304247148075,,,,,,
calma,14900,naive,False,1.5745925225975748,,,,,,
calma,14920,ols,False,0.15362592914225018,,,,,,
calma,14920,ridge,False,0.13761075480016036,0.09366958878197058,0.0001,0.05690546606322822,93.66958878197059,400.0,100.0
calma,14920,nnls,False,0.200038934730888,,,,,,
calma,14920,ssrc,False,0.0357278696888155,0.00024182257364083982,1e-06,0.031571001854235586,24.182257364083984,400.0,100.0
calma,14920,pls,False,0.9928329325723171,,,,,,
calma,14920,naive,False,0.21161951687793196,,,,,,
calma,14940,ols,False,0.47555106323276275,,,,,,
calma,14940,ridge,False,0.4740708126372274,0.0009019746415989576,1e-06,0.06272396677939282,90.19746415989577,400.0,100.0
calma,14940,nnls,False,1.6639668777694325,,,,,,
calma,14940,ssrc,False,0.10485599131906945,0.00023865412298438283,1e-06,0.03013255336517606,23.865412298438287,400.0,100.0
calma,14940,pls,False,3.7564579137985703,,,,,,
calma,14940,naive,False,1.5017341569021225,,,,,,
calma,14960,ols,False,0.6153685314794213,,,,,,
calma,14960,ridge,False,0.6858732440409687,0.09272249003694458,0.0001,0.058821448641693565,92.72249003694458,400.0,100.0
calma,14960,nnls,False,1.7306026498394345,,,,,,
calma,14960,ssrc,False,0.041670883178636674,0.00023882635239368352,1e-06,0.025258569663561325,23.882635239368355,400.0,100.0
calma,14960,pls,False,3.239830506346283,,,,,,
calma,14960,naive,False,2.042330322586206,,,,,,
calma,14980,ols,False,0.26100730174337117,,,,,,
calma,14980,ridge,False,0.21624058472211866,0.09574338053529072,0.0001,0.06635584576667883,95.74338053529073,400.0,100.0
calma,14980,nnls,False,0.31645415936514837,,,,,,
calma,14980,ssrc,False,0.07929009748059039,0.00023924441235491888,1e-06,0.022952697932287994,23.92444123549189,400.0,100.0
calma,14980,pls,False,1.9484638216039887,,,,,,
calma,14980,naive,False,0.3087113978493736,,,,,,
calma,15000,ols,False,0.4341099931824047,,,,,,
calma,15000,ridge,False,0.3954967938218076,0.09847168176138862,0.0001,0.07330364367257446,98.47168176138862,400.0,100.0
calma,15000,nnls,False,0.6415669051770014,,,,,,
calma,15000,ssrc,False,0.4054070002181488,0.0002371600263852275,1e-06,0.026629373604262763,23.716002638522752,400.0,100.0
calma,15000,pls,False,0.5236701584979375,,,,,,
calma,15000,naive,False,0.6084348492875191,,,,,,
calma,15020,ols,False,0.2769091236303828,,,,,,
calma,15020,ridge,False,0.27308215012963627,0.09822174277346322,0.0001,0.06923793414057021,98.22174277346323,400.0,100.0
calma,15020,nnls,False,0.40940309259796986,,,,,,
calma,15020,ssrc,False,0.196807113247362,2.3989875249506783e-06,1e-08,0.028670659372461115,23.98987524950678,400.0,100.0
calma,15020,pls,False,3.5639219477911754,,,,,,
calma,15020,naive,False,0.4752269922537816,,,,,,
calma,15040,ols,False,0.05990813896525269,,,,,,
calma,15040,ridge,False,0.020863566649585625,0.09672182255264151,0.0001,0.05998679729396816,96.72182255264151,400.0,100.0
calma,15040,nnls,False,0.07117932245996948,,,,,,
calma,15040,ssrc,False,0.20955872903317385,2.405524062950788e-06,1e-08,0.028477945613411534,24.055240629507882,400.0,100.0
calma,15040,pls,False,0.9332082389803245,,,,,,
calma,15040,naive,False,0.05722225540583211,,,,,,
calma,15060,ols,False,0.5201831193156906,,,,,,
calma,15060,ridge,False,0.5199539248871956,0.0009340127868183854,1e-06,0.05640312912696844,93.40127868183856,400.0,100.0
calma,15060,nnls,False,1.6850727285301252,,,,,,
calma,15060,ssrc,False,0.015597462691026668,2.3450739506030794e-06,1e-08,0.029398894706672188,23.450739506030796,400.0,100.0
calma,15060,pls,False,2.1736561503450864,,,,,,
calma,15060,naive,False,1.5989328172005552,,,,,,
calma,15080,ols,False,0.3385507688489691,,,,,,
calma,15080,ridge,False,0.33927624901855263,0.0009286645837226464,1e-06,0.05740680456410591,92.86645837226466,400.0,100.0
calma,15080,nnls,False,1.8273050864737495,,,,,,
calma,15080,ssrc,False,0.04441169647387461,0.0002351335645130117,1e-06,0.028078285808235955,23.51335645130117,400.0,100.0
calma,15080,pls,False,3.5218305589618493,,,,,,
calma,15080,naive,False,2.1788526404457143,,,,,,
calma,15100,ols,False,0.3161597606577803,,,,,,
calma,15100,ridge,False,0.27097909780851076,0.09400617979144789,0.0001,0.05780235998312595,94.00617979144789,400.0,100.0
calma,15100,nnls,False,0.3992639366825226,,,,,,
calma,15100,ssrc,False,0.05051512807670944,0.023565818021124167,0.0001,0.024017728788203345,23.56581802112417,400.0,100.0
calma,15100,pls,False,2.270702602588736,,,,,,
calma,15100,naive,False,0.38243899552052996,,,,,,
calma,15120,ols,False,0.31670256677911773,,,,,,
calma,15120,ridge,False,0.33132768657390055,0.0918859078504627,0.0001,0.06328042698025518,91.8859078504627,400.0,100.0
calma,15120,nnls,False,0.8455711170176782,,,,,,
calma,15120,ssrc,False,0.14240592213065323,0.023304758122606475,0.0001,0.023373347905697804,23.304758122606476,400.0,100.0
calma,15120,pls,False,0.4363007206992858,,,,,,
calma,15120,naive,False,0.7926254840570565,,,,,,
calma,15140,ols,False,0.6537920734895727,,,,,,
calma,15140,ridge,False,0.6295329690893715,0.09193250374932287,0.0001,0.06786220522199918,91.93250374932286,400.0,100.0
calma,15140,nnls,False,0.5021562023343378,,,,,,
calma,15140,ssrc,False,0.017310486578249087,0.023266713139261472,0.0001,0.023166034032347883,23.266713139261473,400.0,100.0
calma,15140,pls,False,4.787041482628347,,,,,,
calma,15140,naive,False,0.2928972708479032,,,,,,
calma,15160,ols,False,0.29525677294941305,,,,,,
calma,15160,ridge,False,0.27562725913898417,0.09561961754790652,0.0001,0.07477049733131473,95.61961754790651,400.0,100.0
calma,15160,nnls,False,1.7405204800762777,,,,,,
calma,15160,ssrc,False,0.25234599160606175,0.02361011712501564,0.0001,0.023093335092788617,23.61011712501564,400.0,100.0
calma,15160,pls,False,4.258507170671659,,,,,,
calma,15160,naive,False,2.060521916792731,,,,,,
calma,15180,ols,False,0.05833039454552957,,,,,,
calma,15180,ridge,False,0.07255154006187071,0.09190498171511693,0.0001,0.07015501372816035,91.90498171511695,400.0,100.0
calma,15180,nnls,False,0.2761721020613827,,,,,,
calma,15180,ssrc,False,0.0747409876921603,0.023378529716444177,0.0001,0.023877187588723165,23.378529716444177,400.0,100.0
calma,15180,pls,False,0.813282553866159,,,,,,
calma,15180,naive,False,0.26807830430618984,,,,,,
calma,15200,ols,False,0.39516453668817514,,,,,,
calma,15200,ridge,False,0.44120779890535594,0.09245482729097672,0.0001,0.07083978950651046,92.45482729097671,400.0,100.0
calma,15200,nnls,False,1.9836157029409212,,,,,,
calma,15200,ssrc,False,0.02981214808784502,0.023129979350985715,0.0001,0.022891957235391884,23.129979350985714,400.0,100.0
calma,15200,pls,False,4.035259471593117,,,,,,
calma,15200,naive,False,1.7747600940174788,,,,,,
calma,15220,ols,False,0.4455028763501879,,,,,,
calma,15220,ridge,False,0.5368693987574957,0.09372485814824542,0.0001,0.06662035721275389,93.72485814824543,400.0,100.0
calma,15220,nnls,False,2.722082962633076,,,,,,
calma,15220,ssrc,False,0.05085577773894068,2.2899142364025844e-06,1e-08,0.017607755332616815,22.899142364025845,400.0,100.0
calma,15220,pls,False,5.164159102060635,,,,,,
calma,15220,naive,False,2.5333465398969266,,,,,,
calma,15240,ols,False,0.0476572708815339,,,,,,
calma,15240,ridge,False,0.01754821261868044,0.0968572230357278,0.0001,0.07081531038439319,96.8572230357278,400.0,100.0
calma,15240,nnls,False,0.028347270171576757,,,,,,
calma,15240,ssrc,False,0.24652582641311938,0.02329434721875402,0.0001,0.022855589625598183,23.29434721875402,400.0,100.0
calma,15240,pls,False,0.5066286122270812,,,,,,
calma,15240,naive,False,0.15384890908676713,,,,,,
calma,15260,ols,False,0.06728480279981168,,,,,,
calma,15260,ridge,False,0.10347997944524967,0.09739053456004863,0.0001,0.0632775986104382,97.39053456004864,400.0,100.0
calma,15260,nnls,False,1.3890879737500075,,,,,,
calma,15260,ssrc,False,0.07486787259996874,0.023875978630776427,0.0001,0.0247134650243237,23.87597863077643,400.0,100.0
calma,15260,pls,False,3.065689630182832,,,,,,
calma,15260,naive,False,1.1499302999214003,,,,,,
calma,15280,ols,False,0.16966286003362605,,,,,,
calma,15280,ridge,False,0.1687693531850245,0.000989723727359961,1e-06,0.06041511270025483,98.97237273599612,400.0,100.0
calma,15280,nnls,False,0.6873309208959046,,,,,,
calma,15280,ssrc,False,0.20143054224770818,0.02392388425736786,0.0001,0.027743889313645877,23.92388425736786,400.0,100.0
calma,15280,pls,False,1.1914682989154914,,,,,,
calma,15280,naive,False,0.9010273022737343,,,,,,
calma,15300,ols,False,0.2055986292363361,,,,,,
calma,15300,ridge,False,0.20179097829169068,0.09834796198587958,0.0001,0.057642222627924136,98.34796198587958,400.0,100.0
calma,15300,nnls,False,0.42044679865865864,,,,,,
calma,15300,ssrc,False,0.0012031668749336573,0.023671285631247728,0.0001,0.030598273303493687,23.671285631247727,400.0,100.0
calma,15300,pls,False,0.28997724449167844,,,,,,
calma,15300,naive,False,0.40855037658001386,,,,,,
calma,15320,ols,False,0.3500521467591749,,,,,,
calma,15320,ridge,False,0.3502933574214546,0.0009608895570384504,1e-06,0.05838159597558308,96.08895570384504,400.0,100.0
calma,15320,nnls,False,0.965841579402229,,,,,,
calma,15320,ssrc,False,0.15772290967987226,0.023471481038298613,0.0001,0.03203152276095033,23.471481038298613,400.0,100.0
calma,15320,pls,False,2.712360939918436,,,,,,
calma,15320,naive,False,0.8898866696286193,,,,,,
calma,15340,ols,False,0.19822352777007907,,,,,,
calma,15340,ridge,False,0.19822383994519002,9.983636885358556e-06,1e-08,0.062419777886812015,99.83636885358555,400.0,100.0
calma,15340,nnls,False,1.5927403833503078,,,,,,
calma,15340,ssrc,False,0.07362779589158744,0.00023924281055529289,1e-06,0.02903652144796975,23.924281055529292,400.0,100.0
calma,15340,pls,False,1.115591892243597,,,,,,
calma,15340,naive,False,1.5818671874424406,,,,,,
calma,15360,ols,False,0.009780995974464319,,,,,,
calma,15360,ridge,False,0.02888615054718233,0.09670965484624368,0.0001,0.06104888480790297,96.70965484624368,400.0,100.0
calma,15360,nnls,False,0.19862556652050437,,,,,,
calma,15360,ssrc,False,0.09948896443185642,2.364388100676355e-06,1e-08,0.024458853057759695,23.643881006763554,400.0,100.0
calma,15360,pls,False,0.860527849693641,,,,,,
calma,15360,naive,False,0.1888713756063851,,,,,,
calma,15380,ols,False,0.4244858779895574,,,,,,
calma,15380,ridge,False,0.46262246018226943,0.0953826162792207,0.0001,0.06412078929197465,95.38261627922071,400.0,100.0
calma,15380,nnls,False,1.2461663180216813,,,,,,
calma,15380,ssrc,False,0.029853045526659506,2.303777870258396e-06,1e-08,0.022112668900835963,23.037778702583964,400.0,100.0
calma,15380,pls,False,3.2229444568675185,,,,,,
calma,15380,naive,False,1.1440735829928799,,,,,,
calma,15400,ols,False,0.24519632965980198,,,,,,
calma,15400,ridge,False,0.24366195017383666,0.0009479911213279342,1e-06,0.06895787762636368,94.79911213279343,400.0,100.0
calma,15400,nnls,False,1.9245841674895803,,,,,,
calma,15400,ssrc,False,0.14422349580244784,2.2753363329545385e-06,1e-08,0.020788574929899332,22.753363329545383,400.0,100.0
calma,15400,pls,False,1.01172217611516,,,,,,
calma,15400,naive,False,1.9582871121561913,,,,,,
calma,15420,ols,False,0.38704530765434025,,,,,,
calma,15420,ridge,False,0.3468286563770653,0.09339876338343556,0.0001,0.0691850602240861,93.39876338343555,400.0,100.0
calma,15420,nnls,False,0.5480822532876339,,,,,,
calma,15420,ssrc,False,0.07941090673861616,2.250024738123166e-06,1e-08,0.018694253953156454,22.50024738123166,400.0,100.0
calma,15420,pls,False,2.4503666813310025,,,,,,
calma,15420,naive,False,0.5228805685705953,,,,,,
calma,15440,ols,False,0.003991702026226433,,,,,,
calma,15440,ridge,False,0.009050981210715446,0.0947019530892579,0.0001,0.06336781358029532,94.7019530892579,400.0,100.0
calma,15440,nnls,False,0.028964912754165163,,,,,,
calma,15440,ssrc,False,0.024857822463587993,2.268928593611235e-06,1e-08,0.017821921875293915,22.68928593611235,400.0,100.0
calma,15440,pls,False,1.288093349468023,,,,,,
calma,15440,naive,False,0.005253343067854353,,,,,,
calma,15460,ols,False,0.3673014002501808,,,,,,
calma,15460,ridge,False,0.35534637143186376,0.09599428027571184,0.0001,0.07270030282564266,95.99428027571184,400.0,100.0
calma,15460,nnls,False,0.6939358921199423,,,,,,
calma,15460,ssrc,False,0.09832387266515644,0.022322510319579544,0.0001,0.02720517449173637,22.322510319579546,400.0,100.0
calma,15460,pls,False,0.8147010860902487,,,,,,
calma,15460,naive,False,0.6062508416471616,,,,,,
calma,15480,ols,False,0.08257881802437746,,,,,,
calma,15480,ridge,False,0.08198896588459166,0.000926775457901495,1e-06,0.06708750229638326,92.67754579014951,400.0,100.0
calma,15480,nnls,False,0.76408875127469,,,,,,
calma,15480,ssrc,False,0.0588167129548359,0.022360508689929767,0.0001,0.03017437871798673,22.36050868992977,400.0,100.0
calma,15480,pls,False,1.0499051695162813,,,,,,
calma,15480,naive,False,0.8256247371405675,,,,,,
calma,15500,ols,False,0.23201823876259065,,,,,,
calma,15500,ridge,False,0.23199545320277268,8.92462211967424e-06,1e-08,0.054368477080967266,89.2462211967424,400.0,100.0
calma,15500,nnls,False,0.8987209776971501,,,,,,
calma,15500,ssrc,False,0.03141240799199434,0.022680139332597223,0.0001,0.032849045467629095,22.68013933259722,400.0,100.0
calma,15500,pls,False,1.2757937614709534,,,,,,
calma,15500,naive,False,0.7888489833957851,,,,,,
calma,15520,ols,False,0.09031946761257115,,,,,,
calma,15520,ridge,False,0.09031558462288941,8.987196452560124e-06,1e-08,0.04798655101178993,89.87196452560124,400.0,100.0
calma,15520,nnls,False,0.8434538917062997,,,,,,
calma,15520,ssrc,False,0.07320211594542644,0.2289729107185756,0.001,0.03793520197141187,22.89729107185756,400.0,100.0
calma,15520,pls,False,0.5961267186631078,,,,,,
calma,15520,naive,False,0.9274912195351336,,,,,,
calma,15540,ols,False,0.30936847162509684,,,,,,
calma,15540,ridge,False,0.3093516872719789,8.877946553754628e-06,1e-08,0.04085550988088532,88.77946553754629,400.0,100.0
calma,15540,nnls,False,1.2740092898161623,,,,,,
calma,15540,ssrc,False,0.010505808813668412,0.22806680959049103,0.001,0.04175767962742066,22.806680959049103,400.0,100.0
calma,15540,pls,False,2.002449285173947,,,,,,
calma,15540,naive,False,1.1527982346196346,,,,,,
calma,15560,ols,False,0.06160332098464018,,,,,,
calma,15560,ridge,False,0.06196402679357996,0.000897477433679447,1e-06,0.0338279771804781,89.74774336794471,400.0,100.0
calma,15560,nnls,False,1.135882180546239,,,,,,
calma,15560,ssrc,False,0.2170856761225775,0.23200363655858358,0.001,0.03675277529856448,23.200363655858357,400.0,100.0
calma,15560,pls,False,1.3821513950747344,,,,,,
calma,15560,naive,False,1.1638218511659992,,,,,,
calma,15580,ols,False,0.2067577026735734,,,,,,
calma,15580,ridge,False,0.2066607147805345,0.000881820705667237,1e-06,0.033155857504972734,88.18207056672371,400.0,100.0
calma,15580,nnls,False,0.6718210470717417,,,,,,
calma,15580,ssrc,False,0.035538932888150174,0.023109999770945956,0.0001,0.02936346554555789,23.109999770945958,400.0,100.0
calma,15580,pls,False,0.2199762112112145,,,,,,
calma,15580,naive,False,0.631541479022332,,,,,,
calma,15600,ols,False,0.43198836119567613,,,,,,
calma,15600,ridge,False,0.43309422014892845,0.0008526031575555927,1e-06,0.03981871035979486,85.26031575555928,400.0,100.0
calma,15600,nnls,False,1.2176686010372655,,,,,,
calma,15600,ssrc,False,0.003377282895591975,0.02274927340019083,0.0001,0.025156524816252235,22.74927340019083,400.0,100.0
calma,15600,pls,False,3.1883605146602596,,,,,,
calma,15600,naive,False,1.1267239197574723,,,,,,
calma,15620,ols,False,0.2128699170353442,,,,,,
calma,15620,ridge,False,0.21374950391828995,0.000867788158884188,1e-06,0.05095320220171581,86.77881588841882,400.0,100.0
calma,15620,nnls,False,1.3379410586085685,,,,,,
calma,15620,ssrc,False,0.012805432584904365,0.023042837290473368,0.0001,0.026123678933810117,23.04283729047337,400.0,100.0
calma,15620,pls,False,0.6277263267520405,,,,,,
calma,15620,naive,False,1.4170805662063466,,,,,,
calma,15640,ols,False,0.22829389915550205,,,,,,
calma,15640,ridge,False,0.2503477590771175,0.08686807051176364,0.0001,0.05302667854266306,86.86807051176363,400.0,100.0
calma,15640,nnls,False,0.7676753045727085,,,,,,
calma,15640,ssrc,False,0.040139516950035405,0.023195357679663763,0.0001,0.025199839957892586,23.19535767966376,400.0,100.0
calma,15640,pls,False,0.11763066198421973,,,,,,
calma,15640,naive,False,0.7102937259773558,,,,,,
calma,15660,ols,False,0.37841113828921547,,,,,,
calma,15660,ridge,False,0.3360116008987088,0.08302961056724593,0.0001,0.05634889288168763,83.02961056724594,400.0,100.0
calma,15660,nnls,False,1.503719909696971,,,,,,
calma,15660,ssrc,False,0.16847482067738118,0.022936687323546544,0.0001,0.024215358895623006,22.936687323546543,400.0,100.0
calma,15660,pls,False,4.689765734743878,,,,,,
calma,15660,naive,False,1.2680031060985468,,,,,,
calma,15680,ols,False,0.03307325962856547,,,,,,
calma,15680,ridge,False,0.05295920012748036,0.0863499693831203,0.0001,0.0649475676611977,86.3499693831203,400.0,100.0
calma,15680,nnls,False,1.503402765058011,,,,,,
calma,15680,ssrc,False,0.09436341922146733,2.3123327411297125e-06,1e-08,0.022677957298312183,23.123327411297126,400.0,100.0
calma,15680,pls,False,3.3891780042517836,,,,,,
calma,15680,naive,False,1.6991969845758486,,,,,,
calma,15700,ols,False,0.17959377126587767,,,,,,
calma,15700,ridge,False,0.17542397414134325,0.08651171402248316,0.0001,0.06767408523110446,86.51171402248315,400.0,100.0
calma,15700,nnls,False,0.30358538877877467,,,,,,
calma,15700,ssrc,False,0.1654240291349195,2.3224829331091847e-06,1e-08,0.024358777982911778,23.224829331091847,400.0,100.0
calma,15700,pls,False,2.1163852315592036,,,,,,
calma,15700,naive,False,0.2606892075306729,,,,,,
calma,15720,ols,False,0.5004557882467678,,,,,,
calma,15720,ridge,False,0.5327078922667468,0.08708215140352447,0.0001,0.0653778616113602,87.08215140352448,400.0,100.0
calma,15720,nnls,False,1.856757085170933,,,,,,
calma,15720,ssrc,False,0.073751191493148,2.3296184157394717e-06,1e-08,0.022527359720460813,23.29618415739472,400.0,100.0
calma,15720,pls,False,2.618748491812578,,,,,,
calma,15720,naive,False,1.7229121360506992,,,,,,
calma,15740,ols,False,0.09318301541141838,,,,,,
calma,15740,ridge,False,0.11382571469460458,0.08328806786793966,0.0001,0.07202603909510084,83.28806786793966,400.0,100.0
calma,15740,nnls,False,2.561701122180624,,,,,,
calma,15740,ssrc,False,0.17567916332104547,2.2657133719824833e-06,1e-08,0.023681807339482948,22.657133719824834,400.0,100.0
calma,15740,pls,False,5.43679572504485,,,,,,
calma,15740,naive,False,2.3477810403332504,,,,,,
calma,15760,ols,False,0.0996837960514476,,,,,,
calma,15760,ridge,False,0.03979877298353588,0.08566453982181055,0.0001,0.07775271458210117,85.66453982181055,400.0,100.0
calma,15760,nnls,False,0.05745060043691792,,,,,,
calma,15760,ssrc,False,0.5625017132484751,2.2695253950870097e-06,1e-08,0.03244761265774615,22.695253950870097,400.0,100.0
calma,15760,pls,False,0.5912408035630704,,,,,,
calma,15760,naive,False,0.18265220453443634,,,,,,
calma,15780,ols,False,0.4547017740045705,,,,,,
calma,15780,ridge,False,0.5232640756020097,0.0826870922926631,0.0001,0.06853100395295886,82.68709229266311,400.0,100.0
calma,15780,nnls,False,1.8938465214344207,,,,,,
calma,15780,ssrc,False,0.03527543832157924,0.02248388487359108,0.0001,0.03753378838251575,22.48388487359108,400.0,100.0
calma,15780,pls,False,3.8677625509063307,,,,,,
calma,15780,naive,False,1.6861685431327065,,,,,,
calma,15800,ols,False,0.51760666002929,,,,,,
calma,15800,ridge,False,0.5176516322366533,8.298655315071978e-06,1e-08,0.06494716208384865,82.98655315071977,400.0,100.0
calma,15800,nnls,False,1.8941761091521314,,,,,,
calma,15800,ssrc,False,0.09584292054702245,0.02254834932232385,0.0001,0.04223478434632036,22.54834932232385,400.0,100.0
calma,15800,pls,False,2.999614648843481,,,,,,
calma,15800,naive,False,2.2142562503391345,,,,,,
calma,15820,ols,False,0.1710102478056419,,,,,,
calma,15820,ridge,False,0.14076310691138566,0.08602273674074955,0.0001,0.06423382405962123,86.02273674074955,400.0,100.0
calma,15820,nnls,False,0.1044607760066956,,,,,,
calma,15820,ssrc,False,0.07315524508520571,0.02294756385302387,0.0001,0.041325076031980074,22.947563853023873,400.0,100.0
calma,15820,pls,False,1.6862701568512257,,,,,,
calma,15820,naive,False,0.10714387631830738,,,,,,
calma,15840,ols,False,0.41427669719533144,,,,,,
calma,15840,ridge,False,0.44859336653681137,0.08271502851740298,0.0001,0.06711792875308507,82.71502851740297,400.0,100.0
calma,15840,nnls,False,1.2209641892567644,,,,,,
calma,15840,ssrc,False,0.09415296006325942,0.022545131022126148,0.0001,0.03996715328961029,22.545131022126146,400.0,100.0
calma,15840,pls,False,2.9081687131020693,,,,,,
calma,15840,naive,False,1.0949315416308223,,,,,,
calma,15860,ols,False,0.48296320657425407,,,,,,
calma,15860,ridge,False,0.48301719422292666,8.403077271315039e-06,1e-08,0.061607275586023455,84.03077271315038,400.0,100.0
calma,15860,nnls,False,2.6432452465550065,,,,,,
calma,15860,ssrc,False,0.21512883851422046,0.022544005230732474,0.0001,0.034283371421265786,22.544005230732473,400.0,100.0
calma,15860,pls,False,5.0193707423842016,,,,,,
calma,15860,naive,False,2.408631804018889,,,,,,
calma,15880,ols,False,0.1948665183647433,,,,,,
calma,15880,ridge,False,0.19688012225130996,0.0008811531321220566,1e-06,0.06805181662604999,88.11531321220568,400.0,100.0
calma,15880,nnls,False,0.6258708974138812,,,,,,
calma,15880,ssrc,False,0.03279518330675326,0.0002305043238551645,1e-06,0.026673558452317912,23.05043238551645,400.0,100.0
calma,15880,pls,False,1.947261426150758,,,,,,
calma,15880,naive,False,0.6413737684332531,,,,,,
calma,15900,ols,False,0.12005524216212259,,,,,,
calma,15900,ridge,False,0.1294027512684929,0.08469233784623846,0.0001,0.065664866062558,84.69233784623846,400.0,100.0
calma,15900,nnls,False,0.3803689053739591,,,,,,
calma,15900,ssrc,False,0.10345398594512023,0.022744608237646867,0.0001,0.024564845129403344,22.74460823764687,400.0,100.0
calma,15900,pls,False,0.6422684729811943,,,,,,
calma,15900,naive,False,0.37192147381407215,,,,,,
calma,15920,ols,False,0.22169742483759575,,,,,,
calma,15920,ridge,False,0.22169719999707863,8.425154205292056e-06,1e-08,0.07091263286636536,84.25154205292057,400.0,100.0
calma,15920,nnls,False,1.0509077196506362,,,,,,
calma,15920,ssrc,False,0.049861373077949064,0.022694299436685824,0.0001,0.026653415513565547,22.694299436685824,400.0,100.0
calma,15920,pls,False,2.3762641668184035,,,,,,
calma,15920,naive,False,0.7529830503503934,,,,,,
calma,15940,ols,False,0.05384300813506774,,,,,,
calma,15940,ridge,False,0.0538298898770139,8.74103386693862e-06,1e-08,0.06648630696693755,87.41033866938619,400.0,100.0
calma,15940,nnls,False,1.2811458844997223,,,,,,
calma,15940,ssrc,False,0.007586058942990855,0.02303748178850248,0.0001,0.0291548727111227,23.03748178850248,400.0,100.0
calma,15940,pls,False,2.7949757160275928,,,,,,
calma,15940,naive,False,1.4903371135550196,,,,,,
calma,15960,ols,False,0.21510337248163508,,,,,,
calma,15960,ridge,False,0.21416803571094498,0.08400737450004292,0.0001,0.06889926249422026,84.00737450004293,400.0,100.0
calma,15960,nnls,False,0.4042566790871724,,,,,,
calma,15960,ssrc,False,0.23757460047692125,0.02311819262261043,0.0001,0.024610293083712514,23.118192622610433,400.0,100.0
calma,15960,pls,False,2.0139169185257133,,,,,,
calma,15960,naive,False,0.35319787063018243,,,,,,
calma,15980,ols,False,0.4761095489347411,,,,,,
calma,15980,ridge,False,0.5130689557918999,0.08623093249357522,0.0001,0.06674133359470141,86.23093249357521,400.0,100.0
calma,15980,nnls,False,1.4653541494258515,,,,,,
calma,15980,ssrc,False,0.09478766738609717,0.022870292326699758,0.0001,0.023209485193632418,22.870292326699758,400.0,100.0
calma,15980,pls,False,1.3547920019304822,,,,,,
calma,15980,naive,False,1.386466320128221,,,,,,
calma,16000,ols,False,0.3318545205019525,,,,,,
calma,16000,ridge,False,0.33082097494395774,0.0008878356677584943,1e-06,0.07504368624463856,88.78356677584945,400.0,100.0
calma,16000,nnls,False,1.8743823278579896,,,,,,
calma,16000,ssrc,False,0.1293329327754834,0.022787243817158923,0.0001,0.023575109170181595,22.787243817158924,400.0,100.0
calma,16000,pls,False,3.9595040146272353,,,,,,
calma,16000,naive,False,2.1227034612278137,,,,,,
calma,16020,ols,False,0.4398672525217715,,,,,,
calma,16020,ridge,False,0.34468424694428695,0.09276154339650966,0.0001,0.0719961956070581,92.76154339650967,400.0,100.0
calma,16020,nnls,False,0.9844812355670968,,,,,,
calma,16020,ssrc,False,0.005993322948376249,0.00022709412473521378,1e-06,0.02233191488027587,22.709412473521382,400.0,100.0
calma,16020,pls,False,1.7187953815310508,,,,,,
calma,16020,naive,False,1.0682147687327022,,,,,,
calma,16040,ols,False,0.3798435045604806,,,,,,
calma,16040,ridge,False,0.4130659892291243,0.09285996765069135,0.0001,0.06921048195687268,92.85996765069135,400.0,100.0
calma,16040,nnls,False,1.2329219594190748,,,,,,
calma,16040,ssrc,False,0.034896961006865984,0.00022526013644613924,1e-06,0.019331702722159706,22.526013644613926,400.0,100.0
calma,16040,pls,False,1.2893492782300076,,,,,,
calma,16040,naive,False,1.1469105700645021,,,,,,
calma,16060,ols,False,0.2074062594117584,,,,,,
calma,16060,ridge,False,0.20759202681707936,0.0009203567157300944,1e-06,0.06761980392473997,92.03567157300945,400.0,100.0
calma,16060,nnls,False,2.313213972403586,,,,,,
calma,16060,ssrc,False,0.1228231721417001,0.0002211080783312623,1e-06,0.019171372914896713,22.11080783312623,400.0,100.0
calma,16060,pls,False,4.786927760610026,,,,,,
calma,16060,naive,False,2.101143665992177,,,,,,
calma,16080,ols,False,0.15081264056520782,,,,,,
calma,16080,ridge,False,0.10786629429433237,0.09589031366536134,0.0001,0.070274570464634,95.89031366536135,400.0,100.0
calma,16080,nnls,False,0.31379871240653917,,,,,,
calma,16080,ssrc,False,0.09525049299405872,0.0002251044939299678,1e-06,0.02246804374668438,22.51044939299678,400.0,100.0
calma,16080,pls,False,0.18047701005836306,,,,,,
calma,16080,naive,False,0.4249210572052058,,,,,,
calma,16100,ols,False,0.17081565605256496,,,,,,
calma,16100,ridge,False,0.1882436345965231,0.09758154674465833,0.0001,0.0612833762788798,97.58154674465834,400.0,100.0
calma,16100,nnls,False,0.5014939328452446,,,,,,
calma,16100,ssrc,False,0.014419197380360812,0.02289343688197866,0.0001,0.024586320553050836,22.89343688197866,400.0,100.0
calma,16100,pls,False,1.951205438867891,,,,,,
calma,16100,naive,False,0.44252911822752794,,,,,,
calma,16120,ols,False,0.4295143920098376,,,,,,
calma,16120,ridge,False,0.40729555079770074,0.09614380238039238,0.0001,0.06508779919522345,96.14380238039239,400.0,100.0
calma,16120,nnls,False,0.32123076358143954,,,,,,
calma,16120,ssrc,False,0.07109916461190216,0.00022702871825594403,1e-06,0.02521703668889565,22.702871825594404,400.0,100.0
calma,16120,pls,False,4.11961237973335,,,,,,
calma,16120,naive,False,0.11724140958214699,,,,,,
calma,16140,ols,False,0.06482050879362769,,,,,,
calma,16140,ridge,False,0.020521090661873877,0.09793971197614537,0.0001,0.0676657144425115,97.93971197614538,400.0,100.0
calma,16140,nnls,False,1.3654271779276512,,,,,,
calma,16140,ssrc,False,0.017414699359174692,0.022705237072735168,0.0001,0.023167206201190983,22.70523707273517,400.0,100.0
calma,16140,pls,False,2.486152383380505,,,,,,
calma,16140,naive,False,1.3782442519415272,,,,,,
calma,16160,ols,False,0.0653160930584972,,,,,,
calma,16160,ridge,False,0.05597104709152028,0.10007010315334813,0.0001,0.06799497213147888,100.07010315334813,400.0,100.0
calma,16160,nnls,False,0.08601818788238286,,,,,,
calma,16160,ssrc,False,0.044998889063420415,0.02293836973675836,0.0001,0.023084532975840736,22.93836973675836,400.0,100.0
calma,16160,pls,False,0.816933449073996,,,,,,
calma,16160,naive,False,0.10312640047624257,,,,,,
calma,16180,ols,False,0.3482622136242772,,,,,,
calma,16180,ridge,False,0.3714893527248483,0.09712401755277023,0.0001,0.07009953384023206,97.12401755277023,400.0,100.0
calma,16180,nnls,False,1.3282059136654396,,,,,,
calma,16180,ssrc,False,0.07013627439150152,0.022580110870232296,0.0001,0.02342995916283336,22.580110870232296,400.0,100.0
calma,16180,pls,False,2.985288216715202,,,,,,
calma,16180,naive,False,1.1392973612618673,,,,,,
calma,16200,ols,False,0.10070490435208845,,,,,,
calma,16200,ridge,False,0.10071313466024037,0.0010032726750044485,1e-06,0.0699643004343416,100.32726750044486,400.0,100.0
calma,16200,nnls,False,0.9198072793507348,,,,,,
calma,16200,ssrc,False,0.0810933313513553,0.023113883475679733,0.0001,0.02385828084680238,23.113883475679735,400.0,100.0
calma,16200,pls,False,2.016019155782984,,,,,,
calma,16200,naive,False,1.176995123990549,,,,,,
calma,16220,ols,False,0.06536821362430871,,,,,,
calma,16220,ridge,False,0.0829481093480796,0.10009467085871249,0.0001,0.06153723958000718,100.09467085871249,400.0,100.0
calma,16220,nnls,False,0.2691372914033336,,,,,,
calma,16220,ssrc,False,0.02736214248323544,0.02344235227775697,0.0001,0.024187491610342934,23.442352277756967,400.0,100.0
calma,16220,pls,False,1.4654334814972565,,,,,,
calma,16220,naive,False,0.22213165310692154,,,,,,
calma,16240,ols,False,0.31783883434243065,,,,,,
calma,16240,ridge,False,0.383220261989644,0.102528800384007,0.0001,0.0650940032945278,102.528800384007,400.0,100.0
calma,16240,nnls,False,1.7020808184861145,,,,,,
calma,16240,ssrc,False,0.1525482931679815,0.00023650343933452148,1e-06,0.023403913955150558,23.65034393345215,400.0,100.0
calma,16240,pls,False,3.9472637932215764,,,,,,
calma,16240,naive,False,1.576506149717321,,,,,,
calma,16260,ols,False,0.8107931398293265,,,,,,
calma,16260,ridge,False,0.810806435306128,9.916793557518664e-06,1e-08,0.06412331185333404,99.16793557518663,400.0,100.0
calma,16260,nnls,False,1.8816382318786842,,,,,,
calma,16260,ssrc,False,0.15608862791055403,0.00023140457676817713,1e-06,0.025258829050944554,23.140457676817718,400.0,100.0
calma,16260,pls,False,4.246133017773806,,,,,,
calma,16260,naive,False,1.9393193802582223,,,,,,
calma,16280,ols,False,0.0160039009768518,,,,,,
calma,16280,ridge,False,0.01267371795758527,0.10110016560015805,0.0001,0.06069211899769059,101.10016560015805,400.0,100.0
calma,16280,nnls,False,0.18276067630112147,,,,,,
calma,16280,ssrc,False,0.06423142224067883,0.023210393094412446,0.0001,0.025532735131986464,23.210393094412446,400.0,100.0
calma,16280,pls,False,1.2345028803778195,,,,,,
calma,16280,naive,False,0.10691978413986318,,,,,,
calma,16300,ols,False,0.19545793982600754,,,,,,
calma,16300,ridge,False,0.2129703969439938,0.10013054108560555,0.0001,0.06152801309160517,100.13054108560556,400.0,100.0
calma,16300,nnls,False,0.5385076053816825,,,,,,
calma,16300,ssrc,False,0.0927487921306127,0.02306397947443381,0.0001,0.023567893853987297,23.06397947443381,400.0,100.0
calma,16300,pls,False,1.9625084081167172,,,,,,
calma,16300,naive,False,0.4808514086474425,,,,,,
calma,16320,ols,False,0.1568144497695836,,,,,,
calma,16320,ridge,False,0.1634992484809261,0.10041549185274473,0.0001,0.07215817821553185,100.41549185274474,400.0,100.0
calma,16320,nnls,False,1.019063810026776,,,,,,
calma,16320,ssrc,False,0.14798660802392052,0.023012903875341793,0.0001,0.0250031998743567,23.01290387534179,400.0,100.0
calma,16320,pls,False,2.7517936772314893,,,,,,
calma,16320,naive,False,1.068219796958003,,,,,,
calma,16340,ols,False,0.04899998747669398,,,,,,
calma,16340,ridge,False,0.016540433159699146,0.10073217769831924,0.0001,0.0630714876371008,100.73217769831923,400.0,100.0
calma,16340,nnls,False,0.08845494981016444,,,,,,
calma,16340,ssrc,False,0.12546757596395536,0.02335218756573275,0.0001,0.027864078390191924,23.35218756573275,400.0,100.0
calma,16340,pls,False,0.8216059765795757,,,,,,
calma,16340,naive,False,0.07701461531308612,,,,,,
calma,16360,ols,False,0.05276386583455259,,,,,,
calma,16360,ridge,False,0.05368630157400983,0.09896848705162159,0.0001,0.059914660530900214,98.9684870516216,400.0,100.0
calma,16360,nnls,False,0.15346892266650164,,,,,,
calma,16360,ssrc,False,0.235325871467208,0.02307598964863226,0.0001,0.027778118461706428,23.07598964863226,400.0,100.0
calma,16360,pls,False,0.9020691967376212,,,,,,
calma,16360,naive,False,0.16395917300242954,,,,,,
calma,16380,ols,False,0.10791710279717585,,,,,,
calma,16380,ridge,False,0.10820880994732505,0.000962198873662152,1e-06,0.06485610959425277,96.21988736621522,400.0,100.0
calma,16380,nnls,False,0.5580634636555682,,,,,,
calma,16380,ssrc,False,0.03438573999276164,0.0227489034407582,0.0001,0.032238438808504445,22.748903440758202,400.0,100.0
calma,16380,pls,False,1.3703015774762102,,,,,,
calma,16380,naive,False,0.29615608439687907,,,,,,
calma,16400,ols,False,0.013359485800557428,,,,,,
calma,16400,ridge,False,0.01577646440308418,0.0009964910057125745,1e-06,0.06123084888308901,99.64910057125745,400.0,100.0
calma,16400,nnls,False,0.12339120383075294,,,,,,
calma,16400,ssrc,False,0.33424948850451963,0.023450161832641436,0.0001,0.03664803276934417,23.450161832641438,400.0,100.0
calma,16400,pls,False,0.8705802887219467,,,,,,
calma,16400,naive,False,0.01026487367643572,,,,,,
calma,16420,ols,False,0.04474855288572274,,,,,,
calma,16420,ridge,False,0.04474971491712795,1.0029726574243795e-05,1e-08,0.05172400160358379,100.29726574243796,400.0,100.0
calma,16420,nnls,False,1.2672520414346762,,,,,,
calma,16420,ssrc,False,0.06568646419908597,0.023841369794704272,0.0001,0.03441744732827303,23.841369794704274,400.0,100.0
calma,16420,pls,False,2.8072006325618815,,,,,,
calma,16420,naive,False,0.9967751862307436,,,,,,
calma,16440,ols,False,0.19537879021171412,,,,,,
calma,16440,ridge,False,0.19593373730560917,0.0009996336461645123,1e-06,0.053304650337486256,99.96336461645123,400.0,100.0
calma,16440,nnls,False,0.7743476819580402,,,,,,
calma,16440,ssrc,False,0.11099514924044533,0.0002392976163117481,1e-06,0.03034455185547185,23.929761631174813,400.0,100.0
calma,16440,pls,False,1.4318792881135978,,,,,,
calma,16440,naive,False,0.9585895350797077,,,,,,
calma,16460,ols,False,0.4035258796953922,,,,,,
calma,16460,ridge,False,0.4035224182299688,1.0242424101402145e-05,1e-08,0.05923663549291584,102.42424101402146,400.0,100.0
calma,16460,nnls,False,0.5497093468222297,,,,,,
calma,16460,ssrc,False,0.15827578891564414,0.024052943578406087,0.0001,0.03055161402812141,24.052943578406087,400.0,100.0
calma,16460,pls,False,0.38597011449932356,,,,,,
calma,16460,naive,False,0.5454681699479434,,,,,,
calma,16480,ols,False,0.0126768460097851,,,,,,
calma,16480,ridge,False,0.013543411227367144,0.0010004585541559979,1e-06,0.05287531571328183,100.04585541559979,400.0,100.0
calma,16480,nnls,False,1.2797072003122993,,,,,,
calma,16480,ssrc,False,0.021280121679806977,2.401745506445211e-06,1e-08,0.027340348807052432,24.017455064452108,400.0,100.0
calma,16480,pls,False,4.470594229311615,,,,,,
calma,16480,naive,False,1.1597748509293622,,,,,,
calma,16500,ols,False,0.028968301353123307,,,,,,
calma,16500,ridge,False,0.02897028640334983,9.92615841276102e-06,1e-08,0.05700564928256326,99.2615841276102,400.0,100.0
calma,16500,nnls,False,1.5692612521876392,,,,,,
calma,16500,ssrc,False,0.28402193070099585,2.397609234350424e-06,1e-08,0.024043450107666054,23.97609234350424,400.0,100.0
calma,16500,pls,False,1.858066642951658,,,,,,
calma,16500,naive,False,1.4940987764025846,,,,,,
calma,16520,ols,False,0.3294714768014397,,,,,,
calma,16520,ridge,False,0.29462557584602495,0.09770286533551134,0.0001,0.06540911981662317,97.70286533551135,400.0,100.0
calma,16520,nnls,False,0.46960078113935055,,,,,,
calma,16520,ssrc,False,0.13193788210983143,2.3837994431857574e-06,1e-08,0.02682691146961901,23.837994431857577,400.0,100.0
calma,16520,pls,False,0.04794364986162291,,,,,,
calma,16520,naive,False,0.4621017347289581,,,,,,
calma,16540,ols,False,0.503493071684531,,,,,,
calma,16540,ridge,False,0.5629933278077175,0.0977262573315708,0.0001,0.06467522698258614,97.72625733157079,400.0,100.0
calma,16540,nnls,False,1.8251503052605405,,,,,,
calma,16540,ssrc,False,0.07410687680780159,2.373626497577425e-06,1e-08,0.028178987830454794,23.736264975774247,400.0,100.0
calma,16540,pls,False,2.9172092451418012,,,,,,
calma,16540,naive,False,1.72161495353883,,,,,,
calma,16560,ols,False,0.6605354379359872,,,,,,
calma,16560,ridge,False,0.6605479717453585,9.901706185134055e-06,1e-08,0.06398317501871274,99.01706185134054,400.0,100.0
calma,16560,nnls,False,1.5923720475704002,,,,,,
calma,16560,ssrc,False,0.09828132264165299,2.3963889699901575e-06,1e-08,0.028618756150775904,23.963889699901575,400.0,100.0
calma,16560,pls,False,2.862328626113834,,,,,,
calma,16560,naive,False,1.982306449285412,,,,,,
calma,16580,ols,False,0.16425802675335244,,,,,,
calma,16580,ridge,False,0.13071296357120893,0.09839173842348235,0.0001,0.0677997781372874,98.39173842348237,400.0,100.0
calma,16580,nnls,False,0.13634958835844627,,,,,,
calma,16580,ssrc,False,0.06794755324821458,0.00023781150096703797,1e-06,0.029394651536160884,23.781150096703797,400.0,100.0
calma,16580,pls,False,1.4474836933906023,,,,,,
calma,16580,naive,False,0.13378812426905748,,,,,,
calma,16600,ols,False,0.3671738725995885,,,,,,
calma,16600,ridge,False,0.3948612064903749,0.09712324099188892,0.0001,0.07079643428585007,97.12324099188892,400.0,100.0
calma,16600,nnls,False,1.0714393931176232,,,,,,
calma,16600,ssrc,False,0.002693585743401302,2.3410269791694755e-06,1e-08,0.028188221977138793,23.410269791694756,400.0,100.0
calma,16600,pls,False,2.9100665556755274,,,,,,
calma,16600,naive,False,0.9609949745022363,,,,,,
calma,16620,ols,False,0.6458097586387613,,,,,,
calma,16620,ridge,False,0.6458085295145464,9.635278099531227e-06,1e-08,0.0675631335166633,96.35278099531227,400.0,100.0
calma,16620,nnls,False,0.9864313831434628,,,,,,
calma,16620,ssrc,False,0.06472825588844851,2.352491668051067e-06,1e-08,0.024298578083289578,23.52491668051067,400.0,100.0
calma,16620,pls,False,2.2288827973169187,,,,,,
calma,16620,naive,False,0.667145293974162,,,,,,
calma,16640,ols,False,0.267160075730216,,,,,,
calma,16640,ridge,False,0.20603407348413458,0.09847787628089778,0.0001,0.07191123177306885,98.47787628089779,400.0,100.0
calma,16640,nnls,False,0.7404202150661897,,,,,,
calma,16640,ssrc,False,0.0021301867703457586,0.023694287496917012,0.0001,0.024407488565032245,23.694287496917013,400.0,100.0
calma,16640,pls,False,2.09216966202756,,,,,,
calma,16640,naive,False,0.7192367996737513,,,,,,
calma,16660,ols,False,0.5231760995425445,,,,,,
calma,16660,ridge,False,0.39007238109580533,0.09981562828412355,0.0001,0.07255106854023748,99.81562828412355,400.0,100.0
calma,16660,nnls,False,1.1212504541843102,,,,,,
calma,16660,ssrc,False,0.08670413551796471,0.02344736986994132,0.0001,0.027206107463152458,23.44736986994132,400.0,100.0
calma,16660,pls,False,2.2175308309845683,,,,,,
calma,16660,naive,False,1.2798911318623183,,,,,,
calma,16680,ols,False,0.07613298211756314,,,,,,
calma,16680,ridge,False,0.0739189357332084,0.0009841166451875982,1e-06,0.06752465077658956,98.41166451875982,400.0,100.0
calma,16680,nnls,False,0.9388220898063376,,,,,,
calma,16680,ssrc,False,0.1882121067991918,0.02367260685908983,0.0001,0.030463847866951266,23.67260685908983,400.0,100.0
calma,16680,pls,False,3.613076987421475,,,,,,
calma,16680,naive,False,0.8577202297342046,,,,,,
calma,16700,ols,False,0.09666629445925662,,,,,,
calma,16700,ridge,False,0.09993827435065235,0.0009539253294989512,1e-06,0.05897072202580823,95.39253294989514,400.0,100.0
calma,16700,nnls,False,0.3277253011332333,,,,,,
calma,16700,ssrc,False,0.13465349902433982,0.2343822011298011,0.001,0.031097323569176587,23.43822011298011,400.0,100.0
calma,16700,pls,False,1.0946902429295984,,,,,,
calma,16700,naive,False,0.3324680213845697,,,,,,
calma,16720,ols,False,0.42847874110480005,,,,,,
calma,16720,ridge,False,0.42698307654741025,0.0009293980408543403,1e-06,0.055049111902589674,92.93980408543405,400.0,100.0
calma,16720,nnls,False,1.6201774154677417,,,,,,
calma,16720,ssrc,False,0.11791644192687847,0.2307527129691519,0.001,0.03183447709897459,23.07527129691519,400.0,100.0
calma,16720,pls,False,2.539098622439735,,,,,,
calma,16720,naive,False,1.5069295349996639,,,,,,
calma,16740,ols,False,0.08731016859854525,,,,,,
calma,16740,ridge,False,0.08728429279896725,9.121905601141704e-06,1e-08,0.052326259220207734,91.21905601141704,400.0,100.0
calma,16740,nnls,False,2.3136920219311503,,,,,,
calma,16740,ssrc,False,0.052360231763065805,0.23066833720038646,0.001,0.03235663163051881,23.066833720038645,400.0,100.0
calma,16740,pls,False,1.3256426855444439,,,,,,
calma,16740,naive,False,2.4981147839781452,,,,,,
calma,16760,ols,False,0.2683709391375061,,,,,,
calma,16760,ridge,False,0.266317639791393,0.0009414769108047398,1e-06,0.05245698532701095,94.14769108047399,400.0,100.0
calma,16760,nnls,False,0.29362768855286375,,,,,,
calma,16760,ssrc,False,0.006378278022803948,0.23392134068566628,0.001,0.02901796925680695,23.39213406856663,400.0,100.0
calma,16760,pls,False,0.42126103203640825,,,,,,
calma,16760,naive,False,0.33145392029055826,,,,,,
calma,16780,ols,False,0.35137309958144836,,,,,,
calma,16780,ridge,False,0.3775225320046616,0.09123210442513309,0.0001,0.059911945026619076,91.23210442513309,400.0,100.0
calma,16780,nnls,False,1.000593070829379,,,,,,
calma,16780,ssrc,False,0.008546545852341762,0.00022877639058715464,1e-06,0.022010057654993892,22.877639058715467,400.0,100.0
calma,16780,pls,False,2.8559027633261564,,,,,,
calma,16780,naive,False,0.89168642582057,,,,,,
calma,16800,ols,False,0.2104720159905919,,,,,,
calma,16800,ridge,False,0.14800106641499453,0.0912496900121605,0.0001,0.06481759029587214,91.2496900121605,400.0,100.0
calma,16800,nnls,False,1.742218062141329,,,,,,
calma,16800,ssrc,False,0.0986475397420131,2.296142841724853e-06,1e-08,0.022540509400781276,22.961428417248527,400.0,100.0
calma,16800,pls,False,3.598419905698346,,,,,,
calma,16800,naive,False,1.4531973745309756,,,,,,
calma,16820,ols,False,0.25207714920594665,,,,,,
calma,16820,ridge,False,0.19312817970815568,0.0918879678221292,0.0001,0.07074202703368852,91.8879678221292,400.0,100.0
calma,16820,nnls,False,0.779934463305031,,,,,,
calma,16820,ssrc,False,0.08097724047212276,0.023069857177160452,0.0001,0.022045111516848452,23.069857177160454,400.0,100.0
calma,16820,pls,False,2.3330968369586684,,,,,,
calma,16820,naive,False,0.8171123823195517,,,,,,
calma,16840,ols,False,0.4659239778606247,,,,,,
calma,16840,ridge,False,0.4371115944983859,0.09203423235842614,0.0001,0.07339958035835516,92.03423235842615,400.0,100.0
calma,16840,nnls,False,0.6778879483932915,,,,,,
calma,16840,ssrc,False,0.053966582528094345,2.2734780517100123e-06,1e-08,0.0242907954467334,22.734780517100123,400.0,100.0
calma,16840,pls,False,2.8327984544892955,,,,,,
calma,16840,naive,False,0.6098694134656475,,,,,,
calma,16860,ols,False,0.12258625961957369,,,,,,
calma,16860,ridge,False,0.09698086641218394,0.09341478999048491,0.0001,0.06971611387561087,93.4147899904849,400.0,100.0
calma,16860,nnls,False,1.0452434851074028,,,,,,
calma,16860,ssrc,False,0.03409754957467253,2.3223926445543327e-06,1e-08,0.027109530931416513,23.223926445543327,400.0,100.0
calma,16860,pls,False,2.333144366249635,,,,,,
calma,16860,naive,False,0.7811636313209814,,,,,,
calma,16880,ols,False,0.23158034482083184,,,,,,
calma,16880,ridge,False,0.2264988098718725,0.0009639830825764875,1e-06,0.06273584299047047,96.39830825764875,400.0,100.0
calma,16880,nnls,False,0.5211029776731212,,,,,,
calma,16880,ssrc,False,0.145077011437621,0.00023722059091747772,1e-06,0.030868173852337123,23.722059091747774,400.0,100.0
calma,16880,pls,False,0.5152822500794452,,,,,,
calma,16880,naive,False,0.6878861993393003,,,,,,
calma,16900,ols,False,0.2300782662556836,,,,,,
calma,16900,ridge,False,0.23210847383165012,0.0954706540841481,0.0001,0.06282967847014072,95.4706540841481,400.0,100.0
calma,16900,nnls,False,0.5236241400826345,,,,,,
calma,16900,ssrc,False,0.05543119715747618,0.00023250658616756314,1e-06,0.030494618680917004,23.250658616756315,400.0,100.0
calma,16900,pls,False,0.1788283789927236,,,,,,
calma,16900,naive,False,0.5014552704298558,,,,,,
calma,16920,ols,False,0.2544856561981669,,,,,,
calma,16920,ridge,False,0.26741821206061794,0.09398971921289831,0.0001,0.05933515289094711,93.98971921289831,400.0,100.0
calma,16920,nnls,False,0.6932261994383017,,,,,,
calma,16920,ssrc,False,0.06998333389078022,0.022674283653160408,0.0001,0.030201187492788228,22.67428365316041,400.0,100.0
calma,16920,pls,False,0.10654540762174083,,,,,,
calma,16920,naive,False,0.6732325869088771,,,,,,
calma,16940,ols,False,0.11950432566708913,,,,,,
calma,16940,ridge,False,0.11914475371323166,0.0009185392780010474,1e-06,0.0638661679556661,91.85392780010476,400.0,100.0
calma,16940,nnls,False,1.0676352605191255,,,,,,
calma,16940,ssrc,False,0.22445571574850176,0.0002238432354679588,1e-06,0.03337263953551754,22.384323546795883,400.0,100.0
calma,16940,pls,False,2.1530886338379984,,,,,,
calma,16940,naive,False,1.341706774765966,,,,,,
calma,16960,ols,False,0.15852254332468416,,,,,,
calma,16960,ridge,False,0.1837152298443262,0.09139540975362186,0.0001,0.059262672551181776,91.39540975362185,400.0,100.0
calma,16960,nnls,False,0.5952581333892731,,,,,,
calma,16960,ssrc,False,0.25654132343563446,2.277751391987996e-06,1e-08,0.03193710051813033,22.777513919879965,400.0,100.0
calma,16960,pls,False,1.9661229516255943,,,,,,
calma,16960,naive,False,0.5001005760151348,,,,,,
calma,16980,ols,False,0.3131151628522409,,,,,,
calma,16980,ridge,False,0.3127551021639721,0.0009344487488733401,1e-06,0.061004040378312786,93.44487488733402,400.0,100.0
calma,16980,nnls,False,1.241926119797416,,,,,,
calma,16980,ssrc,False,0.060262495833259135,2.3088535872206414e-06,1e-08,0.029821222889426856,23.088535872206414,400.0,100.0
calma,16980,pls,False,2.6561289917729187,,,,,,
calma,16980,naive,False,0.946966045125904,,,,,,
calma,17000,ols,False,1.0508880233703644,,,,,,
calma,17000,ridge,False,1.0526056659982537,0.0009396549930770306,1e-06,0.061165849662884984,93.96549930770307,400.0,100.0
calma,17000,nnls,False,1.873238117828732,,,,,,
calma,17000,ssrc,False,0.24900093256346048,2.2933093752590573e-06,1e-08,0.028541185626980433,22.933093752590572,400.0,100.0
calma,17000,pls,False,4.329628717389117,,,,,,
calma,17000,naive,False,2.0424223663846446,,,,,,
calma,17020,ols,False,0.10083433786374357,,,,,,
calma,17020,ridge,False,0.09966879132594146,0.0009459985308075008,1e-06,0.0645395754076694,94.5998530807501,400.0,100.0
calma,17020,nnls,False,0.45482599855525235,,,,,,
calma,17020,ssrc,False,0.017236248725620518,0.0002325963592633522,1e-06,0.03404941635116667,23.25963592633522,400.0,100.0
calma,17020,pls,False,1.715190843138733,,,,,,
calma,17020,naive,False,0.35868996444450896,,,,,,
calma,17040,ols,False,0.3878779321349491,,,,,,
calma,17040,ridge,False,0.3878687027091602,9.647172201875063e-06,1e-08,0.054798371772684165,96.47172201875064,400.0,100.0
calma,17040,nnls,False,0.8422120660622233,,,,,,
calma,17040,ssrc,False,0.0224826455010054,0.02372819165363743,0.0001,0.031144717133479084,23.72819165363743,400.0,100.0
calma,17040,pls,False,1.9443653752282313,,,,,,
calma,17040,naive,False,0.5534958546226035,,,,,,
calma,17060,ols,False,0.24308867664433947,,,,,,
calma,17060,ridge,False,0.24310883996526944,1.0017103506377283e-05,1e-08,0.06209995692419868,100.17103506377282,400.0,100.0
calma,17060,nnls,False,1.564348949308081,,,,,,
calma,17060,ssrc,False,0.26517745727218356,0.023984797858727,0.0001,0.02630677718443093,23.984797858727003,400.0,100.0
calma,17060,pls,False,3.9288568011924245,,,,,,
calma,17060,naive,False,1.9656916285807906,,,,,,
calma,17080,ols,False,0.02881976254098538,,,,,,
calma,17080,ridge,False,0.01954979865799501,0.09760627795282156,0.0001,0.06288963197664711,97.60627795282157,400.0,100.0
calma,17080,nnls,False,0.050590502550697566,,,,,,
calma,17080,ssrc,False,0.05290018052533949,0.023803077158130227,0.0001,0.024363894947481278,23.803077158130225,400.0,100.0
calma,17080,pls,False,1.1249412207045661,,,,,,
calma,17080,naive,False,0.0590634360135471,,,,,,
calma,17100,ols,False,0.36518457736705606,,,,,,
calma,17100,ridge,False,0.3975675144463333,0.09793428074250814,0.0001,0.0658232422367364,97.93428074250814,400.0,100.0
calma,17100,nnls,False,1.4604255877984897,,,,,,
calma,17100,ssrc,False,0.12715037590544692,0.02384178972091269,0.0001,0.02537398793422116,23.84178972091269,400.0,100.0
calma,17100,pls,False,3.3899143845907433,,,,,,
calma,17100,naive,False,1.2856434704513948,,,,,,
calma,17120,ols,False,0.16697889606048377,,,,,,
calma,17120,ridge,False,0.16699227383672724,1.0000555995657503e-05,1e-08,0.06329995114290177,100.00555995657504,400.0,100.0
calma,17120,nnls,False,1.1486451513960951,,,,,,
calma,17120,ssrc,False,0.01691656625367283,0.02413626646151321,0.0001,0.023110279049738298,24.13626646151321,400.0,100.0
calma,17120,pls,False,2.644843812570931,,,,,,
calma,17120,naive,False,1.4591327381996912,,,,,,
calma,17140,ols,False,0.1322298976694333,,,,,,
calma,17140,ridge,False,0.11616543376633727,0.09863809439133407,0.0001,0.0650572764946365,98.63809439133408,400.0,100.0
calma,17140,nnls,False,0.16736916079481662,,,,,,
calma,17140,ssrc,False,0.06573935402870798,0.024166545086600093,0.0001,0.02226265170940229,24.166545086600095,400.0,100.0
calma,17140,pls,False,0.7715904158282266,,,,,,
calma,17140,naive,False,0.1797967287508737,,,,,,
calma,17160,ols,False,0.43187929032021355,,,,,,
calma,17160,ridge,False,0.4554068834609352,0.09589542878571852,0.0001,0.06603793039754731,95.89542878571852,400.0,100.0
calma,17160,nnls,False,1.559476804263647,,,,,,
calma,17160,ssrc,False,0.07774675305059425,0.00024143784434324967,1e-06,0.02194163857428821,24.14378443432497,400.0,100.0
calma,17160,pls,False,3.553461984646393,,,,,,
calma,17160,naive,False,1.403237289575971,,,,,,
calma,17180,ols,False,0.5415998174984938,,,,,,
calma,17180,ridge,False,0.5415361722653225,9.995165784843373e-06,1e-08,0.0670214857356928,99.95165784843374,400.0,100.0
calma,17180,nnls,False,1.9887370722708588,,,,,,
calma,17180,ssrc,False,0.13302590246918083,0.0002442193754135256,1e-06,0.019344203240910015,24.421937541352563,400.0,100.0
calma,17180,pls,False,4.494282194332057,,,,,,
calma,17180,naive,False,2.3127017463775514,,,,,,
calma,17200,ols,False,0.1862487406811196,,,,,,
calma,17200,ridge,False,0.12475635416955519,0.10153550397271591,0.0001,0.06676052589629633,101.5355039727159,400.0,100.0
calma,17200,nnls,False,1.4193410902816954,,,,,,
calma,17200,ssrc,False,0.03588578980002019,2.4150089847142027e-06,1e-08,0.02021601415930978,24.150089847142027,400.0,100.0
calma,17200,pls,False,2.985785566701251,,,,,,
calma,17200,naive,False,1.3825215113912692,,,,,,
calma,17220,ols,False,0.4042149525164515,,,,,,
calma,17220,ridge,False,0.42863478848023,0.10318586252847488,0.0001,0.06634627759538692,103.18586252847489,400.0,100.0
calma,17220,nnls,False,1.3483040185405166,,,,,,
calma,17220,ssrc,False,0.01825747470239605,2.443591086849992e-06,1e-08,0.018330789477324975,24.43591086849992,400.0,100.0
calma,17220,pls,False,3.0662237533812298,,,,,,
calma,17220,naive,False,1.2182080316804431,,,,,,
calma,17240,ols,False,0.12912563099013705,,,,,,
calma,17240,ridge,False,0.13320302700304842,0.0010538249646702797,1e-06,0.06709156898849121,105.38249646702798,400.0,100.0
calma,17240,nnls,False,1.695540051156366,,,,,,
calma,17240,ssrc,False,0.04274599889903684,0.0002474815659602078,1e-06,0.01733028245811901,24.74815659602078,400.0,100.0
calma,17240,pls,False,3.2851424014344706,,,,,,
calma,17240,naive,False,2.111788734394749,,,,,,
calma,17260,ols,False,0.357131004103453,,,,,,
calma,17260,ridge,False,0.2460180124534049,0.1049979697687286,0.0001,0.06632819605214021,104.99796976872861,400.0,100.0
calma,17260,nnls,False,0.9980102819671023,,,,,,
calma,17260,ssrc,False,0.03431280077426472,0.0002461574945476137,1e-06,0.016578483836207705,24.61574945476137,400.0,100.0
calma,17260,pls,False,2.4303771745777794,,,,,,
calma,17260,naive,False,0.9427121884019142,,,,,,
calma,17280,ols,False,0.21479509355383253,,,,,,
calma,17280,ridge,False,0.24170927602507658,0.10612395343088663,0.0001,0.0645217233668969,106.12395343088663,400.0,100.0
calma,17280,nnls,False,0.6276118928733746,,,,,,
calma,17280,ssrc,False,0.11042552575407158,2.489028463576112e-06,1e-08,0.01843038833829495,24.89028463576112,400.0,100.0
calma,17280,pls,False,1.924605795611743,,,,,,
calma,17280,naive,False,0.5838939534273975,,,,,,
calma,17300,ols,False,0.3595062591355714,,,,,,
calma,17300,ridge,False,0.29157014386338187,0.10670141016351029,0.0001,0.06788198905306395,106.70141016351029,400.0,100.0
calma,17300,nnls,False,0.7281368702365955,,,,,,
calma,17300,ssrc,False,0.017926014228818836,2.4786671413213544e-06,1e-08,0.017166704495877948,24.786671413213544,400.0,100.0
calma,17300,pls,False,5.91536971445355,,,,,,
calma,17300,naive,False,0.6840128760064575,,,,,,
calma,17320,ols,False,0.21518759194646414,,,,,,
calma,17320,ridge,False,0.08973341173948722,0.10452779119795796,0.0001,0.07281470937564495,104.52779119795797,400.0,100.0
calma,17320,nnls,False,2.5007208127003158,,,,,,
calma,17320,ssrc,False,0.28706640642892434,2.4531748670423704e-06,1e-08,0.022018229732989548,24.531748670423703,400.0,100.0
calma,17320,pls,False,5.114455689830557,,,,,,
calma,17320,naive,False,3.0059653685726304,,,,,,
calma,17340,ols,False,0.10262411000653683,,,,,,
calma,17340,ridge,False,0.14751917957679508,0.106140258803036,0.0001,0.06935300653254822,106.140258803036,400.0,100.0
calma,17340,nnls,False,0.4430581851508297,,,,,,
calma,17340,ssrc,False,0.27024774576059746,2.4901312402116146e-06,1e-08,0.031514476976601966,24.901312402116147,400.0,100.0
calma,17340,pls,False,0.47852158994642374,,,,,,
calma,17340,naive,False,0.4370517550968035,,,,,,
calma,17360,ols,False,0.008141206940474018,,,,,,
calma,17360,ridge,False,0.08346019745497417,0.10458456684574115,0.0001,0.06618237821904781,104.58456684574115,400.0,100.0
calma,17360,nnls,False,1.5014610714918426,,,,,,
calma,17360,ssrc,False,0.09494535073006322,2.449298245255438e-06,1e-08,0.03783477000895048,24.49298245255438,400.0,100.0
calma,17360,pls,False,5.566386451947498,,,,,,
calma,17360,naive,False,1.4399424570042085,,,,,,
calma,17380,ols,False,0.402724463397603,,,,,,
calma,17380,ridge,False,0.2830670534073706,0.1022352261338528,0.0001,0.07012528973413777,102.2352261338528,400.0,100.0
calma,17380,nnls,False,2.382638328875506,,,,,,
calma,17380,ssrc,False,0.3891776467131778,2.405283346690503e-06,1e-08,0.04039935638420654,24.05283346690503,400.0,100.0
calma,17380,pls,False,5.18390025481102,,,,,,
calma,17380,naive,False,2.8873415359705623,,,,,,
calma,17400,ols,False,0.030045380878006827,,,,,,
calma,17400,ridge,False,0.0630580876263417,0.10203986934894327,0.0001,0.06457525868590046,102.03986934894327,400.0,100.0
calma,17400,nnls,False,0.2736967560497687,,,,,,
calma,17400,ssrc,False,0.004875886410746673,2.410231479967317e-06,1e-08,0.04740783425828533,24.102314799673167,400.0,100.0
calma,17400,pls,False,0.3765667704698953,,,,,,
calma,17400,naive,False,0.25849945533033686,,,,,,
calma,17420,ols,False,0.09122736958302098,,,,,,
calma,17420,ridge,False,0.09421175007903732,0.10205950606867033,0.0001,0.0588239305134555,102.05950606867032,400.0,100.0
calma,17420,nnls,False,0.25233213893881856,,,,,,
calma,17420,ssrc,False,0.16139992706849504,0.024109674914537152,0.0001,0.04901057389766303,24.109674914537152,400.0,100.0
calma,17420,pls,False,0.5766956780255268,,,,,,
calma,17420,naive,False,0.25678058350150224,,,,,,
calma,17440,ols,False,0.18574909640332432,,,,,,
calma,17440,ridge,False,0.20247727602142812,0.10133636784831433,0.0001,0.06865937324894406,101.33636784831434,400.0,100.0
calma,17440,nnls,False,0.0551623269332668,,,,,,
calma,17440,ssrc,False,0.1113520581546334,2.3991072428565776e-06,1e-08,0.03232047742895132,23.991072428565776,400.0,100.0
calma,17440,pls,False,0.14220886958460355,,,,,,
calma,17440,naive,False,0.3786660567276099,,,,,,
calma,17460,ols,False,0.06287338327131947,,,,,,
calma,17460,ridge,False,0.08825189211876525,0.10186920632620249,0.0001,0.06206074814620893,101.86920632620249,400.0,100.0
calma,17460,nnls,False,0.36112682869178814,,,,,,
calma,17460,ssrc,False,0.14350475171530705,2.4081700965811023e-06,1e-08,0.03065680562820052,24.081700965811024,400.0,100.0
calma,17460,pls,False,1.4420333078459022,,,,,,
calma,17460,naive,False,0.2543149621731392,,,,,,
calma,17480,ols,False,0.40684478142793223,,,,,,
calma,17480,ridge,False,0.4052466516305718,0.0010182293347053117,1e-06,0.05522118368777293,101.82293347053118,400.0,100.0
calma,17480,nnls,False,0.3852521987723544,,,,,,
calma,17480,ssrc,False,0.04581209085161397,2.4206788218599118e-06,1e-08,0.029188257920488566,24.206788218599115,400.0,100.0
calma,17480,pls,False,1.1153469934140263,,,,,,
calma,17480,naive,False,0.0700804401648237,,,,,,
calma,17500,ols,False,0.29825939675935254,,,,,,
calma,17500,ridge,False,0.2982602863785135,1.0422013822151937e-05,1e-08,0.053400443357063176,104.22013822151938,400.0,100.0
calma,17500,nnls,False,0.42619658280733724,,,,,,
calma,17500,ssrc,False,0.03471173480033014,0.00024708444588617413,1e-06,0.02633536552382429,24.708444588617414,400.0,100.0
calma,17500,pls,False,0.36752010615309816,,,,,,
calma,17500,naive,False,0.5391521161861375,,,,,,
calma,17520,ols,False,0.3243765768935942,,,,,,
calma,17520,ridge,False,0.3245618121805147,0.001037356470117322,1e-06,0.05970983199376226,103.73564701173221,400.0,100.0
calma,17520,nnls,False,0.5718580333761158,,,,,,
calma,17520,ssrc,False,0.1538010387933032,0.00024358643718338098,1e-06,0.02927866592960844,24.3586437183381,400.0,100.0
calma,17520,pls,False,0.49965349272445647,,,,,,
calma,17520,naive,False,0.5512686364344104,,,,,,
calma,17540,ols,False,0.38621735284255443,,,,,,
calma,17540,ridge,False,0.3859743226084463,0.0010184038462841324,1e-06,0.05236546198128054,101.84038462841325,400.0,100.0
calma,17540,nnls,False,0.31800562092298673,,,,,,
calma,17540,ssrc,False,0.0766053302766179,0.024013810233284454,0.0001,0.028722487162756886,24.013810233284456,400.0,100.0
calma,17540,pls,False,4.941710400303995,,,,,,
calma,17540,naive,False,0.23671464293138528,,,,,,
calma,17560,ols,False,0.21972120124039266,,,,,,
calma,17560,ridge,False,0.21967259348445853,9.860043590858849e-06,1e-08,0.058363290780960274,98.6004359085885,400.0,100.0
calma,17560,nnls,False,1.101441654847399,,,,,,
calma,17560,ssrc,False,0.0219317032544965,0.023822813999212097,0.0001,0.026476951396361345,23.822813999212098,400.0,100.0
calma,17560,pls,False,2.375946813760834,,,,,,
calma,17560,naive,False,1.0774788329973035,,,,,,
calma,17580,ols,False,0.21804861635009218,,,,,,
calma,17580,ridge,False,0.21225321739109151,0.10035884109338658,0.0001,0.065817192115938,100.35884109338659,400.0,100.0
calma,17580,nnls,False,0.43258996421417173,,,,,,
calma,17580,ssrc,False,0.00962051096105186,0.02385703492491065,0.0001,0.026763313461720593,23.85703492491065,400.0,100.0
calma,17580,pls,False,0.15621990753430873,,,,,,
calma,17580,naive,False,0.41957833253420745,,,,,,
calma,17600,ols,False,0.062274470421171624,,,,,,
calma,17600,ridge,False,0.06995802785229627,0.09956594374612983,0.0001,0.06413703572922731,99.56594374612983,400.0,100.0
calma,17600,nnls,False,0.15752055327033157,,,,,,
calma,17600,ssrc,False,0.18986872279832148,0.023789634842514933,0.0001,0.028136326610779853,23.789634842514932,400.0,100.0
calma,17600,pls,False,1.436996927997399,,,,,,
calma,17600,naive,False,0.13268159397029108,,,,,,
calma,17620,ols,False,0.030813822608104495,,,,,,
calma,17620,ridge,False,0.030824984857275514,9.938784319525692e-06,1e-08,0.06958019755984653,99.38784319525692,400.0,100.0
calma,17620,nnls,False,0.38195818088821193,,,,,,
calma,17620,ssrc,False,0.0428930415724862,0.023348926605556156,0.0001,0.036445640876557016,23.34892660555616,400.0,100.0
calma,17620,pls,False,3.3700730918058546,,,,,,
calma,17620,naive,False,0.3149936669342462,,,,,,
calma,17640,ols,False,0.030502451747279814,,,,,,
calma,17640,ridge,False,0.028063792449701808,0.0009720708915416481,1e-06,0.06386535634098783,97.20708915416482,400.0,100.0
calma,17640,nnls,False,0.12753937754156788,,,,,,
calma,17640,ssrc,False,0.3058943345306603,0.2338978270041992,0.001,0.03631188563910885,23.38978270041992,400.0,100.0
calma,17640,pls,False,0.19209421539774998,,,,,,
calma,17640,naive,False,0.09402888162486123,,,,,,
calma,17660,ols,False,0.28836616112289776,,,,,,
calma,17660,ridge,False,0.28835169624893997,9.62653323743585e-06,1e-08,0.0572814711035163,96.2653323743585,400.0,100.0
calma,17660,nnls,False,0.17114306044848393,,,,,,
calma,17660,ssrc,False,0.2337279009816954,0.23655690358475034,0.001,0.03813073437186198,23.655690358475034,400.0,100.0
calma,17660,pls,False,3.6840443633719135,,,,,,
calma,17660,naive,False,0.23750564511963265,,,,,,
calma,17680,ols,False,0.05316606664856747,,,,,,
calma,17680,ridge,False,0.05317729538030353,9.342855995982641e-06,1e-08,0.04858635102296058,93.42855995982642,400.0,100.0
calma,17680,nnls,False,0.07540823001855618,,,,,,
calma,17680,ssrc,False,0.36165819205958805,0.23530695823256856,0.001,0.03830047133030472,23.530695823256856,400.0,100.0
calma,17680,pls,False,0.9810897014691699,,,,,,
calma,17680,naive,False,0.04999576893205964,,,,,,
calma,17700,ols,False,0.4768890286189711,,,,,,
calma,17700,ridge,False,0.47442172356779255,0.0009083605371801773,1e-06,0.04746581256044762,90.83605371801774,400.0,100.0
calma,17700,nnls,False,1.9144932052487038,,,,,,
calma,17700,ssrc,False,0.10835523887105716,0.23394107315261944,0.001,0.038701646708833956,23.394107315261948,400.0,100.0
calma,17700,pls,False,3.2035520044294685,,,,,,
calma,17700,naive,False,1.7987042550677341,,,,,,
calma,17720,ols,False,0.7215587331166028,,,,,,
calma,17720,ridge,False,0.7263432767169431,0.0008956319032584401,1e-06,0.04152719245149335,89.56319032584402,400.0,100.0
calma,17720,nnls,False,2.597026583044817,,,,,,
calma,17720,ssrc,False,0.4941469195999191,0.22983898977207853,0.001,0.029309092034919704,22.983898977207854,400.0,100.0
calma,17720,pls,False,5.210880832197323,,,,,,
calma,17720,naive,False,2.41812663878702,,,,,,
calma,17740,ols,False,0.050026779426114304,,,,,,
calma,17740,ridge,False,0.0526283389778156,0.0009122430019857606,1e-06,0.05152146842460735,91.22430019857607,400.0,100.0
calma,17740,nnls,False,0.35613620476525476,,,,,,
calma,17740,ssrc,False,0.006091540274703994,0.023028453875362766,0.0001,0.02742743073530944,23.028453875362764,400.0,100.0
calma,17740,pls,False,1.0312641277857166,,,,,,
calma,17740,naive,False,0.38938656862204757,,,,,,
calma,17760,ols,False,0.1885188975161353,,,,,,
calma,17760,ridge,False,0.1884908459215414,8.78375285748382e-06,1e-08,0.05181368918898019,87.8375285748382,400.0,100.0
calma,17760,nnls,False,1.4215242233407608,,,,,,
calma,17760,ssrc,False,0.0491427847683327,0.022966544140476847,0.0001,0.024377730968844213,22.96654414047685,400.0,100.0
calma,17760,pls,False,3.2215468735172026,,,,,,
calma,17760,naive,False,1.2770441163151989,,,,,,
calma,17780,ols,False,0.15681091553088597,,,,,,
calma,17780,ridge,False,0.15841696064969502,0.0008736739323299168,1e-06,0.0540798345543849,87.36739323299169,400.0,100.0
calma,17780,nnls,False,0.8969823299989398,,,,,,
calma,17780,ssrc,False,0.07301196969140623,0.023070288796100197,0.0001,0.0222265843781115,23.0702887961002,400.0,100.0
calma,17780,pls,False,2.114243662645634,,,,,,
calma,17780,naive,False,0.9218519629825285,,,,,,
calma,17800,ols,False,0.07063834239523925,,,,,,
calma,17800,ridge,False,0.06935098172536494,0.08512299458003661,0.0001,0.05575044857386723,85.12299458003662,400.0,100.0
calma,17800,nnls,False,0.10601485979541825,,,,,,
calma,17800,ssrc,False,0.011920289495823203,0.00022916230554140285,1e-06,0.021827495724851525,22.916230554140284,400.0,100.0
calma,17800,pls,False,1.4473035945825186,,,,,,
calma,17800,naive,False,0.07742753001070721,,,,,,
calma,17820,ols,False,0.33888387936127984,,,,,,
calma,17820,ridge,False,0.36423140934025,0.08653836534806501,0.0001,0.06107626022259845,86.53836534806501,400.0,100.0
calma,17820,nnls,False,1.219348266823132,,,,,,
calma,17820,ssrc,False,0.11415672764044962,0.02286144556417289,0.0001,0.02480287650570206,22.86144556417289,400.0,100.0
calma,17820,pls,False,1.6518395901441525,,,,,,
calma,17820,naive,False,1.0861345520056502,,,,,,
calma,17840,ols,False,0.09028699835581311,,,,,,
calma,17840,ridge,False,0.09028991771712412,8.465553234152394e-06,1e-08,0.05211307810011498,84.65553234152395,400.0,100.0
calma,17840,nnls,False,1.0279704532433083,,,,,,
calma,17840,ssrc,False,0.1319781936681195,0.02291442940822013,0.0001,0.021076579062314253,22.91442940822013,400.0,100.0
calma,17840,pls,False,1.3888449076975666,,,,,,
calma,17840,naive,False,1.128545117908682,,,,,,
calma,17860,ols,False,0.3360309146975352,,,,,,
calma,17860,ridge,False,0.35910615735294676,0.08466271767889429,0.0001,0.05253660251323445,84.6627176788943,400.0,100.0
calma,17860,nnls,False,1.0763130648030859,,,,,,
calma,17860,ssrc,False,0.0067526462894579664,0.023055971963886077,0.0001,0.02122416552926907,23.05597196388608,400.0,100.0
calma,17860,pls,False,0.734270676400046,,,,,,
calma,17860,naive,False,0.9991223249465736,,,,,,
calma,17880,ols,False,1.0017775940661933,,,,,,
calma,17880,ridge,False,0.9966636827457765,0.08258363630514155,0.0001,0.05435052009906114,82.58363630514155,400.0,100.0
calma,17880,nnls,False,0.3065313017824521,,,,,,
calma,17880,ssrc,False,0.055797230947996906,0.022939836979858384,0.0001,0.021505798626327045,22.939836979858384,400.0,100.0
calma,17880,pls,False,3.695566154700667,,,,,,
calma,17880,naive,False,0.5445372680841672,,,,,,
calma,17900,ols,False,0.2769311859763922,,,,,,
calma,17900,ridge,False,0.2768628615528592,8.434113731332899e-06,1e-08,0.05923613414873344,84.341137313329,400.0,100.0
calma,17900,nnls,False,1.1642691092438087,,,,,,
calma,17900,ssrc,False,0.10335512944759553,0.022978433963716082,0.0001,0.02200545186716403,22.978433963716082,400.0,100.0
calma,17900,pls,False,2.243453340741232,,,,,,
calma,17900,naive,False,1.2559248564157925,,,,,,
calma,17920,ols,False,0.07871810995937156,,,,,,
calma,17920,ridge,False,0.07810923290602793,0.08455317105694345,0.0001,0.057318913086208054,84.55317105694344,400.0,100.0
calma,17920,nnls,False,0.12957934964849357,,,,,,
calma,17920,ssrc,False,0.04730132329618569,0.023121264229444285,0.0001,0.021739589711079362,23.121264229444286,400.0,100.0
calma,17920,pls,False,1.6243254214921472,,,,,,
calma,17920,naive,False,0.10098694575645979,,,,,,
calma,17940,ols,False,0.3284687222579334,,,,,,
calma,17940,ridge,False,0.34788901746784695,0.08591712456250812,0.0001,0.0660549656630752,85.91712456250812,400.0,100.0
calma,17940,nnls,False,1.3596266470755747,,,,,,
calma,17940,ssrc,False,0.03267786175780139,0.0002302653074059238,1e-06,0.022327656570949376,23.02653074059238,400.0,100.0
calma,17940,pls,False,2.164866985180653,,,,,,
calma,17940,naive,False,1.2274757394786768,,,,,,
calma,17960,ols,False,0.00276586475490573,,,,,,
calma,17960,ridge,False,0.04254874724384174,0.08361047550425742,0.0001,0.06713727624396014,83.61047550425741,400.0,100.0
calma,17960,nnls,False,1.0342231716740207,,,,,,
calma,17960,ssrc,False,0.12595855944317047,0.0002269401733340647,1e-06,0.020748942925383256,22.694017333406475,400.0,100.0
calma,17960,pls,False,1.7738012953191518,,,,,,
calma,17960,naive,False,1.0646282604671233,,,,,,
calma,17980,ols,False,0.2434677800113469,,,,,,
calma,17980,ridge,False,0.2603659911702445,0.08184691126253259,0.0001,0.06319267821610271,81.84691126253259,400.0,100.0
calma,17980,nnls,False,0.7683429392574578,,,,,,
calma,17980,ssrc,False,0.14702559906285487,0.00022291030469472037,1e-06,0.019025884997935495,22.29103046947204,400.0,100.0
calma,17980,pls,False,0.06044786314066606,,,,,,
calma,17980,naive,False,0.7187856086804978,,,,,,
calma,18000,ols,False,0.3978882227821497,,,,,,
calma,18000,ridge,False,0.43992466210146336,0.07737969726865408,0.0001,0.05888998674572371,77.37969726865408,400.0,100.0
calma,18000,nnls,False,1.1512653670917892,,,,,,
calma,18000,ssrc,False,0.03931603723786373,0.02162903869960116,0.0001,0.015931186070023834,21.629038699601164,400.0,100.0
calma,18000,pls,False,2.4270259944908803,,,,,,
calma,18000,naive,False,1.051520828048264,,,,,,
calma,18020,ols,False,0.25675589085864814,,,,,,
calma,18020,ridge,False,0.24749840188196803,0.07863152530446979,0.0001,0.06159311127853079,78.63152530446979,400.0,100.0
calma,18020,nnls,False,1.199034523685809,,,,,,
calma,18020,ssrc,False,0.018062278184302005,0.021847589680346547,0.0001,0.015201968896337648,21.847589680346545,400.0,100.0
calma,18020,pls,False,1.4791265748428735,,,,,,
calma,18020,naive,False,1.3525378087884565,,,,,,
calma,18040,ols,False,0.2776989978118064,,,,,,
calma,18040,ridge,False,0.29534417320484874,0.07882536707277189,0.0001,0.052992353186306795,78.82536707277188,400.0,100.0
calma,18040,nnls,False,0.9144004916121036,,,,,,
calma,18040,ssrc,False,0.01943281732901654,0.021973336431822546,0.0001,0.013586442039477866,21.973336431822545,400.0,100.0
calma,18040,pls,False,0.7838809827743126,,,,,,
calma,18040,naive,False,0.8349214471798945,,,,,,
calma,18060,ols,False,0.8123577494874576,,,,,,
calma,18060,ridge,False,0.8194491985519446,0.07720117368327511,0.0001,0.05658877887782864,77.20117368327512,400.0,100.0
calma,18060,nnls,False,1.005183071844758,,,,,,
calma,18060,ssrc,False,0.1043968066330009,0.021850682000805942,0.0001,0.013830350970065228,21.850682000805943,400.0,100.0
calma,18060,pls,False,1.3935606936582394,,,,,,
calma,18060,naive,False,1.201577702476422,,,,,,
calma,18080,ols,False,0.17431753493142899,,,,,,
calma,18080,ridge,False,0.16296762613961496,0.07543428835443526,0.0001,0.06423645949160865,75.43428835443527,400.0,100.0
calma,18080,nnls,False,3.2146773782586178,,,,,,
calma,18080,ssrc,False,0.3278780125912824,0.02161518951222555,0.0001,0.01737289374567639,21.61518951222555,400.0,100.0
calma,18080,pls,False,2.2834325857204507,,,,,,
calma,18080,naive,False,3.43322009183515,,,,,,
calma,18100,ols,False,0.18506068940417048,,,,,,
calma,18100,ridge,False,0.23600638684936337,0.07831579496004333,0.0001,0.06566145690319374,78.31579496004333,400.0,100.0
calma,18100,nnls,False,0.8087257927560719,,,,,,
calma,18100,ssrc,False,0.34917723115432686,0.022218302249135024,0.0001,0.031051969760307975,22.218302249135025,400.0,100.0
calma,18100,pls,False,1.826908378208582,,,,,,
calma,18100,naive,False,0.6731155778573964,,,,,,
calma,18120,ols,False,0.19489358054282752,,,,,,
calma,18120,ridge,False,0.1981186173406683,0.000768717098073863,1e-06,0.05730882583805594,76.87170980738631,400.0,100.0
calma,18120,nnls,False,1.257671180322382,,,,,,
calma,18120,ssrc,False,0.24094717121349427,0.022584944048180622,0.0001,0.04101309780612658,22.58494404818062,400.0,100.0
calma,18120,pls,False,1.5924877835354452,,,,,,
calma,18120,naive,False,1.5464345088868758,,,,,,
calma,18140,ols,False,0.24341424767290373,,,,,,
calma,18140,ridge,False,0.24061177266277833,0.000804412218287119,1e-06,0.059873479903006344,80.4412218287119,400.0,100.0
calma,18140,nnls,False,0.21579177383453593,,,,,,
calma,18140,ssrc,False,0.17107249658656437,0.022698503539158043,0.0001,0.05675595856877816,22.698503539158043,400.0,100.0
calma,18140,pls,False,0.2627001824235556,,,,,,
calma,18140,naive,False,0.2584301386930575,,,,,,
calma,18160,ols,False,0.42589695272126366,,,,,,
calma,18160,ridge,False,0.42525783751056634,0.0008409584395914846,1e-06,0.06294240735817341,84.09584395914847,400.0,100.0
calma,18160,nnls,False,0.6959915170101243,,,,,,
calma,18160,ssrc,False,0.24621726152814846,0.022540265758768767,0.0001,0.060216261994478264,22.54026575876877,400.0,100.0
calma,18160,pls,False,0.5301868223003855,,,,,,
calma,18160,naive,False,0.6453247443130048,,,,,,
calma,18180,ols,False,0.30401460994604085,,,,,,
calma,18180,ridge,False,0.302236354785973,0.0008306195598415,1e-06,0.05344707818884355,83.06195598415002,400.0,100.0
calma,18180,nnls,False,0.3515787422914307,,,,,,
calma,18180,ssrc,False,0.15286321533387662,0.022385251582210643,0.0001,0.0606267862661049,22.385251582210643,400.0,100.0
calma,18180,pls,False,2.022253038172674,,,,,,
calma,18180,naive,False,0.5459033177510437,,,,,,
calma,18200,ols,False,0.027430757195469273,,,,,,
calma,18200,ridge,False,0.029517702260898726,0.0008398867997505062,1e-06,0.04923665233670233,83.98867997505063,400.0,100.0
calma,18200,nnls,False,0.1671660306305102,,,,,,
calma,18200,ssrc,False,0.14311597793979494,2.273197113923939e-06,1e-08,0.039288098980390956,22.73197113923939,400.0,100.0
calma,18200,pls,False,0.9168844873679716,,,,,,
calma,18200,naive,False,0.1265820671899926,,,,,,
calma,18220,ols,False,0.45613706530367576,,,,,,
calma,18220,ridge,False,0.48376489428383324,0.08369865107962421,0.0001,0.05021165747007163,83.6986510796242,400.0,100.0
calma,18220,nnls,False,2.0327296221890983,,,,,,
calma,18220,ssrc,False,0.017629109171310723,2.2782937512586082e-06,1e-08,0.025942099126765993,22.782937512586084,400.0,100.0
calma,18220,pls,False,3.0760417477338544,,,,,,
calma,18220,naive,False,1.8757935762295195,,,,,,
calma,18240,ols,False,0.2778353641412631,,,,,,
calma,18240,ridge,False,0.2729709946700232,0.0007935222881655823,1e-06,0.053887821435345165,79.35222881655824,400.0,100.0
calma,18240,nnls,False,2.183743064599408,,,,,,
calma,18240,ssrc,False,0.018200775050455476,0.0002231968732835828,1e-06,0.01767555363345025,22.319687328358285,400.0,100.0
calma,18240,pls,False,4.387585103833952,,,,,,
calma,18240,naive,False,1.8905909160146113,,,,,,
calma,18260,ols,False,0.07310358889783442,,,,,,
calma,18260,ridge,False,0.041598739761296286,0.08407488192087052,0.0001,0.053587406156878827,84.07488192087052,400.0,100.0
calma,18260,nnls,False,0.0010508809875818858,,,,,,
calma,18260,ssrc,False,0.07184487833133159,0.022604037359645324,0.0001,0.016346462368962925,22.604037359645325,400.0,100.0
calma,18260,pls,False,1.0916579066835637,,,,,,
calma,18260,naive,False,0.053688400186476824,,,,,,
calma,18280,ols,False,0.32672542687281086,,,,,,
calma,18280,ridge,False,0.3554636659150407,0.08262468262629458,0.0001,0.05424848641842725,82.62468262629459,400.0,100.0
calma,18280,nnls,False,1.8446101002300734,,,,,,
calma,18280,ssrc,False,0.04712829809669353,0.022311545865428422,0.0001,0.014882912012666978,22.31154586542842,400.0,100.0
calma,18280,pls,False,3.1721559487104583,,,,,,
calma,18280,naive,False,1.6740963932336592,,,,,,
calma,18300,ols,False,0.6591033346720208,,,,,,
calma,18300,ridge,False,0.451935649353578,0.08353157347353639,0.0001,0.06165125600407096,83.5315734735364,400.0,100.0
calma,18300,nnls,False,2.6213571910972178,,,,,,
calma,18300,ssrc,False,0.047296477485829956,0.022420090295625382,0.0001,0.016402698942804265,22.420090295625382,400.0,100.0
calma,18300,pls,False,0.7936169648772163,,,,,,
calma,18300,naive,False,2.7910922544835057,,,,,,
calma,18320,ols,False,0.15480838506221173,,,,,,
calma,18320,ridge,False,0.12430458309454885,0.08317108354985213,0.0001,0.06451551327837338,83.17108354985214,400.0,100.0
calma,18320,nnls,False,0.10078405262343144,,,,,,
calma,18320,ssrc,False,0.07013640244315751,0.022713215810435214,0.0001,0.02132046229106329,22.713215810435216,400.0,100.0
calma,18320,pls,False,0.7181550853114279,,,,,,
calma,18320,naive,False,0.13306347533559984,,,,,,
calma,18340,ols,False,0.06928465803366778,,,,,,
calma,18340,ridge,False,0.015198021269048444,0.08612911690078023,0.0001,0.06691971034871286,86.12911690078023,400.0,100.0
calma,18340,nnls,False,1.9368769491312772,,,,,,
calma,18340,ssrc,False,0.3729407901022356,0.00022228986440636807,1e-06,0.025610008431430912,22.22898644063681,400.0,100.0
calma,18340,pls,False,4.428171086956677,,,,,,
calma,18340,naive,False,2.0325438834429392,,,,,,
calma,18360,ols,False,0.03713613399692843,,,,,,
calma,18360,ridge,False,0.03711581979165882,8.595048491093915e-06,1e-08,0.060396708133103105,85.95048491093915,400.0,100.0
calma,18360,nnls,False,0.724615776153293,,,,,,
calma,18360,ssrc,False,0.003077336611631085,0.0223759686575813,0.0001,0.029300452171031922,22.3759686575813,400.0,100.0
calma,18360,pls,False,2.2684572991031837,,,,,,
calma,18360,naive,False,0.5580665990738648,,,,,,
calma,18380,ols,False,0.018571936064136714,,,,,,
calma,18380,ridge,False,0.014498000428036117,0.0008623928766141284,1e-06,0.055345915031568306,86.23928766141285,400.0,100.0
calma,18380,nnls,False,0.04665739007241583,,,,,,
calma,18380,ssrc,False,0.0724449152314888,0.02277037135377239,0.0001,0.03058704108240716,22.77037135377239,400.0,100.0
calma,18380,pls,False,0.5970495175884025,,,,,,
calma,18380,naive,False,0.027785840961827336,,,,,,
calma,18400,ols,False,0.2631487815364418,,,,,,
calma,18400,ridge,False,0.2619987414420874,0.0008184533716791966,1e-06,0.04674859560103492,81.84533716791967,400.0,100.0
calma,18400,nnls,False,0.03613352363156699,,,,,,
calma,18400,ssrc,False,0.1578577068926701,0.022713063900649547,0.0001,0.031118714030395647,22.713063900649548,400.0,100.0
calma,18400,pls,False,2.384576223240967,,,,,,
calma,18400,naive,False,0.137805390274387,,,,,,
calma,18420,ols,False,0.0030736659880702885,,,,,,
calma,18420,ridge,False,0.0006327897511067188,0.0008217810451835513,1e-06,0.03776830007442145,82.17810451835514,400.0,100.0
calma,18420,nnls,False,0.22967447865345123,,,,,,
calma,18420,ssrc,False,0.18277089730259458,0.023045974892152495,0.0001,0.02803509410125652,23.045974892152493,400.0,100.0
calma,18420,pls,False,0.8185255759104757,,,,,,
calma,18420,naive,False,0.17852318875450593,,,,,,
calma,18440,ols,False,0.36557418821789966,,,,,,
calma,18440,ridge,False,0.36439143124027484,0.0007872035004423918,1e-06,0.032102331271853204,78.72035004423918,400.0,100.0
calma,18440,nnls,False,0.8355963750361433,,,,,,
calma,18440,ssrc,False,0.037668736369507606,0.23080431520799777,0.001,0.020474531147052995,23.080431520799777,400.0,100.0
calma,18440,pls,False,3.34855856004305,,,,,,
calma,18440,naive,False,0.6318527514313922,,,,,,
calma,18460,ols,False,0.3773343429814216,,,,,,
calma,18460,ridge,False,0.3786706362690702,0.0007938653708698348,1e-06,0.03657250702530419,79.38653708698348,400.0,100.0
calma,18460,nnls,False,0.816557482488583,,,,,,
calma,18460,ssrc,False,0.12084948432526783,0.023004955597344542,0.0001,0.017153297899584183,23.004955597344544,400.0,100.0
calma,18460,pls,False,2.7531665241152896,,,,,,
calma,18460,naive,False,0.8537608898724248,,,,,,
calma,18480,ols,False,0.6145283872040875,,,,,,
calma,18480,ridge,False,0.5632134272804918,0.0804262872849242,0.0001,0.051148652304928266,80.4262872849242,400.0,100.0
calma,18480,nnls,False,0.7912713302241575,,,,,,
calma,18480,ssrc,False,0.44391628293495383,0.022847310497413002,0.0001,0.02188051135360306,22.847310497413,400.0,100.0
calma,18480,pls,False,3.0737080938018795,,,,,,
calma,18480,naive,False,0.7236260545508768,,,,,,
calma,18500,ols,False,0.09515186012143141,,,,,,
calma,18500,ridge,False,0.06459477357336454,0.08171453159474677,0.0001,0.05582984409358307,81.71453159474677,400.0,100.0
calma,18500,nnls,False,1.02863085910021,,,,,,
calma,18500,ssrc,False,0.03824077873017313,0.023348964026928314,0.0001,0.027668451032007723,23.348964026928314,400.0,100.0
calma,18500,pls,False,2.373037929913305,,,,,,
calma,18500,naive,False,0.774356639027878,,,,,,
calma,18520,ols,False,0.2501685238422868,,,,,,
calma,18520,ridge,False,0.18394050078525784,0.08183680822213224,0.0001,0.05581663972540593,81.83680822213223,400.0,100.0
calma,18520,nnls,False,0.4878699331434815,,,,,,
calma,18520,ssrc,False,0.0324527792171976,0.02360022433777002,0.0001,0.031136362544728555,23.60022433777002,400.0,100.0
calma,18520,pls,False,0.43455078180726153,,,,,,
calma,18520,naive,False,0.5728332319481144,,,,,,
calma,18540,ols,False,0.1409460643593166,,,,,,
calma,18540,ridge,False,0.14281965185173456,0.08394658924901419,0.0001,0.05771781040087053,83.9465892490142,400.0,100.0
calma,18540,nnls,False,0.33646307999997405,,,,,,
calma,18540,ssrc,False,0.3406302197040482,2.3644872493069666e-06,1e-08,0.0350350525243077,23.64487249306967,400.0,100.0
calma,18540,pls,False,0.9173322827653532,,,,,,
calma,18540,naive,False,0.33472610462499697,,,,,,
calma,18560,ols,False,0.049363681186986835,,,,,,
calma,18560,ridge,False,0.004896488619053961,0.08460410550351144,0.0001,0.06578638756435275,84.60410550351145,400.0,100.0
calma,18560,nnls,False,1.468369333396914,,,,,,
calma,18560,ssrc,False,0.04568671909887903,2.359563745280994e-06,1e-08,0.038527058517804996,23.595637452809942,400.0,100.0
calma,18560,pls,False,3.0897887810611033,,,,,,
calma,18560,naive,False,1.1964412503310256,,,,,,
calma,18580,ols,False,0.02808443545369574,,,,,,
calma,18580,ridge,False,0.02682816349296971,0.0008887202672418356,1e-06,0.059103996851821626,88.87202672418357,400.0,100.0
calma,18580,nnls,False,1.4454167968728728,,,,,,
calma,18580,ssrc,False,0.035602115997165854,2.41653137539952e-06,1e-08,0.033710010157603075,24.165313753995203,400.0,100.0
calma,18580,pls,False,3.2017248692303957,,,,,,
calma,18580,naive,False,1.690976154331835,,,,,,
calma,18600,ols,False,0.31225846553117703,,,,,,
calma,18600,ridge,False,0.29747077437447533,0.08677347251517882,0.0001,0.06412455234825602,86.77347251517881,400.0,100.0
calma,18600,nnls,False,0.48207623152792484,,,,,,
calma,18600,ssrc,False,0.1701537002429575,2.3750712846714065e-06,1e-08,0.03177996454346964,23.750712846714066,400.0,100.0
calma,18600,pls,False,2.646864178841441,,,,,,
calma,18600,naive,False,0.4291548768861531,,,,,,
calma,18620,ols,False,0.2769350422408378,,,,,,
calma,18620,ridge,False,0.30092447943394773,0.08617578803585081,0.0001,0.06640409778402544,86.17578803585081,400.0,100.0
calma,18620,nnls,False,0.7848601533007413,,,,,,
calma,18620,ssrc,False,0.04701513819068065,2.336960763365569e-06,1e-08,0.0304309008677361,23.36960763365569,400.0,100.0
calma,18620,pls,False,2.78496673561297,,,,,,
calma,18620,naive,False,0.7112071055098754,,,,,,
calma,18640,ols,False,0.01743468320293814,,,,,,
calma,18640,ridge,False,0.0769879211033034,0.08571338875024909,0.0001,0.07344514255226921,85.7133887502491,400.0,100.0
calma,18640,nnls,False,1.4615452604072259,,,,,,
calma,18640,ssrc,False,0.13862685743303407,2.312504846079806e-06,1e-08,0.029493540715854846,23.125048460798062,400.0,100.0
calma,18640,pls,False,1.364636555144162,,,,,,
calma,18640,naive,False,1.557080445698072,,,,,,
calma,18660,ols,False,0.061682472582451124,,,,,,
calma,18660,ridge,False,0.034271556527571384,0.08305950126468505,0.0001,0.06436376536162132,83.05950126468505,400.0,100.0
calma,18660,nnls,False,0.11255200925982599,,,,,,
calma,18660,ssrc,False,0.19185816271427727,2.329350048710986e-06,1e-08,0.028825062658239337,23.293500487109863,400.0,100.0
calma,18660,pls,False,1.2771502404517663,,,,,,
calma,18660,naive,False,0.09828325816828594,,,,,,
calma,18680,ols,False,0.32585377466003523,,,,,,
calma,18680,ridge,False,0.35068989436505793,0.08348661097440052,0.0001,0.0648192551289922,83.48661097440052,400.0,100.0
calma,18680,nnls,False,0.9111788880095435,,,,,,
calma,18680,ssrc,False,0.12497538296167607,0.02302078962354668,0.0001,0.028545605217322384,23.02078962354668,400.0,100.0
calma,18680,pls,False,2.612542879282944,,,,,,
calma,18680,naive,False,0.8288425811833001,,,,,,
calma,18700,ols,False,0.1442995539333829,,,,,,
calma,18700,ridge,False,0.21105383450065637,0.08599926069919578,0.0001,0.06809371363192039,85.99926069919579,400.0,100.0
calma,18700,nnls,False,1.4938758273053452,,,,,,
calma,18700,ssrc,False,0.008767272553409153,0.00022960447639276834,1e-06,0.02529424588777002,22.960447639276836,400.0,100.0
calma,18700,pls,False,1.6205512208031494,,,,,,
calma,18700,naive,False,1.6636277046977286,,,,,,
calma,18720,ols,False,0.30978711492513106,,,,,,
calma,18720,ridge,False,0.26929946166245944,0.0874313455921712,0.0001,0.06907517967946958,87.4313455921712,400.0,100.0
calma,18720,nnls,False,0.3652232119564844,,,,,,
calma,18720,ssrc,False,0.09609848742736936,0.02317831182412305,0.0001,0.025565356524649297,23.17831182412305,400.0,100.0
calma,18720,pls,False,2.2180355549951445,,,,,,
calma,18720,naive,False,0.353887366784192,,,,,,
calma,18740,ols,False,0.3274210059739574,,,,,,
calma,18740,ridge,False,0.3374624513465578,0.08999264589465865,0.0001,0.06666684774997605,89.99264589465865,400.0,100.0
calma,18740,nnls,False,0.8222984028412704,,,,,,
calma,18740,ssrc,False,0.0263640642811062,0.023244079348678805,0.0001,0.025426193730098565,23.244079348678806,400.0,100.0
calma,18740,pls,False,0.2751834254676492,,,,,,
calma,18740,naive,False,0.7594006584652349,,,,,,
calma,18760,ols,False,0.5673484426409455,,,,,,
calma,18760,ridge,False,0.597107051875846,0.08569856995515865,0.0001,0.06829958010331023,85.69856995515865,400.0,100.0
calma,18760,nnls,False,0.8272374602729222,,,,,,
calma,18760,ssrc,False,0.08653991542245909,0.022919221672038467,0.0001,0.025641798590234233,22.919221672038468,400.0,100.0
calma,18760,pls,False,2.914128578872251,,,,,,
calma,18760,naive,False,1.042872174500862,,,,,,
calma,18780,ols,False,0.3665189131475499,,,,,,
calma,18780,ridge,False,0.2964660536948303,0.08779982876461104,0.0001,0.06977803145227539,87.79982876461105,400.0,100.0
calma,18780,nnls,False,1.1745387351761623,,,,,,
calma,18780,ssrc,False,0.1406071341415819,0.023043106091380595,0.0001,0.02680508434399197,23.043106091380594,400.0,100.0
calma,18780,pls,False,3.290940699583414,,,,,,
calma,18780,naive,False,1.2019320042256065,,,,,,
calma,18800,ols,False,0.031414376349517846,,,,,,
calma,18800,ridge,False,0.042797956270519154,0.08857858116006515,0.0001,0.06439549644590375,88.57858116006514,400.0,100.0
calma,18800,nnls,False,0.15276519393986562,,,,,,
calma,18800,ssrc,False,0.06188419678963124,0.023135548282089795,0.0001,0.02484484941836343,23.135548282089797,400.0,100.0
calma,18800,pls,False,1.5738925285798506,,,,,,
calma,18800,naive,False,0.1155859486677289,,,,,,
calma,18820,ols,False,0.2186080391602654,,,,,,
calma,18820,ridge,False,0.25224340042054605,0.08866636048495692,0.0001,0.06985565243085155,88.66636048495693,400.0,100.0
calma,18820,nnls,False,1.3993795015848804,,,,,,
calma,18820,ssrc,False,0.2141013905632073,0.022889689990112014,0.0001,0.02701545596675444,22.889689990112018,400.0,100.0
calma,18820,pls,False,3.012768024755029,,,,,,
calma,18820,naive,False,1.2537038161644656,,,,,,
calma,18840,ols,False,0.1322056048134039,,,,,,
calma,18840,ridge,False,0.13218219418278407,8.613932916636548e-06,1e-08,0.0622265638186921,86.13932916636548,400.0,100.0
calma,18840,nnls,False,0.8184356455471696,,,,,,
calma,18840,ssrc,False,0.010782024380555734,0.023356182354506774,0.0001,0.022815464373319463,23.356182354506775,400.0,100.0
calma,18840,pls,False,2.030600743097381,,,,,,
calma,18840,naive,False,0.8759881968263907,,,,,,
calma,18860,ols,False,0.04616480665509297,,,,,,
calma,18860,ridge,False,0.05348142145740552,0.08650078868041436,0.0001,0.060802701214985884,86.50078868041436,400.0,100.0
calma,18860,nnls,False,0.19835404779984364,,,,,,
calma,18860,ssrc,False,0.08968821086655165,0.023095656567724054,0.0001,0.022658693996204845,23.095656567724053,400.0,100.0
calma,18860,pls,False,0.9476386149925735,,,,,,
calma,18860,naive,False,0.20171084256425015,,,,,,
calma,18880,ols,False,0.1030587716153772,,,,,,
calma,18880,ridge,False,0.13625869936295565,0.08696996521590981,0.0001,0.06533947093460397,86.96996521590981,400.0,100.0
calma,18880,nnls,False,1.462295402458649,,,,,,
calma,18880,ssrc,False,0.10557720119845802,0.022690980067446596,0.0001,0.023218709696184812,22.690980067446596,400.0,100.0
calma,18880,pls,False,3.0327078076488903,,,,,,
calma,18880,naive,False,1.2206628449536876,,,,,,
calma,18900,ols,False,0.11383162993642497,,,,,,
calma,18900,ridge,False,0.1136672105825106,0.0009195072512240654,1e-06,0.06389419120041957,91.95072512240654,400.0,100.0
calma,18900,nnls,False,1.0026475575171474,,,,,,
calma,18900,ssrc,False,0.15050339992376693,0.023004071223111985,0.0001,0.02528491931599067,23.004071223111985,400.0,100.0
calma,18900,pls,False,2.003781142060537,,,,,,
calma,18900,naive,False,1.120762993685199,,,,,,
calma,18920,ols,False,0.3957932970744982,,,,,,
calma,18920,ridge,False,0.3496960231346595,0.0944739976510699,0.0001,0.06099100278134296,94.4739976510699,400.0,100.0
calma,18920,nnls,False,0.5502516299432746,,,,,,
calma,18920,ssrc,False,0.01058191884628259,0.02284734564031989,0.0001,0.024638775760955887,22.847345640319887,400.0,100.0
calma,18920,pls,False,0.189542956472733,,,,,,
calma,18920,naive,False,0.5384456908738569,,,,,,
calma,18940,ols,False,0.15849718485766126,,,,,,
calma,18940,ridge,False,0.2099990423932777,0.09444596594618658,0.0001,0.06346647564503013,94.44596594618658,400.0,100.0
calma,18940,nnls,False,1.5840470800428932,,,,,,
calma,18940,ssrc,False,0.0028448419555083676,0.02277101128710153,0.0001,0.024840701696817312,22.77101128710153,400.0,100.0
calma,18940,pls,False,3.74533461377247,,,,,,
calma,18940,naive,False,1.3975920292942876,,,,,,
calma,18960,ols,False,0.48121988784183417,,,,,,
calma,18960,ridge,False,0.4813767418787767,0.000944392499964193,1e-06,0.06666608812953324,94.43924999641932,400.0,100.0
calma,18960,nnls,False,2.132669083623434,,,,,,
calma,18960,ssrc,False,0.057793912862141104,0.022668737952239,0.0001,0.024847367266107853,22.668737952239,400.0,100.0
calma,18960,pls,False,1.3452046831310494,,,,,,
calma,18960,naive,False,2.1536458525683098,,,,,,
calma,18980,ols,False,0.17577465115499574,,,,,,
calma,18980,ridge,False,0.1536303009426801,0.09608693429220044,0.0001,0.06203587824207941,96.08693429220045,400.0,100.0
calma,18980,nnls,False,0.22546276077265204,,,,,,
calma,18980,ssrc,False,0.11659546727982152,0.023023746839430845,0.0001,0.023288219365689863,23.023746839430846,400.0,100.0
calma,18980,pls,False,0.6732852510114294,,,,,,
calma,18980,naive,False,0.23898099190523084,,,,,,
calma,19000,ols,False,0.44194412510262965,,,,,,
calma,19000,ridge,False,0.4855748934444399,0.09512598209160167,0.0001,0.0680298311190341,95.12598209160167,400.0,100.0
calma,19000,nnls,False,1.4284626484882097,,,,,,
calma,19000,ssrc,False,0.14820974733560838,2.2549268498996605e-06,1e-08,0.020608879477328257,22.549268498996607,400.0,100.0
calma,19000,pls,False,3.3973817800554174,,,,,,
calma,19000,naive,False,1.2786025812828654,,,,,,
calma,19020,ols,False,0.13490288270174067,,,,,,
calma,19020,ridge,False,0.14620226069398384,0.09264707385556181,0.0001,0.0622552421927242,92.64707385556181,400.0,100.0
calma,19020,nnls,False,0.35420567307999073,,,,,,
calma,19020,ssrc,False,0.09537528526684097,0.021989543307962787,0.0001,0.01998909928348286,21.98954330796279,400.0,100.0
calma,19020,pls,False,1.6726481394660693,,,,,,
calma,19020,naive,False,0.31254952094600097,,,,,,
calma,19040,ols,False,0.017899711120705684,,,,,,
calma,19040,ridge,False,0.025720562044729126,0.09488189246567293,0.0001,0.07056487261722759,94.88189246567293,400.0,100.0
calma,19040,nnls,False,0.5742048452330148,,,,,,
calma,19040,ssrc,False,0.18247484649947102,0.022020731415402728,0.0001,0.026344532666823,22.02073141540273,400.0,100.0
calma,19040,pls,False,1.4553132584633166,,,,,,
calma,19040,naive,False,0.6730013726258277,,,,,,
calma,19060,ols,False,0.21558099712980955,,,,,,
calma,19060,ridge,False,0.21552878899078493,9.411398738010016e-06,1e-08,0.06213998212771415,94.11398738010017,400.0,100.0
calma,19060,nnls,False,0.7193989366383864,,,,,,
calma,19060,ssrc,False,0.073813630956549,0.022345284862199243,0.0001,0.032513690738784906,22.345284862199243,400.0,100.0
calma,19060,pls,False,0.8882896045577625,,,,,,
calma,19060,naive,False,0.6341886647560275,,,,,,
calma,19080,ols,False,0.16531125885668194,,,,,,
calma,19080,ridge,False,0.16544322448751275,0.0008946641232643883,1e-06,0.05380224207322977,89.46641232643884,400.0,100.0
calma,19080,nnls,False,1.0529519849440476,,,,,,
calma,19080,ssrc,False,0.01934160588866796,0.02221202425411375,0.0001,0.03426756890312445,22.21202425411375,400.0,100.0
calma,19080,pls,False,0.1999625445235356,,,,,,
calma,19080,naive,False,1.1134705122552169,,,,,,
calma,19100,ols,False,0.30380739022393083,,,,,,
calma,19100,ridge,False,0.30116398818988527,0.0008849312083570732,1e-06,0.04318305578293236,88.49312083570732,400.0,100.0
calma,19100,nnls,False,1.0615683460021408,,,,,,
calma,19100,ssrc,False,0.0024200898444509534,0.22377935059040255,0.001,0.03614176900625036,22.377935059040254,400.0,100.0
calma,19100,pls,False,1.1965209579379823,,,,,,
calma,19100,naive,False,0.9666489506775173,,,,,,
calma,19120,ols,False,0.310254421620605,,,,,,
calma,19120,ridge,False,0.31161034571270707,0.0008734844011502038,1e-06,0.043852821163214276,87.34844011502038,400.0,100.0
calma,19120,nnls,False,1.5450451052028247,,,,,,
calma,19120,ssrc,False,0.007933831249726379,0.22526111714166094,0.001,0.035656962042391646,22.526111714166095,400.0,100.0
calma,19120,pls,False,0.7712971367794345,,,,,,
calma,19120,naive,False,1.6122430414028792,,,,,,
calma,19140,ols,False,0.01564621913338143,,,,,,
calma,19140,ridge,False,0.01552659393033974,0.0008416142637417756,1e-06,0.035968217287127305,84.16142637417757,400.0,100.0
calma,19140,nnls,False,0.20975065995138714,,,,,,
calma,19140,ssrc,False,0.06465029687663501,0.2238300531128818,0.001,0.028397734231551987,22.38300531128818,400.0,100.0
calma,19140,pls,False,0.8037931234930369,,,,,,
calma,19140,naive,False,0.20029329255283213,,,,,,
calma,19160,ols,False,0.5410763884728244,,,,,,
calma,19160,ridge,False,0.543934867686871,0.0008378633536231775,1e-06,0.046081787504655615,83.78633536231776,400.0,100.0
calma,19160,nnls,False,1.8713280299680533,,,,,,
calma,19160,ssrc,False,0.07115081266073138,0.022103405823010083,0.0001,0.01881717292326921,22.103405823010082,400.0,100.0
calma,19160,pls,False,3.7722226043699147,,,,,,
calma,19160,naive,False,1.698354639973907,,,,,,
calma,19180,ols,False,0.6741103174684312,,,,,,
calma,19180,ridge,False,0.7602536742151011,0.08623098655586424,0.0001,0.05492109027927909,86.23098655586423,400.0,100.0
calma,19180,nnls,False,1.8305062371655956,,,,,,
calma,19180,ssrc,False,0.1753016804853699,0.02238973382615801,0.0001,0.017749509228423128,22.389733826158007,400.0,100.0
calma,19180,pls,False,2.18636176126082,,,,,,
calma,19180,naive,False,2.0322786774727173,,,,,,
calma,19200,ols,False,0.2026926953473764,,,,,,
calma,19200,ridge,False,0.15654696976312363,0.0865526836206356,0.0001,0.06368576068139299,86.5526836206356,400.0,100.0
calma,19200,nnls,False,0.1771054598666148,,,,,,
calma,19200,ssrc,False,0.06688015891890854,0.022523963102512857,0.0001,0.02062577249179676,22.52396310251286,400.0,100.0
calma,19200,pls,False,0.4623268092911869,,,,,,
calma,19200,naive,False,0.22545952198159802,,,,,,
calma,19220,ols,False,0.32814278664651,,,,,,
calma,19220,ridge,False,0.33201704780840263,0.0883734809754531,0.0001,0.06968408999584438,88.3734809754531,400.0,100.0
calma,19220,nnls,False,0.7439829483452205,,,,,,
calma,19220,ssrc,False,0.033953933765931456,0.022420073938008874,0.0001,0.024386425434375626,22.420073938008873,400.0,100.0
calma,19220,pls,False,0.3882229910287475,,,,,,
calma,19220,naive,False,0.6827552502380304,,,,,,
calma,19240,ols,False,0.2687536441356506,,,,,,
calma,19240,ridge,False,0.3058104174109812,0.08559399288823556,0.0001,0.06978096657040926,85.59399288823556,400.0,100.0
calma,19240,nnls,False,1.058446218796297,,,,,,
calma,19240,ssrc,False,0.021892423300195155,0.022521792553159184,0.0001,0.02331124942022438,22.521792553159184,400.0,100.0
calma,19240,pls,False,1.6770341837841214,,,,,,
calma,19240,naive,False,1.2495468929937061,,,,,,
calma,19260,ols,False,0.19052143014126138,,,,,,
calma,19260,ridge,False,0.15831599460912074,0.08660893052201835,0.0001,0.06529214460315674,86.60893052201834,400.0,100.0
calma,19260,nnls,False,0.15165376221073043,,,,,,
calma,19260,ssrc,False,0.1922938504447728,0.022652639127907267,0.0001,0.024305263729512888,22.652639127907268,400.0,100.0
calma,19260,pls,False,1.6030373561732132,,,,,,
calma,19260,naive,False,0.15629895158507998,,,,,,
calma,19280,ols,False,0.3806180508103938,,,,,,
calma,19280,ridge,False,0.41183280476756295,0.08528994073950096,0.0001,0.06583149898190305,85.28994073950095,400.0,100.0
calma,19280,nnls,False,1.1027549343112397,,,,,,
calma,19280,ssrc,False,0.0111740845407958,0.022422791836435557,0.0001,0.0261600730712483,22.422791836435557,400.0,100.0
calma,19280,pls,False,2.8733182930429253,,,,,,
calma,19280,naive,False,0.9816904313152678,,,,,,
calma,19300,ols,False,0.24735000257769135,,,,,,
calma,19300,ridge,False,0.1763708578398608,0.08529077320813909,0.0001,0.0630319767917364,85.2907732081391,400.0,100.0
calma,19300,nnls,False,1.7562304858209703,,,,,,
calma,19300,ssrc,False,0.11464480923295374,0.02247624239982772,0.0001,0.02566690759945462,22.476242399827722,400.0,100.0
calma,19300,pls,False,3.619185053714104,,,,,,
calma,19300,naive,False,1.4513456859900864,,,,,,
calma,19320,ols,False,0.29298988269646187,,,,,,
calma,19320,ridge,False,0.23298284175355302,0.08632556489561607,0.0001,0.062302093720900835,86.32556489561608,400.0,100.0
calma,19320,nnls,False,0.6837179492898984,,,,,,
calma,19320,ssrc,False,0.015628864209074313,0.022746814298047334,0.0001,0.02325507773159818,22.746814298047337,400.0,100.0
calma,19320,pls,False,2.3795374886083964,,,,,,
calma,19320,naive,False,0.7208280304281437,,,,,,
calma,19340,ols,False,0.3270512299013639,,,,,,
calma,19340,ridge,False,0.3258943814148562,0.08590933906229116,0.0001,0.06834469934346661,85.90933906229117,400.0,100.0
calma,19340,nnls,False,0.6239470099041596,,,,,,
calma,19340,ssrc,False,0.2437066562643909,0.022362746989051004,0.0001,0.023982621031477577,22.362746989051004,400.0,100.0
calma,19340,pls,False,2.2781879103767024,,,,,,
calma,19340,naive,False,0.5408572292163608,,,,,,
calma,19360,ols,False,0.04918392412864716,,,,,,
calma,19360,ridge,False,0.0033073224194073176,0.08747694411354952,0.0001,0.06955532834173474,87.47694411354952,400.0,100.0
calma,19360,nnls,False,1.597493506396553,,,,,,
calma,19360,ssrc,False,0.025999534968183243,0.022666677874878013,0.0001,0.028575558643804833,22.666677874878015,400.0,100.0
calma,19360,pls,False,3.3136533970956825,,,,,,
calma,19360,naive,False,1.3204822685592512,,,,,,
calma,19380,ols,False,0.39051710206734874,,,,,,
calma,19380,ridge,False,0.3981315312393576,0.0008834794809143603,1e-06,0.06380166322101666,88.34794809143604,400.0,100.0
calma,19380,nnls,False,2.967495442215452,,,,,,
calma,19380,ssrc,False,0.36938850064497736,0.00022674989637308965,1e-06,0.026752737439143484,22.67498963730897,400.0,100.0
calma,19380,pls,False,5.654375788887639,,,,,,
calma,19380,naive,False,2.694393228082459,,,,,,
calma,19400,ols,False,0.026052628598146863,,,,,,
calma,19400,ridge,False,0.007776312787570917,0.08835266859321009,0.0001,0.06554083051399037,88.35266859321008,400.0,100.0
calma,19400,nnls,False,0.0022016237863687663,,,,,,
calma,19400,ssrc,False,0.009128313677846247,2.257929848606422e-06,1e-08,0.02739011362950488,22.57929848606422,400.0,100.0
calma,19400,pls,False,0.7512960832882793,,,,,,
calma,19400,naive,False,0.04630808110903386,,,,,,
calma,19420,ols,False,0.23618683144073288,,,,,,
calma,19420,ridge,False,0.21084906509659374,0.08489632105455062,0.0001,0.05819890387441596,84.89632105455063,400.0,100.0
calma,19420,nnls,False,0.6154154488992672,,,,,,
calma,19420,ssrc,False,0.04483792364131354,2.2543756857239177e-06,1e-08,0.026778595088039564,22.543756857239178,400.0,100.0
calma,19420,pls,False,3.0414545521563148,,,,,,
calma,19420,naive,False,0.41565089782198533,,,,,,
calma,19440,ols,False,0.1718169363219039,,,,,,
calma,19440,ridge,False,0.17183540376487544,8.618326008055828e-06,1e-08,0.051023161999922365,86.18326008055828,400.0,100.0
calma,19440,nnls,False,0.20551274035153988,,,,,,
calma,19440,ssrc,False,0.23123423213287125,0.022864100755969233,0.0001,0.02533325215525112,22.864100755969233,400.0,100.0
calma,19440,pls,False,1.5508775068899412,,,,,,
calma,19440,naive,False,0.23929385092586697,,,,,,
calma,19460,ols,False,0.32055350888730466,,,,,,
calma,19460,ridge,False,0.32038183651628455,0.0008458268827532851,1e-06,0.048380601221753305,84.58268827532852,400.0,100.0
calma,19460,nnls,False,0.9320314583510774,,,,,,
calma,19460,ssrc,False,0.03114931792021689,2.265251348149589e-06,1e-08,0.021554059128083513,22.652513481495888,400.0,100.0
calma,19460,pls,False,0.3173756187605636,,,,,,
calma,19460,naive,False,0.887360627403206,,,,,,
calma,19480,ols,False,0.5565255433934388,,,,,,
calma,19480,ridge,False,0.5565713291244151,8.309976205359414e-06,1e-08,0.05588624850876767,83.09976205359413,400.0,100.0
calma,19480,nnls,False,0.708296918575372,,,,,,
calma,19480,ssrc,False,0.002487984546294738,0.0002252450610642089,1e-06,0.02101844200128626,22.52450610642089,400.0,100.0
calma,19480,pls,False,0.7270390137787424,,,,,,
calma,19480,naive,False,1.0201511598686182,,,,,,
calma,19500,ols,False,0.41934790057442217,,,,,,
calma,19500,ridge,False,0.42039272653945475,0.0008385229413698126,1e-06,0.05417398223675273,83.85229413698127,400.0,100.0
calma,19500,nnls,False,2.378989053980853,,,,,,
calma,19500,ssrc,False,0.19804826475422727,0.022473795307864756,0.0001,0.020794911576367273,22.47379530786476,400.0,100.0
calma,19500,pls,False,6.131382205404594,,,,,,
calma,19500,naive,False,2.1241402381738523,,,,,,
calma,19520,ols,False,0.07772293059998565,,,,,,
calma,19520,ridge,False,0.11202280483640588,0.08590556959893125,0.0001,0.06486738680343523,85.90556959893125,400.0,100.0
calma,19520,nnls,False,0.3412349319940849,,,,,,
calma,19520,ssrc,False,0.6417209775142606,0.02300165581519872,0.0001,0.0306701499416996,23.00165581519872,400.0,100.0
calma,19520,pls,False,1.265938889899985,,,,,,
calma,19520,naive,False,0.21531113030648932,,,,,,
calma,19540,ols,False,0.22423716877831318,,,,,,
calma,19540,ridge,False,0.2225066820911696,0.0008342673995841846,1e-06,0.0597827497611735,83.42673995841847,400.0,100.0
calma,19540,nnls,False,0.46845813812301373,,,,,,
calma,19540,ssrc,False,0.1517052310777049,0.02332236617734981,0.0001,0.036670467997448324,23.32236617734981,400.0,100.0
calma,19540,pls,False,0.7682126936072807,,,,,,
calma,19540,naive,False,0.7361807307619577,,,,,,
calma,19560,ols,False,0.05663719251495999,,,,,,
calma,19560,ridge,False,0.055105619492582594,0.0008661272650599207,1e-06,0.05613425146327661,86.61272650599209,400.0,100.0
calma,19560,nnls,False,0.3697356301804962,,,,,,
calma,19560,ssrc,False,0.05834063112872964,0.02360765169043145,0.0001,0.04216053776467226,23.60765169043145,400.0,100.0
calma,19560,pls,False,1.5983759689879138,,,,,,
calma,19560,naive,False,0.2784029912413305,,,,,,
calma,19580,ols,False,0.20569116402123777,,,,,,
calma,19580,ridge,False,0.20568854281512328,8.797162611981959e-06,1e-08,0.048081199666069774,87.97162611981959,400.0,100.0
calma,19580,nnls,False,1.2843511246941188,,,,,,
calma,19580,ssrc,False,0.03859551321783379,0.02365374531867061,0.0001,0.04756908593671499,23.653745318670612,400.0,100.0
calma,19580,pls,False,2.7489059691098037,,,,,,
calma,19580,naive,False,1.0240480454754346,,,,,,
calma,19600,ols,False,0.4467154455503026,,,,,,
calma,19600,ridge,False,0.4451085088798094,0.0009293101903068086,1e-06,0.05095737989480162,92.93101903068087,400.0,100.0
calma,19600,nnls,False,2.007071029998602,,,,,,
calma,19600,ssrc,False,0.13033868050245342,0.23814425051700577,0.001,0.047427268551023215,23.814425051700578,400.0,100.0
calma,19600,pls,False,4.825507947730648,,,,,,
calma,19600,naive,False,2.22769946942344,,,,,,
calma,19620,ols,False,0.07171286111932976,,,,,,
calma,19620,ridge,False,0.07162213814953693,0.0009317776981776186,1e-06,0.05079093613266664,93.17776981776188,400.0,100.0
calma,19620,nnls,False,0.0330744657628768,,,,,,
calma,19620,ssrc,False,0.011195232209834073,2.367823223391366e-06,1e-08,0.03735800503919366,23.67823223391366,400.0,100.0
calma,19620,pls,False,1.4296819904758238,,,,,,
calma,19620,naive,False,0.017828537599160133,,,,,,
calma,19640,ols,False,0.35387467469961414,,,,,,
calma,19640,ridge,False,0.3742695925445778,0.09392250884241075,0.0001,0.05945914054574832,93.92250884241076,400.0,100.0
calma,19640,nnls,False,0.9924261717276178,,,,,,
calma,19640,ssrc,False,0.5709351301055224,2.3442438862320808e-06,1e-08,0.03164678544104588,23.44243886232081,400.0,100.0
calma,19640,pls,False,2.8070007921819897,,,,,,
calma,19640,naive,False,0.8558248007474525,,,,,,
calma,19660,ols,False,0.20186165822655497,,,,,,
calma,19660,ridge,False,0.2017992404831125,0.0009652187823501984,1e-06,0.06079747675335666,96.52187823501986,400.0,100.0
calma,19660,nnls,False,1.143587821313211,,,,,,
calma,19660,ssrc,False,0.2589752606749477,2.410328465892921e-06,1e-08,0.029800465138774403,24.103284658929212,400.0,100.0
calma,19660,pls,False,2.5416013294783295,,,,,,
calma,19660,naive,False,1.426098153530442,,,,,,
calma,19680,ols,False,0.2072309040232671,,,,,,
calma,19680,ridge,False,0.23846261939890687,0.09622920622232084,0.0001,0.057190335762097824,96.22920622232084,400.0,100.0
calma,19680,nnls,False,0.7383460567290708,,,,,,
calma,19680,ssrc,False,0.24818619417048093,0.0002445294853557303,1e-06,0.029459026792218644,24.45294853557303,400.0,100.0
calma,19680,pls,False,2.4054676250792015,,,,,,
calma,19680,naive,False,0.6394293373557642,,,,,,
calma,19700,ols,False,0.32393657361269357,,,,,,
calma,19700,ridge,False,0.281166690909094,0.09445120011916455,0.0001,0.05554658080734628,94.45120011916455,400.0,100.0
calma,19700,nnls,False,1.4863067517769484,,,,,,
calma,19700,ssrc,False,0.09454212183485969,2.437639332510011e-06,1e-08,0.030759202123833224,24.37639332510011,400.0,100.0
calma,19700,pls,False,3.1910036589532282,,,,,,
calma,19700,naive,False,1.2231654046940261,,,,,,
calma,19720,ols,False,0.2926927741036821,,,,,,
calma,19720,ridge,False,0.2926188138035813,9.522022155779786e-06,1e-08,0.058408979787786156,95.22022155779786,400.0,100.0
calma,19720,nnls,False,2.0880189525019075,,,,,,
calma,19720,ssrc,False,0.30024674572708504,0.024546675214266577,0.0001,0.028186111066694573,24.54667521426658,400.0,100.0
calma,19720,pls,False,1.8490357023013597,,,,,,
calma,19720,naive,False,2.117723242172601,,,,,,
calma,19740,ols,False,0.055417040229711625,,,,,,
calma,19740,ridge,False,0.038363246418277715,0.09737976033322303,0.0001,0.0568598829250005,97.37976033322303,400.0,100.0
calma,19740,nnls,False,0.004679087075297212,,,,,,
calma,19740,ssrc,False,0.08245199360367324,2.465241927611548e-06,1e-08,0.026543097756436124,24.65241927611548,400.0,100.0
calma,19740,pls,False,1.1931834533426218,,,,,,
calma,19740,naive,False,0.021797044223517817,,,,,,
calma,19760,ols,False,0.3557722764641057,,,,,,
calma,19760,ridge,False,0.3671182256052308,0.09978325464108392,0.0001,0.06838178335301773,99.78325464108393,400.0,100.0
calma,19760,nnls,False,0.8142719871874766,,,,,,
calma,19760,ssrc,False,0.1850905173274987,0.024439435506875853,0.0001,0.032733072869371986,24.439435506875853,400.0,100.0
calma,19760,pls,False,1.2780140724150475,,,,,,
calma,19760,naive,False,0.765791181000354,,,,,,
calma,19780,ols,False,0.1379953896102149,,,,,,
calma,19780,ridge,False,0.12381998865358837,0.09949254182893812,0.0001,0.067281434235704,99.49254182893812,400.0,100.0
calma,19780,nnls,False,1.4819277499412105,,,,,,
calma,19780,ssrc,False,0.0014831776858993443,0.02482171927025116,0.0001,0.03225206131084013,24.82171927025116,400.0,100.0
calma,19780,pls,False,1.5717053657502964,,,,,,
calma,19780,naive,False,1.346111887120759,,,,,,
calma,19800,ols,False,0.23594051736314345,,,,,,
calma,19800,ridge,False,0.27192586780673506,0.09773366039493517,0.0001,0.06104705630910304,97.73366039493517,400.0,100.0
calma,19800,nnls,False,0.8063066273126378,,,,,,
calma,19800,ssrc,False,0.019294212247434033,0.024799454571677156,0.0001,0.03251914593325747,24.799454571677156,400.0,100.0
calma,19800,pls,False,0.6114690300342293,,,,,,
calma,19800,naive,False,0.7601460123410463,,,,,,
calma,19820,ols,False,0.3535142438457229,,,,,,
calma,19820,ridge,False,0.3541193776039094,0.0009380961377731772,1e-06,0.05443183994521891,93.80961377731774,400.0,100.0
calma,19820,nnls,False,1.4726546353821495,,,,,,
calma,19820,ssrc,False,0.15650148602040337,2.4567487074248233e-06,1e-08,0.03171414422013259,24.567487074248234,400.0,100.0
calma,19820,pls,False,3.877617407629123,,,,,,
calma,19820,naive,False,1.5121467247453244,,,,,,
calma,19840,ols,False,0.4449196733051328,,,,,,
calma,19840,ridge,False,0.44439430294021826,0.0009475297915556256,1e-06,0.05265726782469411,94.75297915556257,400.0,100.0
calma,19840,nnls,False,0.8149391873075689,,,,,,
calma,19840,ssrc,False,0.09523754262380911,0.000247879291421848,1e-06,0.03160456597589992,24.7879291421848,400.0,100.0
calma,19840,pls,False,2.958679045222132,,,,,,
calma,19840,naive,False,0.7816233599562065,,,,,,
calma,19860,ols,False,0.13285014516800014,,,,,,
calma,19860,ridge,False,0.13287350958645616,0.0009515897698845905,1e-06,0.04938316486719321,95.15897698845906,400.0,100.0
calma,19860,nnls,False,0.3159348529700755,,,,,,
calma,19860,ssrc,False,0.1436821487826409,0.024610933445808853,0.0001,0.02461857335790028,24.610933445808854,400.0,100.0
calma,19860,pls,False,0.9269159396258321,,,,,,
calma,19860,naive,False,0.31558808743761363,,,,,,
calma,19880,ols,False,0.07430508268581054,,,,,,
calma,19880,ridge,False,0.0389101704575271,0.09425458555535979,0.0001,0.060386048132101716,94.25458555535978,400.0,100.0
calma,19880,nnls,False,1.374150096877353,,,,,,
calma,19880,ssrc,False,0.06765124577546318,0.024618570747449827,0.0001,0.02526351061564226,24.618570747449827,400.0,100.0
calma,19880,pls,False,3.059128387134926,,,,,,
calma,19880,naive,False,1.1118769959145578,,,,,,
calma,19900,ols,False,0.1303042671185628,,,,,,
calma,19900,ridge,False,0.06663205785813069,0.09449573655599756,0.0001,0.06467467246184497,94.49573655599755,400.0,100.0
calma,19900,nnls,False,1.2761873810746134,,,,,,
calma,19900,ssrc,False,0.042681760504694514,0.24661552385039706,0.001,0.025098141464301987,24.66155238503971,400.0,100.0
calma,19900,pls,False,2.72933672860065,,,,,,
calma,19900,naive,False,1.4414870711091383,,,,,,
calma,19920,ols,False,0.35581812953643577,,,,,,
calma,19920,ridge,False,0.3387287708962577,0.09577717125879154,0.0001,0.0691385894269423,95.77717125879154,400.0,100.0
calma,19920,nnls,False,0.5604920640386066,,,,,,
calma,19920,ssrc,False,0.33221227127475467,0.24541378938455807,0.001,0.02532838411627406,24.541378938455807,400.0,100.0
calma,19920,pls,False,2.6004590806082586,,,,,,
calma,19920,naive,False,0.5014569998242552,,,,,,
calma,19940,ols,False,0.443826731080335,,,,,,
calma,19940,ridge,False,0.48517234861326886,0.09632081393675823,0.0001,0.0693174648220764,96.32081393675823,400.0,100.0
calma,19940,nnls,False,2.028959746245722,,,,,,
calma,19940,ssrc,False,0.06295005887647835,0.2445874079003041,0.001,0.026947117647058486,24.458740790030408,400.0,100.0
calma,19940,pls,False,4.2737948357351785,,,,,,
calma,19940,naive,False,1.8511274003985279,,,,,,
calma,19960,ols,False,0.15227045927539393,,,,,,
calma,19960,ridge,False,0.2837302921123252,0.0982830237225698,0.0001,0.06817386480584083,98.28302372256981,400.0,100.0
calma,19960,nnls,False,2.523721353388021,,,,,,
calma,19960,ssrc,False,0.10545516606753783,0.24535681099700354,0.001,0.02538644401642757,24.535681099700355,400.0,100.0
calma,19960,pls,False,6.346982761215384,,,,,,
calma,19960,naive,False,2.390053364475586,,,,,,
calma,19980,ols,False,0.0640659233698033,,,,,,
calma,19980,ridge,False,0.0289698322289941,0.10096828753648196,0.0001,0.06585856246171032,100.96828753648197,400.0,100.0
calma,19980,nnls,False,0.018281937563711253,,,,,,
calma,19980,ssrc,False,0.2764406973563367,0.024929201041355414,0.0001,0.025629632111291,24.929201041355412,400.0,100.0
calma,19980,pls,False,0.748236387817788,,,,,,
calma,19980,naive,False,0.11537840361648684,,,,,,
calma,20000,ols,False,0.1877052170124866,,,,,,
calma,20000,ridge,False,0.22586749913065465,0.10125579373295326,0.0001,0.0625147905185905,101.25579373295326,400.0,100.0
calma,20000,nnls,False,1.6706772109913715,,,,,,
calma,20000,ssrc,False,0.05115318773166453,0.025487282174343963,0.0001,0.02645506256517119,25.487282174343964,400.0,100.0
calma,20000,pls,False,3.5544610568290094,,,,,,
calma,20000,naive,False,1.4609964536170452,,,,,,
calma,20020,ols,False,0.13671669985693394,,,,,,
calma,20020,ridge,False,0.13607423260870954,0.0010200267949661715,1e-06,0.059176885290618264,102.00267949661715,400.0,100.0
calma,20020,nnls,False,1.256128245352411,,,,,,
calma,20020,ssrc,False,0.006085928740866478,0.025418274946965566,0.0001,0.02517688739769266,25.418274946965568,400.0,100.0
calma,20020,pls,False,3.2439130042504827,,,,,,
calma,20020,naive,False,1.7024762560484028,,,,,,
calma,20040,ols,False,0.49688511275777997,,,,,,
calma,20040,ridge,False,0.39822516358340543,0.10157522975453902,0.0001,0.06261305255294243,101.57522975453901,400.0,100.0
calma,20040,nnls,False,1.2323997049755415,,,,,,
calma,20040,ssrc,False,0.10292810682957691,0.024864113408719617,0.0001,0.023663390771702087,24.864113408719618,400.0,100.0
calma,20040,pls,False,3.413078975407392,,,,,,
calma,20040,naive,False,1.1470183156078573,,,,,,
calma,20060,ols,False,0.2815448982201689,,,,,,
calma,20060,ridge,False,0.31489691710067047,0.09961242384060845,0.0001,0.06097101719052489,99.61242384060846,400.0,100.0
calma,20060,nnls,False,1.5392038719338015,,,,,,
calma,20060,ssrc,False,0.0018877311684055863,0.024588874434680025,0.0001,0.02636695741054581,24.588874434680022,400.0,100.0
calma,20060,pls,False,3.4350646527033124,,,,,,
calma,20060,naive,False,1.355673160441811,,,,,,
calma,20080,ols,False,0.004423973277701892,,,,,,
calma,20080,ridge,False,0.004430144471505989,1.0227178795645678e-05,1e-08,0.05574027093548556,102.27178795645679,400.0,100.0
calma,20080,nnls,False,0.9449584115241633,,,,,,
calma,20080,ssrc,False,0.05630213634424518,0.024777089431364273,0.0001,0.02481979444151114,24.777089431364274,400.0,100.0
calma,20080,pls,False,2.1228314732965545,,,,,,
calma,20080,naive,False,1.2584319998929605,,,,,,
calma,20100,ols,False,0.17559152456813557,,,,,,
calma,20100,ridge,False,0.16239317759108707,0.09996824316301443,0.0001,0.06024734150201385,99.96824316301444,400.0,100.0
calma,20100,nnls,False,0.28544801966883493,,,,,,
calma,20100,ssrc,False,0.049261417232009004,0.02469290210838379,0.0001,0.023942617664682416,24.69290210838379,400.0,100.0
calma,20100,pls,False,0.5208997936832138,,,,,,
calma,20100,naive,False,0.2873302992818603,,,,,,
calma,20120,ols,False,0.5225075083285137,,,,,,
calma,20120,ridge,False,0.5607232994903405,0.09945247227646893,0.0001,0.06210129666205776,99.45247227646894,400.0,100.0
calma,20120,nnls,False,1.7824102761980345,,,,,,
calma,20120,ssrc,False,0.12415887771934105,0.024493495241696122,0.0001,0.025441218888398315,24.493495241696124,400.0,100.0
calma,20120,pls,False,3.9428248189132575,,,,,,
calma,20120,naive,False,1.6515842196329809,,,,,,
calma,20140,ols,False,1.0404339720239273,,,,,,
calma,20140,ridge,False,1.069112831911242,0.1005938952660533,0.0001,0.06246754544730512,100.5938952660533,400.0,100.0
calma,20140,nnls,False,0.6779701608282073,,,,,,
calma,20140,ssrc,False,0.17242897421970757,0.02473265235827812,0.0001,0.0250440401758694,24.73265235827812,400.0,100.0
calma,20140,pls,False,6.397795580379858,,,,,,
calma,20140,naive,False,0.6540102833759955,,,,,,
calma,20160,ols,False,0.14947759838792574,,,,,,
calma,20160,ridge,False,0.1075628910455472,0.10138673678806871,0.0001,0.06714992240742527,101.38673678806872,400.0,100.0
calma,20160,nnls,False,0.060125349944925986,,,,,,
calma,20160,ssrc,False,0.07375872605175789,0.024584972992301897,0.0001,0.025553363027455474,24.584972992301896,400.0,100.0
calma,20160,pls,False,0.7355930629659775,,,,,,
calma,20160,naive,False,0.1416507859184639,,,,,,
calma,20180,ols,False,0.22584897577136936,,,,,,
calma,20180,ridge,False,0.23879268859151456,0.10115944361564105,0.0001,0.06930363593380486,101.15944361564105,400.0,100.0
calma,20180,nnls,False,0.6066652914019447,,,,,,
calma,20180,ssrc,False,0.07435225211407456,2.4201152380631043e-06,1e-08,0.025610427358400703,24.201152380631044,400.0,100.0
calma,20180,pls,False,0.09522457152488802,,,,,,
calma,20180,naive,False,0.5923399977283232,,,,,,
calma,20200,ols,False,0.6070205604048456,,,,,,
calma,20200,ridge,False,0.6043300271723513,0.001004152965103753,1e-06,0.07368288937447176,100.4152965103753,400.0,100.0
calma,20200,nnls,False,0.010853681218567121,,,,,,
calma,20200,ssrc,False,0.0712861123321744,0.024002741913776708,0.0001,0.02604196188903968,24.002741913776706,400.0,100.0
calma,20200,pls,False,0.40242310904658996,,,,,,
calma,20200,naive,False,0.3423250189925605,,,,,,
calma,20220,ols,False,0.15131751120689405,,,,,,
calma,20220,ridge,False,0.17028329645296444,0.1016317696833994,0.0001,0.07381618132955191,101.6317696833994,400.0,100.0
calma,20220,nnls,False,1.5009218800590312,,,,,,
calma,20220,ssrc,False,0.06789154478004104,0.024112578841346648,0.0001,0.022846836830980988,24.112578841346647,400.0,100.0
calma,20220,pls,False,3.828245332270826,,,,,,
calma,20220,naive,False,1.9261114870677105,,,,,,
calma,20240,ols,False,0.105844980701495,,,,,,
calma,20240,ridge,False,0.12343786469927101,0.09986339080604473,0.0001,0.07025405516379295,99.86339080604472,400.0,100.0
calma,20240,nnls,False,0.3887089647817882,,,,,,
calma,20240,ssrc,False,0.1259271757319492,0.02395805660171733,0.0001,0.023252428844816646,23.95805660171733,400.0,100.0
calma,20240,pls,False,0.3502621808624634,,,,,,
calma,20240,naive,False,0.3762702617071526,,,,,,
calma,20260,ols,False,0.46618345610912765,,,,,,
calma,20260,ridge,False,0.49013247030112617,0.0967411800987754,0.0001,0.07017329512350327,96.7411800987754,400.0,100.0
calma,20260,nnls,False,2.1178122824359815,,,,,,
calma,20260,ssrc,False,0.3216841739512832,2.391373821520465e-06,1e-08,0.023969376443164558,23.91373821520465,400.0,100.0
calma,20260,pls,False,4.2921977048084266,,,,,,
calma,20260,naive,False,1.9264843875563578,,,,,,
calma,20280,ols,False,0.42026482642558116,,,,,,
calma,20280,ridge,False,0.4202083599656572,1.0008830925002254e-05,1e-08,0.07368064254277751,100.08830925002253,400.0,100.0
calma,20280,nnls,False,2.334548241568209,,,,,,
calma,20280,ssrc,False,0.2517941923441129,2.3883759382458086e-06,1e-08,0.023779916922090864,23.883759382458088,400.0,100.0
calma,20280,pls,False,0.014565237736394659,,,,,,
calma,20280,naive,False,2.347218346993543,,,,,,
calma,20300,ols,False,0.2419102678503694,,,,,,
calma,20300,ridge,False,0.20194570360827221,0.10287924492256546,0.0001,0.07367116186201296,102.87924492256546,400.0,100.0
calma,20300,nnls,False,0.26355593713959796,,,,,,
calma,20300,ssrc,False,0.1163119093284952,2.393186991958868e-06,1e-08,0.025144632739673177,23.93186991958868,400.0,100.0
calma,20300,pls,False,0.2979269203173554,,,,,,
calma,20300,naive,False,0.2795534405519911,,,,,,
calma,20320,ols,False,0.3836774615796698,,,,,,
calma,20320,ridge,False,0.4141911703249177,0.10304199165887172,0.0001,0.07075483300961959,103.04199165887172,400.0,100.0
calma,20320,nnls,False,1.1191414780465812,,,,,,
calma,20320,ssrc,False,0.030961159288867418,0.00023721540031621896,1e-06,0.024583697634678554,23.7215400316219,400.0,100.0
calma,20320,pls,False,2.7140144101074077,,,,,,
calma,20320,naive,False,1.0172118020246663,,,,,,
calma,20340,ols,False,0.3856961710668373,,,,,,
calma,20340,ridge,False,0.3107322192402311,0.10356148608468038,0.0001,0.07545877040713511,103.56148608468038,400.0,100.0
calma,20340,nnls,False,1.1505513903552516,,,,,,
calma,20340,ssrc,False,0.04391888579039283,2.3679583974562515e-06,1e-08,0.018174983548968956,23.67958397456252,400.0,100.0
calma,20340,pls,False,6.119660646065029,,,,,,
calma,20340,naive,False,1.0653120147836261,,,,,,
calma,20360,ols,False,0.2546523818326212,,,,,,
calma,20360,ridge,False,0.20277928551533758,0.10546516520428993,0.0001,0.07598641239682254,105.46516520428993,400.0,100.0
calma,20360,nnls,False,0.4158602884915568,,,,,,
calma,20360,ssrc,False,0.011587452232583924,2.3976224451042114e-06,1e-08,0.016633189800162405,23.976224451042114,400.0,100.0
calma,20360,pls,False,0.4639671133836673,,,,,,
calma,20360,naive,False,0.5416231681788084,,,,,,
calma,20380,ols,False,0.2672269923068163,,,,,,
calma,20380,ridge,False,0.2652960734248897,0.10729798864613399,0.0001,0.07512065005331951,107.297988646134,400.0,100.0
calma,20380,nnls,False,0.5649310608972848,,,,,,
calma,20380,ssrc,False,0.06811875378279511,0.00024114814123000038,1e-06,0.017707597722576372,24.11481412300004,400.0,100.0
calma,20380,pls,False,0.5235623149266144,,,,,,
calma,20380,naive,False,0.5442316063568393,,,,,,
calma,20400,ols,False,0.19353290699113115,,,,,,
calma,20400,ridge,False,0.2954160077345175,0.10229099950574526,0.0001,0.07175526743483814,102.29099950574526,400.0,100.0
calma,20400,nnls,False,1.844049988217847,,,,,,
calma,20400,ssrc,False,0.053880087591760224,0.0002355783140497542,1e-06,0.01984461333055054,23.557831404975424,400.0,100.0
calma,20400,pls,False,4.9219595126627365,,,,,,
calma,20400,naive,False,1.7297609614813108,,,,,,
calma,20420,ols,False,0.4379222886878248,,,,,,
calma,20420,ridge,False,0.41900658637969157,0.10479417725845433,0.0001,0.07369612791937755,104.79417725845434,400.0,100.0
calma,20420,nnls,False,1.565908118924234,,,,,,
calma,20420,ssrc,False,0.1269743442112725,0.00023784663177045347,1e-06,0.021063589947640113,23.78466317704535,400.0,100.0
calma,20420,pls,False,3.997132652449677,,,,,,
calma,20420,naive,False,2.053043639137849,,,,,,
calma,20440,ols,False,0.16742992895110478,,,,,,
calma,20440,ridge,False,0.15904472194169517,0.10438629077494262,0.0001,0.07142319036209765,104.38629077494261,400.0,100.0
calma,20440,nnls,False,0.2284558110096903,,,,,,
calma,20440,ssrc,False,0.07625770305344251,0.00023673211624539102,1e-06,0.02223254895411734,23.673211624539107,400.0,100.0
calma,20440,pls,False,1.4929213065901374,,,,,,
calma,20440,naive,False,0.2033431350207507,,,,,,
calma,20460,ols,False,0.42999090290224495,,,,,,
calma,20460,ridge,False,0.47732899369585047,0.1049997682677358,0.0001,0.07342341825255667,104.9997682677358,400.0,100.0
calma,20460,nnls,False,1.3635714389075533,,,,,,
calma,20460,ssrc,False,0.01949783984906001,0.00023712219736672253,1e-06,0.02553704611342858,23.712219736672253,400.0,100.0
calma,20460,pls,False,2.257458106540014,,,,,,
calma,20460,naive,False,1.2882167980038932,,,,,,
calma,20480,ols,False,0.9256316671408548,,,,,,
calma,20480,ridge,False,0.9310461314742902,0.10134592479394075,0.0001,0.06979138680047332,101.34592479394075,400.0,100.0
calma,20480,nnls,False,0.4667003985984033,,,,,,
calma,20480,ssrc,False,0.09604970168477699,2.318717534311575e-06,1e-08,0.024408727624818702,23.18717534311575,400.0,100.0
calma,20480,pls,False,5.333669538310709,,,,,,
calma,20480,naive,False,0.5500226761779548,,,,,,
calma,20500,ols,False,0.18465400539292465,,,,,,
calma,20500,ridge,False,0.14134894595050213,0.1036739252391041,0.0001,0.0729902960399816,103.67392523910411,400.0,100.0
calma,20500,nnls,False,0.17132836804928833,,,,,,
calma,20500,ssrc,False,0.22679362916366316,0.023182758560682633,0.0001,0.01994739812821747,23.182758560682633,400.0,100.0
calma,20500,pls,False,0.3688623832492818,,,,,,
calma,20500,naive,False,0.2543669493471749,,,,,,
calma,20520,ols,False,0.2879833192397375,,,,,,
calma,20520,ridge,False,0.3047179865221406,0.10152195425035725,0.0001,0.07111886498123064,101.52195425035724,400.0,100.0
calma,20520,nnls,False,0.7718579916387058,,,,,,
calma,20520,ssrc,False,0.042552646547582174,0.00022810793889550674,1e-06,0.01925425393583242,22.810793889550677,400.0,100.0
calma,20520,pls,False,0.6600244346044909,,,,,,
calma,20520,naive,False,0.7298551652391825,,,,,,
calma,20540,ols,False,0.5232754313615621,,,,,,
calma,20540,ridge,False,0.5730942086238605,0.10004583663813595,0.0001,0.06908100932536357,100.04583663813594,400.0,100.0
calma,20540,nnls,False,2.168672048996513,,,,,,
calma,20540,ssrc,False,0.08349146045380608,0.00022688838298832182,1e-06,0.019317608015391875,22.688838298832184,400.0,100.0
calma,20540,pls,False,4.156837595419781,,,,,,
calma,20540,naive,False,2.0543987987192582,,,,,,
calma,20560,ols,False,0.08202077940437731,,,,,,
calma,20560,ridge,False,0.05914271326638652,0.10256800980563513,0.0001,0.0709291164667197,102.56800980563513,400.0,100.0
calma,20560,nnls,False,0.6331457734028273,,,,,,
calma,20560,ssrc,False,0.20605305073839247,0.00022746853338073193,1e-06,0.019857313814752833,22.746853338073194,400.0,100.0
calma,20560,pls,False,1.1761025357251913,,,,,,
calma,20560,naive,False,0.8613705680415826,,,,,,
calma,20580,ols,False,0.09372435786775661,,,,,,
calma,20580,ridge,False,0.08655214949541659,0.10052699243028643,0.0001,0.0690157566511447,100.52699243028643,400.0,100.0
calma,20580,nnls,False,0.17483048879569707,,,,,,
calma,20580,ssrc,False,0.042999306270492685,0.00022456641558203988,1e-06,0.019529051365282334,22.45664155820399,400.0,100.0
calma,20580,pls,False,0.6287547689114018,,,,,,
calma,20580,naive,False,0.18254721751669042,,,,,,
calma,20600,ols,False,0.29494337764115824,,,,,,
calma,20600,ridge,False,0.31973102891988775,0.09872833536676845,0.0001,0.07087346775560055,98.72833536676845,400.0,100.0
calma,20600,nnls,False,1.5587361923697503,,,,,,
calma,20600,ssrc,False,0.052414333866790695,0.00022123141867489804,1e-06,0.022821119049035717,22.123141867489807,400.0,100.0
calma,20600,pls,False,3.2250652905591344,,,,,,
calma,20600,naive,False,1.3362601691110285,,,,,,
calma,20620,ols,False,0.25769735331473154,,,,,,
calma,20620,ridge,False,0.2408179799863318,0.1028259351110374,0.0001,0.06902218379984645,102.8259351110374,400.0,100.0
calma,20620,nnls,False,1.2788810546865037,,,,,,
calma,20620,ssrc,False,0.0068018385325536515,2.2695587123027914e-06,1e-08,0.023553732838198504,22.695587123027916,400.0,100.0
calma,20620,pls,False,3.0324000102001567,,,,,,
calma,20620,naive,False,1.628464355464422,,,,,,
calma,20640,ols,False,0.6702066808298638,,,,,,
calma,20640,ridge,False,0.5159682703866064,0.1018483114806956,0.0001,0.07184361059194144,101.8483114806956,400.0,100.0
calma,20640,nnls,False,2.473027699353863,,,,,,
calma,20640,ssrc,False,0.008295259458751621,0.022489211867701264,0.0001,0.030174412208031676,22.489211867701265,400.0,100.0
calma,20640,pls,False,2.4104809885211016,,,,,,
calma,20640,naive,False,2.4573122393945255,,,,,,
calma,20660,ols,False,0.2999404849424388,,,,,,
calma,20660,ridge,False,0.314575473560183,0.0996791030470385,0.0001,0.065632690020932,99.6791030470385,400.0,100.0
calma,20660,nnls,False,1.1930296495495942,,,,,,
calma,20660,ssrc,False,0.033752352614752505,0.022500153518916495,0.0001,0.03334103641872487,22.500153518916495,400.0,100.0
calma,20660,pls,False,2.6907245401252844,,,,,,
calma,20660,naive,False,1.0064630113617254,,,,,,
calma,20680,ols,False,0.07003363667909304,,,,,,
calma,20680,ridge,False,0.06783904477426565,0.10120294190556027,0.0001,0.06191881301139419,101.20294190556028,400.0,100.0
calma,20680,nnls,False,0.7681268256158674,,,,,,
calma,20680,ssrc,False,0.12989975760425912,0.022986275899405224,0.0001,0.03492002822352227,22.986275899405225,400.0,100.0
calma,20680,pls,False,1.5948066582792801,,,,,,
calma,20680,naive,False,0.9834614112340877,,,,,,
calma,20700,ols,False,0.2702246947692567,,,,,,
calma,20700,ridge,False,0.29659883514434815,0.10202966441071237,0.0001,0.05176199677860421,102.02966441071237,400.0,100.0
calma,20700,nnls,False,0.8438985967696506,,,,,,
calma,20700,ssrc,False,0.12275984156066591,0.023319691046780135,0.0001,0.034394492091255356,23.319691046780136,400.0,100.0
calma,20700,pls,False,2.415092301654695,,,,,,
calma,20700,naive,False,0.7441032904020886,,,,,,
calma,20720,ols,False,0.6329454599154906,,,,,,
calma,20720,ridge,False,0.6802510366403026,0.09876875093591779,0.0001,0.052001235612071144,98.7687509359178,400.0,100.0
calma,20720,nnls,False,2.181976906242007,,,,,,
calma,20720,ssrc,False,0.2940335173874905,0.02312635506704153,0.0001,0.031151684582938204,23.12635506704153,400.0,100.0
calma,20720,pls,False,4.360420111733462,,,,,,
calma,20720,naive,False,2.016964050147735,,,,,,
calma,20740,ols,False,0.03890211961559341,,,,,,
calma,20740,ridge,False,0.040535726278612995,0.10259928668645439,0.0001,0.0558201223844733,102.59928668645439,400.0,100.0
calma,20740,nnls,False,0.9125062637063707,,,,,,
calma,20740,ssrc,False,0.04998803253742941,2.342646020027839e-06,1e-08,0.02906324507806578,23.42646020027839,400.0,100.0
calma,20740,pls,False,1.0287352586637792,,,,,,
calma,20740,naive,False,0.8850504072079705,,,,,,
calma,20760,ols,False,0.07621405601194386,,,,,,
calma,20760,ridge,False,0.0866432021758278,0.10229365874944267,0.0001,0.05355769593357344,102.29365874944267,400.0,100.0
calma,20760,nnls,False,0.2763028578797697,,,,,,
calma,20760,ssrc,False,0.016202247953381817,2.347960612479184e-06,1e-08,0.028994444948555995,23.47960612479184,400.0,100.0
calma,20760,pls,False,0.5445847698180611,,,,,,
calma,20760,naive,False,0.271985839386202,,,,,,
calma,20780,ols,False,0.044219475297098215,,,,,,
calma,20780,ridge,False,0.08153906842439072,0.09939879359859986,0.0001,0.06195009955783988,99.39879359859987,400.0,100.0
calma,20780,nnls,False,1.5503380570007497,,,,,,
calma,20780,ssrc,False,0.08603577040342815,2.3233347394876248e-06,1e-08,0.02716494465165697,23.233347394876247,400.0,100.0
calma,20780,pls,False,3.229149836158995,,,,,,
calma,20780,naive,False,1.2938644439391402,,,,,,
calma,20800,ols,False,0.6691540614666068,,,,,,
calma,20800,ridge,False,0.5983811703365874,0.10094154364353124,0.0001,0.0678436298977969,100.94154364353125,400.0,100.0
calma,20800,nnls,False,2.022935632351701,,,,,,
calma,20800,ssrc,False,0.08427065878596714,0.02334024755299944,0.0001,0.025314057366100994,23.34024755299944,400.0,100.0
calma,20800,pls,False,4.8554780219264035,,,,,,
calma,20800,naive,False,2.42495410184413,,,,,,
calma,20820,ols,False,0.07762979769497948,,,,,,
calma,20820,ridge,False,0.0633896125078356,0.10198740947821348,0.0001,0.0684617017298844,101.98740947821348,400.0,100.0
calma,20820,nnls,False,0.023042190509863884,,,,,,
calma,20820,ssrc,False,0.08769778755836606,0.00023600080162975971,1e-06,0.02576500590405493,23.600080162975974,400.0,100.0
calma,20820,pls,False,1.1387957154288995,,,,,,
calma,20820,naive,False,0.014176313571971714,,,,,,
calma,20840,ols,False,0.3660256691684266,,,,,,
calma,20840,ridge,False,0.39223017033375945,0.10073450905830134,0.0001,0.06805060365037258,100.73450905830134,400.0,100.0
calma,20840,nnls,False,1.1633314552165286,,,,,,
calma,20840,ssrc,False,0.07088542067707825,0.023398175111965312,0.0001,0.023995418325693473,23.398175111965315,400.0,100.0
calma,20840,pls,False,2.8149809569695265,,,,,,
calma,20840,naive,False,1.0097049124102238,,,,,,
calma,20860,ols,False,0.3060863399889779,,,,,,
calma,20860,ridge,False,0.30619008638408896,0.0010018462193279478,1e-06,0.06839467429887215,100.1846219327948,400.0,100.0
calma,20860,nnls,False,1.3255300500903118,,,,,,
calma,20860,ssrc,False,0.29334861387364747,0.02352955049250888,0.0001,0.02153613999381741,23.52955049250888,400.0,100.0
calma,20860,pls,False,3.024561454146343,,,,,,
calma,20860,naive,False,1.6532833359481738,,,,,,
calma,20880,ols,False,0.06763717498194964,,,,,,
calma,20880,ridge,False,0.044194553837178935,0.10040211113756164,0.0001,0.062338761050170194,100.40211113756165,400.0,100.0
calma,20880,nnls,False,0.01745620348554711,,,,,,
calma,20880,ssrc,False,0.05645743691719079,0.023805684474626224,0.0001,0.023603849670809928,23.805684474626226,400.0,100.0
calma,20880,pls,False,1.0044257632351887,,,,,,
calma,20880,naive,False,0.015397581434452063,,,,,,
calma,20900,ols,False,0.3706400649847241,,,,,,
calma,20900,ridge,False,0.4080934992037607,0.10347832546165064,0.0001,0.06662779414286468,103.47832546165064,400.0,100.0
calma,20900,nnls,False,1.1185454429713926,,,,,,
calma,20900,ssrc,False,0.0649871896498524,0.023922878166894198,0.0001,0.02656499113193652,23.922878166894197,400.0,100.0
calma,20900,pls,False,1.9253213383351633,,,,,,
calma,20900,naive,False,1.0487671552023212,,,,,,
calma,20920,ols,False,0.2808057652705123,,,,,,
calma,20920,ridge,False,0.27988920951805696,0.001007742164984036,1e-06,0.06248447170793131,100.7742164984036,400.0,100.0
calma,20920,nnls,False,1.8274960703461107,,,,,,
calma,20920,ssrc,False,0.05562650422708149,0.023884050801870105,0.0001,0.03006473958338345,23.884050801870103,400.0,100.0
calma,20920,pls,False,0.6110157040037022,,,,,,
calma,20920,naive,False,1.756284856999923,,,,,,
calma,20940,ols,False,0.14952388848774584,,,,,,
calma,20940,ridge,False,0.1323823076249172,0.10030511743279368,0.0001,0.057736375742186465,100.30511743279368,400.0,100.0
calma,20940,nnls,False,0.14988451774855308,,,,,,
calma,20940,ssrc,False,0.20909742948581425,0.00023858159687706058,1e-06,0.02990596207380633,23.85815968770606,400.0,100.0
calma,20940,pls,False,1.4633603387206853,,,,,,
calma,20940,naive,False,0.13434450691126287,,,,,,
calma,20960,ols,False,0.3358330826944968,,,,,,
calma,20960,ridge,False,0.35182901248335496,0.10098710353812197,0.0001,0.06716300206624036,100.98710353812197,400.0,100.0
calma,20960,nnls,False,0.84126065207823,,,,,,
calma,20960,ssrc,False,0.11822814208322346,0.0002382306901832122,1e-06,0.03547753893894045,23.82306901832122,400.0,100.0
calma,20960,pls,False,1.11742434654835,,,,,,
calma,20960,naive,False,0.7821488743970824,,,,,,
calma,20980,ols,False,0.13456257554617354,,,,,,
calma,20980,ridge,False,0.13441186392349513,0.0010112957516389331,1e-06,0.06417017175768244,101.12957516389332,400.0,100.0
calma,20980,nnls,False,1.5426202893001404,,,,,,
calma,20980,ssrc,False,0.15546586552327765,0.02405916948249673,0.0001,0.04215896248833971,24.059169482496728,400.0,100.0
calma,20980,pls,False,1.580997616468599,,,,,,
calma,20980,naive,False,1.5442941526513907,,,,,,
calma,21000,ols,False,0.017474685232832896,,,,,,
calma,21000,ridge,False,0.017475310024934843,9.783800549598134e-06,1e-08,0.0536408496372922,97.83800549598134,400.0,100.0
calma,21000,nnls,False,0.23313644175968712,,,,,,
calma,21000,ssrc,False,0.13807621080320553,0.23821899964401838,0.001,0.04154487236660513,23.821899964401837,400.0,100.0
calma,21000,pls,False,0.6969343753654699,,,,,,
calma,21000,naive,False,0.21991342851042206,,,,,,
calma,21020,ols,False,0.20302642154713027,,,,,,
calma,21020,ridge,False,0.2031951682966543,0.0009546078855987636,1e-06,0.05416651119278498,95.46078855987638,400.0,100.0
calma,21020,nnls,False,0.5481830864922357,,,,,,
calma,21020,ssrc,False,0.24816561831431866,0.00023577636270530195,1e-06,0.03390685866399893,23.577636270530196,400.0,100.0
calma,21020,pls,False,2.112310489479986,,,,,,
calma,21020,naive,False,0.49740281387061364,,,,,,
calma,21040,ols,False,0.10819802776866737,,,,,,
calma,21040,ridge,False,0.10819515516066892,9.90841666540037e-06,1e-08,0.06433755583244745,99.0841666540037,400.0,100.0
calma,21040,nnls,False,1.0894679717479956,,,,,,
calma,21040,ssrc,False,0.0419003497085894,0.023925303385779934,0.0001,0.03854688988355257,23.925303385779934,400.0,100.0
calma,21040,pls,False,2.607168717017152,,,,,,
calma,21040,naive,False,1.1354462426330096,,,,,,
calma,21060,ols,False,0.01707006325754652,,,,,,
calma,21060,ridge,False,0.016594956661315382,0.0009593748541485414,1e-06,0.05371764203820141,95.93748541485415,400.0,100.0
calma,21060,nnls,False,0.2471190123416465,,,,,,
calma,21060,ssrc,False,0.037084728582135185,0.023761901065468962,0.0001,0.034150321579023306,23.76190106546896,400.0,100.0
calma,21060,pls,False,0.6536435500872853,,,,,,
calma,21060,naive,False,0.22575572892452303,,,,,,
calma,21080,ols,False,0.5504660533877136,,,,,,
calma,21080,ridge,False,0.5503927452224394,0.0009358909285694002,1e-06,0.05508462273220004,93.58909285694003,400.0,100.0
calma,21080,nnls,False,1.8704899108795305,,,,,,
calma,21080,ssrc,False,0.0029124651800048096,0.00023385220491524436,1e-06,0.025901633792643094,23.385220491524436,400.0,100.0
calma,21080,pls,False,2.6031933754432277,,,,,,
calma,21080,naive,False,1.768300833447395,,,,,,
calma,21100,ols,False,0.4169956953056174,,,,,,
calma,21100,ridge,False,0.41698847459462707,9.549474219880745e-06,1e-08,0.06459901127874858,95.49474219880746,400.0,100.0
calma,21100,nnls,False,1.9721452291915567,,,,,,
calma,21100,ssrc,False,0.08684817823644626,2.3659310183613423e-06,1e-08,0.025830250592602706,23.659310183613425,400.0,100.0
calma,21100,pls,False,4.615706019050768,,,,,,
calma,21100,naive,False,2.3853850104778043,,,,,,
calma,21120,ols,False,0.496939506691668,,,,,,
calma,21120,ridge,False,0.43077582269819126,0.09324530851426586,0.0001,0.06870779838840033,93.24530851426587,400.0,100.0
calma,21120,nnls,False,0.8495129572486224,,,,,,
calma,21120,ssrc,False,0.034356078578910064,2.329970324889373e-06,1e-08,0.025550192632029907,23.299703248893728,400.0,100.0
calma,21120,pls,False,3.1486644059958713,,,,,,
calma,21120,naive,False,0.8205349295530093,,,,,,
calma,21140,ols,False,0.404004638624923,,,,,,
calma,21140,ridge,False,0.45250227616606953,0.09348246038550842,0.0001,0.0630842653999666,93.48246038550843,400.0,100.0
calma,21140,nnls,False,1.320328464558915,,,,,,
calma,21140,ssrc,False,0.17131201541523872,0.00023602273855640802,1e-06,0.02322376895368499,23.602273855640803,400.0,100.0
calma,21140,pls,False,3.3620161522861545,,,,,,
calma,21140,naive,False,1.201319850816535,,,,,,
calma,21160,ols,False,0.7025950727820887,,,,,,
calma,21160,ridge,False,0.7387136784832099,0.09382711328905662,0.0001,0.06673128402231908,93.82711328905663,400.0,100.0
calma,21160,nnls,False,2.219574445260498,,,,,,
calma,21160,ssrc,False,0.24435432531071638,2.31879432417163e-06,1e-08,0.023041214536244078,23.1879432417163,400.0,100.0
calma,21160,pls,False,3.0474754465692886,,,,,,
calma,21160,naive,False,2.1189215215442476,,,,,,
calma,21180,ols,False,0.06306998192878893,,,,,,
calma,21180,ridge,False,0.03071784874449273,0.09389520784043047,0.0001,0.0745551729473341,93.89520784043047,400.0,100.0
calma,21180,nnls,False,0.4766272257868728,,,,,,
calma,21180,ssrc,False,0.295846484097609,2.3017703214150147e-06,1e-08,0.02790372839394978,23.01770321415015,400.0,100.0
calma,21180,pls,False,0.7110349110311173,,,,,,
calma,21180,naive,False,0.6675283697852044,,,,,,
calma,21200,ols,False,0.39569668027449184,,,,,,
calma,21200,ridge,False,0.4365906703094913,0.09362230554518307,0.0001,0.06337310324461343,93.62230554518307,400.0,100.0
calma,21200,nnls,False,1.3613877404544563,,,,,,
calma,21200,ssrc,False,0.11925581122839554,2.300665008757488e-06,1e-08,0.031443321173592914,23.006650087574883,400.0,100.0
calma,21200,pls,False,3.277993895123791,,,,,,
calma,21200,naive,False,1.2153594503544494,,,,,,
calma,21220,ols,False,0.6006010291694859,,,,,,
calma,21220,ridge,False,0.6030286322388675,0.000943722552087584,1e-06,0.059990557923244016,94.37225520875842,400.0,100.0
calma,21220,nnls,False,1.2229432976474128,,,,,,
calma,21220,ssrc,False,0.01644671181373041,2.320494445606658e-06,1e-08,0.03321141910725008,23.20494445606658,400.0,100.0
calma,21220,pls,False,2.063387160191171,,,,,,
calma,21220,naive,False,1.598350223432789,,,,,,
calma,21240,ols,False,0.35243414158868047,,,,,,
calma,21240,ridge,False,0.3516840783557182,0.0009348561011827314,1e-06,0.06394973285263748,93.48561011827314,400.0,100.0
calma,21240,nnls,False,0.5858655903578633,,,,,,
calma,21240,ssrc,False,0.14123970813771292,0.00023064557565696459,1e-06,0.028259311349461743,23.06455756569646,400.0,100.0
calma,21240,pls,False,2.436358558686259,,,,,,
calma,21240,naive,False,0.5780165710027529,,,,,,
calma,21260,ols,False,0.2397309175105667,,,,,,
calma,21260,ridge,False,0.2398090556033939,0.0009574322565586001,1e-06,0.06634691910247714,95.74322565586003,400.0,100.0
calma,21260,nnls,False,0.6165230794884682,,,,,,
calma,21260,ssrc,False,0.14724104407650163,0.00023142950428463354,1e-06,0.028589251054193663,23.142950428463354,400.0,100.0
calma,21260,pls,False,0.002287856782388427,,,,,,
calma,21260,naive,False,0.5881007458233701,,,,,,
calma,21280,ols,False,0.5432503937351806,,,,,,
calma,21280,ridge,False,0.5432631310302917,9.52110773870721e-06,1e-08,0.061825483717314354,95.2110773870721,400.0,100.0
calma,21280,nnls,False,1.6084504189108964,,,,,,
calma,21280,ssrc,False,0.10121510209788932,2.3036527802681205e-06,1e-08,0.02630159446273531,23.036527802681206,400.0,100.0
calma,21280,pls,False,3.7461990675987304,,,,,,
calma,21280,naive,False,1.4862211094630997,,,,,,
calma,21300,ols,False,0.1708885862211818,,,,,,
calma,21300,ridge,False,0.19152695671010364,0.09492093654750154,0.0001,0.07247972324698856,94.92093654750154,400.0,100.0
calma,21300,nnls,False,1.309352592942321,,,,,,
calma,21300,ssrc,False,0.11231387662381812,0.0002303374224910837,1e-06,0.025020665437764152,23.03374224910837,400.0,100.0
calma,21300,pls,False,0.8168878221489319,,,,,,
calma,21300,naive,False,1.3152592801786152,,,,,,
calma,21320,ols,False,0.08792109786618103,,,,,,
calma,21320,ridge,False,0.10243012753289812,0.09368164004945151,0.0001,0.0679824896392427,93.68164004945152,400.0,100.0
calma,21320,nnls,False,0.34744678277683955,,,,,,
calma,21320,ssrc,False,0.059258914018018485,0.00022948530723453767,1e-06,0.024889746431407872,22.94853072345377,400.0,100.0
calma,21320,pls,False,0.6069921580484723,,,,,,
calma,21320,naive,False,0.33272874347513515,,,,,,
calma,21340,ols,False,0.5067581930916344,,,,,,
calma,21340,ridge,False,0.5068085512389392,9.31056648707899e-06,1e-08,0.06839777749356898,93.1056648707899,400.0,100.0
calma,21340,nnls,False,2.0631317377680385,,,,,,
calma,21340,ssrc,False,0.12119201922488428,0.00022983596228978736,1e-06,0.02319070610902513,22.98359622897874,400.0,100.0
calma,21340,pls,False,4.3495748755607355,,,,,,
calma,21340,naive,False,1.8763758017079522,,,,,,
calma,21360,ols,False,0.58104778447731,,,,,,
calma,21360,ridge,False,0.5810420003871092,9.328235910221086e-06,1e-08,0.06989777192949433,93.28235910221086,400.0,100.0
calma,21360,nnls,False,2.2951698473980127,,,,,,
calma,21360,ssrc,False,0.3030776027843194,0.00022704741715443615,1e-06,0.020668157167514058,22.704741715443618,400.0,100.0
calma,21360,pls,False,0.49164458400586264,,,,,,
calma,21360,naive,False,2.2944220685621275,,,,,,
calma,21380,ols,False,0.33924646142444015,,,,,,
calma,21380,ridge,False,0.2855362749540971,0.09358820017253762,0.0001,0.07197329297376297,93.58820017253761,400.0,100.0
calma,21380,nnls,False,0.45203635098042405,,,,,,
calma,21380,ssrc,False,0.14731755874042163,2.2493882541910834e-06,1e-08,0.0190709411540832,22.493882541910835,400.0,100.0
calma,21380,pls,False,0.007410752652075449,,,,,,
calma,21380,naive,False,0.4746514855480938,,,,,,
calma,21400,ols,False,0.18847930380488406,,,,,,
calma,21400,ridge,False,0.1995642311155657,0.09060019992483072,0.0001,0.065268376752385,90.60019992483072,400.0,100.0
calma,21400,nnls,False,0.5424788562551136,,,,,,
calma,21400,ssrc,False,0.021361362412786553,0.00022355697624701826,1e-06,0.01833929623431157,22.35569762470183,400.0,100.0
calma,21400,pls,False,0.22375287250939027,,,,,,
calma,21400,naive,False,0.5249111481366644,,,,,,
calma,21420,ols,False,0.3775430006205439,,,,,,
calma,21420,ridge,False,0.37755858664167535,9.130900203385681e-06,1e-08,0.07567192632879775,91.30900203385681,400.0,100.0
calma,21420,nnls,False,0.5483603147631148,,,,,,
calma,21420,ssrc,False,0.1267391083600975,0.00022272687923458317,1e-06,0.02110187812812818,22.27268792345832,400.0,100.0
calma,21420,pls,False,0.7156805102243383,,,,,,
calma,21420,naive,False,0.8530362887372921,,,,,,
calma,21440,ols,False,0.2582612669125772,,,,,,
calma,21440,ridge,False,0.20219915349687217,0.09503281790044456,0.0001,0.07104259768730484,95.03281790044456,400.0,100.0
calma,21440,nnls,False,0.31287179883502736,,,,,,
calma,21440,ssrc,False,0.2927537058403124,2.269142744606122e-06,1e-08,0.0242579613171873,22.69142744606122,400.0,100.0
calma,21440,pls,False,0.14034099418919532,,,,,,
calma,21440,naive,False,0.3819318896989097,,,,,,
calma,21460,ols,False,1.319926092409986,,,,,,
calma,21460,ridge,False,1.2381806210974464,0.093596668319825,0.0001,0.06907217740604854,93.59666831982499,400.0,100.0
calma,21460,nnls,False,3.242402966470902,,,,,,
calma,21460,ssrc,False,0.39246227184105886,0.022444338994006344,0.0001,0.028798739846040457,22.444338994006344,400.0,100.0
calma,21460,pls,False,7.553595905250966,,,,,,
calma,21460,naive,False,3.5832239521055858,,,,,,
calma,21480,ols,False,0.20652058301755713,,,,,,
calma,21480,ridge,False,0.20396158613950152,0.0009479960700436493,1e-06,0.06469009451439069,94.79960700436493,400.0,100.0
calma,21480,nnls,False,0.9058538301471377,,,,,,
calma,21480,ssrc,False,0.08707871582120667,0.022531879134827605,0.0001,0.03532905775560084,22.531879134827605,400.0,100.0
calma,21480,pls,False,2.0349667155868656,,,,,,
calma,21480,naive,False,0.7786914620221012,,,,,,
calma,21500,ols,False,0.01111075163384378,,,,,,
calma,21500,ridge,False,0.00873023140218649,0.0009467626493230026,1e-06,0.05818984453034847,94.67626493230027,400.0,100.0
calma,21500,nnls,False,0.44994239080114995,,,,,,
calma,21500,ssrc,False,0.026589096463902773,0.022759171369108443,0.0001,0.037127685947633486,22.759171369108444,400.0,100.0
calma,21500,pls,False,0.47111678280657887,,,,,,
calma,21500,naive,False,0.4791550877590955,,,,,,
calma,21520,ols,False,0.06981446643778091,,,,,,
calma,21520,ridge,False,0.06980168995101355,9.415005503543493e-06,1e-08,0.04541684754536497,94.15005503543495,400.0,100.0
calma,21520,nnls,False,0.9527159575784884,,,,,,
calma,21520,ssrc,False,0.13054589912926895,0.2309812824228011,0.001,0.03788265031777592,23.09812824228011,400.0,100.0
calma,21520,pls,False,3.049299069390697,,,,,,
calma,21520,naive,False,0.8292571655272072,,,,,,
calma,21540,ols,False,0.1009475243954124,,,,,,
calma,21540,ridge,False,0.10095702222498887,9.128010369028149e-06,1e-08,0.03898480983267492,91.28010369028149,400.0,100.0
calma,21540,nnls,False,0.2502278551136374,,,,,,
calma,21540,ssrc,False,0.16006080603568015,0.23235818634708724,0.001,0.0409607102218862,23.235818634708725,400.0,100.0
calma,21540,pls,False,1.1190693153484277,,,,,,
calma,21540,naive,False,0.29496766864176305,,,,,,
calma,21560,ols,False,0.295150279632135,,,,,,
calma,21560,ridge,False,0.29509890679142264,0.0009033036665959285,1e-06,0.039950309061449536,90.33036665959285,400.0,100.0
calma,21560,nnls,False,1.611886524606275,,,,,,
calma,21560,ssrc,False,0.03453207748523483,0.23050074702439935,0.001,0.04147056945326733,23.050074702439936,400.0,100.0
calma,21560,pls,False,3.1244010496094528,,,,,,
calma,21560,naive,False,1.4689645310806374,,,,,,
calma,21580,ols,False,0.2071935935275452,,,,,,
calma,21580,ridge,False,0.2076516161389293,0.0009180612858847536,1e-06,0.03556422425466692,91.80612858847536,400.0,100.0
calma,21580,nnls,False,1.6940789621809533,,,,,,
calma,21580,ssrc,False,0.28305053984995976,2.336206852675094e-06,1e-08,0.03174552847466016,23.362068526750946,400.0,100.0
calma,21580,pls,False,1.8087816620765602,,,,,,
calma,21580,naive,False,1.701450334343623,,,,,,
calma,21600,ols,False,0.36410916881141303,,,,,,
calma,21600,ridge,False,0.36247922615042083,0.0009035987793429494,1e-06,0.04756237668696737,90.35987793429496,400.0,100.0
calma,21600,nnls,False,1.639286008928197,,,,,,
calma,21600,ssrc,False,0.010526878625944218,2.30219203416628e-06,1e-08,0.030483941797115343,23.021920341662803,400.0,100.0
calma,21600,pls,False,3.9763435580792392,,,,,,
calma,21600,naive,False,1.6040318981384265,,,,,,
calma,21620,ols,False,0.31947878292333015,,,,,,
calma,21620,ridge,False,0.36402205685685074,0.08937968301156958,0.0001,0.053437430555674084,89.37968301156958,400.0,100.0
calma,21620,nnls,False,1.5122906103682665,,,,,,
calma,21620,ssrc,False,0.050584614199989365,0.023271218061852846,0.0001,0.031611107363577105,23.271218061852846,400.0,100.0
calma,21620,pls,False,3.3893563944450906,,,,,,
calma,21620,naive,False,1.308468165730387,,,,,,
calma,21640,ols,False,0.018398832734177202,,,,,,
calma,21640,ridge,False,0.042966209388567364,0.09192308613960345,0.0001,0.05530356459337274,91.92308613960346,400.0,100.0
calma,21640,nnls,False,0.9519270128338143,,,,,,
calma,21640,ssrc,False,0.216591025453066,0.023648899056205624,0.0001,0.033206791247397935,23.648899056205625,400.0,100.0
calma,21640,pls,False,1.968079371960911,,,,,,
calma,21640,naive,False,1.1866589341881706,,,,,,
calma,21660,ols,False,0.005434937082626968,,,,,,
calma,21660,ridge,False,0.007641363931013769,0.09220558228336466,0.0001,0.055934680432179314,92.20558228336466,400.0,100.0
calma,21660,nnls,False,0.08914870352271607,,,,,,
calma,21660,ssrc,False,0.027709065995198914,0.02396030909226862,0.0001,0.03582151756365197,23.960309092268616,400.0,100.0
calma,21660,pls,False,1.5325454667967626,,,,,,
calma,21660,naive,False,0.05763892200411372,,,,,,
calma,21680,ols,False,0.3468959403139782,,,,,,
calma,21680,ridge,False,0.3773452807364313,0.09160251046321105,0.0001,0.060082712824232824,91.60251046321105,400.0,100.0
calma,21680,nnls,False,1.3619213829016656,,,,,,
calma,21680,ssrc,False,0.16159950897460362,0.023558116672216346,0.0001,0.0390017116386359,23.558116672216347,400.0,100.0
calma,21680,pls,False,2.450235776942321,,,,,,
calma,21680,naive,False,1.2653021816179644,,,,,,
calma,21700,ols,False,0.055242537752371604,,,,,,
calma,21700,ridge,False,0.055249062107933684,9.095740851912775e-06,1e-08,0.05357165225973965,90.95740851912774,400.0,100.0
calma,21700,nnls,False,1.2593368758208017,,,,,,
calma,21700,ssrc,False,0.2563204172378307,0.023432886054290898,0.0001,0.03517963619145235,23.432886054290897,400.0,100.0
calma,21700,pls,False,1.4000300499818172,,,,,,
calma,21700,naive,False,1.2252302173225182,,,,,,
calma,21720,ols,False,0.06866527074592843,,,,,,
calma,21720,ridge,False,0.06866539758275074,8.85220417847799e-06,1e-08,0.052803131276711365,88.5220417847799,400.0,100.0
calma,21720,nnls,False,0.28844389615650773,,,,,,
calma,21720,ssrc,False,0.0419216175109307,0.02312750203943806,0.0001,0.02928221482290795,23.12750203943806,400.0,100.0
calma,21720,pls,False,0.9730198532404352,,,,,,
calma,21720,naive,False,0.28094128543305597,,,,,,
calma,21740,ols,False,0.29156109551373394,,,,,,
calma,21740,ridge,False,0.3594543420053034,0.08568481510984464,0.0001,0.06102323615097969,85.68481510984464,400.0,100.0
calma,21740,nnls,False,1.990969381755064,,,,,,
calma,21740,ssrc,False,0.05605918611719121,0.022848922823253338,0.0001,0.025962268739126243,22.84892282325334,400.0,100.0
calma,21740,pls,False,4.065060591558069,,,,,,
calma,21740,naive,False,1.7535976760606018,,,,,,
calma,21760,ols,False,0.8721665669403548,,,,,,
calma,21760,ridge,False,0.8721782693576906,8.536289877275865e-06,1e-08,0.06267176539574626,85.36289877275867,400.0,100.0
calma,21760,nnls,False,1.2304797636195222,,,,,,
calma,21760,ssrc,False,0.1756517347223112,0.022899375443317365,0.0001,0.02361371347182149,22.899375443317368,400.0,100.0
calma,21760,pls,False,2.818283304244083,,,,,,
calma,21760,naive,False,0.9056859346101993,,,,,,
calma,21780,ols,False,0.03728718004326137,,,,,,
calma,21780,ridge,False,0.003304861774712282,0.08945602936673926,0.0001,0.06082438279496958,89.45602936673926,400.0,100.0
calma,21780,nnls,False,0.11877858545625326,,,,,,
calma,21780,ssrc,False,0.2613866645410304,0.023394451452726818,0.0001,0.025247246541986006,23.394451452726816,400.0,100.0
calma,21780,pls,False,0.9991610881791234,,,,,,
calma,21780,naive,False,0.08403138265157194,,,,,,
calma,21800,ols,False,0.1350775402370918,,,,,,
calma,21800,ridge,False,0.17969707442145205,0.08506115360008185,0.0001,0.060906805624051034,85.06115360008185,400.0,100.0
calma,21800,nnls,False,1.7443632704778629,,,,,,
calma,21800,ssrc,False,0.05457620546207722,0.023038300788830044,0.0001,0.025029310503360803,23.038300788830043,400.0,100.0
calma,21800,pls,False,3.8511497279070497,,,,,,
calma,21800,naive,False,1.55400125542767,,,,,,
calma,21820,ols,False,0.7116873843809737,,,,,,
calma,21820,ridge,False,0.6058473564883963,0.08634725105093902,0.0001,0.06464815393606152,86.34725105093901,400.0,100.0
calma,21820,nnls,False,2.518091799397705,,,,,,
calma,21820,ssrc,False,0.28640088608323355,0.02307499610448511,0.0001,0.02344248716943338,23.07499610448511,400.0,100.0
calma,21820,pls,False,1.4969336101356376,,,,,,
calma,21820,naive,False,2.6129143177758842,,,,,,
calma,21840,ols,False,0.12585146455034404,,,,,,
calma,21840,ridge,False,0.10342530663032554,0.0886554306615123,0.0001,0.061157193724693144,88.6554306615123,400.0,100.0
calma,21840,nnls,False,0.09135695306536029,,,,,,
calma,21840,ssrc,False,0.0407803261631227,0.02342592137032489,0.0001,0.024840083730936983,23.42592137032489,400.0,100.0
calma,21840,pls,False,1.22178326515388,,,,,,
calma,21840,naive,False,0.1198842536188112,,,,,,
calma,21860,ols,False,0.384733906216544,,,,,,
calma,21860,ridge,False,0.3972919803339308,0.08617982485193632,0.0001,0.06863501040433716,86.17982485193632,400.0,100.0
calma,21860,nnls,False,0.9073674868562522,,,,,,
calma,21860,ssrc,False,0.32703487867801434,2.3034745925034736e-06,1e-08,0.026919570402740088,23.034745925034738,400.0,100.0
calma,21860,pls,False,2.7774240566444086,,,,,,
calma,21860,naive,False,0.7761934257130949,,,,,,
calma,21880,ols,False,0.1103823363214146,,,,,,
calma,21880,ridge,False,0.06524987623557116,0.0855583347462367,0.0001,0.06314254375628738,85.5583347462367,400.0,100.0
calma,21880,nnls,False,1.2854331037256033,,,,,,
calma,21880,ssrc,False,0.16774122206480913,2.3357292893606456e-06,1e-08,0.026575562662113632,23.357292893606456,400.0,100.0
calma,21880,pls,False,2.70789849413372,,,,,,
calma,21880,naive,False,1.5187322368827438,,,,,,
calma,21900,ols,False,0.12757313180612156,,,,,,
calma,21900,ridge,False,0.15781018819147413,0.08832840220479182,0.0001,0.05998276289338125,88.32840220479181,400.0,100.0
calma,21900,nnls,False,0.5429257384059917,,,,,,
calma,21900,ssrc,False,0.27348019347086056,2.400160711350063e-06,1e-08,0.030753754734462527,24.00160711350063,400.0,100.0
calma,21900,pls,False,2.2331157366115177,,,,,,
calma,21900,naive,False,0.457680159463497,,,,,,
calma,21920,ols,False,0.3059655624432695,,,,,,
calma,21920,ridge,False,0.3819335264081186,0.08856987761465855,0.0001,0.05796206257926645,88.56987761465855,400.0,100.0
calma,21920,nnls,False,2.317128756240624,,,,,,
calma,21920,ssrc,False,0.08469621032712676,2.4124063716791856e-06,1e-08,0.03290741378049646,24.124063716791856,400.0,100.0
calma,21920,pls,False,4.864677669667986,,,,,,
calma,21920,naive,False,2.0627501211038854,,,,,,
calma,21940,ols,False,0.6228801601952046,,,,,,
calma,21940,ridge,False,0.6210300011292497,0.0008786747271860145,1e-06,0.05879659788532681,87.86747271860146,400.0,100.0
calma,21940,nnls,False,2.5208667984498287,,,,,,
calma,21940,ssrc,False,0.20031540954803972,2.3853606191559053e-06,1e-08,0.03201959260273569,23.853606191559056,400.0,100.0
calma,21940,pls,False,1.2910922474287572,,,,,,
calma,21940,naive,False,2.5272422193172237,,,,,,
calma,21960,ols,False,0.17659336670791562,,,,,,
calma,21960,ridge,False,0.176518147055055,0.0008876415188753038,1e-06,0.057474641658223934,88.76415188753039,400.0,100.0
calma,21960,nnls,False,0.20264496977353716,,,,,,
calma,21960,ssrc,False,0.12228376203869307,0.024353202948368513,0.0001,0.029847612475328536,24.353202948368512,400.0,100.0
calma,21960,pls,False,1.0977918381604874,,,,,,
calma,21960,naive,False,0.2202333449870648,,,,,,
calma,21980,ols,False,0.4620979432923977,,,,,,
calma,21980,ridge,False,0.4902955305464832,0.08782865671551482,0.0001,0.0645008081906813,87.82865671551482,400.0,100.0
calma,21980,nnls,False,1.497370014584125,,,,,,
calma,21980,ssrc,False,0.1406941051250539,0.00023956475750077955,1e-06,0.027094065134846038,23.956475750077956,400.0,100.0
calma,21980,pls,False,3.592006746719323,,,,,,
calma,21980,naive,False,1.356304298844464,,,,,,
calma,22000,ols,False,0.5596404026016248,,,,,,
calma,22000,ridge,False,0.6309889983628583,0.0901357051467414,0.0001,0.07009444786655282,90.1357051467414,400.0,100.0
calma,22000,nnls,False,1.6947138326616382,,,,,,
calma,22000,ssrc,False,0.13178495215402813,2.3911004923830935e-06,1e-08,0.0247587833572323,23.911004923830934,400.0,100.0
calma,22000,pls,False,3.200686952571838,,,,,,
calma,22000,naive,False,1.9775919497066443,,,,,,
calma,22020,ols,False,0.36733441410616674,,,,,,
calma,22020,ridge,False,0.3032937553697773,0.09377320667650796,0.0001,0.07291261188004422,93.77320667650797,400.0,100.0
calma,22020,nnls,False,0.6131608202957486,,,,,,
calma,22020,ssrc,False,0.130334975358723,2.3931362944523115e-06,1e-08,0.023993017983163195,23.931362944523116,400.0,100.0
calma,22020,pls,False,2.624972360906339,,,,,,
calma,22020,naive,False,0.6063602113441733,,,,,,
calma,22040,ols,False,0.20176274326782104,,,,,,
calma,22040,ridge,False,0.20956988007091432,0.09520451275702597,0.0001,0.07160376349706306,95.20451275702597,400.0,100.0
calma,22040,nnls,False,0.5216650295326688,,,,,,
calma,22040,ssrc,False,0.05697216583411369,0.00023651543463721545,1e-06,0.0219198425866163,23.65154346372155,400.0,100.0
calma,22040,pls,False,0.24833746776182752,,,,,,
calma,22040,naive,False,0.5042404708468216,,,,,,
calma,22060,ols,False,0.010842217836116486,,,,,,
calma,22060,ridge,False,0.0331222657645214,0.09603115904724577,0.0001,0.07318140745228201,96.03115904724577,400.0,100.0
calma,22060,nnls,False,1.7662200115785787,,,,,,
calma,22060,ssrc,False,0.031157216912359786,2.359267506247854e-06,1e-08,0.021146023723218405,23.592675062478545,400.0,100.0
calma,22060,pls,False,3.594839837157363,,,,,,
calma,22060,naive,False,1.5084462721120087,,,,,,
calma,22080,ols,False,0.4851162889378222,,,,,,
calma,22080,ridge,False,0.3604700289630213,0.09781095831652477,0.0001,0.07347178836882352,97.81095831652476,400.0,100.0
calma,22080,nnls,False,2.877765518590237,,,,,,
calma,22080,ssrc,False,0.012038724495653482,2.3541032018918983e-06,1e-08,0.020335262191704815,23.541032018918983,400.0,100.0
calma,22080,pls,False,1.1056241953417711,,,,,,
calma,22080,naive,False,2.882311703780709,,,,,,
calma,22100,ols,False,0.03345082158596601,,,,,,
calma,22100,ridge,False,0.06046182574209188,0.0993312913256873,0.0001,0.07266050526881249,99.3312913256873,400.0,100.0
calma,22100,nnls,False,0.26744472470169517,,,,,,
calma,22100,ssrc,False,0.16182797153755682,0.000240043145099895,1e-06,0.02202043138882053,24.004314509989502,400.0,100.0
calma,22100,pls,False,1.5262664732141311,,,,,,
calma,22100,naive,False,0.2120982678130221,,,,,,
calma,22120,ols,False,0.38562071825261357,,,,,,
calma,22120,ridge,False,0.4114970737283172,0.1001207335853167,0.0001,0.06982599634448365,100.12073358531671,400.0,100.0
calma,22120,nnls,False,1.0796556845371732,,,,,,
calma,22120,ssrc,False,0.06046505720688834,0.00023707770542452352,1e-06,0.018749324169775372,23.70777054245235,400.0,100.0
calma,22120,pls,False,0.9204555636646428,,,,,,
calma,22120,naive,False,1.04310124236936,,,,,,
calma,22140,ols,False,0.23360241893322878,,,,,,
calma,22140,ridge,False,0.1633867961930077,0.09848492117926805,0.0001,0.07445741973055087,98.48492117926804,400.0,100.0
calma,22140,nnls,False,1.439574259996709,,,,,,
calma,22140,ssrc,False,0.07931292582245618,0.00023355690781435155,1e-06,0.01929410002408567,23.355690781435158,400.0,100.0
calma,22140,pls,False,3.1726373404913883,,,,,,
calma,22140,naive,False,1.825855194406134,,,,,,
calma,22160,ols,False,0.21116048722813616,,,,,,
calma,22160,ridge,False,0.17519891689049755,0.09989697595344292,0.0001,0.06886699327837359,99.89697595344292,400.0,100.0
calma,22160,nnls,False,0.21038338055976435,,,,,,
calma,22160,ssrc,False,0.1364690712010937,2.345325929518659e-06,1e-08,0.01994677216760053,23.45325929518659,400.0,100.0
calma,22160,pls,False,0.5179369625387196,,,,,,
calma,22160,naive,False,0.24170568648050927,,,,,,
calma,22180,ols,False,0.3614192907272957,,,,,,
calma,22180,ridge,False,0.3843086830863512,0.09745446494397056,0.0001,0.06917213906658906,97.45446494397056,400.0,100.0
calma,22180,nnls,False,1.0504461507969685,,,,,,
calma,22180,ssrc,False,0.0016906247752147727,0.0002331223226202863,1e-06,0.01986467472174126,23.312232262028633,400.0,100.0
calma,22180,pls,False,2.7461008836119185,,,,,,
calma,22180,naive,False,0.931136100476088,,,,,,
calma,22200,ols,False,0.5940650432752211,,,,,,
calma,22200,ridge,False,0.623183076600382,0.09890175395199037,0.0001,0.06902398765246097,98.90175395199037,400.0,100.0
calma,22200,nnls,False,1.0142823087903414,,,,,,
calma,22200,ssrc,False,0.01368131351658932,2.3397319611635464e-06,1e-08,0.01934631789498433,23.397319611635467,400.0,100.0
calma,22200,pls,False,1.678394813472858,,,,,,
calma,22200,naive,False,1.3619635227450548,,,,,,
calma,22220,ols,False,0.5866505855338886,,,,,,
calma,22220,ridge,False,0.5868652197122296,1.0127361986891603e-05,1e-08,0.07134386119506314,101.27361986891603,400.0,100.0
calma,22220,nnls,False,3.1880778330322057,,,,,,
calma,22220,ssrc,False,0.011276884147981385,2.338921163495746e-06,1e-08,0.019021577931850768,23.38921163495746,400.0,100.0
calma,22220,pls,False,0.8007395358626681,,,,,,
calma,22220,naive,False,3.134156775661338,,,,,,
calma,22240,ols,False,0.25273891174264657,,,,,,
calma,22240,ridge,False,0.273715316773892,0.10319669903362147,0.0001,0.06468098857605162,103.19669903362147,400.0,100.0
calma,22240,nnls,False,0.8270260519005226,,,,,,
calma,22240,ssrc,False,0.17922245915610213,2.3845822538895992e-06,1e-08,0.020922125724426276,23.845822538895995,400.0,100.0
calma,22240,pls,False,2.3198552346348755,,,,,,
calma,22240,naive,False,0.7123827028352503,,,,,,
calma,22260,ols,False,0.21941868660623517,,,,,,
calma,22260,ridge,False,0.21942154183744633,1.0368929545455253e-05,1e-08,0.06371756317986328,103.68929545455254,400.0,100.0
calma,22260,nnls,False,1.107446127013585,,,,,,
calma,22260,ssrc,False,0.05181843090861264,0.00024172733538709997,1e-06,0.02080562012529022,24.17273353871,400.0,100.0
calma,22260,pls,False,2.095921329908604,,,,,,
calma,22260,naive,False,1.4962783734544982,,,,,,
calma,22280,ols,False,0.3960521503951745,,,,,,
calma,22280,ridge,False,0.3209905615626935,0.10388715407202335,0.0001,0.06233926710920099,103.88715407202335,400.0,100.0
calma,22280,nnls,False,0.4449734533781111,,,,,,
calma,22280,ssrc,False,0.04630203946595826,0.00024229649017403949,1e-06,0.01936677805801412,24.22964901740395,400.0,100.0
calma,22280,pls,False,0.3366158170432041,,,,,,
calma,22280,naive,False,0.5104721285946876,,,,,,
calma,22300,ols,False,0.24938689387522267,,,,,,
calma,22300,ridge,False,0.2736387317192623,0.10449745714030322,0.0001,0.06290299244330409,104.49745714030321,400.0,100.0
calma,22300,nnls,False,0.6642886663103487,,,,,,
calma,22300,ssrc,False,0.09969788594423118,0.00024159021649269809,1e-06,0.016121292104605476,24.15902164926981,400.0,100.0
calma,22300,pls,False,2.0273293167566746,,,,,,
calma,22300,naive,False,0.5994394113519153,,,,,,
calma,22320,ols,False,0.5395643616343692,,,,,,
calma,22320,ridge,False,0.6451586737927734,0.10511537542138923,0.0001,0.06286502139883032,105.11537542138922,400.0,100.0
calma,22320,nnls,False,2.0906697148298163,,,,,,
calma,22320,ssrc,False,0.030915947980022732,2.410222291304118e-06,1e-08,0.014505794153795715,24.102222913041185,400.0,100.0
calma,22320,pls,False,4.2514771461839445,,,,,,
calma,22320,naive,False,2.0113687308857466,,,,,,
calma,22340,ols,False,0.005738363269734318,,,,,,
calma,22340,ridge,False,0.03349382689296942,0.1061566774714333,0.0001,0.0687449211274506,106.1566774714333,400.0,100.0
calma,22340,nnls,False,0.8985761279937543,,,,,,
calma,22340,ssrc,False,0.037395084766803866,0.024194407956760575,0.0001,0.013021307498188138,24.194407956760575,400.0,100.0
calma,22340,pls,False,2.0519907240953885,,,,,,
calma,22340,naive,False,1.1833615260966828,,,,,,
calma,22360,ols,False,0.19582076592819195,,,,,,
calma,22360,ridge,False,0.17341143997021524,0.1076787828758836,0.0001,0.07009645596412271,107.6787828758836,400.0,100.0
calma,22360,nnls,False,0.3134348399502654,,,,,,
calma,22360,ssrc,False,0.01586758455949972,0.000246079649990669,1e-06,0.014730090930372466,24.6079649990669,400.0,100.0
calma,22360,pls,False,0.0070227698511232065,,,,,,
calma,22360,naive,False,0.31420872201145467,,,,,,
calma,22380,ols,False,0.44273803093178843,,,,,,
calma,22380,ridge,False,0.4834510567454401,0.1053483131924221,0.0001,0.07063512418072745,105.3483131924221,400.0,100.0
calma,22380,nnls,False,1.297409792156683,,,,,,
calma,22380,ssrc,False,0.19128159371913106,0.02395702093089041,0.0001,0.015659567160248047,23.95702093089041,400.0,100.0
calma,22380,pls,False,3.0098294723938412,,,,,,
calma,22380,naive,False,1.2139477521081914,,,,,,
calma,22400,ols,False,0.15168437175171048,,,,,,
calma,22400,ridge,False,0.14027325509836977,0.10597270283851197,0.0001,0.07536967921107542,105.97270283851196,400.0,100.0
calma,22400,nnls,False,2.1318832200752365,,,,,,
calma,22400,ssrc,False,0.1786212130439205,0.00023671318888303134,1e-06,0.018378605849856695,23.671318888303134,400.0,100.0
calma,22400,pls,False,1.9529458520511973,,,,,,
calma,22400,naive,False,1.9683262986053707,,,,,,
calma,22420,ols,False,0.3116537795347655,,,,,,
calma,22420,ridge,False,0.3115297220051926,1.0585781413641068e-05,1e-08,0.0739370269969498,105.8578141364107,400.0,100.0
calma,22420,nnls,False,1.121680519298999,,,,,,
calma,22420,ssrc,False,0.16962153505596,0.00023448437901934564,1e-06,0.02452793403258477,23.448437901934568,400.0,100.0
calma,22420,pls,False,2.6645759062092913,,,,,,
calma,22420,naive,False,1.0591472659892127,,,,,,
calma,22440,ols,False,0.37776419194764677,,,,,,
calma,22440,ridge,False,0.40545876543688725,0.10363191836778103,0.0001,0.06827359837648603,103.63191836778104,400.0,100.0
calma,22440,nnls,False,1.1657701453393017,,,,,,
calma,22440,ssrc,False,0.057812293906196036,0.00023457501458889592,1e-06,0.026842755824724528,23.457501458889595,400.0,100.0
calma,22440,pls,False,2.757422837935315,,,,,,
calma,22440,naive,False,1.0539779718603317,,,,,,
calma,22460,ols,False,0.5409546499621383,,,,,,
calma,22460,ridge,False,0.536904175466934,0.0010281371974818357,1e-06,0.0673039785514802,102.81371974818359,400.0,100.0
calma,22460,nnls,False,2.3765274526336637,,,,,,
calma,22460,ssrc,False,0.42682562377005523,0.023334932954725312,0.0001,0.025342127657870556,23.334932954725314,400.0,100.0
calma,22460,pls,False,4.586873301229883,,,,,,
calma,22460,naive,False,2.201319190546769,,,,,,
calma,22480,ols,False,0.14548538211202872,,,,,,
calma,22480,ridge,False,0.03714832953438879,0.10657440386788854,0.0001,0.07233006122527283,106.57440386788853,400.0,100.0
calma,22480,nnls,False,0.5893630583156484,,,,,,
calma,22480,ssrc,False,0.28804302222772776,0.023828483730527098,0.0001,0.03148919886273164,23.828483730527097,400.0,100.0
calma,22480,pls,False,0.7469863981205904,,,,,,
calma,22480,naive,False,0.5355473313254245,,,,,,
calma,22500,ols,False,0.2846669723501854,,,,,,
calma,22500,ridge,False,0.31682381199501886,0.10375897976193531,0.0001,0.06196724844899183,103.75897976193531,400.0,100.0
calma,22500,nnls,False,0.8624344257189935,,,,,,
calma,22500,ssrc,False,0.024561771438631908,0.023458585660699128,0.0001,0.04071921579837652,23.45858566069913,400.0,100.0
calma,22500,pls,False,0.7919975426808317,,,,,,
calma,22500,naive,False,0.8218940987311419,,,,,,
calma,22520,ols,False,0.21067579111235146,,,,,,
calma,22520,ridge,False,0.26966313387181284,0.10082284266265282,0.0001,0.06361563732248465,100.82284266265282,400.0,100.0
calma,22520,nnls,False,2.1859438437152208,,,,,,
calma,22520,ssrc,False,0.20020742606559447,0.023197806349104618,0.0001,0.034869510496926555,23.19780634910462,400.0,100.0
calma,22520,pls,False,4.3258885741772675,,,,,,
calma,22520,naive,False,1.9633420705214282,,,,,,
calma,22540,ols,False,0.1827444815199253,,,,,,
calma,22540,ridge,False,0.09222799643911093,0.10285596776490966,0.0001,0.06867442177157508,102.85596776490966,400.0,100.0
calma,22540,nnls,False,0.7509951328621841,,,,,,
calma,22540,ssrc,False,0.09346958929905907,0.023476700728224085,0.0001,0.038163721090991226,23.47670072822409,400.0,100.0
calma,22540,pls,False,1.4986969302372875,,,,,,
calma,22540,naive,False,0.7282907237168678,,,,,,
calma,22560,ols,False,0.1951658809341974,,,,,,
calma,22560,ridge,False,0.20560667538462965,0.10270857932977429,0.0001,0.06769833007025089,102.7085793297743,400.0,100.0
calma,22560,nnls,False,0.4355737928595612,,,,,,
calma,22560,ssrc,False,0.08928119123449854,2.3427597470614277e-06,1e-08,0.039211010386599535,23.427597470614277,400.0,100.0
calma,22560,pls,False,1.8672129071326542,,,,,,
calma,22560,naive,False,0.38270776739157997,,,,,,
calma,22580,ols,False,0.5437947403175672,,,,,,
calma,22580,ridge,False,0.5997801764885464,0.10167654759599928,0.0001,0.06544182929471222,101.6765475959993,400.0,100.0
calma,22580,nnls,False,1.8286696202662829,,,,,,
calma,22580,ssrc,False,0.04538690504257105,0.2332054367243384,0.001,0.03235785771422191,23.320543672433843,400.0,100.0
calma,22580,pls,False,3.0264007072786874,,,,,,
calma,22580,naive,False,1.7312556576144689,,,,,,
calma,22600,ols,False,0.4379901767833083,,,,,,
calma,22600,ridge,False,0.43778557871221985,0.0010200344722568922,1e-06,0.07417664642076752,102.00344722568923,400.0,100.0
calma,22600,nnls,False,1.5633251391214587,,,,,,
calma,22600,ssrc,False,0.16371982110756883,0.023239483898508568,0.0001,0.023311042009604873,23.239483898508567,400.0,100.0
calma,22600,pls,False,3.727264201515234,,,,,,
calma,22600,naive,False,1.9669799070433718,,,,,,
calma,22620,ols,False,0.49782567161689517,,,,,,
calma,22620,ridge,False,0.6618178962323835,0.1000339526555636,0.0001,0.07131321761168179,100.03395265556361,400.0,100.0
calma,22620,nnls,False,2.947832678761292,,,,,,
calma,22620,ssrc,False,0.40672127935394825,0.0229769592734152,0.0001,0.021819841356655413,22.9769592734152,400.0,100.0
calma,22620,pls,False,3.285804639339107,,,,,,
calma,22620,naive,False,3.0411059981660835,,,,,,
calma,22640,ols,False,0.23592132836879037,,,,,,
calma,22640,ridge,False,0.24888079413277808,0.10083038410621367,0.0001,0.06871733864431226,100.83038410621367,400.0,100.0
calma,22640,nnls,False,0.839681770826016,,,,,,
calma,22640,ssrc,False,0.1197518085321094,0.00023265731892594063,1e-06,0.024777022243058625,23.265731892594065,400.0,100.0
calma,22640,pls,False,2.192226891964541,,,,,,
calma,22640,naive,False,0.6787573770391296,,,,,,
calma,22660,ols,False,0.1854478691415591,,,,,,
calma,22660,ridge,False,0.1853114689775701,0.0010010242590147978,1e-06,0.06202614037395149,100.10242590147979,400.0,100.0
calma,22660,nnls,False,0.927649887070373,,,,,,
calma,22660,ssrc,False,0.14425759997683826,0.0002344574011311806,1e-06,0.027090784788540007,23.445740113118063,400.0,100.0
calma,22660,pls,False,1.9926508608975162,,,,,,
calma,22660,naive,False,1.1864783172873004,,,,,,
calma,22680,ols,False,0.28001753930337103,,,,,,
calma,22680,ridge,False,0.28000946322051756,1.0154405170522358e-05,1e-08,0.054001636689915804,101.54405170522358,400.0,100.0
calma,22680,nnls,False,0.9604627094890575,,,,,,
calma,22680,ssrc,False,0.17017306429424597,0.00024087847906333602,1e-06,0.030068328505731177,24.087847906333604,400.0,100.0
calma,22680,pls,False,2.578723413623294,,,,,,
calma,22680,naive,False,0.8447263935048488,,,,,,
calma,22700,ols,False,0.043039729169416854,,,,,,
calma,22700,ridge,False,0.04181514689374316,0.0010193602800868914,1e-06,0.04754076399511524,101.93602800868916,400.0,100.0
calma,22700,nnls,False,1.395853718790114,,,,,,
calma,22700,ssrc,False,0.018371801466131127,0.00024188823932324286,1e-06,0.03244494379454742,24.18882393232429,400.0,100.0
calma,22700,pls,False,2.9109910580462643,,,,,,
calma,22700,naive,False,1.7972948827871464,,,,,,
calma,22720,ols,False,0.3141143524797395,,,,,,
calma,22720,ridge,False,0.2508206923934818,0.10356164934997726,0.0001,0.04711595017347015,103.56164934997726,400.0,100.0
calma,22720,nnls,False,0.36206616789310947,,,,,,
calma,22720,ssrc,False,0.0028694216602495205,0.0002459325961435575,1e-06,0.031125120304420415,24.593259614355752,400.0,100.0
calma,22720,pls,False,0.0033103461499462052,,,,,,
calma,22720,naive,False,0.4094281373410192,,,,,,
calma,22740,ols,False,0.3003345711478053,,,,,,
calma,22740,ridge,False,0.3244070851330809,0.1014648822736122,0.0001,0.04975212811859422,101.4648822736122,400.0,100.0
calma,22740,nnls,False,0.8156051801522402,,,,,,
calma,22740,ssrc,False,0.05558051565127201,2.4081847736039982e-06,1e-08,0.02494390440626827,24.081847736039983,400.0,100.0
calma,22740,pls,False,2.4873234521551524,,,,,,
calma,22740,naive,False,0.7461012464069487,,,,,,
calma,22760,ols,False,0.6140748262117065,,,,,,
calma,22760,ridge,False,0.684733804240249,0.10098057799128336,0.0001,0.056888356768300424,100.98057799128337,400.0,100.0
calma,22760,nnls,False,2.1516757682279732,,,,,,
calma,22760,ssrc,False,0.07342065650830257,2.366665707570795e-06,1e-08,0.021914810933084054,23.666657075707953,400.0,100.0
calma,22760,pls,False,3.6294762148105395,,,,,,
calma,22760,naive,False,2.0530539560508805,,,,,,
calma,22780,ols,False,0.050092134229684136,,,,,,
calma,22780,ridge,False,0.020372417600621653,0.10021798713850456,0.0001,0.06744692841633103,100.21798713850455,400.0,100.0
calma,22780,nnls,False,0.7722465657886127,,,,,,
calma,22780,ssrc,False,0.17342854177663278,0.00023628578546260162,1e-06,0.021147966472916887,23.628578546260165,400.0,100.0
calma,22780,pls,False,1.5311554311997297,,,,,,
calma,22780,naive,False,0.9651090919036174,,,,,,
calma,22800,ols,False,0.026875540163342145,,,,,,
calma,22800,ridge,False,0.041434801623096526,0.10194472910595337,0.0001,0.0661033778760279,101.94472910595337,400.0,100.0
calma,22800,nnls,False,0.14288701063241577,,,,,,
calma,22800,ssrc,False,0.08567960762011138,0.00024018102801903486,1e-06,0.019562247892504617,24.01810280190349,400.0,100.0
calma,22800,pls,False,1.2786245883900664,,,,,,
calma,22800,naive,False,0.11358840066169645,,,,,,
calma,22820,ols,False,0.2730065337758719,,,,,,
calma,22820,ridge,False,0.3333505893733699,0.10282901420217104,0.0001,0.0723153058377945,102.82901420217104,400.0,100.0
calma,22820,nnls,False,1.369036140135702,,,,,,
calma,22820,ssrc,False,0.3331652512432555,0.02403836290956038,0.0001,0.021433632678083115,24.03836290956038,400.0,100.0
calma,22820,pls,False,3.5798301856611947,,,,,,
calma,22820,naive,False,1.2730651083941045,,,,,,
calma,22840,ols,False,0.0282698081184187,,,,,,
calma,22840,ridge,False,0.028263489436850846,1.0039918016275624e-05,1e-08,0.06750157414822644,100.39918016275624,400.0,100.0
calma,22840,nnls,False,1.1552740993102408,,,,,,
calma,22840,ssrc,False,0.08270165375818835,0.02393581779953321,0.0001,0.024288877470152848,23.93581779953321,400.0,100.0
calma,22840,pls,False,1.2914433421656075,,,,,,
calma,22840,naive,False,1.092539386117886,,,,,,
calma,22860,ols,False,0.15489476599644883,,,,,,
calma,22860,ridge,False,0.15489538905480665,9.812743681559433e-06,1e-08,0.06473323454807857,98.12743681559434,400.0,100.0
calma,22860,nnls,False,0.2852449089620849,,,,,,
calma,22860,ssrc,False,0.07439785200906877,0.023640968877334596,0.0001,0.025850578259994438,23.640968877334597,400.0,100.0
calma,22860,pls,False,1.7199399691141557,,,,,,
calma,22860,naive,False,0.24791352049916301,,,,,,
calma,22880,ols,False,0.4336424757056276,,,,,,
calma,22880,ridge,False,0.43364134325501574,1.003378375123526e-05,1e-08,0.06547393739372664,100.3378375123526,400.0,100.0
calma,22880,nnls,False,1.7371099094731897,,,,,,
calma,22880,ssrc,False,0.13287610526721347,2.380563361569718e-06,1e-08,0.024563867577761984,23.80563361569718,400.0,100.0
calma,22880,pls,False,3.361732211338282,,,,,,
calma,22880,naive,False,1.6373751039693747,,,,,,
calma,22900,ols,False,0.9121366767601865,,,,,,
calma,22900,ridge,False,0.9121411419767274,9.708962014343889e-06,1e-08,0.06598898299619957,97.08962014343888,400.0,100.0
calma,22900,nnls,False,0.6681440055915518,,,,,,
calma,22900,ssrc,False,0.182744717588478,0.023468927252511814,0.0001,0.026138412671176482,23.468927252511815,400.0,100.0
calma,22900,pls,False,6.161526423587734,,,,,,
calma,22900,naive,False,0.44473985638343067,,,,,,
calma,22920,ols,False,0.07577032178346431,,,,,,
calma,22920,ridge,False,0.07520291895331091,0.0009929490953088892,1e-06,0.06480910290837834,99.29490953088893,400.0,100.0
calma,22920,nnls,False,0.07360641240843122,,,,,,
calma,22920,ssrc,False,0.23293879885135851,0.02391131937307315,0.0001,0.026884110881239584,23.91131937307315,400.0,100.0
calma,22920,pls,False,0.9476341142565202,,,,,,
calma,22920,naive,False,0.0184454757742762,,,,,,
calma,22940,ols,False,0.4873977730410741,,,,,,
calma,22940,ridge,False,0.5294770462681043,0.09947273688320979,0.0001,0.0647460651573814,99.47273688320979,400.0,100.0
calma,22940,nnls,False,1.543346965673196,,,,,,
calma,22940,ssrc,False,0.09008801469244918,0.00023911928502754403,1e-06,0.024684812089336327,23.911928502754407,400.0,100.0
calma,22940,pls,False,3.597605973435872,,,,,,
calma,22940,naive,False,1.4243225502856645,,,,,,
calma,22960,ols,False,0.5852569498921419,,,,,,
calma,22960,ridge,False,0.5852791752323667,1.0026953089304456e-05,1e-08,0.06938927947424296,100.26953089304456,400.0,100.0
calma,22960,nnls,False,1.6172108683834605,,,,,,
calma,22960,ssrc,False,0.005140126381946138,0.023953857622235383,0.0001,0.024193187669447686,23.953857622235383,400.0,100.0
calma,22960,pls,False,4.192458718406556,,,,,,
calma,22960,naive,False,1.7082866485981298,,,,,,
calma,22980,ols,False,0.32002884216173505,,,,,,
calma,22980,ridge,False,0.2578136128233908,0.09966476650150399,0.0001,0.06715557538050011,99.66476650150399,400.0,100.0
calma,22980,nnls,False,0.3726931837212634,,,,,,
calma,22980,ssrc,False,0.15639564803873007,0.023891344811653937,0.0001,0.023866846981416848,23.891344811653937,400.0,100.0
calma,22980,pls,False,0.0028593861701135845,,,,,,
calma,22980,naive,False,0.42888464200217646,,,,,,
calma,23000,ols,False,0.30588428903262377,,,,,,
calma,23000,ridge,False,0.324564893560157,0.10043987587173603,0.0001,0.07071588264236273,100.43987587173604,400.0,100.0
calma,23000,nnls,False,0.7640120291124617,,,,,,
calma,23000,ssrc,False,0.04659737293727265,0.02383397048820063,0.0001,0.022030194098710276,23.83397048820063,400.0,100.0
calma,23000,pls,False,2.4095714465165066,,,,,,
calma,23000,naive,False,0.676641384937544,,,,,,
calma,23020,ols,False,0.6222344144989662,,,,,,
calma,23020,ridge,False,0.5969221492880789,0.1020229315006994,0.0001,0.06763677174045216,102.0229315006994,400.0,100.0
calma,23020,nnls,False,0.5291955993882375,,,,,,
calma,23020,ssrc,False,0.02796226770289089,0.0002418447967658883,1e-06,0.01903790171976953,24.184479676588833,400.0,100.0
calma,23020,pls,False,1.4511382042258578,,,,,,
calma,23020,naive,False,0.21481447174362334,,,,,,
calma,23040,ols,False,1.0183265380280813,,,,,,
calma,23040,ridge,False,1.171286620435199,0.09978877713729355,0.0001,0.07113068014330057,99.78877713729355,400.0,100.0
calma,23040,nnls,False,1.745808738702567,,,,,,
calma,23040,ssrc,False,0.2326100386012839,0.0002381414912031449,1e-06,0.01722785067987211,23.814149120314493,400.0,100.0
calma,23040,pls,False,5.502338374789803,,,,,,
calma,23040,naive,False,1.8408682252232023,,,,,,
calma,23060,ols,False,0.12549229805812187,,,,,,
calma,23060,ridge,False,0.14838504188631926,0.10292647521242955,0.0001,0.06704220565670493,102.92647521242955,400.0,100.0
calma,23060,nnls,False,0.5111562466033585,,,,,,
calma,23060,ssrc,False,0.05155977293126298,0.00024356987383159398,1e-06,0.019875779814790218,24.3569873831594,400.0,100.0
calma,23060,pls,False,1.714118659456993,,,,,,
calma,23060,naive,False,0.4117794153147718,,,,,,
calma,23080,ols,False,0.5152254825747903,,,,,,
calma,23080,ridge,False,0.5182889806567986,0.10272765430576426,0.0001,0.06179649963395069,102.72765430576426,400.0,100.0
calma,23080,nnls,False,0.2592913744370768,,,,,,
calma,23080,ssrc,False,0.06961444852180787,0.000247604165391513,1e-06,0.020161238509211872,24.7604165391513,400.0,100.0
calma,23080,pls,False,0.20128586848668523,,,,,,
calma,23080,naive,False,0.5617327501095132,,,,,,
calma,23100,ols,False,0.31153479810552526,,,,,,
calma,23100,ridge,False,0.24828900434680118,0.10418097462894593,0.0001,0.05898650567231517,104.18097462894593,400.0,100.0
calma,23100,nnls,False,0.3634902833730402,,,,,,
calma,23100,ssrc,False,0.1149845025864846,0.0002500398461003702,1e-06,0.02047628621580539,25.00398461003702,400.0,100.0
calma,23100,pls,False,0.16147603982633013,,,,,,
calma,23100,naive,False,0.4598818767127301,,,,,,
calma,23120,ols,False,0.674160246774127,,,,,,
calma,23120,ridge,False,0.5039322102315298,0.10766018053064812,0.0001,0.06277882676082888,107.66018053064812,400.0,100.0
calma,23120,nnls,False,1.0620509499891264,,,,,,
calma,23120,ssrc,False,0.35744204829381077,0.025159464681381326,0.0001,0.02652099537229315,25.159464681381326,400.0,100.0
calma,23120,pls,False,2.2818994270762802,,,,,,
calma,23120,naive,False,1.2464206262281818,,,,,,
calma,23140,ols,False,0.0016928521908269368,,,,,,
calma,23140,ridge,False,0.0005128958650264597,0.0010398558594643663,1e-06,0.057597970228509154,103.98558594643664,400.0,100.0
calma,23140,nnls,False,0.6108064269414272,,,,,,
calma,23140,ssrc,False,0.1391435725369508,0.02480457404961848,0.0001,0.036007600831725696,24.80457404961848,400.0,100.0
calma,23140,pls,False,4.245190276438583,,,,,,
calma,23140,naive,False,0.64551404261941,,,,,,
calma,23160,ols,False,0.0718552762753418,,,,,,
calma,23160,ridge,False,0.07367252686687281,0.0010179172944176976,1e-06,0.05068586829427935,101.79172944176977,400.0,100.0
calma,23160,nnls,False,0.17539943957576629,,,,,,
calma,23160,ssrc,False,0.1261086159597175,0.024557942665407548,0.0001,0.03788486790195812,24.55794266540755,400.0,100.0
calma,23160,pls,False,0.4446224512666727,,,,,,
calma,23160,naive,False,0.1493272884750869,,,,,,
calma,23180,ols,False,0.1494354854246339,,,,,,
calma,23180,ridge,False,0.14948184584540197,0.0009937364588250997,1e-06,0.04882873073489921,99.37364588250998,400.0,100.0
calma,23180,nnls,False,1.3619596026506942,,,,,,
calma,23180,ssrc,False,0.062476273070243254,0.24073441241705285,0.001,0.04304516964233919,24.073441241705286,400.0,100.0
calma,23180,pls,False,4.164679110520973,,,,,,
calma,23180,naive,False,1.2882886126108197,,,,,,
calma,23200,ols,False,0.07184028475544597,,,,,,
calma,23200,ridge,False,0.07084798083975108,0.0009803300480414779,1e-06,0.04711928556537025,98.03300480414781,400.0,100.0
calma,23200,nnls,False,1.2837404426948582,,,,,,
calma,23200,ssrc,False,0.18468838648997765,0.023837052569545995,0.0001,0.04451244279655942,23.837052569545996,400.0,100.0
calma,23200,pls,False,1.7917021571772032,,,,,,
calma,23200,naive,False,1.2111699465277976,,,,,,
calma,23220,ols,False,0.38519823245006884,,,,,,
calma,23220,ridge,False,0.3848460451662089,0.0009475230060487016,1e-06,0.0472247515575986,94.75230060487017,400.0,100.0
calma,23220,nnls,False,0.5793161793284559,,,,,,
calma,23220,ssrc,False,0.2005185495727778,0.23359555722045025,0.001,0.04066555590487866,23.359555722045027,400.0,100.0
calma,23220,pls,False,2.607312069249275,,,,,,
calma,23220,naive,False,0.5222517183699168,,,,,,
calma,23240,ols,False,0.2787145638897582,,,,,,
calma,23240,ridge,False,0.27851256771570465,0.0009586435755951305,1e-06,0.050030990201351905,95.86435755951305,400.0,100.0
calma,23240,nnls,False,1.8349253623693444,,,,,,
calma,23240,ssrc,False,0.019808858152354374,0.00023715247122822606,1e-06,0.028023219294586753,23.715247122822607,400.0,100.0
calma,23240,pls,False,3.8791430382037517,,,,,,
calma,23240,naive,False,1.617569602118234,,,,,,
calma,23260,ols,False,0.12071614938928264,,,,,,
calma,23260,ridge,False,0.12071251276428667,9.709186000832015e-06,1e-08,0.057658908018235096,97.09186000832015,400.0,100.0
calma,23260,nnls,False,2.237971337058042,,,,,,
calma,23260,ssrc,False,0.07969048393721499,0.02395748068629082,0.0001,0.0248585545389824,23.957480686290822,400.0,100.0
calma,23260,pls,False,4.58698777673002,,,,,,
calma,23260,naive,False,2.658624086782263,,,,,,
calma,23280,ols,False,0.0599054784613513,,,,,,
calma,23280,ridge,False,0.03278599583554043,0.0961552116588338,0.0001,0.06312345049495446,96.15521165883379,400.0,100.0
calma,23280,nnls,False,0.08138995466853148,,,,,,
calma,23280,ssrc,False,0.19375786812221857,0.023807847073738037,0.0001,0.026157926009239562,23.80784707373804,400.0,100.0
calma,23280,pls,False,1.098707427483698,,,,,,
calma,23280,naive,False,0.07507310896407296,,,,,,
calma,23300,ols,False,0.39323175796778476,,,,,,
calma,23300,ridge,False,0.42301682313014977,0.0943115647115946,0.0001,0.06497744879992554,94.3115647115946,400.0,100.0
calma,23300,nnls,False,1.1309055966439765,,,,,,
calma,23300,ssrc,False,0.11273352189177062,0.023373515899729958,0.0001,0.025749461142583144,23.37351589972996,400.0,100.0
calma,23300,pls,False,3.045833625591496,,,,,,
calma,23300,naive,False,1.0372779964146637,,,,,,
calma,23320,ols,False,0.25288183086127014,,,,,,
calma,23320,ridge,False,0.33435467640200334,0.09433658698739815,0.0001,0.06901682694205732,94.33658698739815,400.0,100.0
calma,23320,nnls,False,1.6268133310843707,,,,,,
calma,23320,ssrc,False,0.007136299960267851,0.023519174720149322,0.0001,0.024888725948807554,23.519174720149323,400.0,100.0
calma,23320,pls,False,2.660270496410899,,,,,,
calma,23320,naive,False,1.776311539192753,,,,,,
calma,23340,ols,False,0.40040073529160924,,,,,,
calma,23340,ridge,False,0.5493796071410155,0.09339403577918132,0.0001,0.06971461029641776,93.39403577918131,400.0,100.0
calma,23340,nnls,False,2.9538653465573135,,,,,,
calma,23340,ssrc,False,0.213399809517935,0.023085324386235416,0.0001,0.027043546015629465,23.085324386235413,400.0,100.0
calma,23340,pls,False,3.0103379365762324,,,,,,
calma,23340,naive,False,3.098542568756509,,,,,,
calma,23360,ols,False,0.2184358810505371,,,,,,
calma,23360,ridge,False,0.24355487528913305,0.09618068256278486,0.0001,0.06790376450717027,96.18068256278485,400.0,100.0
calma,23360,nnls,False,0.7789700933306251,,,,,,
calma,23360,ssrc,False,0.014236148296497445,0.023588628928394473,0.0001,0.0332464167159637,23.58862892839447,400.0,100.0
calma,23360,pls,False,2.2715432888631693,,,,,,
calma,23360,naive,False,0.6513963785304957,,,,,,
calma,23380,ols,False,0.09561389535190688,,,,,,
calma,23380,ridge,False,0.09543046176605456,0.0009636055518166109,1e-06,0.06308569704243185,96.3605551816611,400.0,100.0
calma,23380,nnls,False,1.26520120506732,,,,,,
calma,23380,ssrc,False,0.07319475506200684,0.024071005119507424,0.0001,0.03130080143377016,24.071005119507426,400.0,100.0
calma,23380,pls,False,2.680335110962768,,,,,,
calma,23380,naive,False,1.5478131697520185,,,,,,
calma,23400,ols,False,0.0005638639360245604,,,,,,
calma,23400,ridge,False,0.028926916910177968,0.09938127542010583,0.0001,0.059104639907480425,99.38127542010584,400.0,100.0
calma,23400,nnls,False,0.22024577151268548,,,,,,
calma,23400,ssrc,False,0.12174284687293936,0.00024669982902496404,1e-06,0.03195518996623331,24.669982902496407,400.0,100.0
calma,23400,pls,False,1.4460103393648207,,,,,,
calma,23400,naive,False,0.15713168096981645,,,,,,
calma,23420,ols,False,0.2533429579388769,,,,,,
calma,23420,ridge,False,0.2686168993108745,0.097588298683192,0.0001,0.05251156918697441,97.58829868319201,400.0,100.0
calma,23420,nnls,False,0.6911155032721257,,,,,,
calma,23420,ssrc,False,0.11971667378001423,0.02429125211832473,0.0001,0.02985486711472827,24.29125211832473,400.0,100.0
calma,23420,pls,False,0.0369304957204277,,,,,,
calma,23420,naive,False,0.6761279785097049,,,,,,
calma,23440,ols,False,0.05702332698786202,,,,,,
calma,23440,ridge,False,0.11215100905603818,0.09796924503016476,0.0001,0.05879465289302109,97.96924503016476,400.0,100.0
calma,23440,nnls,False,1.116487080714778,,,,,,
calma,23440,ssrc,False,0.08090441313793208,0.024232445385451176,0.0001,0.02894546755290909,24.232445385451175,400.0,100.0
calma,23440,pls,False,2.297255038595165,,,,,,
calma,23440,naive,False,1.4617252406103354,,,,,,
calma,23460,ols,False,0.09635938378867981,,,,,,
calma,23460,ridge,False,0.061655180385751164,0.09889644922199789,0.0001,0.056600944848482555,98.8964492219979,400.0,100.0
calma,23460,nnls,False,0.041208565586761094,,,,,,
calma,23460,ssrc,False,0.07447617862808094,0.000245805466294293,1e-06,0.025415903569588096,24.580546629429303,400.0,100.0
calma,23460,pls,False,1.0830339623965144,,,,,,
calma,23460,naive,False,0.015589180040398016,,,,,,
calma,23480,ols,False,0.4055165105748042,,,,,,
calma,23480,ridge,False,0.4394988442599146,0.09741863973383028,0.0001,0.061683492693801203,97.41863973383028,400.0,100.0
calma,23480,nnls,False,1.18675515264207,,,,,,
calma,23480,ssrc,False,0.08799009628661407,0.024329478372323424,0.0001,0.024854546486121187,24.329478372323422,400.0,100.0
calma,23480,pls,False,1.230119018828775,,,,,,
calma,23480,naive,False,1.1397684825542322,,,,,,
calma,23500,ols,False,0.38042310680349967,,,,,,
calma,23500,ridge,False,0.32664355737972417,0.0971518613976565,0.0001,0.06764994910864991,97.15186139765649,400.0,100.0
calma,23500,nnls,False,1.710882571510695,,,,,,
calma,23500,ssrc,False,0.1010296010755173,0.0244157098443958,0.0001,0.023890559804294897,24.4157098443958,400.0,100.0
calma,23500,pls,False,3.6310120448685588,,,,,,
calma,23500,naive,False,1.4513478102577808,,,,,,
calma,23520,ols,False,0.25011794924209596,,,,,,
calma,23520,ridge,False,0.1796337186353065,0.09939927576969271,0.0001,0.07221621485072145,99.39927576969271,400.0,100.0
calma,23520,nnls,False,0.5420187623479926,,,,,,
calma,23520,ssrc,False,0.16576748064727856,0.024447462179265963,0.0001,0.02506666087137448,24.447462179265962,400.0,100.0
calma,23520,pls,False,1.795160887442364,,,,,,
calma,23520,naive,False,0.5238356629609288,,,,,,
calma,23540,ols,False,0.240959674815764,,,,,,
calma,23540,ridge,False,0.255062450045727,0.09779908369164272,0.0001,0.06675296501011128,97.79908369164272,400.0,100.0
calma,23540,nnls,False,0.6048310890923186,,,,,,
calma,23540,ssrc,False,0.19113805390896138,0.024371484072132108,0.0001,0.02554231930153374,24.371484072132105,400.0,100.0
calma,23540,pls,False,2.2968933715030713,,,,,,
calma,23540,naive,False,0.5360120129916301,,,,,,
calma,23560,ols,False,0.6132250950386152,,,,,,
calma,23560,ridge,False,0.661707619284774,0.09634660980042564,0.0001,0.07099827703181892,96.34660980042565,400.0,100.0
calma,23560,nnls,False,1.991304748668712,,,,,,
calma,23560,ssrc,False,0.09250723777002948,0.02392580787767985,0.0001,0.024045166215762925,23.925807877679848,400.0,100.0
calma,23560,pls,False,2.94977704174467,,,,,,
calma,23560,naive,False,1.9116093532048317,,,,,,
calma,23580,ols,False,0.15705600009354662,,,,,,
calma,23580,ridge,False,0.15552448179847334,0.09787735852760042,0.0001,0.07548194281173058,97.87735852760042,400.0,100.0
calma,23580,nnls,False,1.1504131190958105,,,,,,
calma,23580,ssrc,False,0.021372654710967814,0.00023818875510556688,1e-06,0.023972916585749012,23.81887551055669,400.0,100.0
calma,23580,pls,False,2.681984561280945,,,,,,
calma,23580,naive,False,1.487844271681637,,,,,,
calma,23600,ols,False,0.19073109581011571,,,,,,
calma,23600,ridge,False,0.17374980101926865,0.09614380112308957,0.0001,0.07205361491618581,96.14380112308957,400.0,100.0
calma,23600,nnls,False,0.27851895900104623,,,,,,
calma,23600,ssrc,False,0.00022260571182986782,0.023622893275818763,0.0001,0.022195693680155556,23.622893275818765,400.0,100.0
calma,23600,pls,False,0.611384066403028,,,,,,
calma,23600,naive,False,0.28322541164312437,,,,,,
calma,23620,ols,False,0.4888869760410876,,,,,,
calma,23620,ridge,False,0.5176469438105336,0.0929153781679247,0.0001,0.06994980944412589,92.9153781679247,400.0,100.0
calma,23620,nnls,False,1.4873435520412848,,,,,,
calma,23620,ssrc,False,0.0023764335955699218,2.354840102183833e-06,1e-08,0.020322952307487638,23.54840102183833,400.0,100.0
calma,23620,pls,False,3.5215376335852255,,,,,,
calma,23620,naive,False,1.3641332551837928,,,,,,
calma,23640,ols,False,0.564856820609668,,,,,,
calma,23640,ridge,False,0.6657851203830187,0.09596125763606665,0.0001,0.07441443564050265,95.96125763606665,400.0,100.0
calma,23640,nnls,False,1.3326758964106367,,,,,,
calma,23640,ssrc,False,0.011244569994739861,0.023551592368096206,0.0001,0.017978471096567483,23.551592368096205,400.0,100.0
calma,23640,pls,False,3.7642592548394664,,,,,,
calma,23640,naive,False,1.533892022992396,,,,,,
calma,23660,ols,False,0.3412934693880793,,,,,,
calma,23660,ridge,False,0.27798142172024426,0.09909068662817588,0.0001,0.0746727110268787,99.09068662817589,400.0,100.0
calma,23660,nnls,False,0.4362392900980643,,,,,,
calma,23660,ssrc,False,0.10710088579249774,0.023518662478583283,0.0001,0.01806575538824774,23.51866247858328,400.0,100.0
calma,23660,pls,False,0.19920123175704335,,,,,,
calma,23660,naive,False,0.4978162648410523,,,,,,
calma,23680,ols,False,0.2848000406862092,,,,,,
calma,23680,ridge,False,0.30349445120160945,0.09995480408067574,0.0001,0.07232939601873681,99.95480408067573,400.0,100.0
calma,23680,nnls,False,0.7295334747183864,,,,,,
calma,23680,ssrc,False,0.02518100872666588,0.023388946750443004,0.0001,0.017274454844561537,23.388946750443004,400.0,100.0
calma,23680,pls,False,2.2627038753309203,,,,,,
calma,23680,naive,False,0.6425839855468821,,,,,,
calma,23700,ols,False,0.395361486954787,,,,,,
calma,23700,ridge,False,0.3944839574534791,0.0010024596019834187,1e-06,0.07233843219918767,100.24596019834188,400.0,100.0
calma,23700,nnls,False,2.2054569027204325,,,,,,
calma,23700,ssrc,False,0.23105057370203247,0.02333941392157568,0.0001,0.015753482396449404,23.33941392157568,400.0,100.0
calma,23700,pls,False,4.354278028370531,,,,,,
calma,23700,naive,False,2.0016525397649874,,,,,,
calma,23720,ols,False,0.031128965605411927,,,,,,
calma,23720,ridge,False,0.04669782091973688,0.10353833262440629,0.0001,0.07483332636393521,103.53833262440628,400.0,100.0
calma,23720,nnls,False,1.2744552728182637,,,,,,
calma,23720,ssrc,False,0.11244693729231872,0.023725372105951947,0.0001,0.016448978407085656,23.725372105951948,400.0,100.0
calma,23720,pls,False,1.3492064401177681,,,,,,
calma,23720,naive,False,1.1681310432806358,,,,,,
calma,23740,ols,False,0.3620171364274962,,,,,,
calma,23740,ridge,False,0.34769089882655907,0.10287491442073582,0.0001,0.07300258385198309,102.87491442073582,400.0,100.0
calma,23740,nnls,False,0.5413972417121673,,,,,,
calma,23740,ssrc,False,0.09913540631667025,0.02341160712687088,0.0001,0.018226561717739235,23.411607126870877,400.0,100.0
calma,23740,pls,False,2.331098574773785,,,,,,
calma,23740,naive,False,0.4889455793880527,,,,,,
calma,23760,ols,False,0.3049403269746874,,,,,,
calma,23760,ridge,False,0.30490732503027634,1.0114433665187438e-05,1e-08,0.06893499514336704,101.14433665187438,400.0,100.0
calma,23760,nnls,False,1.8032757949045646,,,,,,
calma,23760,ssrc,False,0.03774894905995055,0.00023390932081445681,1e-06,0.0198252060713119,23.390932081445683,400.0,100.0
calma,23760,pls,False,3.736205710056898,,,,,,
calma,23760,naive,False,1.5712567569303977,,,,,,
calma,23780,ols,False,0.8886554058226125,,,,,,
calma,23780,ridge,False,0.8880902502975164,0.0010110055505101686,1e-06,0.06819900351944776,101.10055505101688,400.0,100.0
calma,23780,nnls,False,1.5278385263954255,,,,,,
calma,23780,ssrc,False,0.1302192731593435,0.0002337540474721471,1e-06,0.021546892053064412,23.375404747214713,400.0,100.0
calma,23780,pls,False,2.513972380076402,,,,,,
calma,23780,naive,False,1.919648529992676,,,,,,
calma,23800,ols,False,0.037254819792534186,,,,,,
calma,23800,ridge,False,0.001344158356570942,0.10420007805081541,0.0001,0.0692855725453628,104.20007805081542,400.0,100.0
calma,23800,nnls,False,0.11119322378871377,,,,,,
calma,23800,ssrc,False,0.4274355357145979,2.3786678714243625e-06,1e-08,0.0272566139253529,23.786678714243624,400.0,100.0
calma,23800,pls,False,0.598323507457363,,,,,,
calma,23800,naive,False,0.10078670985580049,,,,,,
calma,23820,ols,False,0.14611298043077467,,,,,,
calma,23820,ridge,False,0.153846170139724,0.10126379847310668,0.0001,0.06160764723332731,101.26379847310668,400.0,100.0
calma,23820,nnls,False,0.40747015683121357,,,,,,
calma,23820,ssrc,False,0.15437059612581824,2.3443792096348027e-06,1e-08,0.029485740658459422,23.44379209634803,400.0,100.0
calma,23820,pls,False,0.23894990068701885,,,,,,
calma,23820,naive,False,0.4022152907379927,,,,,,
calma,23840,ols,False,0.22359219519076948,,,,,,
calma,23840,ridge,False,0.25998068285623266,0.10276267473771976,0.0001,0.06665632704229806,102.76267473771975,400.0,100.0
calma,23840,nnls,False,0.49781481037845704,,,,,,
calma,23840,ssrc,False,0.09640416273809013,0.02375886927052542,0.0001,0.030550600359229872,23.758869270525423,400.0,100.0
calma,23840,pls,False,0.7969144284601853,,,,,,
calma,23840,naive,False,0.8299465698102125,,,,,,
calma,23860,ols,False,0.0218751972589185,,,,,,
calma,23860,ridge,False,0.009671683258294301,0.10312176802416252,0.0001,0.06270869355226216,103.12176802416252,400.0,100.0
calma,23860,nnls,False,0.18289534533365845,,,,,,
calma,23860,ssrc,False,0.02881731424278444,0.023856716744125955,0.0001,0.03160297344671099,23.856716744125958,400.0,100.0
calma,23860,pls,False,1.159944782971673,,,,,,
calma,23860,naive,False,0.10415551443940775,,,,,,
calma,23880,ols,False,0.44694142163987816,,,,,,
calma,23880,ridge,False,0.48398059166515983,0.10221462909697762,0.0001,0.05933089196911076,102.21462909697762,400.0,100.0
calma,23880,nnls,False,1.3256652337956003,,,,,,
calma,23880,ssrc,False,0.009048088199739806,0.023518742889165955,0.0001,0.03151265229425217,23.518742889165953,400.0,100.0
calma,23880,pls,False,3.144407089963657,,,,,,
calma,23880,naive,False,1.2249843925492285,,,,,,
calma,23900,ols,False,0.18779172988636442,,,,,,
calma,23900,ridge,False,0.1877750145722494,0.0010240100932317388,1e-06,0.06338671085247916,102.4010093231739,400.0,100.0
calma,23900,nnls,False,2.066932827127189,,,,,,
calma,23900,ssrc,False,0.12809233287434243,0.02325294517920805,0.0001,0.02592954224895697,23.252945179208055,400.0,100.0
calma,23900,pls,False,1.7135226134041543,,,,,,
calma,23900,naive,False,2.0001836777703526,,,,,,
calma,23920,ols,False,0.09087100421444395,,,,,,
calma,23920,ridge,False,0.09087339692231736,1.0204235857354117e-05,1e-08,0.06868825596558872,102.04235857354116,400.0,100.0
calma,23920,nnls,False,1.5664166017421468,,,,,,
calma,23920,ssrc,False,0.11693326484890376,0.02314949938324093,0.0001,0.025833852095450652,23.14949938324093,400.0,100.0
calma,23920,pls,False,2.86429193113857,,,,,,
calma,23920,naive,False,1.5199028886543993,,,,,,
calma,23940,ols,False,0.3659721232369595,,,,,,
calma,23940,ridge,False,0.3962168816445688,0.10145082604124009,0.0001,0.059919080488491705,101.45082604124008,400.0,100.0
calma,23940,nnls,False,1.220115310549425,,,,,,
calma,23940,ssrc,False,0.07252784962869452,0.023266650315641776,0.0001,0.0241964812013744,23.266650315641776,400.0,100.0
calma,23940,pls,False,2.9550625754334225,,,,,,
calma,23940,naive,False,1.0820579568155315,,,,,,
calma,23960,ols,False,0.4207434447674895,,,,,,
calma,23960,ridge,False,0.42074881896338623,1.0055682955049311e-05,1e-08,0.06465110168861977,100.55682955049312,400.0,100.0
calma,23960,nnls,False,1.3112850399852274,,,,,,
calma,23960,ssrc,False,0.04643241820401241,0.0231144332923749,0.0001,0.02231925939357244,23.114433292374898,400.0,100.0
calma,23960,pls,False,2.3445469742717626,,,,,,
calma,23960,naive,False,1.7084862939818937,,,,,,
calma,23980,ols,False,0.300044757623135,,,,,,
calma,23980,ridge,False,0.2999810805694895,1.0158508528024286e-05,1e-08,0.06981805579743418,101.58508528024286,400.0,100.0
calma,23980,nnls,False,1.025034861595872,,,,,,
calma,23980,ssrc,False,0.005368731799058967,0.023216452512676893,0.0001,0.0207175451082527,23.216452512676895,400.0,100.0
calma,23980,pls,False,2.629849315076393,,,,,,
calma,23980,naive,False,0.9997270935817378,,,,,,
calma,24000,ols,False,0.14919611088396842,,,,,,
calma,24000,ridge,False,0.1674308390451926,0.10291534391445561,0.0001,0.06406567578877972,102.91534391445562,400.0,100.0
calma,24000,nnls,False,0.44475188576539026,,,,,,
calma,24000,ssrc,False,0.08862927033387505,0.00023391125138793863,1e-06,0.020232931486038032,23.391125138793868,400.0,100.0
calma,24000,pls,False,1.7815231841872374,,,,,,
calma,24000,naive,False,0.3890394484803453,,,,,,
calma,24020,ols,False,0.2274551277966524,,,,,,
calma,24020,ridge,False,0.16598810234991712,0.10135112871839935,0.0001,0.0682159017006477,101.35112871839937,400.0,100.0
calma,24020,nnls,False,0.928395359395776,,,,,,
calma,24020,ssrc,False,0.06839047843296713,2.3161142811910434e-06,1e-08,0.019642036341161108,23.161142811910434,400.0,100.0
calma,24020,pls,False,4.828798707688769,,,,,,
calma,24020,naive,False,0.7994183544579819,,,,,,
calma,24040,ols,False,0.6236729889624918,,,,,,
calma,24040,ridge,False,0.5175625168372774,0.10241679669990345,0.0001,0.07007761494805655,102.41679669990344,400.0,100.0
calma,24040,nnls,False,2.781295918420161,,,,,,
calma,24040,ssrc,False,0.3556154051502415,2.3285897446424073e-06,1e-08,0.019157222703602886,23.285897446424073,400.0,100.0
calma,24040,pls,False,0.21786487648342867,,,,,,
calma,24040,naive,False,2.667045858704877,,,,,,
calma,24060,ols,False,0.08276743824167582,,,,,,
calma,24060,ridge,False,0.10436594797643005,0.10282619965541953,0.0001,0.06963796645189416,102.82619965541954,400.0,100.0
calma,24060,nnls,False,0.35374518961239704,,,,,,
calma,24060,ssrc,False,0.16197467133406676,2.3586405064325424e-06,1e-08,0.020504521555154986,23.586405064325426,400.0,100.0
calma,24060,pls,False,1.5095961731260172,,,,,,
calma,24060,naive,False,0.2911900351490531,,,,,,
calma,24080,ols,False,0.3104851346032969,,,,,,
calma,24080,ridge,False,0.3311886211050042,0.10134367897268663,0.0001,0.0663614787224037,101.34367897268663,400.0,100.0
calma,24080,nnls,False,0.853741862026542,,,,,,
calma,24080,ssrc,False,0.09524185634599262,2.331679390415905e-06,1e-08,0.020040163462294855,23.316793904159052,400.0,100.0
calma,24080,pls,False,0.5912300541316473,,,,,,
calma,24080,naive,False,0.8278444826103474,,,,,,
calma,24100,ols,False,0.22843542410881473,,,,,,
calma,24100,ridge,False,0.22745298535887415,0.0010112648714145803,1e-06,0.07260387260077744,101.12648714145804,400.0,100.0
calma,24100,nnls,False,1.2053158927805687,,,,,,
calma,24100,ssrc,False,0.127109788544565,0.00023247621360050497,1e-06,0.022596617527835216,23.247621360050502,400.0,100.0
calma,24100,pls,False,2.570979199658775,,,,,,
calma,24100,naive,False,1.5178899659020046,,,,,,
calma,24120,ols,False,0.023106353422277154,,,,,,
calma,24120,ridge,False,0.04744284998951876,0.10374674559867886,0.0001,0.0640173423612744,103.74674559867886,400.0,100.0
calma,24120,nnls,False,0.23244197378130174,,,,,,
calma,24120,ssrc,False,0.13250905911403532,0.0002384968465309316,1e-06,0.022910047292306664,23.849684653093163,400.0,100.0
calma,24120,pls,False,1.3205511924184332,,,,,,
calma,24120,naive,False,0.17700091267396315,,,,,,
calma,24140,ols,False,0.38239709735127075,,,,,,
calma,24140,ridge,False,0.4138437037118273,0.10321575344502183,0.0001,0.06331075420369968,103.21575344502183,400.0,100.0
calma,24140,nnls,False,1.08806520302413,,,,,,
calma,24140,ssrc,False,0.07403623118185902,0.00023757656288671183,1e-06,0.020954417782863426,23.757656288671186,400.0,100.0
calma,24140,pls,False,1.1843018047515135,,,,,,
calma,24140,naive,False,1.04307312318812,,,,,,
calma,24160,ols,False,0.2347794816177059,,,,,,
calma,24160,ridge,False,0.23244739645153512,0.0010170255355895698,1e-06,0.06851940556028806,101.70255355895699,400.0,100.0
calma,24160,nnls,False,1.4953790473799542,,,,,,
calma,24160,ssrc,False,0.009914711652794315,0.00023647002282411412,1e-06,0.019444810322812853,23.647002282411414,400.0,100.0
calma,24160,pls,False,3.204209536525198,,,,,,
calma,24160,naive,False,1.8622494454506555,,,,,,
calma,24180,ols,False,0.3159435751891721,,,,,,
calma,24180,ridge,False,0.2582640792137054,0.10510631387766436,0.0001,0.06959554238763327,105.10631387766438,400.0,100.0
calma,24180,nnls,False,0.34826374576602126,,,,,,
calma,24180,ssrc,False,0.10083828008270408,2.412180303531845e-06,1e-08,0.02107139544195589,24.12180303531845,400.0,100.0
calma,24180,pls,False,0.016348154564886214,,,,,,
calma,24180,naive,False,0.39133214987385145,,,,,,
calma,24200,ols,False,0.2625023911696789,,,,,,
calma,24200,ridge,False,0.28439234996923934,0.10362945212491274,0.0001,0.06487668421536984,103.62945212491275,400.0,100.0
calma,24200,nnls,False,0.7056612259892664,,,,,,
calma,24200,ssrc,False,0.04096767440693894,2.3841852312477274e-06,1e-08,0.01985049171978782,23.841852312477272,400.0,100.0
calma,24200,pls,False,2.2187792185035433,,,,,,
calma,24200,naive,False,0.6407036107114753,,,,,,
calma,24220,ols,False,0.4526827397130472,,,,,,
calma,24220,ridge,False,0.40995787767995295,0.10192373945997878,0.0001,0.07346330451503522,101.92373945997878,400.0,100.0
calma,24220,nnls,False,0.5784905871873818,,,,,,
calma,24220,ssrc,False,0.013599832172647281,2.362945106260628e-06,1e-08,0.0185604334453556,23.62945106260628,400.0,100.0
calma,24220,pls,False,5.425496700790843,,,,,,
calma,24220,naive,False,0.4689435196361037,,,,,,
calma,24240,ols,False,0.7750576057674968,,,,,,
calma,24240,ridge,False,0.7084006655779791,0.10403511204131934,0.0001,0.07589913302702198,104.03511204131934,400.0,100.0
calma,24240,nnls,False,2.1792245233028575,,,,,,
calma,24240,ssrc,False,0.026405090209702473,2.3810693582513625e-06,1e-08,0.022466180208610256,23.810693582513625,400.0,100.0
calma,24240,pls,False,5.371067856052868,,,,,,
calma,24240,naive,False,2.768441226259045,,,,,,
calma,24260,ols,False,0.11832835755326064,,,,,,
calma,24260,ridge,False,0.14678488539599768,0.10402691808022174,0.0001,0.07041139961038902,104.02691808022173,400.0,100.0
calma,24260,nnls,False,0.4492806686092773,,,,,,
calma,24260,ssrc,False,0.03965697306704566,0.00023739039922692125,1e-06,0.025251771692930046,23.73903992269213,400.0,100.0
calma,24260,pls,False,0.020658076353637443,,,,,,
calma,24260,naive,False,0.4273432753286874,,,,,,
calma,24280,ols,False,0.47027777953506794,,,,,,
calma,24280,ridge,False,0.5101526733537077,0.10132222476003952,0.0001,0.06727700292513551,101.32222476003952,400.0,100.0
calma,24280,nnls,False,1.3660682259698451,,,,,,
calma,24280,ssrc,False,0.0818082425737407,0.00023360595457679726,1e-06,0.025912077308083984,23.36059545767973,400.0,100.0
calma,24280,pls,False,1.5030772425266263,,,,,,
calma,24280,naive,False,1.3047873269773411,,,,,,
calma,24300,ols,False,0.2713583643334638,,,,,,
calma,24300,ridge,False,0.24027347421478396,0.10111839516142773,0.0001,0.0715840020237067,101.11839516142773,400.0,100.0
calma,24300,nnls,False,1.1706832407713985,,,,,,
calma,24300,ssrc,False,0.12400438533209587,2.3385341861054466e-06,1e-08,0.027758294036418975,23.385341861054467,400.0,100.0
calma,24300,pls,False,2.6364187740227614,,,,,,
calma,24300,naive,False,1.4425096200782963,,,,,,
calma,24320,ols,False,0.025758943171909306,,,,,,
calma,24320,ridge,False,0.04641134042274895,0.10359189141890593,0.0001,0.06401381994971818,103.59189141890593,400.0,100.0
calma,24320,nnls,False,0.19801739740898483,,,,,,
calma,24320,ssrc,False,0.06566745816901962,0.02393621177751536,0.0001,0.02881262737647727,23.93621177751536,400.0,100.0
calma,24320,pls,False,1.2638630040894383,,,,,,
calma,24320,naive,False,0.1564104254975996,,,,,,
calma,24340,ols,False,0.43955711301274253,,,,,,
calma,24340,ridge,False,0.5031103620509877,0.10421880476456537,0.0001,0.06526668914216527,104.21880476456536,400.0,100.0
calma,24340,nnls,False,1.669808632865244,,,,,,
calma,24340,ssrc,False,0.0698524254487506,0.023856079220974,0.0001,0.02676431704189723,23.856079220974,400.0,100.0
calma,24340,pls,False,3.4516977900756816,,,,,,
calma,24340,naive,False,1.5960218411885105,,,,,,
calma,24360,ols,False,0.005186396728789116,,,,,,
calma,24360,ridge,False,0.0019456531861282217,0.0010077591854581538,1e-06,0.06483811331243822,100.77591854581539,400.0,100.0
calma,24360,nnls,False,2.1234128392400113,,,,,,
calma,24360,ssrc,False,0.25427171926839914,0.02314583196808084,0.0001,0.02110423304583245,23.14583196808084,400.0,100.0
calma,24360,pls,False,5.98935001925323,,,,,,
calma,24360,naive,False,1.9829457468536487,,,,,,
calma,24380,ols,False,0.05433437112180482,,,,,,
calma,24380,ridge,False,0.05437442406968804,1.028983721055768e-05,1e-08,0.06999911172532748,102.89837210557681,400.0,100.0
calma,24380,nnls,False,0.0011541890583114376,,,,,,
calma,24380,ssrc,False,0.35733680072810436,0.023444521862525405,0.0001,0.023965990070778317,23.444521862525406,400.0,100.0
calma,24380,pls,False,0.5845899938638357,,,,,,
calma,24380,naive,False,0.11798286374590283,,,,,,
calma,24400,ols,False,0.3814815346950703,,,,,,
calma,24400,ridge,False,0.3814589640058175,1.0107422659127471e-05,1e-08,0.06126510673047135,101.07422659127471,400.0,100.0
calma,24400,nnls,False,1.7357357599246648,,,,,,
calma,24400,ssrc,False,0.056282205306234095,0.023547629019282052,0.0001,0.024990110095443382,23.547629019282052,400.0,100.0
calma,24400,pls,False,3.587406789497898,,,,,,
calma,24400,naive,False,1.5378028507999526,,,,,,
calma,24420,ols,False,0.10546557483171133,,,,,,
calma,24420,ridge,False,0.10549130756203039,1.028018257052265e-05,1e-08,0.06511377230561094,102.8018257052265,400.0,100.0
calma,24420,nnls,False,2.0215054339289873,,,,,,
calma,24420,ssrc,False,0.20588288788306153,0.023888625425008258,0.0001,0.024353995095893158,23.888625425008257,400.0,100.0
calma,24420,pls,False,4.2122422789520195,,,,,,
calma,24420,naive,False,2.5126561495527713,,,,,,
calma,24440,ols,False,0.15525094171355652,,,,,,
calma,24440,ridge,False,0.12588111733165147,0.10392530350567195,0.0001,0.0626043959685774,103.92530350567195,400.0,100.0
calma,24440,nnls,False,0.1310156668766845,,,,,,
calma,24440,ssrc,False,0.06135956111668069,0.02381143973009521,0.0001,0.024489483053761144,23.811439730095213,400.0,100.0
calma,24440,pls,False,1.262543208511106,,,,,,
calma,24440,naive,False,0.12321019732334842,,,,,,
calma,24460,ols,False,0.32722316032239074,,,,,,
calma,24460,ridge,False,0.3474416127045952,0.10220874838132717,0.0001,0.06694433956335877,102.20874838132715,400.0,100.0
calma,24460,nnls,False,0.8273439028940488,,,,,,
calma,24460,ssrc,False,0.2666445175324226,0.023306905093166096,0.0001,0.02604237291012959,23.306905093166094,400.0,100.0
calma,24460,pls,False,2.490051264073293,,,,,,
calma,24460,naive,False,0.7074452892613491,,,,,,
calma,24480,ols,False,0.031439629123162616,,,,,,
calma,24480,ridge,False,0.03057868934087029,0.001014226739809697,1e-06,0.061274156449996155,101.42267398096972,400.0,100.0
calma,24480,nnls,False,1.1024446374892647,,,,,,
calma,24480,ssrc,False,0.06159405811421228,0.023610398155949015,0.0001,0.022394015695327046,23.610398155949014,400.0,100.0
calma,24480,pls,False,2.233857472827198,,,,,,
calma,24480,naive,False,1.4674861999096693,,,,,,
calma,24500,ols,False,0.06556385354261339,,,,,,
calma,24500,ridge,False,0.03517408278435362,0.10312469786989957,0.0001,0.06161023188901907,103.12469786989958,400.0,100.0
calma,24500,nnls,False,0.07186756844306788,,,,,,
calma,24500,ssrc,False,0.09304946688820016,0.02394386432712193,0.0001,0.022017124194288317,23.94386432712193,400.0,100.0
calma,24500,pls,False,0.991867697507392,,,,,,
calma,24500,naive,False,0.019673188586890763,,,,,,
calma,24520,ols,False,0.4015522928579929,,,,,,
calma,24520,ridge,False,0.43975926829029105,0.10281394535375211,0.0001,0.06156419553237244,102.81394535375212,400.0,100.0
calma,24520,nnls,False,1.1817869878412657,,,,,,
calma,24520,ssrc,False,0.0030540902497219395,0.00023907504241249403,1e-06,0.021158486374426855,23.907504241249406,400.0,100.0
calma,24520,pls,False,1.478810955971206,,,,,,
calma,24520,naive,False,1.1255910747077145,,,,,,
calma,24540,ols,False,0.832968086002274,,,,,,
calma,24540,ridge,False,0.8329587557898045,1.0199113499913276e-05,1e-08,0.06281208624220216,101.99113499913277,400.0,100.0
calma,24540,nnls,False,0.5989998266088509,,,,,,
calma,24540,ssrc,False,0.048067188660508714,0.02391413373146602,0.0001,0.02204420729248284,23.914133731466023,400.0,100.0
calma,24540,pls,False,1.628601488991215,,,,,,
calma,24540,naive,False,0.27986933005395165,,,,,,
calma,24560,ols,False,0.25961257323502546,,,,,,
calma,24560,ridge,False,0.18778377243296743,0.10347307912932013,0.0001,0.06406457513446293,103.47307912932013,400.0,100.0
calma,24560,nnls,False,0.5120752856135141,,,,,,
calma,24560,ssrc,False,0.1057757445329082,0.023887773984247945,0.0001,0.02325633984957979,23.887773984247943,400.0,100.0
calma,24560,pls,False,1.6440164866553524,,,,,,
calma,24560,naive,False,0.4899546496540196,,,,,,
calma,24580,ols,False,0.3330669994512712,,,,,,
calma,24580,ridge,False,0.3381800107980645,0.10234628668893943,0.0001,0.06865114662772101,102.34628668893943,400.0,100.0
calma,24580,nnls,False,0.6107691628194203,,,,,,
calma,24580,ssrc,False,0.021569676393568597,0.0002369606981757084,1e-06,0.022674923809592552,23.69606981757084,400.0,100.0
calma,24580,pls,False,2.3101125591263,,,,,,
calma,24580,naive,False,0.5357618395047703,,,,,,
calma,24600,ols,False,0.42507875158091707,,,,,,
calma,24600,ridge,False,0.42229759711624,0.10149117920957454,0.0001,0.06944453093272443,101.49117920957454,400.0,100.0
calma,24600,nnls,False,0.34681732217751005,,,,,,
calma,24600,ssrc,False,0.06279733944414552,0.00023826845161120747,1e-06,0.02271079274686643,23.82684516112075,400.0,100.0
calma,24600,pls,False,1.0525969785495715,,,,,,
calma,24600,naive,False,0.021769453524029318,,,,,,
calma,24620,ols,False,0.29922326677609745,,,,,,
calma,24620,ridge,False,0.2320212635219082,0.10326328164207443,0.0001,0.06750097229458678,103.26328164207445,400.0,100.0
calma,24620,nnls,False,0.49415614597882623,,,,,,
calma,24620,ssrc,False,0.06563688314604593,2.384496990733659e-06,1e-08,0.02258114874528291,23.84496990733659,400.0,100.0
calma,24620,pls,False,0.5730904584869738,,,,,,
calma,24620,naive,False,0.6254982013673025,,,,,,
calma,24640,ols,False,0.9041249789794372,,,,,,
calma,24640,ridge,False,0.7199251892680832,0.10184526235702829,0.0001,0.06652668290481362,101.84526235702829,400.0,100.0
calma,24640,nnls,False,3.1123309472229366,,,,,,
calma,24640,ssrc,False,0.15061534984975863,0.00023505196200337657,1e-06,0.022293153060329002,23.50519620033766,400.0,100.0
calma,24640,pls,False,1.7972809948179451,,,,,,
calma,24640,naive,False,3.020299216250715,,,,,,
calma,24660,ols,False,0.21806553885002844,,,,,,
calma,24660,ridge,False,0.229409123473771,0.1012733799010315,0.0001,0.06112937192061911,101.27337990103149,400.0,100.0
calma,24660,nnls,False,1.0769260652248476,,,,,,
calma,24660,ssrc,False,0.10121616522233219,0.023781459405569673,0.0001,0.027015189729116446,23.781459405569674,400.0,100.0
calma,24660,pls,False,2.506114199639649,,,,,,
calma,24660,naive,False,0.8675363818623588,,,,,,
calma,24680,ols,False,0.01212794477499346,,,,,,
calma,24680,ridge,False,0.015422602029007814,0.0010058400710953538,1e-06,0.050964765459820247,100.58400710953538,400.0,100.0
calma,24680,nnls,False,0.34816739169844735,,,,,,
calma,24680,ssrc,False,0.19919500779408117,0.02404868177979192,0.0001,0.02803363311026376,24.04868177979192,400.0,100.0
calma,24680,pls,False,0.4578224726198048,,,,,,
calma,24680,naive,False,0.513155780453219,,,,,,
calma,24700,ols,False,0.17505769522312242,,,,,,
calma,24700,ridge,False,0.17378117322763328,0.00101772984962469,1e-06,0.04695254238551824,101.77298496246901,400.0,100.0
calma,24700,nnls,False,1.3199712800426822,,,,,,
calma,24700,ssrc,False,0.04598633188819824,0.024667990399595996,0.0001,0.028571395331233398,24.667990399595993,400.0,100.0
calma,24700,pls,False,2.9430910079712347,,,,,,
calma,24700,naive,False,1.1220101488762428,,,,,,
calma,24720,ols,False,0.14771322919208693,,,,,,
calma,24720,ridge,False,0.14945053233388214,0.0010331051754385544,1e-06,0.042538243679451415,103.31051754385544,400.0,100.0
calma,24720,nnls,False,0.5181283923790527,,,,,,
calma,24720,ssrc,False,0.18042778016339517,0.025168644374174584,0.0001,0.028742511854194713,25.168644374174583,400.0,100.0
calma,24720,pls,False,0.8232064861115697,,,,,,
calma,24720,naive,False,0.6769718652425057,,,,,,
calma,24740,ols,False,0.29589635495731653,,,,,,
calma,24740,ridge,False,0.32553429390779437,0.10212319183926155,0.0001,0.04015822251457426,102.12319183926155,400.0,100.0
calma,24740,nnls,False,0.8788773883900154,,,,,,
calma,24740,ssrc,False,0.061049818417353394,0.000253670374246808,1e-06,0.025086363259465935,25.367037424680806,400.0,100.0
calma,24740,pls,False,2.5329438508232682,,,,,,
calma,24740,naive,False,0.8091598453775853,,,,,,
calma,24760,ols,False,0.28298352417697026,,,,,,
calma,24760,ridge,False,0.4321791518482328,0.10271845443156584,0.0001,0.04662039884453937,102.71845443156583,400.0,100.0
calma,24760,nnls,False,2.230332232996253,,,,,,
calma,24760,ssrc,False,0.06729508284514754,2.524724501211983e-06,1e-08,0.01902766105914949,25.247245012119834,400.0,100.0
calma,24760,pls,False,5.791772527743219,,,,,,
calma,24760,naive,False,2.146636180754905,,,,,,
calma,24780,ols,False,0.23720912065226277,,,,,,
calma,24780,ridge,False,0.16841624173448877,0.1065892269109628,0.0001,0.05558046372815521,106.5892269109628,400.0,100.0
calma,24780,nnls,False,0.7173165715603402,,,,,,
calma,24780,ssrc,False,0.12330670185276126,0.0002578569396354532,1e-06,0.01798549990886734,25.785693963545324,400.0,100.0
calma,24780,pls,False,1.4410647604461666,,,,,,
calma,24780,naive,False,0.9270770513208073,,,,,,
calma,24800,ols,False,0.24345653008244278,,,,,,
calma,24800,ridge,False,0.23311441432089597,0.10602133430544655,0.0001,0.06360467904316108,106.02133430544654,400.0,100.0
calma,24800,nnls,False,0.4558607790668102,,,,,,
calma,24800,ssrc,False,0.043656206360878205,0.00025683046502131496,1e-06,0.02018391516726107,25.6830465021315,400.0,100.0
calma,24800,pls,False,0.32850359474002555,,,,,,
calma,24800,naive,False,0.45093241767273595,,,,,,
calma,24820,ols,False,0.1393620058225063,,,,,,
calma,24820,ridge,False,0.14644692413158958,0.10356490916186302,0.0001,0.06508712567770265,103.56490916186301,400.0,100.0
calma,24820,nnls,False,0.3821411009141337,,,,,,
calma,24820,ssrc,False,0.12873509407530306,0.0002511668980493333,1e-06,0.021734803069386494,25.116689804933333,400.0,100.0
calma,24820,pls,False,0.18081480530061864,,,,,,
calma,24820,naive,False,0.3820759155640328,,,,,,
calma,24840,ols,False,0.1579623444023148,,,,,,
calma,24840,ridge,False,0.1939854307060981,0.10319541951988015,0.0001,0.07381522983864397,103.19541951988015,400.0,100.0
calma,24840,nnls,False,0.5870988928317116,,,,,,
calma,24840,ssrc,False,0.0709760929131619,0.025216679274943428,0.0001,0.023618591381793987,25.216679274943427,400.0,100.0
calma,24840,pls,False,1.0325299341247507,,,,,,
calma,24840,naive,False,0.8638939399728297,,,,,,
calma,24860,ols,False,0.10143915366546195,,,,,,
calma,24860,ridge,False,0.13194676002445604,0.1061662497167067,0.0001,0.06373438941213438,106.1662497167067,400.0,100.0
calma,24860,nnls,False,0.47079022567624623,,,,,,
calma,24860,ssrc,False,0.08563239676956527,0.025958434665437943,0.0001,0.0241884438339586,25.958434665437945,400.0,100.0
calma,24860,pls,False,1.5510719248788536,,,,,,
calma,24860,naive,False,0.38177364328916985,,,,,,
calma,24880,ols,False,0.5682070046161466,,,,,,
calma,24880,ridge,False,0.5510458423934658,0.1041111918822219,0.0001,0.05789978360509793,104.1111918822219,400.0,100.0
calma,24880,nnls,False,0.2843241616770342,,,,,,
calma,24880,ssrc,False,0.008829851272557709,0.025878399384661806,0.0001,0.022246143171685738,25.878399384661805,400.0,100.0
calma,24880,pls,False,1.0275433607257758,,,,,,
calma,24880,naive,False,0.026357462875178254,,,,,,
calma,24900,ols,False,0.40403645180015385,,,,,,
calma,24900,ridge,False,0.4040474837335514,1.0754887797113986e-05,1e-08,0.055974708224677004,107.54887797113986,400.0,100.0
calma,24900,nnls,False,0.7312425850392478,,,,,,
calma,24900,ssrc,False,0.13341834258748894,0.02599330475922758,0.0001,0.020501370230247947,25.99330475922758,400.0,100.0
calma,24900,pls,False,1.4622595712420037,,,,,,
calma,24900,naive,False,0.9580606054294529,,,,,,
calma,24920,ols,False,0.2647930716279204,,,,,,
calma,24920,ridge,False,0.27923471236409014,0.1047893575029614,0.0001,0.06087522061738171,104.7893575029614,400.0,100.0
calma,24920,nnls,False,0.5547764237603875,,,,,,
calma,24920,ssrc,False,0.35465151258353556,0.025642493274766788,0.0001,0.019326860879418508,25.64249327476679,400.0,100.0
calma,24920,pls,False,2.073095382834595,,,,,,
calma,24920,naive,False,0.5058852422385672,,,,,,
calma,24940,ols,False,0.592959503197036,,,,,,
calma,24940,ridge,False,0.6387836064500113,0.10396343159409525,0.0001,0.055674840998169335,103.96343159409525,400.0,100.0
calma,24940,nnls,False,1.8169985050173372,,,,,,
calma,24940,ssrc,False,0.18117028694765935,0.025550770560250256,0.0001,0.018715237800064163,25.550770560250257,400.0,100.0
calma,24940,pls,False,3.844082240682602,,,,,,
calma,24940,naive,False,1.7370583916237596,,,,,,
calma,24960,ols,False,0.24943412890064828,,,,,,
calma,24960,ridge,False,0.28226548152080927,0.10694444277590041,0.0001,0.06746776185023722,106.94444277590043,400.0,100.0
calma,24960,nnls,False,2.149562822775483,,,,,,
calma,24960,ssrc,False,0.09440533917861833,0.0260066889234917,0.0001,0.023050739582461063,26.006688923491698,400.0,100.0
calma,24960,pls,False,0.714291152431916,,,,,,
calma,24960,naive,False,1.7825672245798247,,,,,,
calma,24980,ols,False,0.2506325577735734,,,,,,
calma,24980,ridge,False,0.23366121092566783,0.10514215937924601,0.0001,0.0690145817949857,105.14215937924601,400.0,100.0
calma,24980,nnls,False,0.33554522424610456,,,,,,
calma,24980,ssrc,False,0.19801985443341763,0.025556729071970187,0.0001,0.025107872476850108,25.556729071970185,400.0,100.0
calma,24980,pls,False,1.7044955269798343,,,,,,
calma,24980,naive,False,0.31581237944112117,,,,,,
calma,25000,ols,False,0.3652262312264654,,,,,,
calma,25000,ridge,False,0.39889009242170315,0.10383448055591407,0.0001,0.07031852441244694,103.83448055591407,400.0,100.0
calma,25000,nnls,False,1.0230097494077794,,,,,,
calma,25000,ssrc,False,0.024362751129662658,0.0002509031512097004,1e-06,0.02596345850594526,25.09031512097004,400.0,100.0
calma,25000,pls,False,1.2413012964285752,,,,,,
calma,25000,naive,False,1.0001716487107684,,,,,,
calma,25020,ols,False,0.5190033340148761,,,,,,
calma,25020,ridge,False,0.5622942501616809,0.10303878003270023,0.0001,0.07220232706589373,103.03878003270023,400.0,100.0
calma,25020,nnls,False,1.2409446909421316,,,,,,
calma,25020,ssrc,False,0.01914420989827005,0.00025150144307205263,1e-06,0.02704174586551292,25.150144307205267,400.0,100.0
calma,25020,pls,False,2.228525333315478,,,,,,
calma,25020,naive,False,1.5789757033151277,,,,,,
calma,25040,ols,False,0.7580006408762299,,,,,,
calma,25040,ridge,False,0.8214949352640558,0.10330932905068664,0.0001,0.0701315865204881,103.30932905068664,400.0,100.0
calma,25040,nnls,False,3.0260487393507582,,,,,,
calma,25040,ssrc,False,0.9873748488755087,2.4942582692237083e-06,1e-08,0.028669578964744348,24.942582692237085,400.0,100.0
calma,25040,pls,False,5.72412244148353,,,,,,
calma,25040,naive,False,2.871038641679327,,,,,,
calma,25060,ols,False,0.031201024171955555,,,,,,
calma,25060,ridge,False,0.09600408097909965,0.10429859443530623,0.0001,0.07140387619524752,104.29859443530623,400.0,100.0
calma,25060,nnls,False,0.04918160694562097,,,,,,
calma,25060,ssrc,False,0.6466227600684634,0.025071616922316766,0.0001,0.03834779023623424,25.071616922316764,400.0,100.0
calma,25060,pls,False,0.707451136571003,,,,,,
calma,25060,naive,False,0.013399305558702645,,,,,,
calma,25080,ols,False,0.17507428569446096,,,,,,
calma,25080,ridge,False,0.17506940555758038,1.0313685274896354e-05,1e-08,0.06430126534979815,103.13685274896355,400.0,100.0
calma,25080,nnls,False,0.46545369058636243,,,,,,
calma,25080,ssrc,False,0.326393460783857,0.25440669164198654,0.001,0.04668503330217364,25.440669164198656,400.0,100.0
calma,25080,pls,False,4.36798674663978,,,,,,
calma,25080,naive,False,0.3074918028716597,,,,,,
calma,25100,ols,False,0.06729256718007981,,,,,,
calma,25100,ridge,False,0.06729177288748872,1.0186111939280733e-05,1e-08,0.05331435704501323,101.86111939280732,400.0,100.0
calma,25100,nnls,False,0.32939420843292827,,,,,,
calma,25100,ssrc,False,0.4896666062506205,0.25403926908136887,0.001,0.050033544773811285,25.40392690813689,400.0,100.0
calma,25100,pls,False,0.3562651284828284,,,,,,
calma,25100,naive,False,0.32795043211315444,,,,,,
calma,25120,ols,False,0.3139795124311349,,,,,,
calma,25120,ridge,False,0.31398996351418734,9.70201907441081e-06,1e-08,0.044205248897881654,97.02019074410809,400.0,100.0
calma,25120,nnls,False,0.7900844567368781,,,,,,
calma,25120,ssrc,False,0.24808178575541567,0.25051384159589035,0.001,0.05920815697382971,25.051384159589038,400.0,100.0
calma,25120,pls,False,4.306590433550114,,,,,,
calma,25120,naive,False,0.7645201982724509,,,,,,
calma,25140,ols,False,0.08965094281066982,,,,,,
calma,25140,ridge,False,0.0929227620757927,0.0009729645709455991,1e-06,0.04287572505289052,97.29645709455991,400.0,100.0
calma,25140,nnls,False,0.009035753163912499,,,,,,
calma,25140,ssrc,False,0.4196826250484552,0.25570313348725837,0.001,0.06290663195937414,25.570313348725836,400.0,100.0
calma,25140,pls,False,1.1729295468711423,,,,,,
calma,25140,naive,False,0.010998176075530344,,,,,,
calma,25160,ols,False,0.10992395966504892,,,,,,
calma,25160,ridge,False,0.109943167038345,0.0009558905663693692,1e-06,0.03814279557566216,95.58905663693693,400.0,100.0
calma,25160,nnls,False,0.3156279550500293,,,,,,
calma,25160,ssrc,False,0.17022717494044318,0.24954835146855642,0.001,0.05694264241724355,24.954835146855643,400.0,100.0
calma,25160,pls,False,0.9542152684893587,,,,,,
calma,25160,naive,False,0.3172577982978859,,,,,,
calma,25180,ols,False,0.2816471480084037,,,,,,
calma,25180,ridge,False,0.2818565297135371,0.0009385834477303762,1e-06,0.05213152898589163,93.85834477303763,400.0,100.0
calma,25180,nnls,False,0.07100767743603499,,,,,,
calma,25180,ssrc,False,0.06680242426879758,2.438465873415845e-06,1e-08,0.032912525365597356,24.384658734158453,400.0,100.0
calma,25180,pls,False,0.38339843902030635,,,,,,
calma,25180,naive,False,0.24473019288484243,,,,,,
calma,25200,ols,False,0.07794270890526427,,,,,,
calma,25200,ridge,False,0.03520882177074902,0.09610129054773303,0.0001,0.053466777607650326,96.10129054773303,400.0,100.0
calma,25200,nnls,False,0.08699610321952662,,,,,,
calma,25200,ssrc,False,0.21953269700809033,0.024471840142382826,0.0001,0.03097433174584774,24.471840142382828,400.0,100.0
calma,25200,pls,False,1.2396430692438187,,,,,,
calma,25200,naive,False,0.01240010689311233,,,,,,
calma,25220,ols,False,0.505234846193677,,,,,,
calma,25220,ridge,False,0.548226177900482,0.09380009781697199,0.0001,0.05420636226025139,93.80009781697198,400.0,100.0
calma,25220,nnls,False,1.6041468430984513,,,,,,
calma,25220,ssrc,False,0.05869719347115665,0.024089494332564586,0.0001,0.03109637804297065,24.089494332564588,400.0,100.0
calma,25220,pls,False,3.8747688832709555,,,,,,
calma,25220,naive,False,1.4836029574310714,,,,,,
calma,25240,ols,False,0.543765321144993,,,,,,
calma,25240,ridge,False,0.5452799877299596,0.0009475235410538092,1e-06,0.06123683726430633,94.75235410538093,400.0,100.0
calma,25240,nnls,False,1.8740280889738847,,,,,,
calma,25240,ssrc,False,0.0058475366559885755,0.02393999372591638,0.0001,0.029039649096385078,23.93999372591638,400.0,100.0
calma,25240,pls,False,3.88767337210792,,,,,,
calma,25240,naive,False,1.9237245501746716,,,,,,
calma,25260,ols,False,0.3574830555319174,,,,,,
calma,25260,ridge,False,0.35667883864189953,0.0009643629998712357,1e-06,0.06689346439985011,96.43629998712358,400.0,100.0
calma,25260,nnls,False,0.4589711617895738,,,,,,
calma,25260,ssrc,False,0.09034798301492594,0.02418713308725107,0.0001,0.028711891991957436,24.18713308725107,400.0,100.0
calma,25260,pls,False,0.06303370256918078,,,,,,
calma,25260,naive,False,0.5264299183700754,,,,,,
calma,25280,ols,False,0.2929536425753795,,,,,,
calma,25280,ridge,False,0.3111729893208552,0.09299554623355531,0.0001,0.06256481332600894,92.99554623355532,400.0,100.0
calma,25280,nnls,False,0.7717799907857407,,,,,,
calma,25280,ssrc,False,0.11193348570949299,0.02371970457931427,0.0001,0.02453068672946175,23.71970457931427,400.0,100.0
calma,25280,pls,False,2.6551657177123964,,,,,,
calma,25280,naive,False,0.6930114269878049,,,,,,
calma,25300,ols,False,0.15005794684016432,,,,,,
calma,25300,ridge,False,0.1569744274538776,0.09231247797396987,0.0001,0.06518530065150978,92.31247797396986,400.0,100.0
calma,25300,nnls,False,0.40277154521174896,,,,,,
calma,25300,ssrc,False,0.03027918989790519,2.354988546368549e-06,1e-08,0.020874847168496587,23.549885463685495,400.0,100.0
calma,25300,pls,False,0.6773838095586677,,,,,,
calma,25300,naive,False,0.4024917098486005,,,,,,
calma,25320,ols,False,0.0193198889180728,,,,,,
calma,25320,ridge,False,0.042120196186058716,0.09463642093076752,0.0001,0.07572836875776338,94.63642093076753,400.0,100.0
calma,25320,nnls,False,0.6446951872376074,,,,,,
calma,25320,ssrc,False,0.08525605967305426,0.023894939730636444,0.0001,0.02413940216978572,23.894939730636445,400.0,100.0
calma,25320,pls,False,1.2382931899605092,,,,,,
calma,25320,naive,False,0.9189716331780098,,,,,,
calma,25340,ols,False,0.19074788965758482,,,,,,
calma,25340,ridge,False,0.22363611268252032,0.09519892878875674,0.0001,0.06601369540558936,95.19892878875675,400.0,100.0
calma,25340,nnls,False,0.7481841219308588,,,,,,
calma,25340,ssrc,False,0.030645606795923583,0.024356101603636025,0.0001,0.03132469088338602,24.356101603636024,400.0,100.0
calma,25340,pls,False,2.4236727825503883,,,,,,
calma,25340,naive,False,0.6143657300240364,,,,,,
calma,25360,ols,False,0.029385222966917878,,,,,,
calma,25360,ridge,False,0.028947247464910238,0.0009466851791460997,1e-06,0.058894510430919735,94.66851791460998,400.0,100.0
calma,25360,nnls,False,1.1430501545114018,,,,,,
calma,25360,ssrc,False,0.052317574319753306,0.00024274092876570158,1e-06,0.033531632796942476,24.274092876570162,400.0,100.0
calma,25360,pls,False,2.486942178842078,,,,,,
calma,25360,naive,False,1.5007534165695247,,,,,,
calma,25380,ols,False,0.011164976144264746,,,,,,
calma,25380,ridge,False,0.011163575353432076,9.606222033214513e-06,1e-08,0.05128916920214095,96.06222033214515,400.0,100.0
calma,25380,nnls,False,0.2629458242264741,,,,,,
calma,25380,ssrc,False,0.14759232486647286,0.024397987711379562,0.0001,0.03784217975577911,24.397987711379564,400.0,100.0
calma,25380,pls,False,1.7480493263095673,,,,,,
calma,25380,naive,False,0.19087084964485473,,,,,,
calma,25400,ols,False,0.059312299450419416,,,,,,
calma,25400,ridge,False,0.05931336210208016,9.298966327020631e-06,1e-08,0.05071358282137692,92.98966327020632,400.0,100.0
calma,25400,nnls,False,0.16226108995803726,,,,,,
calma,25400,ssrc,False,0.10772503059930107,0.2403990470784029,0.001,0.039984707827368376,24.039904707840293,400.0,100.0
calma,25400,pls,False,1.670133318703239,,,,,,
calma,25400,naive,False,0.13514354433068976,,,,,,
calma,25420,ols,False,0.042953674446195064,,,,,,
calma,25420,ridge,False,0.043014511634690035,0.0009611004984699169,1e-06,0.05226300666226977,96.1100498469917,400.0,100.0
calma,25420,nnls,False,0.5334501881350774,,,,,,
calma,25420,ssrc,False,0.13346939882713782,0.02416434905532086,0.0001,0.037854049352667556,24.164349055320862,400.0,100.0
calma,25420,pls,False,3.6660974855847153,,,,,,
calma,25420,naive,False,0.48744515722655113,,,,,,
calma,25440,ols,False,0.02764971544699877,,,,,,
calma,25440,ridge,False,0.017066558287012333,0.09490720622573226,0.0001,0.05138511762790597,94.90720622573227,400.0,100.0
calma,25440,nnls,False,0.018189116038479922,,,,,,
calma,25440,ssrc,False,0.04442548800285012,0.00024405540064440867,1e-06,0.030071997817101716,24.40554006444087,400.0,100.0
calma,25440,pls,False,0.582323979424849,,,,,,
calma,25440,naive,False,0.0004378155859895245,,,,,,
calma,25460,ols,False,0.2574674920649051,,,,,,
calma,25460,ridge,False,0.23286527826660294,0.09066652201868897,0.0001,0.05002414773044695,90.66652201868897,400.0,100.0
calma,25460,nnls,False,0.47929224733629505,,,,,,
calma,25460,ssrc,False,0.0511751877140576,2.422404066037683e-06,1e-08,0.02897787272446466,24.22404066037683,400.0,100.0
calma,25460,pls,False,4.22528389024912,,,,,,
calma,25460,naive,False,0.3508479553483916,,,,,,
calma,25480,ols,False,0.19517942403533242,,,,,,
calma,25480,ridge,False,0.19522514314267458,0.0009098904311469329,1e-06,0.04867356860255865,90.9890431146933,400.0,100.0
calma,25480,nnls,False,0.250831872502674,,,,,,
calma,25480,ssrc,False,0.2958158521343987,0.000244845514817871,1e-06,0.02719669462845642,24.484551481787104,400.0,100.0
calma,25480,pls,False,1.70087950738304,,,,,,
calma,25480,naive,False,0.2529817884624159,,,,,,
calma,25500,ols,False,0.23324242761338024,,,,,,
calma,25500,ridge,False,0.23339743911069435,0.0008883953252906017,1e-06,0.04806631248569079,88.83953252906018,400.0,100.0
calma,25500,nnls,False,0.6754347099578005,,,,,,
calma,25500,ssrc,False,0.06318953991807955,2.4348523282004512e-06,1e-08,0.0293038996731453,24.34852328200451,400.0,100.0
calma,25500,pls,False,0.4279236864539536,,,,,,
calma,25500,naive,False,0.6554507196484254,,,,,,
calma,25520,ols,False,0.5452255674724955,,,,,,
calma,25520,ridge,False,0.5452187551398197,0.0008865459220960165,1e-06,0.047426217834386754,88.65459220960166,400.0,100.0
calma,25520,nnls,False,0.4753555547185997,,,,,,
calma,25520,ssrc,False,0.08928438099293284,2.431911637415961e-06,1e-08,0.023703225193610435,24.319116374159613,400.0,100.0
calma,25520,pls,False,0.7014071990731172,,,,,,
calma,25520,naive,False,0.8423417959485964,,,,,,
calma,25540,ols,False,0.38736979195944743,,,,,,
calma,25540,ridge,False,0.38605676876187445,0.0009272061918709893,1e-06,0.053923481008699634,92.72061918709895,400.0,100.0
calma,25540,nnls,False,0.8403443176938236,,,,,,
calma,25540,ssrc,False,0.10165552584339803,2.4913057332997414e-06,1e-08,0.025182133211104598,24.913057332997415,400.0,100.0
calma,25540,pls,False,1.0142851433300002,,,,,,
calma,25540,naive,False,0.9774495043429318,,,,,,
calma,25560,ols,False,0.17434350757337475,,,,,,
calma,25560,ridge,False,0.1819555064438195,0.08810254293361583,0.0001,0.059585668132917255,88.10254293361584,400.0,100.0
calma,25560,nnls,False,0.40760587099301265,,,,,,
calma,25560,ssrc,False,0.14415466394095575,2.444186361690305e-06,1e-08,0.026555612863196357,24.44186361690305,400.0,100.0
calma,25560,pls,False,2.2990910593442795,,,,,,
calma,25560,naive,False,0.3611275052463588,,,,,,
calma,25580,ols,False,0.18503256231303253,,,,,,
calma,25580,ridge,False,0.2603519551760838,0.0908652853369421,0.0001,0.06968282633289151,90.86528533694211,400.0,100.0
calma,25580,nnls,False,1.8734563187947277,,,,,,
calma,25580,ssrc,False,0.00997112583462498,2.4266238180118525e-06,1e-08,0.028944628947234215,24.266238180118528,400.0,100.0
calma,25580,pls,False,4.3018326635622435,,,,,,
calma,25580,naive,False,1.7005765522482301,,,,,,
calma,25600,ols,False,1.188706426831157,,,,,,
calma,25600,ridge,False,1.2319148550727321,0.09064185836376656,0.0001,0.07159601993023891,90.64185836376657,400.0,100.0
calma,25600,nnls,False,0.17052287191844084,,,,,,
calma,25600,ssrc,False,0.4180217390518484,2.383554758074243e-06,1e-08,0.02827368148391371,23.83554758074243,400.0,100.0
calma,25600,pls,False,5.8387846449772765,,,,,,
calma,25600,naive,False,0.4093213980588223,,,,,,
calma,25620,ols,False,0.005517543260022754,,,,,,
calma,25620,ridge,False,0.03760688635718857,0.09447307184074748,0.0001,0.06917902370849141,94.47307184074748,400.0,100.0
calma,25620,nnls,False,0.2523137174958921,,,,,,
calma,25620,ssrc,False,0.1265331920864116,0.024154156508950513,0.0001,0.02863625463258462,24.154156508950514,400.0,100.0
calma,25620,pls,False,1.3901783247289068,,,,,,
calma,25620,naive,False,0.16314463342771088,,,,,,
calma,25640,ols,False,0.22562123548167454,,,,,,
calma,25640,ridge,False,0.26667063462066415,0.09513391338734126,0.0001,0.06673218270281434,95.13391338734125,400.0,100.0
calma,25640,nnls,False,1.8885890309440214,,,,,,
calma,25640,ssrc,False,0.02540402606744853,0.00024223545255407585,1e-06,0.030039391969947676,24.223545255407586,400.0,100.0
calma,25640,pls,False,3.9467315676082304,,,,,,
calma,25640,naive,False,1.6750617230833718,,,,,,
calma,25660,ols,False,1.3838453173580398,,,,,,
calma,25660,ridge,False,1.38121433409279,0.09739208289004393,0.0001,0.06543209921394753,97.39208289004392,400.0,100.0
calma,25660,nnls,False,0.5610896009857099,,,,,,
calma,25660,ssrc,False,0.11264687634878415,0.024517240130987782,0.0001,0.029025337199342516,24.517240130987783,400.0,100.0
calma,25660,pls,False,0.5473221745034699,,,,,,
calma,25660,naive,False,0.9057683331597147,,,,,,
calma,25680,ols,False,0.014450840117974336,,,,,,
calma,25680,ridge,False,0.024305816599242254,0.09972213252043957,0.0001,0.06227104413710064,99.72213252043957,400.0,100.0
calma,25680,nnls,False,0.1723973161537135,,,,,,
calma,25680,ssrc,False,0.23893644080333803,0.024756074244407025,0.0001,0.030042840377056287,24.756074244407024,400.0,100.0
calma,25680,pls,False,0.5838319645369643,,,,,,
calma,25680,naive,False,0.16196814553374905,,,,,,
calma,25700,ols,False,0.4371713329823419,,,,,,
calma,25700,ridge,False,0.4971217754786718,0.09584694152900482,0.0001,0.06097072804644697,95.84694152900482,400.0,100.0
calma,25700,nnls,False,1.9529155852302829,,,,,,
calma,25700,ssrc,False,0.12616419411403507,0.024079455732161806,0.0001,0.028320301393863937,24.079455732161804,400.0,100.0
calma,25700,pls,False,3.864422264998481,,,,,,
calma,25700,naive,False,1.8542302239946076,,,,,,
calma,25720,ols,False,0.9989574218964382,,,,,,
calma,25720,ridge,False,0.9995328709185883,0.0009464145157315113,1e-06,0.0592554981084729,94.64145157315114,400.0,100.0
calma,25720,nnls,False,0.8583360643459546,,,,,,
calma,25720,ssrc,False,0.2521360495239894,0.0002384335230028786,1e-06,0.0265324904787346,23.84335230028786,400.0,100.0
calma,25720,pls,False,2.12115624368525,,,,,,
calma,25720,naive,False,0.529923545468205,,,,,,
calma,25740,ols,False,0.05683051693552623,,,,,,
calma,25740,ridge,False,0.0195457229299441,0.0960797655979013,0.0001,0.06517139904405536,96.0797655979013,400.0,100.0
calma,25740,nnls,False,0.05931912283128946,,,,,,
calma,25740,ssrc,False,0.27281063027720964,0.00024027360774363314,1e-06,0.02914173987568728,24.027360774363316,400.0,100.0
calma,25740,pls,False,0.8871188630594117,,,,,,
calma,25740,naive,False,0.03214730421214682,,,,,,
calma,25760,ols,False,0.483483279278802,,,,,,
calma,25760,ridge,False,0.5365872217449532,0.09212740989182573,0.0001,0.06179427947637104,92.12740989182572,400.0,100.0
calma,25760,nnls,False,1.9026366337589333,,,,,,
calma,25760,ssrc,False,0.09090477491640746,0.0002365236960019821,1e-06,0.030144157816343338,23.652369600198213,400.0,100.0
calma,25760,pls,False,3.0896193806717096,,,,,,
calma,25760,naive,False,1.7866339406880656,,,,,,
calma,25780,ols,False,0.6205665676800222,,,,,,
calma,25780,ridge,False,0.6206011064771102,9.18404881938349e-06,1e-08,0.05990056939330527,91.8404881938349,400.0,100.0
calma,25780,nnls,False,2.81119579432871,,,,,,
calma,25780,ssrc,False,0.5773698429463044,0.023633383699245968,0.0001,0.029981795767505877,23.633383699245968,400.0,100.0
calma,25780,pls,False,5.534184610087647,,,,,,
calma,25780,naive,False,2.6145496218587394,,,,,,
calma,25800,ols,False,0.07822062167848604,,,,,,
calma,25800,ridge,False,0.03211872043640862,0.09449637990258758,0.0001,0.06602180845566169,94.49637990258758,400.0,100.0
calma,25800,nnls,False,0.27151384944888945,,,,,,
calma,25800,ssrc,False,0.06373076793839486,0.024009009374354302,0.0001,0.03437664601732438,24.009009374354303,400.0,100.0
calma,25800,pls,False,1.020853500363257,,,,,,
calma,25800,naive,False,0.2914243197294466,,,,,,
calma,25820,ols,False,0.2522211977230558,,,,,,
calma,25820,ridge,False,0.2834633830237346,0.09179460003307652,0.0001,0.059571825065732435,91.79460003307652,400.0,100.0
calma,25820,nnls,False,1.5530878215231754,,,,,,
calma,25820,ssrc,False,0.016791308066891508,2.387698119676917e-06,1e-08,0.028762241447811778,23.876981196769172,400.0,100.0
calma,25820,pls,False,3.5344196606006952,,,,,,
calma,25820,naive,False,1.4347028746116883,,,,,,
calma,25840,ols,False,0.010175544324654826,,,,,,
calma,25840,ridge,False,0.04477294016070197,0.09055057631764565,0.0001,0.056754085095210974,90.55057631764566,400.0,100.0
calma,25840,nnls,False,1.4205743375160138,,,,,,
calma,25840,ssrc,False,0.19949290250451662,2.348419478489949e-06,1e-08,0.022814070777111284,23.484194784899486,400.0,100.0
calma,25840,pls,False,2.016994283868928,,,,,,
calma,25840,naive,False,1.3777342478061445,,,,,,
calma,25860,ols,False,0.36192247963057195,,,,,,
calma,25860,ridge,False,0.3409704840532883,0.08878945657503635,0.0001,0.06205528389866547,88.78945657503635,400.0,100.0
calma,25860,nnls,False,0.5207196231621221,,,,,,
calma,25860,ssrc,False,0.35420511468142174,0.0002292292673877435,1e-06,0.02281355995077039,22.92292673877435,400.0,100.0
calma,25860,pls,False,2.5264015569013103,,,,,,
calma,25860,naive,False,0.45836617675005625,,,,,,
calma,25880,ols,False,0.5313902564620777,,,,,,
calma,25880,ridge,False,0.5960644843371163,0.0872366951392599,0.0001,0.05991355384811899,87.2366951392599,400.0,100.0
calma,25880,nnls,False,1.8553640882749787,,,,,,
calma,25880,ssrc,False,0.05934963561422236,0.00022559577624541401,1e-06,0.024083899859413595,22.559577624541404,400.0,100.0
calma,25880,pls,False,3.9764068689206944,,,,,,
calma,25880,naive,False,1.6900324783685172,,,,,,
calma,25900,ols,False,0.13979049549798395,,,,,,
calma,25900,ridge,False,0.003732729078149863,0.0884052431142707,0.0001,0.06179081967019401,88.4052431142707,400.0,100.0
calma,25900,nnls,False,2.2772303850867583,,,,,,
calma,25900,ssrc,False,0.0017807062965440287,0.00022655472648703553,1e-06,0.02162042211236963,22.655472648703554,400.0,100.0
calma,25900,pls,False,0.8614517243899562,,,,,,
calma,25900,naive,False,2.434617419753896,,,,,,
calma,25920,ols,False,0.3265506409287933,,,,,,
calma,25920,ridge,False,0.27464018804923496,0.08816890858835306,0.0001,0.06679626329154789,88.16890858835306,400.0,100.0
calma,25920,nnls,False,0.40967660566914477,,,,,,
calma,25920,ssrc,False,0.05039542335130536,0.00022838018405869112,1e-06,0.020905518509746788,22.838018405869114,400.0,100.0
calma,25920,pls,False,0.007856475600352094,,,,,,
calma,25920,naive,False,0.4369592264316132,,,,,,
calma,25940,ols,False,0.273590122805267,,,,,,
calma,25940,ridge,False,0.29218476132520255,0.08793494290517004,0.0001,0.07039669993177528,87.93494290517003,400.0,100.0
calma,25940,nnls,False,0.7465826717996042,,,,,,
calma,25940,ssrc,False,0.04110751897481029,2.237052714562203e-06,1e-08,0.02202243972229203,22.370527145622027,400.0,100.0
calma,25940,pls,False,2.2690363735130528,,,,,,
calma,25940,naive,False,0.6666887585687866,,,,,,
calma,25960,ols,False,0.2820149457623874,,,,,,
calma,25960,ridge,False,0.23523917598310212,0.09053698062760207,0.0001,0.07235887673090488,90.53698062760208,400.0,100.0
calma,25960,nnls,False,1.421857706967187,,,,,,
calma,25960,ssrc,False,0.1290800838708686,0.00022332427501054632,1e-06,0.02042172728057594,22.332427501054635,400.0,100.0
calma,25960,pls,False,4.410677676439579,,,,,,
calma,25960,naive,False,1.1692801809493212,,,,,,
calma,25980,ols,False,0.15091163158349274,,,,,,
calma,25980,ridge,False,0.15609377577063382,0.09335094155756807,0.0001,0.07724994563427026,93.35094155756808,400.0,100.0
calma,25980,nnls,False,1.4882060836592983,,,,,,
calma,25980,ssrc,False,0.00766651610164824,0.022298621796491613,0.0001,0.018156737746351827,22.298621796491613,400.0,100.0
calma,25980,pls,False,3.427126634802664,,,,,,
calma,25980,naive,False,1.705498029828397,,,,,,
calma,26000,ols,False,0.12253513760127151,,,,,,
calma,26000,ridge,False,0.11882648659062203,0.0940560444066636,0.0001,0.07389303624186139,94.0560444066636,400.0,100.0
calma,26000,nnls,False,0.18482320142239786,,,,,,
calma,26000,ssrc,False,0.039006858211140846,0.022454426276157038,0.0001,0.020197110700262182,22.454426276157037,400.0,100.0
calma,26000,pls,False,1.5160705776512018,,,,,,
calma,26000,naive,False,0.1530581289383773,,,,,,
calma,26020,ols,False,0.38947005559079734,,,,,,
calma,26020,ridge,False,0.38944362477631833,9.556548683104391e-06,1e-08,0.07646280598260816,95.56548683104391,400.0,100.0
calma,26020,nnls,False,1.4503595637757025,,,,,,
calma,26020,ssrc,False,0.035569844819525784,0.02237809155950289,0.0001,0.02173956613842693,22.37809155950289,400.0,100.0
calma,26020,pls,False,2.35912123854109,,,,,,
calma,26020,naive,False,1.323439845094427,,,,,,
calma,26040,ols,False,0.40556247554816405,,,,,,
calma,26040,ridge,False,0.40557772476036186,9.174325476731217e-06,1e-08,0.07339015237709781,91.74325476731217,400.0,100.0
calma,26040,nnls,False,1.8037409338447352,,,,,,
calma,26040,ssrc,False,0.040570551962041464,0.02213222615634997,0.0001,0.020362264111300255,22.132226156349972,400.0,100.0
calma,26040,pls,False,1.1405123041052945,,,,,,
calma,26040,naive,False,1.8800521651019722,,,,,,
calma,26060,ols,False,0.5245743066371344,,,,,,
calma,26060,ridge,False,0.4698019961355894,0.09266201567389487,0.0001,0.07312505473573412,92.66201567389487,400.0,100.0
calma,26060,nnls,False,0.8475170391328881,,,,,,
calma,26060,ssrc,False,0.1735874834737885,0.022152504537098668,0.0001,0.023238183945606602,22.152504537098668,400.0,100.0
calma,26060,pls,False,3.0603934901560526,,,,,,
calma,26060,naive,False,0.8159448726611214,,,,,,
calma,26080,ols,False,0.4350269639160766,,,,,,
calma,26080,ridge,False,0.48177969049598884,0.09161131133739892,0.0001,0.06761324812968121,91.61131133739892,400.0,100.0
calma,26080,nnls,False,1.6082999401138234,,,,,,
calma,26080,ssrc,False,0.017068847211937157,0.00022334931611681048,1e-06,0.026140835022221073,22.33493161168105,400.0,100.0
calma,26080,pls,False,3.379009964914159,,,,,,
calma,26080,naive,False,1.4284419667140156,,,,,,
calma,26100,ols,False,0.4994718727093206,,,,,,
calma,26100,ridge,False,0.49950206452799456,9.415605458589213e-06,1e-08,0.06615665283808576,94.15605458589215,400.0,100.0
calma,26100,nnls,False,1.5285832643469837,,,,,,
calma,26100,ssrc,False,0.02996061055363157,2.2735832997807007e-06,1e-08,0.026376661626960222,22.73583299780701,400.0,100.0
calma,26100,pls,False,2.6387678644514203,,,,,,
calma,26100,naive,False,1.9248142704169937,,,,,,
calma,26120,ols,False,0.23542804866111036,,,,,,
calma,26120,ridge,False,0.20441599936497942,0.09365136019902277,0.0001,0.06523444218955098,93.65136019902278,400.0,100.0
calma,26120,nnls,False,0.2595632438287407,,,,,,
calma,26120,ssrc,False,0.15982778382442958,0.022514073959529503,0.0001,0.026305675261957068,22.514073959529505,400.0,100.0
calma,26120,pls,False,1.803558222095571,,,,,,
calma,26120,naive,False,0.25117018667334307,,,,,,
calma,26140,ols,False,0.5758304164483815,,,,,,
calma,26140,ridge,False,0.5346333634628819,0.09329599153031476,0.0001,0.07084064323714974,93.29599153031477,400.0,100.0
calma,26140,nnls,False,0.8086261114341338,,,,,,
calma,26140,ssrc,False,0.2818776286742114,2.200974127450096e-06,1e-08,0.035905251194934415,22.00974127450096,400.0,100.0
calma,26140,pls,False,3.1621539434751136,,,,,,
calma,26140,naive,False,0.7257827372414326,,,,,,
calma,26160,ols,False,0.1709715403783755,,,,,,
calma,26160,ridge,False,0.17110133286093424,0.09244411796608802,0.0001,0.06431582053560927,92.44411796608802,400.0,100.0
calma,26160,nnls,False,0.2772945443067223,,,,,,
calma,26160,ssrc,False,0.03987571703175787,0.022288330215237157,0.0001,0.039397815840828215,22.288330215237156,400.0,100.0
calma,26160,pls,False,0.8945776995899128,,,,,,
calma,26160,naive,False,0.034784482073965686,,,,,,
calma,26180,ols,False,0.006017369095069957,,,,,,
calma,26180,ridge,False,0.026160418589743713,0.09199877605913444,0.0001,0.05757942333158627,91.99877605913444,400.0,100.0
calma,26180,nnls,False,0.20191659591124209,,,,,,
calma,26180,ssrc,False,0.31228430745572083,0.022594241011376002,0.0001,0.038417247893337884,22.594241011376003,400.0,100.0
calma,26180,pls,False,1.0596017822212613,,,,,,
calma,26180,naive,False,0.10215133644304364,,,,,,
calma,26200,ols,False,0.06581271822587939,,,,,,
calma,26200,ridge,False,0.031240096617223725,0.0937203509449001,0.0001,0.05380734327934697,93.7203509449001,400.0,100.0
calma,26200,nnls,False,1.3054932592196533,,,,,,
calma,26200,ssrc,False,0.07713646560484051,0.023061371923057936,0.0001,0.0386921711266725,23.061371923057937,400.0,100.0
calma,26200,pls,False,2.772700317324297,,,,,,
calma,26200,naive,False,1.0418547758298125,,,,,,
calma,26220,ols,False,0.0786798564075199,,,,,,
calma,26220,ridge,False,0.07815278505742163,0.0009816432609893173,1e-06,0.05070182921790592,98.16432609893174,400.0,100.0
calma,26220,nnls,False,1.0810646207562558,,,,,,
calma,26220,ssrc,False,0.002571386158173437,0.023537806276856966,0.0001,0.04010655525874159,23.53780627685697,400.0,100.0
calma,26220,pls,False,2.2675430882979097,,,,,,
calma,26220,naive,False,1.3104494087668526,,,,,,
calma,26240,ols,False,0.37082035380293965,,,,,,
calma,26240,ridge,False,0.3706330617064274,0.0009501012001790145,1e-06,0.0513936603666642,95.01012001790146,400.0,100.0
calma,26240,nnls,False,0.5617178518134587,,,,,,
calma,26240,ssrc,False,0.18344757671236353,2.3190468826249068e-06,1e-08,0.03191172066447711,23.19046882624907,400.0,100.0
calma,26240,pls,False,2.4977323259187805,,,,,,
calma,26240,naive,False,0.5018662927166954,,,,,,
calma,26260,ols,False,0.3224056554798259,,,,,,
calma,26260,ridge,False,0.322459661529821,0.0009670272806250464,1e-06,0.05364772089694986,96.70272806250465,400.0,100.0
calma,26260,nnls,False,1.8703651503921486,,,,,,
calma,26260,ssrc,False,0.044138338902701246,2.3504835556874604e-06,1e-08,0.031706478237555014,23.504835556874607,400.0,100.0
calma,26260,pls,False,3.8396310313877664,,,,,,
calma,26260,naive,False,1.6551954843076842,,,,,,
calma,26280,ols,False,1.222459232763698,,,,,,
calma,26280,ridge,False,1.2225002957560844,0.0009883750828055579,1e-06,0.05983606179075233,98.8375082805558,400.0,100.0
calma,26280,nnls,False,0.37038490148388514,,,,,,
calma,26280,ssrc,False,0.018564039430646998,0.02378257341883804,0.0001,0.028557765928406722,23.78257341883804,400.0,100.0
calma,26280,pls,False,0.13193886964861576,,,,,,
calma,26280,naive,False,0.7411178346448617,,,,,,
calma,26300,ols,False,0.04086815918963057,,,,,,
calma,26300,ridge,False,0.0044902711117957884,0.09815006193839365,0.0001,0.06711515005217053,98.15006193839366,400.0,100.0
calma,26300,nnls,False,0.12477413659159287,,,,,,
calma,26300,ssrc,False,0.28326970442715055,0.023697847009818137,0.0001,0.026024874971587533,23.697847009818137,400.0,100.0
calma,26300,pls,False,0.7044244449291538,,,,,,
calma,26300,naive,False,0.10094669374659351,,,,,,
calma,26320,ols,False,0.5069898540602917,,,,,,
calma,26320,ridge,False,0.5649097889015401,0.09835325844334647,0.0001,0.06335155934385511,98.35325844334648,400.0,100.0
calma,26320,nnls,False,1.7422531154913712,,,,,,
calma,26320,ssrc,False,0.11459376051058465,0.023539140238453538,0.0001,0.0257713013915033,23.539140238453538,400.0,100.0
calma,26320,pls,False,2.6050272437589896,,,,,,
calma,26320,naive,False,1.6409934780636626,,,,,,
calma,26340,ols,False,0.22285025829234714,,,,,,
calma,26340,ridge,False,0.2227998217393934,0.0009865962416564804,1e-06,0.0653881972318575,98.65962416564804,400.0,100.0
calma,26340,nnls,False,1.8773589107727875,,,,,,
calma,26340,ssrc,False,0.05959551700137663,0.02345193446361913,0.0001,0.027937375434183558,23.45193446361913,400.0,100.0
calma,26340,pls,False,3.652630710409157,,,,,,
calma,26340,naive,False,2.2619092890875634,,,,,,
calma,26360,ols,False,0.24543944250348868,,,,,,
calma,26360,ridge,False,0.20876779087866731,0.10083550308450936,0.0001,0.06778270408142742,100.83550308450936,400.0,100.0
calma,26360,nnls,False,0.29830230103023153,,,,,,
calma,26360,ssrc,False,0.09960947442131099,0.02371269047039429,0.0001,0.025744101742436302,23.712690470394293,400.0,100.0
calma,26360,pls,False,1.7251068293859617,,,,,,
calma,26360,naive,False,0.2844910571714979,,,,,,
calma,26380,ols,False,0.312033145534879,,,,,,
calma,26380,ridge,False,0.32072778983410816,0.10215281995694508,0.0001,0.07272861167004868,102.1528199569451,400.0,100.0
calma,26380,nnls,False,0.7346733104122904,,,,,,
calma,26380,ssrc,False,0.11490779670195293,2.3557063671304304e-06,1e-08,0.02832333471873266,23.557063671304306,400.0,100.0
calma,26380,pls,False,0.7241693824860572,,,,,,
calma,26380,naive,False,0.6892902767917034,,,,,,
calma,26400,ols,False,0.30836459385748266,,,,,,
calma,26400,ridge,False,0.3075850412948903,0.0009920777889002043,1e-06,0.0673702109673344,99.20777889002045,400.0,100.0
calma,26400,nnls,False,1.1245507672700197,,,,,,
calma,26400,ssrc,False,0.1419224206822763,0.00023456429523407117,1e-06,0.02909160086228419,23.45642952340712,400.0,100.0
calma,26400,pls,False,3.3084735428643572,,,,,,
calma,26400,naive,False,1.2379315003290923,,,,,,
calma,26420,ols,False,0.2897172973068829,,,,,,
calma,26420,ridge,False,0.28971270628130547,9.71094679180277e-06,1e-08,0.06868924099183149,97.1094679180277,400.0,100.0
calma,26420,nnls,False,0.41911613264990866,,,,,,
calma,26420,ssrc,False,0.10004536031278664,0.02334529189585932,0.0001,0.026542880780198553,23.34529189585932,400.0,100.0
calma,26420,pls,False,2.0436635698944388,,,,,,
calma,26420,naive,False,0.4094739240947783,,,,,,
calma,26440,ols,False,0.2998591868261787,,,,,,
calma,26440,ridge,False,0.3041687316681027,0.09965201436196662,0.0001,0.06929805329578125,99.65201436196662,400.0,100.0
calma,26440,nnls,False,0.6798611408174499,,,,,,
calma,26440,ssrc,False,0.11208816672235808,0.023469811817377527,0.0001,0.02888931947146962,23.469811817377526,400.0,100.0
calma,26440,pls,False,0.45088147994494465,,,,,,
calma,26440,naive,False,0.6392597429863577,,,,,,
calma,26460,ols,False,0.5291745358939343,,,,,,
calma,26460,ridge,False,0.5275592876353385,0.000973319306565804,1e-06,0.06568655906240489,97.33193065658043,400.0,100.0
calma,26460,nnls,False,0.327144802130151,,,,,,
calma,26460,ssrc,False,0.15091788527912306,0.023420271152398354,0.0001,0.030471366422487454,23.420271152398357,400.0,100.0
calma,26460,pls,False,4.06789087028241,,,,,,
calma,26460,naive,False,0.502081867780412,,,,,,
calma,26480,ols,False,0.22668002340194823,,,,,,
calma,26480,ridge,False,0.2255270088400869,0.0009535503294298625,1e-06,0.06164632872177079,95.35503294298626,400.0,100.0
calma,26480,nnls,False,1.2629102038125468,,,,,,
calma,26480,ssrc,False,0.033867420739198184,2.3281207651031487e-06,1e-08,0.027479952271294045,23.28120765103149,400.0,100.0
calma,26480,pls,False,2.805201998759497,,,,,,
calma,26480,naive,False,1.2617390467605976,,,,,,
calma,26500,ols,False,0.0222163352907587,,,,,,
calma,26500,ridge,False,0.01279579746959676,0.09663459811656239,0.0001,0.06431412362416677,96.63459811656239,400.0,100.0
calma,26500,nnls,False,0.01061607082211223,,,,,,
calma,26500,ssrc,False,0.11203577169937919,2.338782693313519e-06,1e-08,0.024152283458149317,23.387826933135187,400.0,100.0
calma,26500,pls,False,1.203956081588863,,,,,,
calma,26500,naive,False,0.012110360493586918,,,,,,
calma,26520,ols,False,0.48878131098239636,,,,,,
calma,26520,ridge,False,0.43607920189940486,0.09779090556657434,0.0001,0.07263654254462704,97.79090556657434,400.0,100.0
calma,26520,nnls,False,0.7273011681659939,,,,,,
calma,26520,ssrc,False,0.7834054920980141,0.02328804223754314,0.0001,0.034490441343193214,23.288042237543138,400.0,100.0
calma,26520,pls,False,0.8966645344240449,,,,,,
calma,26520,naive,False,0.6759300602086858,,,,,,
calma,26540,ols,False,0.04129422022647192,,,,,,
calma,26540,ridge,False,0.041262345981022984,0.0009638768323634127,1e-06,0.061811253724772384,96.38768323634127,400.0,100.0
calma,26540,nnls,False,0.6073432830707894,,,,,,
calma,26540,ssrc,False,0.11474183160597072,0.023342503456935632,0.0001,0.03828902287331662,23.34250345693563,400.0,100.0
calma,26540,pls,False,2.3757811262489175,,,,,,
calma,26540,naive,False,0.6722968311027928,,,,,,
calma,26560,ols,False,0.19873823882656558,,,,,,
calma,26560,ridge,False,0.19527987317922876,0.0009527613611167465,1e-06,0.054820024005544185,95.27613611167466,400.0,100.0
calma,26560,nnls,False,0.6548435313349504,,,,,,
calma,26560,ssrc,False,0.20317715906096426,0.2368430081901274,0.001,0.04065271621765052,23.68430081901274,400.0,100.0
calma,26560,pls,False,0.8935700888884301,,,,,,
calma,26560,naive,False,0.6105998414409927,,,,,,
calma,26580,ols,False,0.15516829738344387,,,,,,
calma,26580,ridge,False,0.15517658702154566,9.409665432272746e-06,1e-08,0.04731551299092656,94.09665432272747,400.0,100.0
calma,26580,nnls,False,1.3202965532407054,,,,,,
calma,26580,ssrc,False,0.09105613684408793,0.23723598693345113,0.001,0.04077142437143792,23.723598693345114,400.0,100.0
calma,26580,pls,False,0.9755939531430494,,,,,,
calma,26580,naive,False,1.287190232259831,,,,,,
calma,26600,ols,False,0.2564168819491429,,,,,,
calma,26600,ridge,False,0.25640853359386845,9.140823724738471e-06,1e-08,0.03977366127723339,91.4082372473847,400.0,100.0
calma,26600,nnls,False,0.8921162598117686,,,,,,
calma,26600,ssrc,False,0.028496324217463787,0.23624739196150848,0.001,0.04247462474684193,23.62473919615085,400.0,100.0
calma,26600,pls,False,0.5965861327869114,,,,,,
calma,26600,naive,False,0.8186107092631485,,,,,,
calma,26620,ols,False,0.011706222063179122,,,,,,
calma,26620,ridge,False,0.01101689051894405,0.0008854870098837049,1e-06,0.034471193547356636,88.5487009883705,400.0,100.0
calma,26620,nnls,False,1.754355038164316,,,,,,
calma,26620,ssrc,False,0.11881447689205744,0.2352442177025251,0.001,0.03498903766013866,23.524421770252513,400.0,100.0
calma,26620,pls,False,1.7880486438979517,,,,,,
calma,26620,naive,False,1.831449851027668,,,,,,
calma,26640,ols,False,0.27211018731047193,,,,,,
calma,26640,ridge,False,0.27335662086786794,0.0008841996971344456,1e-06,0.041185208507475916,88.41996971344457,400.0,100.0
calma,26640,nnls,False,0.2763517912217497,,,,,,
calma,26640,ssrc,False,0.030574891727340483,0.023850998300606416,0.0001,0.02701028073219652,23.850998300606417,400.0,100.0
calma,26640,pls,False,2.2747059530492284,,,,,,
calma,26640,naive,False,0.26273467892125474,,,,,,
calma,26660,ols,False,0.3448440552150114,,,,,,
calma,26660,ridge,False,0.34586876686830287,0.0009016596611341615,1e-06,0.05010812465764862,90.16596611341616,400.0,100.0
calma,26660,nnls,False,0.7300209407387819,,,,,,
calma,26660,ssrc,False,0.052633408870673366,0.0002340215858602066,1e-06,0.02397148738760518,23.40215858602066,400.0,100.0
calma,26660,pls,False,0.23510047982178564,,,,,,
calma,26660,naive,False,0.6732106876047688,,,,,,
calma,26680,ols,False,0.2551952163199691,,,,,,
calma,26680,ridge,False,0.2539027188412974,0.0008674306057392583,1e-06,0.05266824805249515,86.74306057392585,400.0,100.0
calma,26680,nnls,False,1.0765862996389268,,,,,,
calma,26680,ssrc,False,0.054842586481449,2.2908694718424016e-06,1e-08,0.02281258327910508,22.908694718424016,400.0,100.0
calma,26680,pls,False,2.185894017121661,,,,,,
calma,26680,naive,False,1.1724380217569943,,,,,,
calma,26700,ols,False,0.09077871331977168,,,,,,
calma,26700,ridge,False,0.06263093331095436,0.08604684608561963,0.0001,0.05619025745093722,86.04684608561963,400.0,100.0
calma,26700,nnls,False,0.05409992193476891,,,,,,
calma,26700,ssrc,False,0.027222814343267076,0.00022732710639978177,1e-06,0.02193294635956498,22.73271063997818,400.0,100.0
calma,26700,pls,False,1.3727563038097121,,,,,,
calma,26700,naive,False,0.03729687150230629,,,,,,
calma,26720,ols,False,0.12543419295009076,,,,,,
calma,26720,ridge,False,0.13589090581872085,0.08126631194765328,0.0001,0.05659642859866962,81.26631194765328,400.0,100.0
calma,26720,nnls,False,0.3365050705610963,,,,,,
calma,26720,ssrc,False,0.1571883624598304,0.022125882307952552,0.0001,0.020314188672105916,22.12588230795255,400.0,100.0
calma,26720,pls,False,1.5836479670713008,,,,,,
calma,26720,naive,False,0.29019939405631845,,,,,,
calma,26740,ols,False,0.363640979742475,,,,,,
calma,26740,ridge,False,0.34086693439849325,0.08367351735776776,0.0001,0.061819436207645094,83.67351735776776,400.0,100.0
calma,26740,nnls,False,0.015532054783079048,,,,,,
calma,26740,ssrc,False,0.13532287395651219,2.2256309296843207e-06,1e-08,0.02024165815387855,22.25630929684321,400.0,100.0
calma,26740,pls,False,2.62453067305832,,,,,,
calma,26740,naive,False,0.14980331204968392,,,,,,
calma,26760,ols,False,0.08491165089294567,,,,,,
calma,26760,ridge,False,0.05570715043576058,0.08299572564521013,0.0001,0.05571831280846449,82.99572564521013,400.0,100.0
calma,26760,nnls,False,0.04643923318819917,,,,,,
calma,26760,ssrc,False,0.1981970021620935,0.02230572921916005,0.0001,0.016998245227493915,22.305729219160053,400.0,100.0
calma,26760,pls,False,1.1804285595189368,,,,,,
calma,26760,naive,False,0.005035945105412477,,,,,,
calma,26780,ols,False,0.5294669394778875,,,,,,
calma,26780,ridge,False,0.5546431224377607,0.08055074911660746,0.0001,0.05665564392020692,80.55074911660746,400.0,100.0
calma,26780,nnls,False,1.8969337330533078,,,,,,
calma,26780,ssrc,False,0.048587603482174675,0.022049559561370526,0.0001,0.016535082355881418,22.04955956137053,400.0,100.0
calma,26780,pls,False,2.4328024381545963,,,,,,
calma,26780,naive,False,1.7596059029551885,,,,,,
calma,26800,ols,False,0.6307504720290816,,,,,,
calma,26800,ridge,False,0.6307825660456696,7.71121217591796e-06,1e-08,0.06180963337416664,77.11212175917962,400.0,100.0
calma,26800,nnls,False,1.276885385037185,,,,,,
calma,26800,ssrc,False,0.0821656361559687,0.021722350245827176,0.0001,0.01729337276206744,21.722350245827176,400.0,100.0
calma,26800,pls,False,3.3789313530984804,,,,,,
calma,26800,naive,False,0.9343800532465372,,,,,,
calma,26820,ols,False,0.14356019552491028,,,,,,
calma,26820,ridge,False,0.1435999054711816,8.137898290530383e-06,1e-08,0.06371664251723506,81.37898290530383,400.0,100.0
calma,26820,nnls,False,0.08160867880796217,,,,,,
calma,26820,ssrc,False,0.07215446924134038,0.022180847475791157,0.0001,0.017584896333859103,22.180847475791154,400.0,100.0
calma,26820,pls,False,1.240560492987896,,,,,,
calma,26820,naive,False,0.11867837133825436,,,,,,
calma,26840,ols,False,0.37207074526423617,,,,,,
calma,26840,ridge,False,0.39176434462120213,0.07962422675348176,0.0001,0.05776143740329009,79.62422675348176,400.0,100.0
calma,26840,nnls,False,1.0918486614896403,,,,,,
calma,26840,ssrc,False,0.005636028466413926,0.021939349818411683,0.0001,0.016335932622945967,21.939349818411685,400.0,100.0
calma,26840,pls,False,0.7787919309574607,,,,,,
calma,26840,naive,False,1.0304541202859618,,,,,,
calma,26860,ols,False,0.3088728441738051,,,,,,
calma,26860,ridge,False,0.4311154361140749,0.07817353152290896,0.0001,0.06879004668739792,78.17353152290896,400.0,100.0
calma,26860,nnls,False,1.3106430637300437,,,,,,
calma,26860,ssrc,False,0.10296135724212567,0.02184908633222988,0.0001,0.01947779775280877,21.84908633222988,400.0,100.0
calma,26860,pls,False,1.3889640098395666,,,,,,
calma,26860,naive,False,1.6458207506550961,,,,,,
calma,26880,ols,False,0.702318343333066,,,,,,
calma,26880,ridge,False,0.583876584513832,0.07626575748874735,0.0001,0.06770057839276136,76.26575748874735,400.0,100.0
calma,26880,nnls,False,1.9710477861079645,,,,,,
calma,26880,ssrc,False,0.13173692912637752,0.00021748110072275655,1e-06,0.020876072321150997,21.748110072275658,400.0,100.0
calma,26880,pls,False,4.53862471417149,,,,,,
calma,26880,naive,False,1.6313909811266345,,,,,,
calma,26900,ols,False,0.09609517442948616,,,,,,
calma,26900,ridge,False,0.11367447308152896,0.08082145578139606,0.0001,0.0636734965244718,80.82145578139607,400.0,100.0
calma,26900,nnls,False,0.38977946430754284,,,,,,
calma,26900,ssrc,False,0.13217306031653922,0.022056152415048786,0.0001,0.022759269501320442,22.056152415048786,400.0,100.0
calma,26900,pls,False,0.10432719624923434,,,,,,
calma,26900,naive,False,0.2992213493798699,,,,,,
calma,26920,ols,False,0.16038471548961053,,,,,,
calma,26920,ridge,False,0.18017383649781984,0.07931994465129562,0.0001,0.05696809196423903,79.31994465129561,400.0,100.0
calma,26920,nnls,False,0.8286303354112404,,,,,,
calma,26920,ssrc,False,0.004437073960176011,0.00022116085228907848,1e-06,0.02237171607606938,22.11608522890785,400.0,100.0
calma,26920,pls,False,0.9181641720724412,,,,,,
calma,26920,naive,False,0.972903746919073,,,,,,
calma,26940,ols,False,0.09147762084687228,,,,,,
calma,26940,ridge,False,0.11443461157726512,0.07694584253948356,0.0001,0.05339883740805222,76.94584253948356,400.0,100.0
calma,26940,nnls,False,0.4670687927875085,,,,,,
calma,26940,ssrc,False,0.02289984281189872,0.0002236143347317154,1e-06,0.02261879651858105,22.361433473171545,400.0,100.0
calma,26940,pls,False,0.13853540208054496,,,,,,
calma,26940,naive,False,0.40961830113825315,,,,,,
calma,26960,ols,False,0.6324227140024973,,,,,,
calma,26960,ridge,False,0.6281182174184349,0.0007683481568872988,1e-06,0.04431508242128497,76.83481568872989,400.0,100.0
calma,26960,nnls,False,0.42105909262913577,,,,,,
calma,26960,ssrc,False,0.0069663980240118025,0.02235583229392182,0.0001,0.018243602836737576,22.35583229392182,400.0,100.0
calma,26960,pls,False,2.7409730465917046,,,,,,
calma,26960,naive,False,0.19058587743199956,,,,,,
calma,26980,ols,False,0.4347559332692411,,,,,,
calma,26980,ridge,False,0.34915376746391225,0.07676344927578375,0.0001,0.049638312424159864,76.76344927578376,400.0,100.0
calma,26980,nnls,False,1.2507461264934026,,,,,,
calma,26980,ssrc,False,0.22651100567071214,0.0223964902356161,0.0001,0.017088809069495975,22.3964902356161,400.0,100.0
calma,26980,pls,False,3.3209735426309788,,,,,,
calma,26980,naive,False,1.2984657996100453,,,,,,
calma,27000,ols,False,0.20113454617761345,,,,,,
calma,27000,ridge,False,0.1978606941513914,0.07710331737818768,0.0001,0.05252160564249003,77.10331737818768,400.0,100.0
calma,27000,nnls,False,0.4061702681254948,,,,,,
calma,27000,ssrc,False,0.11374381797408392,2.23626045835786e-06,1e-08,0.017139938345303328,22.3626045835786,400.0,100.0
calma,27000,pls,False,0.20223221863848162,,,,,,
calma,27000,naive,False,0.3959644639226159,,,,,,
calma,27020,ols,False,0.6128907568198169,,,,,,
calma,27020,ridge,False,0.68553941435426,0.07344784745760355,0.0001,0.060270397543204346,73.44784745760354,400.0,100.0
calma,27020,nnls,False,2.0424859093181507,,,,,,
calma,27020,ssrc,False,0.12958793702742863,2.2328252003454945e-06,1e-08,0.01898930150797368,22.32825200345495,400.0,100.0
calma,27020,pls,False,3.665293528929337,,,,,,
calma,27020,naive,False,1.8694647249722456,,,,,,
calma,27040,ols,False,0.6077106696617266,,,,,,
calma,27040,ridge,False,0.4881813219830611,0.07724439216060389,0.0001,0.06994182107837385,77.2443921606039,400.0,100.0
calma,27040,nnls,False,2.2450367661067157,,,,,,
calma,27040,ssrc,False,0.23559206724068008,2.2348843853017347e-06,1e-08,0.021678993548878003,22.348843853017346,400.0,100.0
calma,27040,pls,False,2.2963604592815967,,,,,,
calma,27040,naive,False,2.4401572970358156,,,,,,
calma,27060,ols,False,0.07906407428895594,,,,,,
calma,27060,ridge,False,0.08995876755405403,0.08058274602488742,0.0001,0.0757908898912508,80.58274602488743,400.0,100.0
calma,27060,nnls,False,1.8844604395473008,,,,,,
calma,27060,ssrc,False,0.03656946345032792,2.207214581375382e-06,1e-08,0.023924053459800598,22.07214581375382,400.0,100.0
calma,27060,pls,False,4.362723580518575,,,,,,
calma,27060,naive,False,2.000775705718772,,,,,,
calma,27080,ols,False,0.37562066863941984,,,,,,
calma,27080,ridge,False,0.39830340548806503,0.08035992139605261,0.0001,0.07118105042238358,80.35992139605261,400.0,100.0
calma,27080,nnls,False,1.3731388972170615,,,,,,
calma,27080,ssrc,False,0.03832658689648096,0.00021896872335684854,1e-06,0.02279698458057874,21.896872335684858,400.0,100.0
calma,27080,pls,False,1.7376477937306296,,,,,,
calma,27080,naive,False,1.2497338739708264,,,,,,
calma,27100,ols,False,0.46457551749213294,,,,,,
calma,27100,ridge,False,0.4021473557548566,0.08120074467798363,0.0001,0.06739365641286583,81.20074467798364,400.0,100.0
calma,27100,nnls,False,1.8212435769887363,,,,,,
calma,27100,ssrc,False,0.18308861576050123,0.021873069710476204,0.0001,0.01771182501789538,21.8730697104762,400.0,100.0
calma,27100,pls,False,1.8699984581072018,,,,,,
calma,27100,naive,False,1.9933308237695704,,,,,,
calma,27120,ols,False,0.37540802218473257,,,,,,
calma,27120,ridge,False,0.34309785418109445,0.0818493477553624,0.0001,0.06617664395655046,81.8493477553624,400.0,100.0
calma,27120,nnls,False,0.45404929347383677,,,,,,
calma,27120,ssrc,False,0.09401545050999302,0.0217747677602276,0.0001,0.018141823721556108,21.7747677602276,400.0,100.0
calma,27120,pls,False,1.8685901021113578,,,,,,
calma,27120,naive,False,0.41243364549476,,,,,,
calma,27140,ols,False,0.061385002373721284,,,,,,
calma,27140,ridge,False,0.06185649195576531,0.08267300346398394,0.0001,0.06166179982464276,82.67300346398395,400.0,100.0
calma,27140,nnls,False,0.15505221035215505,,,,,,
calma,27140,ssrc,False,0.004138432915548249,0.021706369317946207,0.0001,0.020600751289604157,21.70636931794621,400.0,100.0
calma,27140,pls,False,0.7368800762129454,,,,,,
calma,27140,naive,False,0.1673352731893133,,,,,,
calma,27160,ols,False,0.01678326317594246,,,,,,
calma,27160,ridge,False,0.007889594861356588,0.08086251810778164,0.0001,0.0685317167926999,80.86251810778164,400.0,100.0
calma,27160,nnls,False,0.8592286115766449,,,,,,
calma,27160,ssrc,False,0.10866905356961411,0.02173717698112896,0.0001,0.03090082947890628,21.73717698112896,400.0,100.0
calma,27160,pls,False,2.03201294519296,,,,,,
calma,27160,naive,False,0.5944486562594818,,,,,,
calma,27180,ols,False,0.09357277349876038,,,,,,
calma,27180,ridge,False,0.046086728181257065,0.08454180120554508,0.0001,0.06459389716052949,84.54180120554508,400.0,100.0
calma,27180,nnls,False,0.057255672737761325,,,,,,
calma,27180,ssrc,False,0.35885500254909775,0.022233703697097786,0.0001,0.04016014779184647,22.233703697097784,400.0,100.0
calma,27180,pls,False,0.2065516800507301,,,,,,
calma,27180,naive,False,0.16818688107029772,,,,,,
calma,27200,ols,False,0.40293391523787664,,,,,,
calma,27200,ridge,False,0.461891579105609,0.08519202312805847,0.0001,0.0617278812897667,85.19202312805847,400.0,100.0
calma,27200,nnls,False,1.8257653269940868,,,,,,
calma,27200,ssrc,False,0.03548862094763283,0.02237444573935328,0.0001,0.04896519439346567,22.37444573935328,400.0,100.0
calma,27200,pls,False,3.707356476227737,,,,,,
calma,27200,naive,False,1.6233768255329968,,,,,,
calma,27220,ols,False,0.25714064756907884,,,,,,
calma,27220,ridge,False,0.2598448866127405,0.0008865891240415708,1e-06,0.05844737954751178,88.65891240415709,400.0,100.0
calma,27220,nnls,False,2.3314208786187613,,,,,,
calma,27220,ssrc,False,0.14745124442226104,0.022854096317002914,0.0001,0.05352145427220801,22.854096317002913,400.0,100.0
calma,27220,pls,False,4.879209704701113,,,,,,
calma,27220,naive,False,2.661842526541869,,,,,,
calma,27240,ols,False,0.21993392840352277,,,,,,
calma,27240,ridge,False,0.21980390472967723,0.0008758956151661206,1e-06,0.061703445987125495,87.58956151661208,400.0,100.0
calma,27240,nnls,False,0.23345225743210896,,,,,,
calma,27240,ssrc,False,0.14072510166893593,0.2290862053489111,0.001,0.04739224961772748,22.908620534891114,400.0,100.0
calma,27240,pls,False,1.8092326382867872,,,,,,
calma,27240,naive,False,0.21532349731732375,,,,,,
calma,27260,ols,False,0.3326649893545046,,,,,,
calma,27260,ridge,False,0.34608617293498345,0.0897446267325341,0.0001,0.058356588156116364,89.7446267325341,400.0,100.0
calma,27260,nnls,False,0.8850661356156208,,,,,,
calma,27260,ssrc,False,0.026932682077840837,0.22619490638144693,0.001,0.03801790933625987,22.619490638144693,400.0,100.0
calma,27260,pls,False,0.6779810308492833,,,,,,
calma,27260,naive,False,0.8126198969650887,,,,,,
calma,27280,ols,False,0.012923026537001473,,,,,,
calma,27280,ridge,False,0.07525977418316031,0.0901987118726574,0.0001,0.06166233391054713,90.1987118726574,400.0,100.0
calma,27280,nnls,False,1.5126271145095673,,,,,,
calma,27280,ssrc,False,0.06679592092237069,0.02284175413788461,0.0001,0.028123893980200113,22.841754137884607,400.0,100.0
calma,27280,pls,False,1.323210255893805,,,,,,
calma,27280,naive,False,1.6607349135663483,,,,,,
calma,27300,ols,False,0.22375201679121864,,,,,,
calma,27300,ridge,False,0.1927832850077137,0.09084736146518325,0.0001,0.06312322080240915,90.84736146518325,400.0,100.0
calma,27300,nnls,False,0.2233428147494314,,,,,,
calma,27300,ssrc,False,0.05076545913774373,0.022988002863910277,0.0001,0.02223396467294734,22.98800286391028,400.0,100.0
calma,27300,pls,False,1.9415698390681848,,,,,,
calma,27300,naive,False,0.21247816487140436,,,,,,
calma,27320,ols,False,0.7145336011946491,,,,,,
calma,27320,ridge,False,0.5762234399678519,0.08767043591431296,0.0001,0.06607892780444626,87.67043591431298,400.0,100.0
calma,27320,nnls,False,2.7761911629258305,,,,,,
calma,27320,ssrc,False,0.7704240962506068,2.2276219129054045e-06,1e-08,0.02576080094720596,22.276219129054045,400.0,100.0
calma,27320,pls,False,3.996208045087586,,,,,,
calma,27320,naive,False,2.8759994519992356,,,,,,
calma,27340,ols,False,0.15197382779695084,,,,,,
calma,27340,ridge,False,0.17318593834446666,0.08924159753497782,0.0001,0.06317528472609119,89.24159753497781,400.0,100.0
calma,27340,nnls,False,0.9587010488485006,,,,,,
calma,27340,ssrc,False,0.05843468638630904,0.022880450540274398,0.0001,0.034524341226314606,22.880450540274396,400.0,100.0
calma,27340,pls,False,2.1658760275763367,,,,,,
calma,27340,naive,False,0.743905401928774,,,,,,
calma,27360,ols,False,0.012853093404357202,,,,,,
calma,27360,ridge,False,0.012868978997080031,9.087617469740534e-06,1e-08,0.0533806250877414,90.87617469740535,400.0,100.0
calma,27360,nnls,False,0.08672254196276472,,,,,,
calma,27360,ssrc,False,0.10786421582003121,0.023426743730184735,0.0001,0.036642902482585414,23.426743730184736,400.0,100.0
calma,27360,pls,False,0.3528657691760557,,,,,,
calma,27360,naive,False,0.24797639762539675,,,,,,
calma,27380,ols,False,0.09580402623495682,,,,,,
calma,27380,ridge,False,0.09580236876314371,9.134754508147032e-06,1e-08,0.047177212038960616,91.34754508147033,400.0,100.0
calma,27380,nnls,False,0.6725865996821437,,,,,,
calma,27380,ssrc,False,0.03066404949263977,0.02407300319265879,0.0001,0.03818727226252434,24.073003192658792,400.0,100.0
calma,27380,pls,False,1.6839090983166864,,,,,,
calma,27380,naive,False,0.40678365156893076,,,,,,
calma,27400,ols,False,0.051861576029288155,,,,,,
calma,27400,ridge,False,0.05419852626455882,0.0009014476542231209,1e-06,0.039009164855790084,90.1447654223121,400.0,100.0
calma,27400,nnls,False,0.07699637915492549,,,,,,
calma,27400,ssrc,False,0.30989123312153827,0.02431488356979013,0.0001,0.03881543583998473,24.31488356979013,400.0,100.0
calma,27400,pls,False,0.9779971931497135,,,,,,
calma,27400,naive,False,0.01948002264264932,,,,,,
calma,27420,ols,False,0.05073502966053728,,,,,,
calma,27420,ridge,False,0.05073100187306542,0.00091761236348864,1e-06,0.03570854905978962,91.761236348864,400.0,100.0
calma,27420,nnls,False,1.3657681565738944,,,,,,
calma,27420,ssrc,False,0.06471046234620118,0.02451329793392196,0.0001,0.03652860929902449,24.51329793392196,400.0,100.0
calma,27420,pls,False,2.921970846913844,,,,,,
calma,27420,naive,False,1.1274761863422642,,,,,,
calma,27440,ols,False,0.2531709305191223,,,,,,
calma,27440,ridge,False,0.25317840565638683,0.0009596364759814487,1e-06,0.03601649660854979,95.96364759814489,400.0,100.0
calma,27440,nnls,False,0.9072820577683569,,,,,,
calma,27440,ssrc,False,0.1795661285117382,2.477234239482358e-06,1e-08,0.030007541402579888,24.772342394823582,400.0,100.0
calma,27440,pls,False,1.572949587001408,,,,,,
calma,27440,naive,False,1.0223574077950206,,,,,,
calma,27460,ols,False,0.36848050656990355,,,,,,
calma,27460,ridge,False,0.33436638727613677,0.09907649924035543,0.0001,0.04847482514803774,99.07649924035543,400.0,100.0
calma,27460,nnls,False,0.551014993368336,,,,,,
calma,27460,ssrc,False,0.30483606187764817,2.4905402340953075e-06,1e-08,0.029249074342434733,24.905402340953074,400.0,100.0
calma,27460,pls,False,0.13078284011318145,,,,,,
calma,27460,naive,False,0.5328946195903957,,,,,,
calma,27480,ols,False,0.12720971469679832,,,,,,
calma,27480,ridge,False,0.19871603581592312,0.09704628819517948,0.0001,0.05214440280281694,97.04628819517949,400.0,100.0
calma,27480,nnls,False,1.6659170381949306,,,,,,
calma,27480,ssrc,False,0.07301139306139255,2.470363459996741e-06,1e-08,0.028134828354840654,24.703634599967412,400.0,100.0
calma,27480,pls,False,5.099884673106737,,,,,,
calma,27480,naive,False,1.5657318975265533,,,,,,
calma,27500,ols,False,0.11407228164120611,,,,,,
calma,27500,ridge,False,0.05220890032731548,0.09566535427177156,0.0001,0.059551772147344834,95.66535427177155,400.0,100.0
calma,27500,nnls,False,2.947025978660537,,,,,,
calma,27500,ssrc,False,0.07376926519690127,2.458161682424702e-06,1e-08,0.02687241290598741,24.58161682424702,400.0,100.0
calma,27500,pls,False,2.8320875064084277,,,,,,
calma,27500,naive,False,3.0201620173490396,,,,,,
calma,27520,ols,False,0.007116903226494426,,,,,,
calma,27520,ridge,False,0.039247014071728085,0.09840436435681703,0.0001,0.06257904327536566,98.40436435681704,400.0,100.0
calma,27520,nnls,False,0.2521103617025358,,,,,,
calma,27520,ssrc,False,0.13092577298029245,0.00025060981225884016,1e-06,0.02733787379542935,25.060981225884017,400.0,100.0
calma,27520,pls,False,1.6961060455109096,,,,,,
calma,27520,naive,False,0.19389990901098783,,,,,,
calma,27540,ols,False,0.1857814862503879,,,,,,
calma,27540,ridge,False,0.19587336834253882,0.09684634322099521,0.0001,0.06263097599075661,96.84634322099521,400.0,100.0
calma,27540,nnls,False,0.5039292936861309,,,,,,
calma,27540,ssrc,False,0.04969226401753316,2.489211874737108e-06,1e-08,0.026755529013330115,24.89211874737108,400.0,100.0
calma,27540,pls,False,0.3762527288945772,,,,,,
calma,27540,naive,False,0.4974499520112759,,,,,,
calma,27560,ols,False,0.23727315019869363,,,,,,
calma,27560,ridge,False,0.23606519500482398,0.000953222562881311,1e-06,0.06452931802623409,95.32225628813111,400.0,100.0
calma,27560,nnls,False,0.8724188677123155,,,,,,
calma,27560,ssrc,False,0.08301059706513184,2.499865854304741e-06,1e-08,0.02505825729116459,24.99865854304741,400.0,100.0
calma,27560,pls,False,1.7112916719432607,,,,,,
calma,27560,naive,False,1.1146119151112388,,,,,,
calma,27580,ols,False,0.006376758947218866,,,,,,
calma,27580,ridge,False,0.029890475463507916,0.09867505052588527,0.0001,0.06134347583338571,98.67505052588527,400.0,100.0
calma,27580,nnls,False,0.2553938081597628,,,,,,
calma,27580,ssrc,False,0.037940970599105596,2.545714310970381e-06,1e-08,0.025965073057671328,25.457143109703807,400.0,100.0
calma,27580,pls,False,1.510788220094285,,,,,,
calma,27580,naive,False,0.18666963699172642,,,,,,
calma,27600,ols,False,0.5724183301888925,,,,,,
calma,27600,ridge,False,0.6168402510838823,0.09947135385812986,0.0001,0.059193798194381496,99.47135385812986,400.0,100.0
calma,27600,nnls,False,1.796472699901292,,,,,,
calma,27600,ssrc,False,0.0598410167408311,2.5469051424714246e-06,1e-08,0.025016343470019433,25.469051424714248,400.0,100.0
calma,27600,pls,False,4.008351552984648,,,,,,
calma,27600,naive,False,1.68535103392225,,,,,,
calma,27620,ols,False,0.3212474077696252,,,,,,
calma,27620,ridge,False,0.228159249283402,0.10190086343913063,0.0001,0.06515138565853723,101.90086343913063,400.0,100.0
calma,27620,nnls,False,2.6777165987545883,,,,,,
calma,27620,ssrc,False,0.026008226089981476,0.0002566858821878704,1e-06,0.02250419560877391,25.66858821878704,400.0,100.0
calma,27620,pls,False,2.227661791496785,,,,,,
calma,27620,naive,False,2.4355339634584388,,,,,,
calma,27640,ols,False,1.2739366066525584,,,,,,
calma,27640,ridge,False,1.2722394651724305,0.0010243054662386827,1e-06,0.06857573054200942,102.43054662386828,400.0,100.0
calma,27640,nnls,False,2.789553568669144,,,,,,
calma,27640,ssrc,False,0.12839087279742084,0.025552858161798725,0.0001,0.026919928647927315,25.552858161798724,400.0,100.0
calma,27640,pls,False,7.2220332198659305,,,,,,
calma,27640,naive,False,3.349718949940981,,,,,,
calma,27660,ols,False,0.3294901803706798,,,,,,
calma,27660,ridge,False,0.37691629118408326,0.10227875449637656,0.0001,0.061611460687420475,102.27875449637656,400.0,100.0
calma,27660,nnls,False,1.053616542503358,,,,,,
calma,27660,ssrc,False,0.13441255518422054,0.025747025321009528,0.0001,0.030565762439626994,25.74702532100953,400.0,100.0
calma,27660,pls,False,2.142708683310913,,,,,,
calma,27660,naive,False,1.0395962613169156,,,,,,
calma,27680,ols,False,0.27048122739951425,,,,,,
calma,27680,ridge,False,0.2704863107207862,9.927704796851037e-06,1e-08,0.061715372052441285,99.27704796851037,400.0,100.0
calma,27680,nnls,False,1.8928302606320035,,,,,,
calma,27680,ssrc,False,0.08690691916258642,0.02534376742241517,0.0001,0.031556532802255746,25.34376742241517,400.0,100.0
calma,27680,pls,False,0.9644328344846183,,,,,,
calma,27680,naive,False,1.705989843733837,,,,,,
calma,27700,ols,False,0.013154241727400944,,,,,,
calma,27700,ridge,False,0.01323922601511222,0.0009813889673096765,1e-06,0.05982971598084741,98.13889673096764,400.0,100.0
calma,27700,nnls,False,0.2046629172058082,,,,,,
calma,27700,ssrc,False,0.0359104903884373,0.025080770779132636,0.0001,0.03339177777825476,25.080770779132635,400.0,100.0
calma,27700,pls,False,0.9866456294140502,,,,,,
calma,27700,naive,False,0.1998808375566943,,,,,,
calma,27720,ols,False,0.5582012008767845,,,,,,
calma,27720,ridge,False,0.5580926216239107,0.0009493648590335685,1e-06,0.05577996994213881,94.93648590335687,400.0,100.0
calma,27720,nnls,False,1.9469465039922293,,,,,,
calma,27720,ssrc,False,0.02450982165610497,0.024639761941757113,0.0001,0.033809644707599854,24.639761941757115,400.0,100.0
calma,27720,pls,False,4.394509191740498,,,,,,
calma,27720,naive,False,1.7880694520167586,,,,,,
calma,27740,ols,False,0.9978855091282751,,,,,,
calma,27740,ridge,False,0.9999387805642491,0.0009499349480638279,1e-06,0.05771860165999108,94.9934948063828,400.0,100.0
calma,27740,nnls,False,1.287753754026437,,,,,,
calma,27740,ssrc,False,0.03234957369642536,0.02456352164101241,0.0001,0.02942609172771312,24.56352164101241,400.0,100.0
calma,27740,pls,False,5.69319376015505,,,,,,
calma,27740,naive,False,1.3933519031532444,,,,,,
calma,27760,ols,False,0.1816432056047882,,,,,,
calma,27760,ridge,False,0.18165192005176176,9.568102831541341e-06,1e-08,0.05965916229344942,95.68102831541341,400.0,100.0
calma,27760,nnls,False,0.09080217065739707,,,,,,
calma,27760,ssrc,False,0.0889306297652492,2.4956720371757955e-06,1e-08,0.023386294831373795,24.956720371757953,400.0,100.0
calma,27760,pls,False,0.9147626321381728,,,,,,
calma,27760,naive,False,0.14464581038085517,,,,,,
calma,27780,ols,False,0.3422456086304466,,,,,,
calma,27780,ridge,False,0.3682374248311729,0.0976739189278409,0.0001,0.06583159527049937,97.6739189278409,400.0,100.0
calma,27780,nnls,False,0.9663786041759274,,,,,,
calma,27780,ssrc,False,0.019206559861912623,2.491210172010095e-06,1e-08,0.024233021270548483,24.91210172010095,400.0,100.0
calma,27780,pls,False,0.712214962265092,,,,,,
calma,27780,naive,False,0.9253550378900804,,,,,,
calma,27800,ols,False,0.13201010809709818,,,,,,
calma,27800,ridge,False,0.13200771540358727,0.0009692168294621353,1e-06,0.07176831023033366,96.92168294621354,400.0,100.0
calma,27800,nnls,False,2.293336088088531,,,,,,
calma,27800,ssrc,False,0.18644065297670007,2.4730006461728996e-06,1e-08,0.025925090522415255,24.730006461728998,400.0,100.0
calma,27800,pls,False,4.642298410393325,,,,,,
calma,27800,naive,False,2.082464360158356,,,,,,
calma,27820,ols,False,0.1710465340004661,,,,,,
calma,27820,ridge,False,0.17924727176780672,0.001001370569681821,1e-06,0.07311924579360868,100.13705696818211,400.0,100.0
calma,27820,nnls,False,0.8951814906554644,,,,,,
calma,27820,ssrc,False,0.11914445692636759,0.025428527217348017,0.0001,0.025184935509324588,25.42852721734802,400.0,100.0
calma,27820,pls,False,1.6676130637447053,,,,,,
calma,27820,naive,False,0.8320132970021057,,,,,,
calma,27840,ols,False,0.25234635732006794,,,,,,
calma,27840,ridge,False,0.2591459043208946,0.09910361914870162,0.0001,0.07236524046583498,99.10361914870163,400.0,100.0
calma,27840,nnls,False,0.527493752630308,,,,,,
calma,27840,ssrc,False,0.17007626897894387,0.024855304022676435,0.0001,0.02467458368028429,24.855304022676435,400.0,100.0
calma,27840,pls,False,2.3682442038966927,,,,,,
calma,27840,naive,False,0.47814668286481515,,,,,,
calma,27860,ols,False,0.06984577541693959,,,,,,
calma,27860,ridge,False,0.07836059335209726,0.0978788281483166,0.0001,0.06710234081918816,97.87882814831659,400.0,100.0
calma,27860,nnls,False,0.18204362587808895,,,,,,
calma,27860,ssrc,False,0.03670184745680437,0.00024234093598516582,1e-06,0.02242298031413149,24.234093598516584,400.0,100.0
calma,27860,pls,False,1.5535973987393152,,,,,,
calma,27860,naive,False,0.15839827810960616,,,,,,
calma,27880,ols,False,0.0948664713193404,,,,,,
calma,27880,ridge,False,0.09487527639968224,1.0023309980082476e-05,1e-08,0.07438621163616299,100.23309980082476,400.0,100.0
calma,27880,nnls,False,0.16186640297122218,,,,,,
calma,27880,ssrc,False,0.07127699302596152,0.00023792190615435035,1e-06,0.03259067325789675,23.792190615435036,400.0,100.0
calma,27880,pls,False,3.531600006490006,,,,,,
calma,27880,naive,False,0.13677040141960428,,,,,,
calma,27900,ols,False,0.05311186810740968,,,,,,
calma,27900,ridge,False,0.05305827264172827,9.72057094283457e-06,1e-08,0.06373606978430199,97.2057094283457,400.0,100.0
calma,27900,nnls,False,0.19832067282438406,,,,,,
calma,27900,ssrc,False,0.34598986365443607,0.023505384437562005,0.0001,0.031581581073455975,23.505384437562004,400.0,100.0
calma,27900,pls,False,0.07866201025444838,,,,,,
calma,27900,naive,False,0.17649589567448096,,,,,,
calma,27920,ols,False,0.2977308566100798,,,,,,
calma,27920,ridge,False,0.2963905430878524,0.0009548788488183381,1e-06,0.0544589590404151,95.48788488183382,400.0,100.0
calma,27920,nnls,False,0.41189946451523024,,,,,,
calma,27920,ssrc,False,0.19689626438621258,0.0232595960421903,0.0001,0.03184932449796497,23.2595960421903,400.0,100.0
calma,27920,pls,False,3.2920896393380583,,,,,,
calma,27920,naive,False,0.48836511141188627,,,,,,
calma,27940,ols,False,0.03375217630292229,,,,,,
calma,27940,ridge,False,0.033766029898480425,9.157130446929255e-06,1e-08,0.04782525327116567,91.57130446929256,400.0,100.0
calma,27940,nnls,False,0.13525798827118887,,,,,,
calma,27940,ssrc,False,0.19768967144691346,0.023011227583895358,0.0001,0.03200307775957092,23.01122758389536,400.0,100.0
calma,27940,pls,False,0.8945004104563732,,,,,,
calma,27940,naive,False,0.10751832873620641,,,,,,
calma,27960,ols,False,0.4572926858768718,,,,,,
calma,27960,ridge,False,0.4572897254085481,8.843326505531116e-06,1e-08,0.04672049845253528,88.43326505531115,400.0,100.0
calma,27960,nnls,False,1.9540070503882747,,,,,,
calma,27960,ssrc,False,0.08227470307700445,0.022767562169510723,0.0001,0.03293135139806595,22.767562169510725,400.0,100.0
calma,27960,pls,False,3.068861466673266,,,,,,
calma,27960,naive,False,1.80926385875275,,,,,,
calma,27980,ols,False,0.7010474894440322,,,,,,
calma,27980,ridge,False,0.70103467578527,0.0008902925161082582,1e-06,0.04189659462053599,89.02925161082584,400.0,100.0
calma,27980,nnls,False,1.431442213823672,,,,,,
calma,27980,ssrc,False,0.02008269288884164,0.2279457061342355,0.001,0.026332128001258333,22.794570613423552,400.0,100.0
calma,27980,pls,False,3.080663249836407,,,,,,
calma,27980,naive,False,1.0976554184397511,,,,,,
calma,28000,ols,False,0.06801518795997274,,,,,,
calma,28000,ridge,False,0.07101015248936468,0.0009234053867638099,1e-06,0.0520118204589239,92.340538676381,400.0,100.0
calma,28000,nnls,False,0.005128580080021899,,,,,,
calma,28000,ssrc,False,0.09830946345363463,2.3156308122495633e-06,1e-08,0.023926948218762126,23.15630812249563,400.0,100.0
calma,28000,pls,False,1.0550045520296776,,,,,,
calma,28000,naive,False,0.02664106927140343,,,,,,
calma,28020,ols,False,0.4859316964643206,,,,,,
calma,28020,ridge,False,0.520074396028792,0.08912782234552408,0.0001,0.05485802926973519,89.12782234552407,400.0,100.0
calma,28020,nnls,False,1.8246282855376952,,,,,,
calma,28020,ssrc,False,0.05353775145152322,0.0002271956685968297,1e-06,0.021386547359729956,22.71956685968297,400.0,100.0
calma,28020,pls,False,2.679458658460425,,,,,,
calma,28020,naive,False,1.7000939067837233,,,,,,
calma,28040,ols,False,0.4849996910611895,,,,,,
calma,28040,ridge,False,0.524380628954965,0.08725549460108355,0.0001,0.05711732584781159,87.25549460108356,400.0,100.0
calma,28040,nnls,False,1.3429092031117953,,,,,,
calma,28040,ssrc,False,0.10723515118023993,0.000224778737569167,1e-06,0.021616393944566867,22.477873756916704,400.0,100.0
calma,28040,pls,False,3.224219266388772,,,,,,
calma,28040,naive,False,1.2481919091612215,,,,,,
calma,28060,ols,False,0.0957131016820107,,,,,,
calma,28060,ridge,False,0.11924970292418731,0.08997862647690591,0.0001,0.06511523479702701,89.9786264769059,400.0,100.0
calma,28060,nnls,False,0.79911292285833,,,,,,
calma,28060,ssrc,False,0.05664008419502439,0.00022688384840310197,1e-06,0.02431081507441541,22.6883848403102,400.0,100.0
calma,28060,pls,False,0.531271040163592,,,,,,
calma,28060,naive,False,0.8071287374323911,,,,,,
calma,28080,ols,False,0.2602955724908745,,,,,,
calma,28080,ridge,False,0.28122403078615443,0.08629664893464077,0.0001,0.05658444820123552,86.29664893464077,400.0,100.0
calma,28080,nnls,False,1.2431353612183398,,,,,,
calma,28080,ssrc,False,0.01677121323542609,0.0002231875521031023,1e-06,0.021874863340846276,22.31875521031023,400.0,100.0
calma,28080,pls,False,2.19989045010024,,,,,,
calma,28080,naive,False,1.1055563728955475,,,,,,
calma,28100,ols,False,0.05773916754240744,,,,,,
calma,28100,ridge,False,0.059913407284733176,0.00085387370256695,1e-06,0.04962046112195767,85.38737025669502,400.0,100.0
calma,28100,nnls,False,0.7338721951573548,,,,,,
calma,28100,ssrc,False,0.047474283985659206,0.0002245547493876039,1e-06,0.019114869772767627,22.455474938760393,400.0,100.0
calma,28100,pls,False,1.6099521955233542,,,,,,
calma,28100,naive,False,0.7830788180428837,,,,,,
calma,28120,ols,False,0.4041668024948963,,,,,,
calma,28120,ridge,False,0.4026123301784718,0.0008176151475513274,1e-06,0.04720508958110492,81.76151475513275,400.0,100.0
calma,28120,nnls,False,1.3332179775664346,,,,,,
calma,28120,ssrc,False,0.02854367439757828,0.00022248715417168884,1e-06,0.01865705334432078,22.248715417168885,400.0,100.0
calma,28120,pls,False,1.3934099580070805,,,,,,
calma,28120,naive,False,1.2309211412309442,,,,,,
calma,28140,ols,False,0.8736408372407787,,,,,,
calma,28140,ridge,False,0.873633559511954,7.960289206537565e-06,1e-08,0.049723864412186944,79.60289206537566,400.0,100.0
calma,28140,nnls,False,1.2852801181888978,,,,,,
calma,28140,ssrc,False,0.13887937832816408,0.02231387608495629,0.0001,0.01899793096949989,22.31387608495629,400.0,100.0
calma,28140,pls,False,1.6544671309242107,,,,,,
calma,28140,naive,False,1.5122617462984256,,,,,,
calma,28160,ols,False,0.3655770431984909,,,,,,
calma,28160,ridge,False,0.3585043545075856,0.0008229758661781273,1e-06,0.048827206838115325,82.29758661781273,400.0,100.0
calma,28160,nnls,False,0.6603083542839792,,,,,,
calma,28160,ssrc,False,0.17377683249064463,0.022391125817285175,0.0001,0.01723879969419964,22.391125817285175,400.0,100.0
calma,28160,pls,False,0.9847050021618098,,,,,,
calma,28160,naive,False,0.7123302873360456,,,,,,
calma,28180,ols,False,0.22922009556895687,,,,,,
calma,28180,ridge,False,0.24208232111150965,0.08196679103386346,0.0001,0.05796286003037613,81.96679103386346,400.0,100.0
calma,28180,nnls,False,0.5738838034643515,,,,,,
calma,28180,ssrc,False,0.06177859627783014,0.022094075999917383,0.0001,0.01758858353347505,22.094075999917383,400.0,100.0
calma,28180,pls,False,1.8555359735016068,,,,,,
calma,28180,naive,False,0.5017096005224043,,,,,,
calma,28200,ols,False,0.35834184591275525,,,,,,
calma,28200,ridge,False,0.39437578269365026,0.08380506539629717,0.0001,0.06521567303830134,83.80506539629718,400.0,100.0
calma,28200,nnls,False,2.166835636410846,,,,,,
calma,28200,ssrc,False,0.037684468294639915,0.00022053852081083906,1e-06,0.0179518178310674,22.053852081083907,400.0,100.0
calma,28200,pls,False,3.76557303646566,,,,,,
calma,28200,naive,False,1.985683697377121,,,,,,
calma,28220,ols,False,0.3777433787370191,,,,,,
calma,28220,ridge,False,0.3239994096435073,0.08678875997314098,0.0001,0.07522512039397757,86.78875997314098,400.0,100.0
calma,28220,nnls,False,1.9062794747021146,,,,,,
calma,28220,ssrc,False,0.14368190533527073,0.00022397309061297346,1e-06,0.01921702398117418,22.39730906129735,400.0,100.0
calma,28220,pls,False,4.323003097103065,,,,,,
calma,28220,naive,False,2.19881273507125,,,,,,
calma,28240,ols,False,0.2719637058217276,,,,,,
calma,28240,ridge,False,0.25281970734891573,0.08571522591517997,0.0001,0.077112797246689,85.71522591517997,400.0,100.0
calma,28240,nnls,False,0.36999383120154444,,,,,,
calma,28240,ssrc,False,0.23801850862436,2.238193853033782e-06,1e-08,0.020590542380362124,22.38193853033782,400.0,100.0
calma,28240,pls,False,1.8921236422800922,,,,,,
calma,28240,naive,False,0.323356200938997,,,,,,
calma,28260,ols,False,0.33548011697813734,,,,,,
calma,28260,ridge,False,0.3519580505205137,0.08412576830521648,0.0001,0.07417406217040308,84.12576830521648,400.0,100.0
calma,28260,nnls,False,0.9446033365934865,,,,,,
calma,28260,ssrc,False,0.019832034980532563,2.2024228630045718e-06,1e-08,0.0195028054456228,22.024228630045716,400.0,100.0
calma,28260,pls,False,0.4409169902185553,,,,,,
calma,28260,naive,False,0.8998976259209418,,,,,,
calma,28280,ols,False,0.25494439810040953,,,,,,
calma,28280,ridge,False,0.2549867420444459,8.342724138450831e-06,1e-08,0.07809578745843675,83.4272413845083,400.0,100.0
calma,28280,nnls,False,1.2787107967910907,,,,,,
calma,28280,ssrc,False,0.05311979698299871,2.2068499248755276e-06,1e-08,0.020576767085754257,22.068499248755273,400.0,100.0
calma,28280,pls,False,1.831938643990892,,,,,,
calma,28280,naive,False,1.5810839942722967,,,,,,
calma,28300,ols,False,0.160525713888702,,,,,,
calma,28300,ridge,False,0.16046889980853354,8.806086295205462e-06,1e-08,0.07626282179704749,88.06086295205462,400.0,100.0
calma,28300,nnls,False,1.2549640319327637,,,,,,
calma,28300,ssrc,False,0.1317769424173759,2.2412302211742475e-06,1e-08,0.025061653788632187,22.412302211742475,400.0,100.0
calma,28300,pls,False,2.5733148627432647,,,,,,
calma,28300,naive,False,1.4365914531937096,,,,,,
calma,28320,ols,False,0.23755732260549045,,,,,,
calma,28320,ridge,False,0.2541651066746155,0.08392848468503654,0.0001,0.07018700241153346,83.92848468503655,400.0,100.0
calma,28320,nnls,False,0.7329681246317873,,,,,,
calma,28320,ssrc,False,0.14749267034973312,0.00022091087617977242,1e-06,0.024394845205936044,22.091087617977244,400.0,100.0
calma,28320,pls,False,0.12446929716010506,,,,,,
calma,28320,naive,False,0.6921752111071741,,,,,,
calma,28340,ols,False,0.5260872972928187,,,,,,
calma,28340,ridge,False,0.526175534932965,8.371084084266207e-06,1e-08,0.07028131928864047,83.71084084266207,400.0,100.0
calma,28340,nnls,False,2.449688994006231,,,,,,
calma,28340,ssrc,False,0.0588833556766762,0.022090276555950163,0.0001,0.023417233406898167,22.090276555950165,400.0,100.0
calma,28340,pls,False,4.676392341830276,,,,,,
calma,28340,naive,False,2.2170190784231507,,,,,,
calma,28360,ols,False,0.10762723423740381,,,,,,
calma,28360,ridge,False,0.055861234607116624,0.0860246003047555,0.0001,0.07375646521927495,86.0246003047555,400.0,100.0
calma,28360,nnls,False,1.0465710332225053,,,,,,
calma,28360,ssrc,False,0.10981549501988017,0.022378796642410097,0.0001,0.02328196203037747,22.378796642410098,400.0,100.0
calma,28360,pls,False,2.2881307310667967,,,,,,
calma,28360,naive,False,1.1059057344162482,,,,,,
calma,28380,ols,False,0.19960150646195812,,,,,,
calma,28380,ridge,False,0.19981530169676098,0.08257037780861709,0.0001,0.06802700202930363,82.57037780861708,400.0,100.0
calma,28380,nnls,False,0.38313786849812514,,,,,,
calma,28380,ssrc,False,0.08988366499422648,0.022231516946474468,0.0001,0.02088123931221678,22.23151694647447,400.0,100.0
calma,28380,pls,False,1.5793270087404345,,,,,,
calma,28380,naive,False,0.32840738543911724,,,,,,
calma,28400,ols,False,0.5279645832677966,,,,,,
calma,28400,ridge,False,0.5622992637845969,0.08433275505431025,0.0001,0.06886287345564324,84.33275505431025,400.0,100.0
calma,28400,nnls,False,1.7774991817552994,,,,,,
calma,28400,ssrc,False,0.06533962705602941,0.021902014843347795,0.0001,0.01697937424147318,21.902014843347796,400.0,100.0
calma,28400,pls,False,2.2080487059203806,,,,,,
calma,28400,naive,False,1.6616480214381417,,,,,,
calma,28420,ols,False,0.11931599651347881,,,,,,
calma,28420,ridge,False,0.037711102428007105,0.0866149342044361,0.0001,0.07578014618859501,86.6149342044361,400.0,100.0
calma,28420,nnls,False,2.090043268775559,,,,,,
calma,28420,ssrc,False,0.010215648538840074,0.021897431691672308,0.0001,0.01596167154358014,21.89743169167231,400.0,100.0
calma,28420,pls,False,3.8449236554558537,,,,,,
calma,28420,naive,False,2.3967513790820485,,,,,,
calma,28440,ols,False,0.3593789002969568,,,,,,
calma,28440,ridge,False,0.32148780246733194,0.08848353889331088,0.0001,0.07465708642072684,88.48353889331088,400.0,100.0
calma,28440,nnls,False,0.48578657610335274,,,,,,
calma,28440,ssrc,False,0.03630694412769982,2.180330701662753e-06,1e-08,0.017531912655201466,21.803307016627528,400.0,100.0
calma,28440,pls,False,2.199143219833272,,,,,,
calma,28440,naive,False,0.46435013291473715,,,,,,
calma,28460,ols,False,0.17025931872582903,,,,,,
calma,28460,ridge,False,0.17659593791868475,0.09071124525768766,0.0001,0.07169930047026461,90.71124525768766,400.0,100.0
calma,28460,nnls,False,0.4515892440540765,,,,,,
calma,28460,ssrc,False,0.006205266432091468,0.00021947228881331857,1e-06,0.01848448259220527,21.94722888133186,400.0,100.0
calma,28460,pls,False,0.29011610768318963,,,,,,
calma,28460,naive,False,0.4380438043681282,,,,,,
calma,28480,ols,False,0.3506786198120992,,,,,,
calma,28480,ridge,False,0.3445204530367858,0.09131276161941501,0.0001,0.07756253568762098,91.31276161941501,400.0,100.0
calma,28480,nnls,False,0.5334159283585175,,,,,,
calma,28480,ssrc,False,0.026961245514790195,2.2015078680748648e-06,1e-08,0.021979260076083067,22.015078680748648,400.0,100.0
calma,28480,pls,False,1.4880141676954042,,,,,,
calma,28480,naive,False,0.18022805541730674,,,,,,
calma,28500,ols,False,0.13610929471247232,,,,,,
calma,28500,ridge,False,0.08218089578628833,0.09218583875147482,0.0001,0.0753311637872037,92.18583875147482,400.0,100.0
calma,28500,nnls,False,1.1006422660342916,,,,,,
calma,28500,ssrc,False,0.0053612189681694665,0.02206353819035534,0.0001,0.02639667028984497,22.06353819035534,400.0,100.0
calma,28500,pls,False,2.3061030488557264,,,,,,
calma,28500,naive,False,1.2555429457302623,,,,,,
calma,28520,ols,False,0.1496174097644732,,,,,,
calma,28520,ridge,False,0.1515485091207778,0.09283015847453017,0.0001,0.07117181660873838,92.83015847453018,400.0,100.0
calma,28520,nnls,False,0.29497044059583305,,,,,,
calma,28520,ssrc,False,0.007112027677551626,0.022139140345400887,0.0001,0.025259489326214843,22.13914034540089,400.0,100.0
calma,28520,pls,False,1.6014077118797154,,,,,,
calma,28520,naive,False,0.24884656661414695,,,,,,
calma,28540,ols,False,0.3838986958844868,,,,,,
calma,28540,ridge,False,0.423174863928325,0.0952080779161048,0.0001,0.07308861347722602,95.2080779161048,400.0,100.0
calma,28540,nnls,False,1.7298669081502247,,,,,,
calma,28540,ssrc,False,0.012609291661335396,0.022343119658978856,0.0001,0.02263141074973853,22.343119658978857,400.0,100.0
calma,28540,pls,False,3.030596445778789,,,,,,
calma,28540,naive,False,1.5825761200448916,,,,,,
calma,28560,ols,False,1.029336376203381,,,,,,
calma,28560,ridge,False,1.0294160420939944,9.081020100567815e-06,1e-08,0.07228622111621513,90.81020100567815,400.0,100.0
calma,28560,nnls,False,0.5230060691241771,,,,,,
calma,28560,ssrc,False,0.3446806011059553,0.021920865064628148,0.0001,0.020386088064581934,21.920865064628146,400.0,100.0
calma,28560,pls,False,3.9151623238417086,,,,,,
calma,28560,naive,False,0.8201533003871365,,,,,,
calma,28580,ols,False,0.029771895234928743,,,,,,
calma,28580,ridge,False,0.007634639321475701,0.09481354251589207,0.0001,0.06963707582910446,94.81354251589207,400.0,100.0
calma,28580,nnls,False,0.11509498195381182,,,,,,
calma,28580,ssrc,False,0.11920254181237057,0.02216224088229895,0.0001,0.023178015622931616,22.16224088229895,400.0,100.0
calma,28580,pls,False,0.888882528285723,,,,,,
calma,28580,naive,False,0.03766729167722537,,,,,,
calma,28600,ols,False,0.3430024774754416,,,,,,
calma,28600,ridge,False,0.36780443531451046,0.09577893170388925,0.0001,0.06607734805071372,95.77893170388926,400.0,100.0
calma,28600,nnls,False,0.9734616582046395,,,,,,
calma,28600,ssrc,False,0.02033862506693066,0.00022007525415232212,1e-06,0.02246347139334031,22.007525415232216,400.0,100.0
calma,28600,pls,False,2.5003095441314813,,,,,,
calma,28600,naive,False,0.8802165021050893,,,,,,
calma,28620,ols,False,0.00048388159803750843,,,,,,
calma,28620,ridge,False,0.00078990469174756,0.0009925008763869163,1e-06,0.0709219881987508,99.25008763869164,400.0,100.0
calma,28620,nnls,False,1.5527469714508302,,,,,,
calma,28620,ssrc,False,0.06549743603694172,0.02220014206530195,0.0001,0.023076471230806445,22.20014206530195,400.0,100.0
calma,28620,pls,False,1.6095124757747226,,,,,,
calma,28620,naive,False,1.6684634866242989,,,,,,
calma,28640,ols,False,0.32010288719227825,,,,,,
calma,28640,ridge,False,0.3201060425468391,1.003665085775896e-05,1e-08,0.06647257072226846,100.3665085775896,400.0,100.0
calma,28640,nnls,False,0.5089198078991922,,,,,,
calma,28640,ssrc,False,0.099531299567904,0.00022289358274662154,1e-06,0.02401048502750104,22.289358274662156,400.0,100.0
calma,28640,pls,False,2.0693552864800484,,,,,,
calma,28640,naive,False,0.4876719670772677,,,,,,
calma,28660,ols,False,0.15373569117655866,,,,,,
calma,28660,ridge,False,0.1582204801852914,0.09851264913932291,0.0001,0.06751707328084329,98.5126491393229,400.0,100.0
calma,28660,nnls,False,0.4019857133398659,,,,,,
calma,28660,ssrc,False,0.027709459965538374,0.0220665664984303,0.0001,0.023785122966623565,22.0665664984303,400.0,100.0
calma,28660,pls,False,0.2583764636433397,,,,,,
calma,28660,naive,False,0.39152762833928184,,,,,,
calma,28680,ols,False,0.3205092518581263,,,,,,
calma,28680,ridge,False,0.31214750046930534,0.0990497089830429,0.0001,0.07015826796072833,99.04970898304289,400.0,100.0
calma,28680,nnls,False,0.7933311368889974,,,,,,
calma,28680,ssrc,False,0.017902612365289786,0.022164210836426848,0.0001,0.019080498776202125,22.164210836426847,400.0,100.0
calma,28680,pls,False,1.865974154108921,,,,,,
calma,28680,naive,False,0.4788241500422874,,,,,,
calma,28700,ols,False,0.09934306040553265,,,,,,
calma,28700,ridge,False,0.1257370257637254,0.10191780853945608,0.0001,0.07398244710142143,101.91780853945608,400.0,100.0
calma,28700,nnls,False,1.299821730538606,,,,,,
calma,28700,ssrc,False,0.012843889931933026,0.022500353325737237,0.0001,0.018329367141643807,22.500353325737237,400.0,100.0
calma,28700,pls,False,3.0569251615235356,,,,,,
calma,28700,naive,False,1.577818441850167,,,,,,
calma,28720,ols,False,0.0775903637113541,,,,,,
calma,28720,ridge,False,0.07509709209722465,0.0991216554886697,0.0001,0.06850757406605162,99.12165548866972,400.0,100.0
calma,28720,nnls,False,0.09645688216615722,,,,,,
calma,28720,ssrc,False,0.04721805036137926,0.02230652825341024,0.0001,0.017582608065290727,22.30652825341024,400.0,100.0
calma,28720,pls,False,1.2203034962436707,,,,,,
calma,28720,naive,False,0.072571078020316,,,,,,
calma,28740,ols,False,0.3256450788465269,,,,,,
calma,28740,ridge,False,0.3510354334011693,0.10112836283824873,0.0001,0.07487151355329841,101.12836283824873,400.0,100.0
calma,28740,nnls,False,0.9401319538143806,,,,,,
calma,28740,ssrc,False,0.10687738244581092,0.02219249048036044,0.0001,0.022970522110425336,22.19249048036044,400.0,100.0
calma,28740,pls,False,1.557442461949549,,,,,,
calma,28740,naive,False,0.8608096863563947,,,,,,
calma,28760,ols,False,0.18882105487264575,,,,,,
calma,28760,ridge,False,0.18898220611282987,0.0009960177270279635,1e-06,0.0691703228226881,99.60177270279635,400.0,100.0
calma,28760,nnls,False,1.2069529879393128,,,,,,
calma,28760,ssrc,False,0.00707834415201917,0.022427432916111212,0.0001,0.030235739468701114,22.427432916111215,400.0,100.0
calma,28760,pls,False,0.18262939295750785,,,,,,
calma,28760,naive,False,1.217871843926316,,,,,,
calma,28780,ols,False,0.21360736639766864,,,,,,
calma,28780,ridge,False,0.21287170724146914,0.0009807333135556768,1e-06,0.05861664908468423,98.07333135556769,400.0,100.0
calma,28780,nnls,False,0.6921600946839191,,,,,,
calma,28780,ssrc,False,0.00856702859909775,0.022400166834156333,0.0001,0.03627047819683676,22.400166834156334,400.0,100.0
calma,28780,pls,False,0.31272999349387376,,,,,,
calma,28780,naive,False,0.6413430569270839,,,,,,
calma,28800,ols,False,0.11493354664819488,,,,,,
calma,28800,ridge,False,0.11492809249622644,9.307041175974183e-06,1e-08,0.05656010342215304,93.07041175974183,400.0,100.0
calma,28800,nnls,False,1.6601933080503744,,,,,,
calma,28800,ssrc,False,0.1372834233675432,0.022016203430059417,0.0001,0.03725514704305852,22.01620343005942,400.0,100.0
calma,28800,pls,False,4.535832233309921,,,,,,
calma,28800,naive,False,1.4405045038062614,,,,,,
calma,28820,ols,False,0.07271243426327885,,,,,,
calma,28820,ridge,False,0.07185234220368122,0.0009697303335084779,1e-06,0.06003828758799748,96.9730333508478,400.0,100.0
calma,28820,nnls,False,1.0380909320796454,,,,,,
calma,28820,ssrc,False,0.004123670664782623,0.22306723890832864,0.001,0.040832870069694376,22.306723890832863,400.0,100.0
calma,28820,pls,False,2.212464688933795,,,,,,
calma,28820,naive,False,1.2316845789963258,,,,,,
calma,28840,ols,False,0.2940258501125595,,,,,,
calma,28840,ridge,False,0.2939665883374359,0.0009757137277440465,1e-06,0.05964678083468881,97.57137277440467,400.0,100.0
calma,28840,nnls,False,0.4873327320583979,,,,,,
calma,28840,ssrc,False,0.1516284083967304,0.2238878228075516,0.001,0.033542228259983216,22.388782280755162,400.0,100.0
calma,28840,pls,False,2.157473731888451,,,,,,
calma,28840,naive,False,0.42271079809612055,,,,,,
calma,28860,ols,False,0.5197371155168669,,,,,,
calma,28860,ridge,False,0.5671305020233773,0.09502203256064475,0.0001,0.062003332474050064,95.02203256064475,400.0,100.0
calma,28860,nnls,False,1.8675570233124248,,,,,,
calma,28860,ssrc,False,0.04609089569997488,2.2214509632229267e-06,1e-08,0.02007176981610676,22.214509632229266,400.0,100.0
calma,28860,pls,False,3.8283824330427914,,,,,,
calma,28860,naive,False,1.6886249955480752,,,,,,
calma,28880,ols,False,0.2905150995867117,,,,,,
calma,28880,ridge,False,0.17477063343320393,0.09779008813660399,0.0001,0.07135915272822597,97.79008813660398,400.0,100.0
calma,28880,nnls,False,2.354261543138579,,,,,,
calma,28880,ssrc,False,0.06436843930973422,2.2458026865208376e-06,1e-08,0.01736487398032194,22.458026865208375,400.0,100.0
calma,28880,pls,False,1.0973746041451755,,,,,,
calma,28880,naive,False,2.3798248919232647,,,,,,
calma,28900,ols,False,0.2518670779089367,,,,,,
calma,28900,ridge,False,0.2101105114900045,0.09889813079136761,0.0001,0.07334704865570178,98.8981307913676,400.0,100.0
calma,28900,nnls,False,0.2878947013578177,,,,,,
calma,28900,ssrc,False,0.1531202098037666,2.2700989414028586e-06,1e-08,0.017390118091205494,22.700989414028584,400.0,100.0
calma,28900,pls,False,0.25916740352938505,,,,,,
calma,28900,naive,False,0.31987910785938656,,,,,,
calma,28920,ols,False,0.3365949286139692,,,,,,
calma,28920,ridge,False,0.3600983863500462,0.0972327065545997,0.0001,0.07196441420506489,97.2327065545997,400.0,100.0
calma,28920,nnls,False,0.9556871492839726,,,,,,
calma,28920,ssrc,False,0.019300122161255935,2.242208730856646e-06,1e-08,0.01713951870565327,22.42208730856646,400.0,100.0
calma,28920,pls,False,2.6111534015797058,,,,,,
calma,28920,naive,False,0.8461013783770389,,,,,,
calma,28940,ols,False,0.5371212728295192,,,,,,
calma,28940,ridge,False,0.5700591412285188,0.09653574338249778,0.0001,0.06836267011289139,96.53574338249778,400.0,100.0
calma,28940,nnls,False,1.531049851698463,,,,,,
calma,28940,ssrc,False,0.06917564419038166,2.2254584009259417e-06,1e-08,0.016227351977090586,22.254584009259418,400.0,100.0
calma,28940,pls,False,1.6977129946509641,,,,,,
calma,28940,naive,False,1.464776952387702,,,,,,
calma,28960,ols,False,0.09844363125227604,,,,,,
calma,28960,ridge,False,0.0981959643456599,0.09794920348533263,0.0001,0.07515450021050761,97.94920348533265,400.0,100.0
calma,28960,nnls,False,0.7465073088646766,,,,,,
calma,28960,ssrc,False,0.25699112145120423,0.022560301811184322,0.0001,0.019903784005262118,22.56030181118432,400.0,100.0
calma,28960,pls,False,1.5312575088083464,,,,,,
calma,28960,naive,False,0.9569201421087423,,,,,,
calma,28980,ols,False,0.32606456542992746,,,,,,
calma,28980,ridge,False,0.355542966285551,0.09878372645759172,0.0001,0.06581789900750146,98.78372645759171,400.0,100.0
calma,28980,nnls,False,1.0513792706413463,,,,,,
calma,28980,ssrc,False,0.1658297695469719,0.022951398966411508,0.0001,0.025093836880670746,22.951398966411507,400.0,100.0
calma,28980,pls,False,2.764777771779928,,,,,,
calma,28980,naive,False,0.9213008870965904,,,,,,
calma,29000,ols,False,0.7926812370459227,,,,,,
calma,29000,ridge,False,0.7914719167950803,0.0009588980396631543,1e-06,0.06293320597567564,95.88980396631544,400.0,100.0
calma,29000,nnls,False,0.3688076437684965,,,,,,
calma,29000,ssrc,False,0.050860246444378115,0.022852425077046608,0.0001,0.027513813264998816,22.852425077046608,400.0,100.0
calma,29000,pls,False,0.26610454014101864,,,,,,
calma,29000,naive,False,0.7226301480095969,,,,,,
calma,29020,ols,False,0.26412457601385375,,,,,,
calma,29020,ridge,False,0.26212388406511417,0.0009915789393228009,1e-06,0.06395604284446771,99.15789393228009,400.0,100.0
calma,29020,nnls,False,1.1231085778563608,,,,,,
calma,29020,ssrc,False,0.052202476715767984,0.02305719156849053,0.0001,0.027913286938248173,23.05719156849053,400.0,100.0
calma,29020,pls,False,2.5890852191240965,,,,,,
calma,29020,naive,False,1.0870070326149006,,,,,,
calma,29040,ols,False,0.029502182937261034,,,,,,
calma,29040,ridge,False,0.0213776273616709,0.09864744317876717,0.0001,0.06552795125554381,98.64744317876716,400.0,100.0
calma,29040,nnls,False,0.018436622822718223,,,,,,
calma,29040,ssrc,False,0.07722714367517133,0.023162468842257852,0.0001,0.027704885862024797,23.16246884225785,400.0,100.0
calma,29040,pls,False,1.01075916620321,,,,,,
calma,29040,naive,False,0.03928343758188912,,,,,,
calma,29060,ols,False,0.33209609734126433,,,,,,
calma,29060,ridge,False,0.3324340595742826,0.0009972570441643522,1e-06,0.0654600738867609,99.72570441643522,400.0,100.0
calma,29060,nnls,False,0.873739950145364,,,,,,
calma,29060,ssrc,False,0.4539469714831241,0.2307766819244025,0.001,0.028971607812828263,23.077668192440253,400.0,100.0
calma,29060,pls,False,2.4326229483507276,,,,,,
calma,29060,naive,False,0.7171717371118134,,,,,,
calma,29080,ols,False,0.15871187204623172,,,,,,
calma,29080,ridge,False,0.15839977752340828,0.0009877561951059952,1e-06,0.0650549906997775,98.77561951059954,400.0,100.0
calma,29080,nnls,False,0.7905752327327021,,,,,,
calma,29080,ssrc,False,0.16801401331055763,0.023233192258630596,0.0001,0.02878283177010286,23.233192258630595,400.0,100.0
calma,29080,pls,False,1.6856756248992044,,,,,,
calma,29080,naive,False,1.0726028558406628,,,,,,
calma,29100,ols,False,0.3010570938859973,,,,,,
calma,29100,ridge,False,0.30104293437319735,9.899714612570666e-06,1e-08,0.05861456365163589,98.99714612570666,400.0,100.0
calma,29100,nnls,False,1.0801148870797483,,,,,,
calma,29100,ssrc,False,0.07551001719863654,0.02361837709200107,0.0001,0.03287040775692922,23.61837709200107,400.0,100.0
calma,29100,pls,False,2.7136519266336365,,,,,,
calma,29100,naive,False,0.9335502008434927,,,,,,
calma,29120,ols,False,0.28504367493529104,,,,,,
calma,29120,ridge,False,0.2855288781396688,0.0009906245135082267,1e-06,0.051283937880000324,99.06245135082268,400.0,100.0
calma,29120,nnls,False,1.3032696424478631,,,,,,
calma,29120,ssrc,False,0.27345423592040485,0.02393514214096965,0.0001,0.0334705925730845,23.93514214096965,400.0,100.0
calma,29120,pls,False,2.8947130654272906,,,,,,
calma,29120,naive,False,1.55672744208932,,,,,,
calma,29140,ols,False,0.04635337941671573,,,,,,
calma,29140,ridge,False,0.046354011146195626,1.0024367416697174e-05,1e-08,0.047107704455994055,100.24367416697174,400.0,100.0
calma,29140,nnls,False,0.27184044738364543,,,,,,
calma,29140,ssrc,False,0.16808599560538534,0.02426752983989788,0.0001,0.03675658433495553,24.26752983989788,400.0,100.0
calma,29140,pls,False,1.5243113577848098,,,,,,
calma,29140,naive,False,0.22451953662894628,,,,,,
calma,29160,ols,False,0.5237743926561962,,,,,,
calma,29160,ridge,False,0.525738732751139,0.0010037689958631792,1e-06,0.04700594008626939,100.37689958631792,400.0,100.0
calma,29160,nnls,False,1.7339375842061127,,,,,,
calma,29160,ssrc,False,0.058289317410658854,2.4250315429232027e-06,1e-08,0.029124002220531516,24.250315429232028,400.0,100.0
calma,29160,pls,False,2.729461228051363,,,,,,
calma,29160,naive,False,1.6601982195095926,,,,,,
calma,29180,ols,False,0.17215721107489865,,,,,,
calma,29180,ridge,False,0.170798135004525,0.0010156913548139239,1e-06,0.055423847396686605,101.5691354813924,400.0,100.0
calma,29180,nnls,False,1.9664830945029192,,,,,,
calma,29180,ssrc,False,0.1627227467390156,0.0002438541511160336,1e-06,0.024341493422751038,24.385415111603365,400.0,100.0
calma,29180,pls,False,4.281978443331818,,,,,,
calma,29180,naive,False,2.4395556419192697,,,,,,
calma,29200,ols,False,0.3343612692347564,,,,,,
calma,29200,ridge,False,0.2844754425983015,0.09911052312433859,0.0001,0.0630519541818754,99.11052312433858,400.0,100.0
calma,29200,nnls,False,0.4769445875795322,,,,,,
calma,29200,ssrc,False,0.08297938637471614,0.024183486078362813,0.0001,0.02167252932886966,24.183486078362815,400.0,100.0
calma,29200,pls,False,2.230960885792426,,,,,,
calma,29200,naive,False,0.45460414556458584,,,,,,
calma,29220,ols,False,0.2131117779917373,,,,,,
calma,29220,ridge,False,0.22438859586745982,0.10065062335011409,0.0001,0.06791335857557741,100.65062335011407,400.0,100.0
calma,29220,nnls,False,0.5674430276571648,,,,,,
calma,29220,ssrc,False,0.016906019898522213,0.02419209674875462,0.0001,0.021513411915874178,24.192096748754622,400.0,100.0
calma,29220,pls,False,0.022616921540488805,,,,,,
calma,29220,naive,False,0.5527091128568168,,,,,,
calma,29240,ols,False,0.6135739109597464,,,,,,
calma,29240,ridge,False,0.5744289209805858,0.09816351208619786,0.0001,0.07418141148278995,98.16351208619785,400.0,100.0
calma,29240,nnls,False,0.5990508582964439,,,,,,
calma,29240,ssrc,False,0.035397605789239894,0.0002424775923999225,1e-06,0.020823420296124388,24.247759239992252,400.0,100.0
calma,29240,pls,False,1.5053395727943248,,,,,,
calma,29240,naive,False,0.3222242063885969,,,,,,
calma,29260,ols,False,0.5267805161183275,,,,,,
calma,29260,ridge,False,0.6187274566134024,0.10049687361108378,0.0001,0.07458949060430049,100.49687361108379,400.0,100.0
calma,29260,nnls,False,2.381008378394821,,,,,,
calma,29260,ssrc,False,0.2573540680817011,0.024114459526830178,0.0001,0.02089928121057543,24.114459526830178,400.0,100.0
calma,29260,pls,False,4.47588153848714,,,,,,
calma,29260,naive,False,2.774830376859098,,,,,,
calma,29280,ols,False,0.11163821231403313,,,,,,
calma,29280,ridge,False,0.16120913453185354,0.10351389417860025,0.0001,0.07191507858973134,103.51389417860025,400.0,100.0
calma,29280,nnls,False,0.48166890027242903,,,,,,
calma,29280,ssrc,False,0.4122948758617122,0.024280724957099546,0.0001,0.030587327016372054,24.280724957099547,400.0,100.0
calma,29280,pls,False,0.37058948932305835,,,,,,
calma,29280,naive,False,0.45270816109295486,,,,,,
calma,29300,ols,False,0.4232026916718049,,,,,,
calma,29300,ridge,False,0.4240010371512128,0.0010346501525229106,1e-06,0.0681562277755457,103.46501525229105,400.0,100.0
calma,29300,nnls,False,0.16074428934140406,,,,,,
calma,29300,ssrc,False,0.15153598231685075,0.2437857251284238,0.001,0.04491811821844872,24.378572512842382,400.0,100.0
calma,29300,pls,False,5.068770726708786,,,,,,
calma,29300,naive,False,0.06906280357796332,,,,,,
calma,29320,ols,False,0.16722277561380816,,,,,,
calma,29320,ridge,False,0.16270183237804994,0.0010140243414909114,1e-06,0.06543824241774615,101.40243414909116,400.0,100.0
calma,29320,nnls,False,1.91923704654095,,,,,,
calma,29320,ssrc,False,0.012788542812439395,0.24159415142355656,0.001,0.050204964258609,24.159415142355655,400.0,100.0
calma,29320,pls,False,1.905459127224399,,,,,,
calma,29320,naive,False,1.8265222528216771,,,,,,
calma,29340,ols,False,0.043031043320452024,,,,,,
calma,29340,ridge,False,0.061812631421520735,0.10253284377728362,0.0001,0.0627846657241979,102.53284377728363,400.0,100.0
calma,29340,nnls,False,0.20898702136028477,,,,,,
calma,29340,ssrc,False,0.05640337139585026,0.24377624661736008,0.001,0.0500249365485688,24.377624661736007,400.0,100.0
calma,29340,pls,False,1.353370898116843,,,,,,
calma,29340,naive,False,0.17612882594346121,,,,,,
calma,29360,ols,False,0.29733433118108576,,,,,,
calma,29360,ridge,False,0.29906157337923706,0.0010352295314310209,1e-06,0.06592252955091013,103.52295314310209,400.0,100.0
calma,29360,nnls,False,1.5843606167473112,,,,,,
calma,29360,ssrc,False,0.2525215492338434,0.24269904992786012,0.001,0.04917114954045218,24.269904992786014,400.0,100.0
calma,29360,pls,False,4.1129021704011,,,,,,
calma,29360,naive,False,1.5042315322115736,,,,,,
calma,29380,ols,False,0.4507448723948492,,,,,,
calma,29380,ridge,False,0.44870747257334387,0.0010171651882246958,1e-06,0.06429401727822842,101.7165188224696,400.0,100.0
calma,29380,nnls,False,2.3402873472122234,,,,,,
calma,29380,ssrc,False,0.14474571037459352,2.4182445590915333e-06,1e-08,0.029115717247994635,24.182445590915336,400.0,100.0
calma,29380,pls,False,0.008553306469262448,,,,,,
calma,29380,naive,False,2.285295946118589,,,,,,
calma,29400,ols,False,0.2532914524133322,,,,,,
calma,29400,ridge,False,0.21644679220995725,0.10129306181156723,0.0001,0.06960342681438521,101.29306181156723,400.0,100.0
calma,29400,nnls,False,0.30386726693039484,,,,,,
calma,29400,ssrc,False,0.08566396078234877,2.4133322861473755e-06,1e-08,0.026625722246824614,24.133322861473758,400.0,100.0
calma,29400,pls,False,0.29511185707168375,,,,,,
calma,29400,naive,False,0.3173473761155755,,,,,,
calma,29420,ols,False,0.3286883857261436,,,,,,
calma,29420,ridge,False,0.3555248513490727,0.10113296635251183,0.0001,0.06944527714923318,101.13296635251183,400.0,100.0
calma,29420,nnls,False,0.9120302845500565,,,,,,
calma,29420,ssrc,False,0.165094282611719,2.41168021000553e-06,1e-08,0.022511760678877422,24.1168021000553,400.0,100.0
calma,29420,pls,False,2.610945860415087,,,,,,
calma,29420,naive,False,0.84350392124838,,,,,,
calma,29440,ols,False,0.479564630553381,,,,,,
calma,29440,ridge,False,0.5256458761493986,0.10199811418332108,0.0001,0.07546120771448296,101.99811418332108,400.0,100.0
calma,29440,nnls,False,1.1377059858967111,,,,,,
calma,29440,ssrc,False,0.1328399841958308,0.00024274040063298832,1e-06,0.024211344399016288,24.274040063298834,400.0,100.0
calma,29440,pls,False,4.187490607769803,,,,,,
calma,29440,naive,False,1.1904512288821743,,,,,,
calma,29460,ols,False,0.1702875737585597,,,,,,
calma,29460,ridge,False,0.3627489337055223,0.09911035403207984,0.0001,0.07164313128391908,99.11035403207984,400.0,100.0
calma,29460,nnls,False,3.19167677117634,,,,,,
calma,29460,ssrc,False,0.04591916925414158,2.3768163426776217e-06,1e-08,0.0238434519207554,23.76816342677622,400.0,100.0
calma,29460,pls,False,3.322511283129882,,,,,,
calma,29460,naive,False,3.135234794114831,,,,,,
calma,29480,ols,False,0.1985562131302509,,,,,,
calma,29480,ridge,False,0.22585246820886345,0.10031997787656664,0.0001,0.07076603899053377,100.31997787656664,400.0,100.0
calma,29480,nnls,False,0.7343893660568627,,,,,,
calma,29480,ssrc,False,0.12117993604114306,0.02378250277247415,0.0001,0.025942340779745034,23.78250277247415,400.0,100.0
calma,29480,pls,False,2.1923680083999986,,,,,,
calma,29480,naive,False,0.6191097655373741,,,,,,
calma,29500,ols,False,0.13300247655926986,,,,,,
calma,29500,ridge,False,0.13300551816193962,1.0054901669220203e-05,1e-08,0.06461924257543307,100.54901669220203,400.0,100.0
calma,29500,nnls,False,1.0709758340153352,,,,,,
calma,29500,ssrc,False,0.10068543220028828,0.02394141309953711,0.0001,0.02657680832762705,23.94141309953711,400.0,100.0
calma,29500,pls,False,2.0923732504047727,,,,,,
calma,29500,naive,False,1.4390653357998153,,,,,,
calma,29520,ols,False,0.17270377929827016,,,,,,
calma,29520,ridge,False,0.17269870145090122,1.0066983480124359e-05,1e-08,0.061694367562129475,100.6698348012436,400.0,100.0
calma,29520,nnls,False,0.11034604320776559,,,,,,
calma,29520,ssrc,False,0.12090965628663643,0.024218602838134744,0.0001,0.028450804714908177,24.218602838134743,400.0,100.0
calma,29520,pls,False,0.6669547474529254,,,,,,
calma,29520,naive,False,0.1599196917720693,,,,,,
calma,29540,ols,False,0.33679628803967854,,,,,,
calma,29540,ridge,False,0.3578768700258509,0.1015380973503156,0.0001,0.0603481733995511,101.53809735031561,400.0,100.0
calma,29540,nnls,False,0.8958093611592841,,,,,,
calma,29540,ssrc,False,0.09302497107665345,0.024118350751695702,0.0001,0.031540895247472764,24.1183507516957,400.0,100.0
calma,29540,pls,False,1.0994583625689711,,,,,,
calma,29540,naive,False,0.8500138342282235,,,,,,
calma,29560,ols,False,0.3305280782125885,,,,,,
calma,29560,ridge,False,0.33051702633320157,1.0045110575460373e-05,1e-08,0.056215308287031876,100.45110575460373,400.0,100.0
calma,29560,nnls,False,1.6350526746324654,,,,,,
calma,29560,ssrc,False,0.10489915812729282,0.00024346332254735625,1e-06,0.030430596894961102,24.34633225473563,400.0,100.0
calma,29560,pls,False,3.845778847012808,,,,,,
calma,29560,naive,False,1.55938040384459,,,,,,
calma,29580,ols,False,0.3531719179935704,,,,,,
calma,29580,ridge,False,0.35319206954751436,9.953227915351022e-06,1e-08,0.059189104175467556,99.53227915351022,400.0,100.0
calma,29580,nnls,False,1.2297515344636953,,,,,,
calma,29580,ssrc,False,0.0799692597398061,2.382338214507001e-06,1e-08,0.024896516430845752,23.82338214507001,400.0,100.0
calma,29580,pls,False,2.8237673213279035,,,,,,
calma,29580,naive,False,1.1590603050691182,,,,,,
calma,29600,ols,False,0.183883742068795,,,,,,
calma,29600,ridge,False,0.20606408025885384,0.09924272409650796,0.0001,0.061352552084669415,99.24272409650796,400.0,100.0
calma,29600,nnls,False,0.5638718540812322,,,,,,
calma,29600,ssrc,False,0.01587745315991885,2.3451967392140056e-06,1e-08,0.023482002941213206,23.451967392140055,400.0,100.0
calma,29600,pls,False,2.0955723449987684,,,,,,
calma,29600,naive,False,0.5031493718475787,,,,,,
calma,29620,ols,False,0.15911350436933638,,,,,,
calma,29620,ridge,False,0.10431032427883132,0.09827095060853117,0.0001,0.06802131019521952,98.27095060853117,400.0,100.0
calma,29620,nnls,False,1.3524972094333902,,,,,,
calma,29620,ssrc,False,0.05228795478261061,0.0002299601604249228,1e-06,0.021779608542092595,22.996016042492283,400.0,100.0
calma,29620,pls,False,4.925544041106206,,,,,,
calma,29620,naive,False,1.2014898946479406,,,,,,
calma,29640,ols,False,0.43881521833292464,,,,,,
calma,29640,ridge,False,0.43894256198552994,9.805439514986197e-06,1e-08,0.06855202989676533,98.05439514986197,400.0,100.0
calma,29640,nnls,False,2.384557924972849,,,,,,
calma,29640,ssrc,False,0.36139687589321623,0.022667348594260932,0.0001,0.021720475950460134,22.667348594260933,400.0,100.0
calma,29640,pls,False,5.2166474369458635,,,,,,
calma,29640,naive,False,2.839064346157553,,,,,,
calma,29660,ols,False,0.06630474155835969,,,,,,
calma,29660,ridge,False,0.08795117631759294,0.09796937663346929,0.0001,0.06904187481049126,97.96937663346928,400.0,100.0
calma,29660,nnls,False,0.3244578971079594,,,,,,
calma,29660,ssrc,False,0.015309116924814035,0.022825411835297484,0.0001,0.023228677905017182,22.825411835297487,400.0,100.0
calma,29660,pls,False,0.44668296482985653,,,,,,
calma,29660,naive,False,0.3004725491399688,,,,,,
calma,29680,ols,False,0.23609222657721426,,,,,,
calma,29680,ridge,False,0.24866513750601343,0.09593419376259986,0.0001,0.0652319953073354,95.93419376259986,400.0,100.0
calma,29680,nnls,False,0.6488345433860622,,,,,,
calma,29680,ssrc,False,0.08732439447142523,0.022502002719954492,0.0001,0.02395017386248368,22.50200271995449,400.0,100.0
calma,29680,pls,False,0.046033594909701415,,,,,,
calma,29680,naive,False,0.6287728834980165,,,,,,
calma,29700,ols,False,0.0730576904225008,,,,,,
calma,29700,ridge,False,0.020308163744269917,0.09570904295963552,0.0001,0.07336515454520263,95.70904295963551,400.0,100.0
calma,29700,nnls,False,1.0393730876969847,,,,,,
calma,29700,ssrc,False,0.12358879771002887,0.022527729894396192,0.0001,0.030438175875046127,22.52772989439619,400.0,100.0
calma,29700,pls,False,2.0988636701287966,,,,,,
calma,29700,naive,False,1.3453011502225982,,,,,,
calma,29720,ols,False,0.08496024458951237,,,,,,
calma,29720,ridge,False,0.11155485123112464,0.09650374582637315,0.0001,0.06351430434424195,96.50374582637316,400.0,100.0
calma,29720,nnls,False,0.4138191527628906,,,,,,
calma,29720,ssrc,False,0.20333657251957246,0.023001448164226845,0.0001,0.03392627807707922,23.001448164226844,400.0,100.0
calma,29720,pls,False,1.6778096927898045,,,,,,
calma,29720,naive,False,0.33201424889486114,,,,,,
calma,29740,ols,False,0.5477494227314841,,,,,,
calma,29740,ridge,False,0.6074400758817898,0.09738175315170589,0.0001,0.05895665528174647,97.38175315170588,400.0,100.0
calma,29740,nnls,False,2.0533852978068614,,,,,,
calma,29740,ssrc,False,0.14924164671887968,0.023153416925058044,0.0001,0.032804278989702035,23.153416925058043,400.0,100.0
calma,29740,pls,False,4.306556514883586,,,,,,
calma,29740,naive,False,1.86516850759463,,,,,,
calma,29760,ols,False,0.4038699454001987,,,,,,
calma,29760,ridge,False,0.4015297056563228,0.000982799950091002,1e-06,0.06299696629845539,98.27999500910022,400.0,100.0
calma,29760,nnls,False,1.9667559900727736,,,,,,
calma,29760,ssrc,False,0.017719685366508184,0.02328838268694862,0.0001,0.030395672032668658,23.28838268694862,400.0,100.0
calma,29760,pls,False,0.7485699563583172,,,,,,
calma,29760,naive,False,1.9692431819769602,,,,,,
calma,29780,ols,False,0.044631440281844896,,,,,,
calma,29780,ridge,False,0.02220864915568487,0.09851567492045875,0.0001,0.0696873956971283,98.51567492045875,400.0,100.0
calma,29780,nnls,False,1.589940855422162,,,,,,
calma,29780,ssrc,False,0.06811647826620115,0.023017769445649885,0.0001,0.03307872872393167,23.017769445649886,400.0,100.0
calma,29780,pls,False,3.797321292713867,,,,,,
calma,29780,naive,False,1.8367401749941603,,,,,,
calma,29800,ols,False,0.3446458473144612,,,,,,
calma,29800,ridge,False,0.38690894136754767,0.0985450907151883,0.0001,0.06122115807761148,98.5450907151883,400.0,100.0
calma,29800,nnls,False,1.2981335919585932,,,,,,
calma,29800,ssrc,False,0.03190045484811391,0.023121924800864644,0.0001,0.03151818316887325,23.121924800864644,400.0,100.0
calma,29800,pls,False,2.3418008077704076,,,,,,
calma,29800,naive,False,1.182327096507009,,,,,,
calma,29820,ols,False,0.1824147214434499,,,,,,
calma,29820,ridge,False,0.18242934227697255,9.766617156584273e-06,1e-08,0.06198874674669229,97.66617156584273,400.0,100.0
calma,29820,nnls,False,1.4378276489541215,,,,,,
calma,29820,ssrc,False,0.19935667437145516,0.023273262908524325,0.0001,0.031464787911447696,23.273262908524327,400.0,100.0
calma,29820,pls,False,0.7507806234003019,,,,,,
calma,29820,naive,False,1.3944153487533566,,,,,,
calma,29840,ols,False,0.07558550567719788,,,,,,
calma,29840,ridge,False,0.0755853746409094,9.603292141167609e-06,1e-08,0.06155294887029485,96.03292141167609,400.0,100.0
calma,29840,nnls,False,0.05773409201860669,,,,,,
calma,29840,ssrc,False,0.011385490588571334,0.02307431021217406,0.0001,0.03232260467791234,23.074310212174062,400.0,100.0
calma,29840,pls,False,1.3558313602613032,,,,,,
calma,29840,naive,False,0.04043887894956938,,,,,,
calma,29860,ols,False,0.5658823345638184,,,,,,
calma,29860,ridge,False,0.5644191902021931,0.0009489935282874284,1e-06,0.06060780567258124,94.89935282874285,400.0,100.0
calma,29860,nnls,False,0.9067484077438356,,,,,,
calma,29860,ssrc,False,0.30962752337768146,0.02279793808747622,0.0001,0.03618663384019362,22.797938087476222,400.0,100.0
calma,29860,pls,False,3.4343022699367447,,,,,,
calma,29860,naive,False,0.8204399907087767,,,,,,
calma,29880,ols,False,0.11957955245441727,,,,,,
calma,29880,ridge,False,0.11957970013193188,9.499639134748488e-06,1e-08,0.0539172203574661,94.99639134748489,400.0,100.0
calma,29880,nnls,False,0.0326436217798127,,,,,,
calma,29880,ssrc,False,0.055449061958548485,0.02317270271013744,0.0001,0.03762126217114136,23.17270271013744,400.0,100.0
calma,29880,pls,False,0.153856915633198,,,,,,
calma,29880,naive,False,0.29235711264520986,,,,,,
calma,29900,ols,False,0.1195151500297206,,,,,,
calma,29900,ridge,False,0.11950023338148909,9.493035823056703e-06,1e-08,0.04731874736419435,94.93035823056704,400.0,100.0
calma,29900,nnls,False,0.5204800810699051,,,,,,
calma,29900,ssrc,False,0.19297275999783314,0.023606259572521295,0.0001,0.032028344016566554,23.606259572521296,400.0,100.0
calma,29900,pls,False,1.7131298554596686,,,,,,
calma,29900,naive,False,0.3964646320985644,,,,,,
calma,29920,ols,False,0.041005232131369675,,,,,,
calma,29920,ridge,False,0.04100664578087514,9.691058778811107e-06,1e-08,0.04433858380664851,96.91058778811107,400.0,100.0
calma,29920,nnls,False,0.8738630148862074,,,,,,
calma,29920,ssrc,False,0.09754948165721375,0.024292750567138865,0.0001,0.03290757803284966,24.292750567138867,400.0,100.0
calma,29920,pls,False,1.7578235973699663,,,,,,
calma,29920,naive,False,1.1439915059407213,,,,,,
calma,29940,ols,False,0.1404286996799603,,,,,,
calma,29940,ridge,False,0.1404274622284834,9.693372677284539e-06,1e-08,0.0384164137841574,96.93372677284539,400.0,100.0
calma,29940,nnls,False,0.6028508998930169,,,,,,
calma,29940,ssrc,False,0.16052327480469156,0.02470260774666152,0.0001,0.033640267858162154,24.702607746661517,400.0,100.0
calma,29940,pls,False,2.0812836052386876,,,,,,
calma,29940,naive,False,0.5005200104155253,,,,,,
calma,29960,ols,False,0.5791585276143707,,,,,,
calma,29960,ridge,False,0.5791909426167345,9.826426233395379e-06,1e-08,0.03294457211756365,98.26426233395381,400.0,100.0
calma,29960,nnls,False,0.06312867645769614,,,,,,
calma,29960,ssrc,False,0.12996366376801255,2.5236299413957426e-06,1e-08,0.029508394189295108,25.236299413957425,400.0,100.0
calma,29960,pls,False,0.12894025860028444,,,,,,
calma,29960,naive,False,0.37003234511399985,,,,,,
calma,29980,ols,False,0.3535097575189414,,,,,,
calma,29980,ridge,False,0.350616730131094,0.001002674143547258,1e-06,0.03813160013573647,100.2674143547258,400.0,100.0
calma,29980,nnls,False,0.8533148652052875,,,,,,
calma,29980,ssrc,False,0.17283109827074117,2.520955446856304e-06,1e-08,0.02741832532201831,25.20955446856304,400.0,100.0
calma,29980,pls,False,1.5050745255124092,,,,,,
calma,29980,naive,False,1.0625610581174363,,,,,,
