fuel,target_index,fecha,categoria,definicion_ventana,mode,y_true,yhat_raw,yhat,prediccion_cruda_negativa,mase,qlike,piso_referencia,parametro_regularizacion
Súper,153,2020-01-20,calma,sin_evento,ols_clip_legacy,1.5188408249018324e-06,6.517481783902363e-05,6.517481783902363e-05,False,0.9090406070559123,2.782429841549364,4.2549786182885536e-09,
Súper,153,2020-01-20,calma,sin_evento,ridge_cv_clip,1.5188408249018324e-06,6.51748305422653e-05,6.51748305422653e-05,False,0.9090407884648397,2.782430031917412,4.2549786182885536e-09,0.00015
Súper,153,2020-01-20,calma,sin_evento,ridge_log_cv,1.5188408249018324e-06,2.005807398670957e-05,2.005807398670957e-05,False,0.26474993485721005,1.6564065034140714,4.2549786182885536e-09,15000.0
Súper,153,2020-01-20,calma,sin_evento,nnls_base_no_negativa,1.5188408249018324e-06,6.962350686100864e-05,6.962350686100864e-05,False,0.9725702103836732,2.846969881629356,4.2549786182885536e-09,
Súper,153,2020-01-20,calma,sin_evento,ngrc_softplus_cv,1.5188408249018324e-06,6.379313770505891e-05,6.379313770505891e-05,False,0.8893094929225489,2.7615070397496755,4.2549786182885536e-09,4.641588833612772e-05
Súper,153,2020-01-20,calma,sin_evento,ssrc_recurrente_log_cv,1.5188408249018324e-06,1.913351235037174e-05,1.913351235037174e-05,False,0.25154671167880066,1.612875124114702,4.2549786182885536e-09,15000.0
Súper,153,2020-01-20,calma,sin_evento,naive,1.5188408249018324e-06,6.147735992542702e-05,6.147735992542702e-05,False,0.8562389764157307,2.7254272407364017,4.2549786182885536e-09,
Súper,153,2020-01-20,calma,sin_evento,ewma_094,1.5188408249018324e-06,5.2158239488147295e-05,5.2158239488147295e-05,False,0.7231570680561659,2.5654545998845935,4.2549786182885536e-09,0.94
Súper,153,2020-01-20,calma,sin_evento,garch_11,1.5188408249018324e-06,5.7996144258134204e-05,5.7996144258134204e-05,False,0.8065253980225128,2.6686177530569073,4.2549786182885536e-09,
Súper,153,2020-01-20,calma,sin_evento,gjr_garch_11,1.5188408249018324e-06,5.748949074810377e-05,5.748949074810377e-05,False,0.7992901212122473,2.6600741844919287,4.2549786182885536e-09,
Súper,157,2020-02-17,covid_2020,calendario_externo,ols_clip_legacy,5.285910223837696e-05,0.00017605625354601086,0.00017605625354601086,False,1.7136086640432842,0.5034134859063701,4.2549786182885536e-09,
Súper,157,2020-02-17,covid_2020,calendario_externo,ridge_cv_clip,5.285910223837696e-05,0.00017605637113257222,0.00017605637113257222,False,1.7136102996115437,0.5034139532704827,4.2549786182885536e-09,0.00015
Súper,157,2020-02-17,covid_2020,calendario_externo,ridge_log_cv,5.285910223837696e-05,2.1506660298050412e-05,2.1506660298050412e-05,False,0.4360962536682331,0.5585342570440124,4.2549786182885536e-09,15000.0
Súper,157,2020-02-17,covid_2020,calendario_externo,nnls_base_no_negativa,5.285910223837696e-05,0.00021814707350458076,0.00021814707350458076,False,2.299070202659413,0.65984903132807,4.2549786182885536e-09,
Súper,157,2020-02-17,covid_2020,calendario_externo,ngrc_softplus_cv,5.285910223837696e-05,0.00017307773852907253,0.00017307773852907253,False,1.672179060478317,0.49151763129861115,4.2549786182885536e-09,0.021544346900318822
Súper,157,2020-02-17,covid_2020,calendario_externo,ssrc_recurrente_log_cv,5.285910223837696e-05,2.324035796946878e-05,2.324035796946878e-05,False,0.4119814156298467,0.4527134241120536,4.2549786182885536e-09,15000.0
Súper,157,2020-02-17,covid_2020,calendario_externo,naive,5.285910223837696e-05,0.0003373309210579736,0.0003373309210579736,False,3.956855886936454,1.01013254881365,4.2549786182885536e-09,
Súper,157,2020-02-17,covid_2020,calendario_externo,ewma_094,5.285910223837696e-05,7.542655206947516e-05,7.542655206947516e-05,False,0.3139015565332778,0.05633175136223678,4.2549786182885536e-09,0.94
Súper,157,2020-02-17,covid_2020,calendario_externo,garch_11,5.285910223837696e-05,0.0002572323123824749,0.0002572323123824749,False,2.842725662761035,0.7878413791661878,4.2549786182885536e-09,
Súper,157,2020-02-17,covid_2020,calendario_externo,gjr_garch_11,5.285910223837696e-05,0.0002844320848644059,0.0002844320848644059,False,3.221060431790349,0.8687054386725386,4.2549786182885536e-09,
Súper,161,2020-03-16,covid_2020,calendario_externo,ols_clip_legacy,0.0006510966398796942,4.3761179480156306e-05,4.3761179480156306e-05,False,8.35314462225004,11.178496049273212,4.31356787130309e-09,
Súper,161,2020-03-16,covid_2020,calendario_externo,ridge_cv_clip,0.0006510966398796942,4.376124510004786e-05,4.376124510004786e-05,False,8.353143719729966,11.178475238633293,4.31356787130309e-09,0.00015
Súper,161,2020-03-16,covid_2020,calendario_externo,ridge_log_cv,0.0006510966398796942,2.0278938687643993e-05,2.0278938687643993e-05,False,8.676113666845783,27.637962017071196,4.31356787130309e-09,15000.0
Súper,161,2020-03-16,covid_2020,calendario_externo,nnls_base_no_negativa,0.0006510966398796942,4.349416549902226e-05,4.349416549902226e-05,False,8.35681706778633,11.26371541002069,4.31356787130309e-09,
Súper,161,2020-03-16,covid_2020,calendario_externo,ngrc_softplus_cv,0.0006510966398796942,4.764262804230026e-05,4.764262804230026e-05,False,8.299760120113307,10.051331884392955,4.31356787130309e-09,1e-07
Súper,161,2020-03-16,covid_2020,calendario_externo,ssrc_recurrente_log_cv,0.0006510966398796942,1.8257117434440202e-05,1.8257117434440202e-05,False,8.703921305999998,31.088516839789307,4.31356787130309e-09,15000.0
Súper,161,2020-03-16,covid_2020,calendario_externo,naive,0.0006510966398796942,8.426013631888548e-06,8.426013631888548e-06,False,8.839135923313869,71.9248691807942,4.31356787130309e-09,
Súper,161,2020-03-16,covid_2020,calendario_externo,ewma_094,0.0006510966398796942,6.213908717299629e-05,6.213908717299629e-05,False,8.100379337127936,7.128769991388825,4.31356787130309e-09,0.94
Súper,161,2020-03-16,covid_2020,calendario_externo,garch_11,0.0006510966398796942,4.018163991553377e-05,4.018163991553377e-05,False,8.402376741258351,12.418586512343225,4.31356787130309e-09,
Súper,161,2020-03-16,covid_2020,calendario_externo,gjr_garch_11,0.0006510966398796942,4.1145332735295405e-05,4.1145332735295405e-05,False,8.389122343944555,12.06276581378892,4.31356787130309e-09,
Súper,165,2020-04-13,covid_2020,calendario_externo,ols_clip_legacy,0.0038662675599444823,-0.0005247411797140254,4.449983878012485e-09,True,30.24154882028343,868812.643564972,4.449983878012485e-09,
Súper,165,2020-04-13,covid_2020,calendario_externo,ridge_cv_clip,0.0038662675599444823,-0.0005248826752684618,4.449983878012485e-09,True,30.24154882028343,868812.643564972,4.449983878012485e-09,0.00015
Súper,165,2020-04-13,covid_2020,calendario_externo,ridge_log_cv,0.0038662675599444823,5.889247963546472,5.889247963546472,False,46034.90575347642,6.329250497390735,4.449983878012485e-09,150.0
Súper,165,2020-04-13,covid_2020,calendario_externo,nnls_base_no_negativa,0.0038662675599444823,0.005446254422058595,0.005446254422058595,False,12.358509616930139,0.05253329897504244,4.449983878012485e-09,
Súper,165,2020-04-13,covid_2020,calendario_externo,ngrc_softplus_cv,0.0038662675599444823,0.0,4.449983878012485e-09,False,30.24154882028343,868812.643564972,4.449983878012485e-09,1e-07
Súper,165,2020-04-13,covid_2020,calendario_externo,ssrc_recurrente_log_cv,0.0038662675599444823,0.0006016708867140014,0.0006016708867140014,False,25.53537016601036,3.565550121974173,4.449983878012485e-09,150.0
Súper,165,2020-04-13,covid_2020,calendario_externo,naive,0.0038662675599444823,0.005432533964603655,0.005432533964603655,False,12.25118948062301,0.05180379055812612,4.449983878012485e-09,
Súper,165,2020-04-13,covid_2020,calendario_externo,ewma_094,0.0038662675599444823,0.0009971109454671612,0.0009971109454671612,False,22.442274972496413,1.5222869588254295,4.449983878012485e-09,0.94
Súper,165,2020-04-13,covid_2020,calendario_externo,garch_11,0.0038662675599444823,0.0038756473910632454,0.0038756473910632454,False,0.07336816265124257,2.9334112516821165e-06,4.449983878012485e-09,
Súper,165,2020-04-13,covid_2020,calendario_externo,gjr_garch_11,0.0038662675599444823,0.004980265011574958,0.004980265011574958,False,8.713583985622138,0.029511153835801718,4.449983878012485e-09,
Súper,169,2020-05-11,covid_2020,calendario_externo,ols_clip_legacy,0.00031828353542717725,0.0001532760744778482,0.0001532760744778482,False,1.022611147594247,0.3458357208374805,4.449983878012485e-09,
Súper,169,2020-05-11,covid_2020,calendario_externo,ridge_cv_clip,0.00031828353542717725,0.00022450200911528347,0.00022450200911528347,False,0.5811981694233549,0.06867339546449203,4.449983878012485e-09,1.5
Súper,169,2020-05-11,covid_2020,calendario_externo,ridge_log_cv,0.00031828353542717725,2.3890627258883625e-05,2.3890627258883625e-05,False,1.8244597422054363,9.733070975912074,4.449983878012485e-09,1500.0
Súper,169,2020-05-11,covid_2020,calendario_externo,nnls_base_no_negativa,0.00031828353542717725,0.0001592447821125837,0.0001592447821125837,False,0.9856208992206552,0.30620613536297014,4.449983878012485e-09,
Súper,169,2020-05-11,covid_2020,calendario_externo,ngrc_softplus_cv,0.00031828353542717725,3.880935371338432e-13,4.449983878012485e-09,False,1.9724910555430433,71512.47131420078,4.449983878012485e-09,0.021544346900318822
Súper,169,2020-05-11,covid_2020,calendario_externo,ssrc_recurrente_log_cv,0.00031828353542717725,7.482392416345685e-06,7.482392416345685e-06,False,1.926147531144121,37.78727944301247,4.449983878012485e-09,150.0
Súper,169,2020-05-11,covid_2020,calendario_externo,naive,0.00031828353542717725,8.03889682776384e-05,8.03889682776384e-05,False,1.4743190090897265,1.583228047144797,4.449983878012485e-09,
Súper,169,2020-05-11,covid_2020,calendario_externo,ewma_094,0.00031828353542717725,0.0010035310248915866,0.0010035310248915866,False,4.246727496779445,0.4655011008594976,4.449983878012485e-09,0.94
Súper,169,2020-05-11,covid_2020,calendario_externo,garch_11,0.00031828353542717725,0.0001233677185426454,0.0001233677185426454,False,1.2079640886648748,0.6321848953162599,4.449983878012485e-09,
Súper,169,2020-05-11,covid_2020,calendario_externo,gjr_garch_11,0.00031828353542717725,0.00010825051194956026,0.00010825051194956026,False,1.301650906785913,0.8617551911526442,4.449983878012485e-09,
Súper,173,2020-06-08,calma,sin_evento,ols_clip_legacy,0.0007213046583487754,0.0005556813258485625,0.0005556813258485625,False,0.9730452255866793,0.03718790020095031,4.665989069618381e-09,
Súper,173,2020-06-08,calma,sin_evento,ridge_cv_clip,0.0007213046583487754,0.0004111570352712673,0.0004111570352712673,False,1.8221325419969934,0.19224249780290248,4.665989069618381e-09,1.5
Súper,173,2020-06-08,calma,sin_evento,ridge_log_cv,0.0007213046583487754,4.3256459195283876e-05,4.3256459195283876e-05,False,3.9835665237752806,12.86115897671695,4.665989069618381e-09,150.0
Súper,173,2020-06-08,calma,sin_evento,nnls_base_no_negativa,0.0007213046583487754,0.0006403583421781442,0.0006403583421781442,False,0.4755635893183184,0.007374173604869139,4.665989069618381e-09,
Súper,173,2020-06-08,calma,sin_evento,ngrc_softplus_cv,0.0007213046583487754,0.0004542294415191861,0.0004542294415191861,False,1.5690800365233857,0.12551510399592347,4.665989069618381e-09,0.021544346900318822
Súper,173,2020-06-08,calma,sin_evento,ssrc_recurrente_log_cv,0.0007213046583487754,0.00022049637289744002,0.00022049637289744002,False,2.942273312198003,1.086096398593352,4.665989069618381e-09,150.0
Súper,173,2020-06-08,calma,sin_evento,naive,0.0007213046583487754,0.0005686577515369566,0.0005686577515369566,False,0.896808086346313,0.030650868707867707,4.665989069618381e-09,
Súper,173,2020-06-08,calma,sin_evento,ewma_094,0.0007213046583487754,0.0009129565630928178,0.0009129565630928178,False,1.125964367886051,0.02570225528782699,4.665989069618381e-09,0.94
Súper,173,2020-06-08,calma,sin_evento,garch_11,0.0007213046583487754,0.0005209715891096288,0.0005209715891096288,False,1.176966636328409,0.05917132811263093,4.665989069618381e-09,
Súper,173,2020-06-08,calma,sin_evento,gjr_garch_11,0.0007213046583487754,0.0004640174836637826,0.0004640174836637826,False,1.5115748074420392,0.1133379624956905,4.665989069618381e-09,
Súper,177,2020-07-06,calma,sin_evento,ols_clip_legacy,5.644739831590132e-07,7.019793065979568e-06,7.019793065979568e-06,False,0.037362984673498315,1.601006494240254,4.936887795380469e-09,
Súper,177,2020-07-06,calma,sin_evento,ridge_cv_clip,5.644739831590132e-07,6.401213010147026e-05,6.401213010147026e-05,False,0.36723108071089483,3.7397518176246995,4.936887795380469e-09,15.0
Súper,177,2020-07-06,calma,sin_evento,ridge_log_cv,5.644739831590132e-07,3.671798192690698e-05,3.671798192690698e-05,False,0.20925425155052782,3.1905008206219225,4.936887795380469e-09,150.0
Súper,177,2020-07-06,calma,sin_evento,nnls_base_no_negativa,5.644739831590132e-07,0.000257312276882219,0.000257312276882219,False,1.4860402873347178,5.124345148419703,4.936887795380469e-09,
Súper,177,2020-07-06,calma,sin_evento,ngrc_softplus_cv,5.644739831590132e-07,7.653947299333633e-05,7.653947299333633e-05,False,0.43973856089325924,3.917042518850999,4.936887795380469e-09,0.021544346900318822
Súper,177,2020-07-06,calma,sin_evento,ssrc_recurrente_log_cv,5.644739831590132e-07,6.397702384099179e-05,6.397702384099179e-05,False,0.36702788786242796,3.739208074657302,4.936887795380469e-09,1500.0
Súper,177,2020-07-06,calma,sin_evento,naive,5.644739831590132e-07,0.0001925183018112547,0.0001925183018112547,False,1.111016796403934,4.834984261916501,4.936887795380469e-09,
Súper,177,2020-07-06,calma,sin_evento,ewma_094,5.644739831590132e-07,0.0007995624549031318,0.0007995624549031318,False,4.624550534568656,6.256631610022905,4.936887795380469e-09,0.94
Súper,177,2020-07-06,calma,sin_evento,garch_11,5.644739831590132e-07,0.00020099863081984948,0.00020099863081984948,False,1.1601004123660912,4.877967428345559,4.936887795380469e-09,
Súper,177,2020-07-06,calma,sin_evento,gjr_garch_11,5.644739831590132e-07,0.00018028262963762208,0.00018028262963762208,False,1.0401974881670997,4.769517819179371,4.936887795380469e-09,
Súper,181,2020-08-03,calma,sin_evento,ols_clip_legacy,9.58348191057842e-07,-7.113200352929622e-05,4.665989069618381e-09,True,0.005416282058210642,199.06523783788222,4.665989069618381e-09,
Súper,181,2020-08-03,calma,sin_evento,ridge_cv_clip,9.58348191057842e-07,0.00011985443643364445,0.00011985443643364445,False,0.6752508835723278,3.8368180218041443,4.665989069618381e-09,15.0
Súper,181,2020-08-03,calma,sin_evento,ridge_log_cv,9.58348191057842e-07,2.6370354490935985e-05,2.6370354490935985e-05,False,0.1443233327603459,2.3511264315080997,4.665989069618381e-09,150.0
Súper,181,2020-08-03,calma,sin_evento,nnls_base_no_negativa,9.58348191057842e-07,1.911866930759501e-05,1.911866930759501e-05,False,0.10313857302755737,2.0433357211188445,4.665989069618381e-09,
Súper,181,2020-08-03,calma,sin_evento,ngrc_softplus_cv,9.58348191057842e-07,8.222658032949336e-05,8.222658032949336e-05,False,0.4615496301768471,3.463677690638564,4.665989069618381e-09,0.021544346900318822
Súper,181,2020-08-03,calma,sin_evento,ssrc_recurrente_log_cv,9.58348191057842e-07,2.226922166210186e-05,2.226922166210186e-05,False,0.12103161974227364,2.1887842928167833,4.665989069618381e-09,1500.0
Súper,181,2020-08-03,calma,sin_evento,naive,9.58348191057842e-07,3.837150071899676e-06,3.837150071899676e-06,False,0.016349684353802397,0.6370292350402316,4.665989069618381e-09,
Súper,181,2020-08-03,calma,sin_evento,ewma_094,9.58348191057842e-07,0.0006397634939633551,0.0006397634939633551,False,3.6279893265554017,5.505140650811271,4.665989069618381e-09,0.94
Súper,181,2020-08-03,calma,sin_evento,garch_11,9.58348191057842e-07,4.8186883905807064e-05,4.8186883905807064e-05,False,0.2682267427179222,2.9375191311959687,4.665989069618381e-09,
Súper,181,2020-08-03,calma,sin_evento,gjr_garch_11,9.58348191057842e-07,4.758342509124782e-05,4.758342509124782e-05,False,0.2647994970973662,2.9251689775423317,4.665989069618381e-09,
Súper,185,2020-08-31,calma,sin_evento,ols_clip_legacy,4.881267506116629e-05,1.2106397956653967e-05,1.2106397956653967e-05,False,0.21173950208054623,1.6377174994032337,4.5854292261111e-09,
Súper,185,2020-08-31,calma,sin_evento,ridge_cv_clip,4.881267506116629e-05,4.329427214566783e-05,4.329427214566783e-05,False,0.03183280838534941,0.007492985213484182,4.5854292261111e-09,15.0
Súper,185,2020-08-31,calma,sin_evento,ridge_log_cv,4.881267506116629e-05,2.2232949002502914e-05,2.2232949002502914e-05,False,0.15332467373562253,0.4090959574301394,4.5854292261111e-09,150.0
Súper,185,2020-08-31,calma,sin_evento,nnls_base_no_negativa,4.881267506116629e-05,3.627297477705427e-05,3.627297477705427e-05,False,0.07233503650716908,0.0487866174883147,4.5854292261111e-09,
Súper,185,2020-08-31,calma,sin_evento,ngrc_softplus_cv,4.881267506116629e-05,4.846908277446348e-06,4.846908277446348e-06,False,0.25361573828008516,6.761239979056294,4.5854292261111e-09,0.021544346900318822
Súper,185,2020-08-31,calma,sin_evento,ssrc_recurrente_log_cv,4.881267506116629e-05,1.6997840390954685e-05,1.6997840390954685e-05,False,0.18352330400233882,0.8167949219026824,4.5854292261111e-09,1500.0
Súper,185,2020-08-31,calma,sin_evento,naive,4.881267506116629e-05,1.026021228956322e-05,1.026021228956322e-05,False,0.22238919103660715,2.1977557484419106,4.5854292261111e-09,
Súper,185,2020-08-31,calma,sin_evento,ewma_094,4.881267506116629e-05,0.0005019852537038594,0.0005019852537038594,False,2.614117903734925,1.427819991091094,4.5854292261111e-09,0.94
Súper,185,2020-08-31,calma,sin_evento,garch_11,4.881267506116629e-05,5.098978832124618e-05,5.098978832124618e-05,False,0.012558638849419101,0.0009383252048464907,4.5854292261111e-09,
Súper,185,2020-08-31,calma,sin_evento,gjr_garch_11,4.881267506116629e-05,4.8889479530475955e-05,4.8889479530475955e-05,False,0.00044304520567110974,1.2352853921981932e-06,4.5854292261111e-09,
Súper,189,2020-09-27,calma,sin_evento,ols_clip_legacy,1.0811434373210124e-05,-3.257623574080067e-05,4.388234926884335e-09,True,0.06382408165438894,2454.9224672946957,4.388234926884335e-09,
Súper,189,2020-09-27,calma,sin_evento,ridge_cv_clip,1.0811434373210124e-05,5.2754150427415766e-05,5.2754150427415766e-05,False,0.2477046271476102,0.7899781149884866,4.388234926884335e-09,1.5
Súper,189,2020-09-27,calma,sin_evento,ridge_log_cv,1.0811434373210124e-05,2.1410575260137523e-05,2.1410575260137523e-05,False,0.0625962381188732,0.18823833692087089,4.388234926884335e-09,150.0
Súper,189,2020-09-27,calma,sin_evento,nnls_base_no_negativa,1.0811434373210124e-05,5.247453487625441e-06,5.247453487625441e-06,False,0.03285967005424743,0.33745878788228145,4.388234926884335e-09,
Súper,189,2020-09-27,calma,sin_evento,ngrc_softplus_cv,1.0811434373210124e-05,5.799376098874234e-05,5.799376098874234e-05,False,0.27864863608624785,0.8661552176791159,4.388234926884335e-09,0.021544346900318822
Súper,189,2020-09-27,calma,sin_evento,ssrc_recurrente_log_cv,1.0811434373210124e-05,1.1813965760521588e-05,1.1813965760521588e-05,False,0.005920733964315172,0.0038182062329228383,4.388234926884335e-09,150.0
Súper,189,2020-09-27,calma,sin_evento,naive,1.0811434373210124e-05,1.786212240265215e-06,1.786212240265215e-06,False,0.05330101370822678,3.2522084203778743,4.388234926884335e-09,
Súper,189,2020-09-27,calma,sin_evento,ewma_094,1.0811434373210124e-05,0.00039668500952467524,0.00039668500952467524,False,2.2788860391272836,2.6297926831382665,4.388234926884335e-09,0.94
Súper,189,2020-09-27,calma,sin_evento,garch_11,1.0811434373210124e-05,3.965211546311699e-05,3.965211546311699e-05,False,0.17032683688929057,0.5721971775912702,4.388234926884335e-09,
Súper,189,2020-09-27,calma,sin_evento,gjr_garch_11,1.0811434373210124e-05,3.9289987117716556e-05,3.9289987117716556e-05,False,0.16818818505136313,0.5655356127152498,4.388234926884335e-09,
Súper,193,2020-10-26,calma,sin_evento,ols_clip_legacy,4.69824155330109e-05,-1.8536391764026805e-06,4.196736150599015e-09,True,0.28213086269420357,11184.665895475133,4.196736150599015e-09,
Súper,193,2020-10-26,calma,sin_evento,ridge_cv_clip,4.69824155330109e-05,5.8573866195183664e-05,5.8573866195183664e-05,False,0.0696132390488731,0.022620653422555703,4.196736150599015e-09,15.0
Súper,193,2020-10-26,calma,sin_evento,ridge_log_cv,4.69824155330109e-05,2.2053206145923726e-05,2.2053206145923726e-05,False,0.14971404899526328,0.37409662429496704,4.196736150599015e-09,1500.0
Súper,193,2020-10-26,calma,sin_evento,nnls_base_no_negativa,4.69824155330109e-05,4.1287024713777824e-05,4.1287024713777824e-05,False,0.0342040538437414,0.00872114911874644,4.196736150599015e-09,
Súper,193,2020-10-26,calma,sin_evento,ngrc_softplus_cv,4.69824155330109e-05,0.00019065591475402797,0.00019065591475402797,False,0.8628408934957233,0.6471220823404367,4.196736150599015e-09,10.0
Súper,193,2020-10-26,calma,sin_evento,ssrc_recurrente_log_cv,4.69824155330109e-05,1.5235331452094524e-05,1.5235331452094524e-05,False,0.19065925548401094,0.9576241093079894,4.196736150599015e-09,1500.0
Súper,193,2020-10-26,calma,sin_evento,naive,4.69824155330109e-05,1.0090438942407385e-05,1.0090438942407385e-05,False,0.22155725458660758,2.1179469300584035,4.196736150599015e-09,
Súper,193,2020-10-26,calma,sin_evento,ewma_094,4.69824155330109e-05,0.00031182571971957756,0.00031182571971957756,False,1.5905343327732389,1.0433398743565863,4.196736150599015e-09,0.94
Súper,193,2020-10-26,calma,sin_evento,garch_11,4.69824155330109e-05,4.6559907357649444e-05,4.6559907357649444e-05,False,0.0025374013545623767,4.0925930739232896e-05,4.196736150599015e-09,
Súper,193,2020-10-26,calma,sin_evento,gjr_garch_11,4.69824155330109e-05,4.357654924895006e-05,4.357654924895006e-05,False,0.020454159769195134,0.0029039877494985156,4.196736150599015e-09,
Súper,197,2020-11-23,eta_iota_2020,calendario_externo,ols_clip_legacy,1.8518041407446083e-05,-5.2355670379823074e-05,4.388234926884335e-09,True,0.11096150705566474,4210.581786539638,4.388234926884335e-09,
Súper,197,2020-11-23,eta_iota_2020,calendario_externo,ridge_cv_clip,1.8518041407446083e-05,0.00023928274130795524,0.00023928274130795524,False,1.3231523555822762,1.636290193936949,4.388234926884335e-09,15000.0
Súper,197,2020-11-23,eta_iota_2020,calendario_externo,ridge_log_cv,1.8518041407446083e-05,1.3515499488828183e-05,1.3515499488828183e-05,False,0.029982715200851225,0.05522537538915384,4.388234926884335e-09,0.00015
Súper,197,2020-11-23,eta_iota_2020,calendario_externo,nnls_base_no_negativa,1.8518041407446083e-05,6.600102745613336e-05,6.600102745613336e-05,False,0.28458908905597197,0.5514968584859807,4.388234926884335e-09,
Súper,197,2020-11-23,eta_iota_2020,calendario_externo,ngrc_softplus_cv,1.8518041407446083e-05,0.00024096535963787893,0.00024096535963787893,False,1.3332371218867975,1.6427571112379762,4.388234926884335e-09,10.0
Súper,197,2020-11-23,eta_iota_2020,calendario_externo,ssrc_recurrente_log_cv,1.8518041407446083e-05,2.1440695108549853e-05,2.1440695108549853e-05,False,0.01751691339652346,0.01023190490450876,4.388234926884335e-09,150.0
Súper,197,2020-11-23,eta_iota_2020,calendario_externo,naive,1.8518041407446083e-05,4.450633391066739e-05,4.450633391066739e-05,False,0.15576072831705087,0.29296258570783285,4.388234926884335e-09,
Súper,197,2020-11-23,eta_iota_2020,calendario_externo,ewma_094,1.8518041407446083e-05,0.00026082158693651133,0.00026082158693651133,False,1.4522453416565468,1.7160900138134632,4.388234926884335e-09,0.94
Súper,197,2020-11-23,eta_iota_2020,calendario_externo,garch_11,1.8518041407446083e-05,6.451047595950848e-05,6.451047595950848e-05,False,0.2756554745570746,0.5351369548129394,4.388234926884335e-09,
Súper,197,2020-11-23,eta_iota_2020,calendario_externo,gjr_garch_11,1.8518041407446083e-05,7.413213302466507e-05,7.413213302466507e-05,False,0.3333228381170286,0.6369013828255794,4.388234926884335e-09,
Súper,201,2020-12-21,eta_iota_2020,calendario_externo,ols_clip_legacy,0.00018145951822097964,0.00014470211021075263,0.00014470211021075263,False,0.22233573617572425,0.02766585809527311,4.31356787130309e-09,
Súper,201,2020-12-21,eta_iota_2020,calendario_externo,ridge_cv_clip,0.00018145951822097964,0.00017484398796709317,0.00017484398796709317,False,0.04001557424237816,0.0006982516435707353,4.31356787130309e-09,1500.0
Súper,201,2020-12-21,eta_iota_2020,calendario_externo,ridge_log_cv,0.00018145951822097964,3.94835944280032e-05,3.94835944280032e-05,False,0.8587744143155374,2.0706733061604488,4.31356787130309e-09,0.00015
Súper,201,2020-12-21,eta_iota_2020,calendario_externo,nnls_base_no_negativa,0.00018145951822097964,0.00027254705904406786,0.00027254705904406786,False,0.5509641876734872,0.07257021506864247,4.31356787130309e-09,
Súper,201,2020-12-21,eta_iota_2020,calendario_externo,ngrc_softplus_cv,0.00018145951822097964,0.00017610477590103494,0.00017610477590103494,False,0.03238940502564713,0.0004531175085868977,4.31356787130309e-09,10.0
Súper,201,2020-12-21,eta_iota_2020,calendario_externo,ssrc_recurrente_log_cv,0.00018145951822097964,3.3790008406701374e-05,3.3790008406701374e-05,False,0.893213394321248,2.6893448447617097,4.31356787130309e-09,150.0
Súper,201,2020-12-21,eta_iota_2020,calendario_externo,naive,0.00018145951822097964,0.00019683120997933748,0.00019683120997933748,False,0.09297925475076765,0.0032181657881902304,4.31356787130309e-09,
Súper,201,2020-12-21,eta_iota_2020,calendario_externo,ewma_094,0.00018145951822097964,0.00022305241270778646,0.00022305241270778646,False,0.2515843013966182,0.019902794993950534,4.31356787130309e-09,0.94
Súper,201,2020-12-21,eta_iota_2020,calendario_externo,garch_11,0.00018145951822097964,0.00021107157734922327,0.00021107157734922327,False,0.17911543066707283,0.010870795701520608,4.31356787130309e-09,
Súper,201,2020-12-21,eta_iota_2020,calendario_externo,gjr_garch_11,0.00018145951822097964,0.00018011879710512732,0.00018011879710512732,False,0.008109663668788233,2.756641924661629e-05,4.31356787130309e-09,
Súper,205,2021-01-18,calma,sin_evento,ols_clip_legacy,0.00034645700806847345,-1.809119770188061e-05,4.460450929518702e-09,True,2.092007907399623,77660.83008993723,4.460450929518702e-09,
Súper,205,2021-01-18,calma,sin_evento,ridge_cv_clip,0.00034645700806847345,0.00011107688529793199,0.00011107688529793199,False,1.4213117538516593,0.9815377339476623,4.460450929518702e-09,150.0
Súper,205,2021-01-18,calma,sin_evento,ridge_log_cv,0.00034645700806847345,1.9389581513075032e-05,1.9389581513075032e-05,False,1.9749534165991238,13.985181672150022,4.460450929518702e-09,1.5
Súper,205,2021-01-18,calma,sin_evento,nnls_base_no_negativa,0.00034645700806847345,9.91605579814891e-05,9.91605579814891e-05,False,1.493266921001073,1.2428809379676862,4.460450929518702e-09,
Súper,205,2021-01-18,calma,sin_evento,ngrc_softplus_cv,0.00034645700806847345,0.00010539496482939605,0.00010539496482939605,False,1.4556212794450887,1.0971815519911488,4.460450929518702e-09,0.46415888336127725
Súper,205,2021-01-18,calma,sin_evento,ssrc_recurrente_log_cv,0.00034645700806847345,2.478735273898888e-05,2.478735273898888e-05,False,1.942359688642441,10.33974340420735,4.460450929518702e-09,1500.0
Súper,205,2021-01-18,calma,sin_evento,naive,0.00034645700806847345,4.567034916402572e-05,4.567034916402572e-05,False,1.816260475483811,4.559728620456687,4.460450929518702e-09,
Súper,205,2021-01-18,calma,sin_evento,ewma_094,0.00034645700806847345,0.00019998948606702072,0.00019998948606702072,False,0.8844247684462723,0.18288217018171427,4.460450929518702e-09,0.94
Súper,205,2021-01-18,calma,sin_evento,garch_11,0.00034645700806847345,8.281267275379796e-05,8.281267275379796e-05,False,1.5919814647409718,1.7524454343247529,4.460450929518702e-09,
Súper,205,2021-01-18,calma,sin_evento,gjr_garch_11,0.00034645700806847345,7.44706095004815e-05,7.44706095004815e-05,False,1.6423539108666418,2.1149107807220324,4.460450929518702e-09,
Súper,209,2021-02-15,calma,sin_evento,ols_clip_legacy,0.00010290984696978504,0.00013661178376835132,0.00013661178376835132,False,0.19903076252882984,0.03659126805872037,4.518651692186618e-09,
Súper,209,2021-02-15,calma,sin_evento,ridge_cv_clip,0.00010290984696978504,0.00011069282455238494,0.00011069282455238494,False,0.045963292028829185,0.0025941945287166757,4.518651692186618e-09,150.0
Súper,209,2021-02-15,calma,sin_evento,ridge_log_cv,0.00010290984696978504,2.835384046604559e-05,2.835384046604559e-05,False,0.4402992894513683,1.3403944472928568,4.518651692186618e-09,15000.0
Súper,209,2021-02-15,calma,sin_evento,nnls_base_no_negativa,0.00010290984696978504,0.00023660152814170308,0.00023660152814170308,False,0.7895319905928971,0.2674741294676395,4.518651692186618e-09,
Súper,209,2021-02-15,calma,sin_evento,ngrc_softplus_cv,0.00010290984696978504,0.00010281971971224918,0.00010281971971224918,False,0.0005322571488756928,3.8395098767018965e-07,4.518651692186618e-09,0.46415888336127725
Súper,209,2021-02-15,calma,sin_evento,ssrc_recurrente_log_cv,0.00010290984696978504,2.9420004986429533e-05,2.9420004986429533e-05,False,0.43400292913411115,1.2457763284439913,4.518651692186618e-09,15000.0
Súper,209,2021-02-15,calma,sin_evento,naive,0.00010290984696978504,0.0001741325222557384,0.0001741325222557384,False,0.4206139088157563,0.11694909291806388,4.518651692186618e-09,
Súper,209,2021-02-15,calma,sin_evento,ewma_094,0.00010290984696978504,0.0001973909585127683,0.0001973909585127683,False,0.5579693472029581,0.17268334868102597,4.518651692186618e-09,0.94
Súper,209,2021-02-15,calma,sin_evento,garch_11,0.00010290984696978504,0.00019057055800518482,0.00019057055800518482,False,0.5176906676157925,0.1561783365123144,4.518651692186618e-09,
Súper,209,2021-02-15,calma,sin_evento,gjr_garch_11,0.00010290984696978504,0.00016689226064137768,0.00016689226064137768,False,0.3778556899446161,0.10011956681034917,4.518651692186618e-09,
Súper,213,2021-03-15,calma,sin_evento,ols_clip_legacy,0.00039050565776593436,0.00024836398868555593,0.00024836398868555593,False,0.8307763717320191,0.11976482014337653,4.665989069618381e-09,
Súper,213,2021-03-15,calma,sin_evento,ridge_cv_clip,0.00039050565776593436,0.00014170156196972346,0.00014170156196972346,False,1.4541869763802797,0.7421124215478239,4.665989069618381e-09,150.0
Súper,213,2021-03-15,calma,sin_evento,ridge_log_cv,0.00039050565776593436,6.495548658453368e-05,6.495548658453368e-05,False,1.9027452806810796,3.2181561836662045,4.665989069618381e-09,15.0
Súper,213,2021-03-15,calma,sin_evento,nnls_base_no_negativa,0.00039050565776593436,0.0003532368620199315,0.0003532368620199315,False,0.21782518179927604,0.00520290191749373,4.665989069618381e-09,
Súper,213,2021-03-15,calma,sin_evento,ngrc_softplus_cv,0.00039050565776593436,0.00014538490584795023,0.00014538490584795023,False,1.4326589115785067,0.6979546762501099,4.665989069618381e-09,0.46415888336127725
Súper,213,2021-03-15,calma,sin_evento,ssrc_recurrente_log_cv,0.00039050565776593436,3.51618979628378e-05,3.51618979628378e-05,False,2.0768800689957727,7.69845287879949,4.665989069618381e-09,15000.0
Súper,213,2021-03-15,calma,sin_evento,naive,0.00039050565776593436,0.0003014425856644214,0.0003014425856644214,False,0.5205475380619132,0.03659328225082081,4.665989069618381e-09,
Súper,213,2021-03-15,calma,sin_evento,ewma_094,0.00039050565776593436,0.0002065889190735928,0.0002065889190735928,False,1.074939402781372,0.25354307825133104,4.665989069618381e-09,0.94
Súper,213,2021-03-15,calma,sin_evento,garch_11,0.00039050565776593436,0.0003111273892418347,0.0003111273892418347,False,0.46394270128860293,0.027891067758885946,4.665989069618381e-09,
Súper,213,2021-03-15,calma,sin_evento,gjr_garch_11,0.00039050565776593436,0.00027712959698197073,0.00027712959698197073,False,0.6626498269561434,0.06615125152061752,4.665989069618381e-09,
Súper,217,2021-04-12,calma,sin_evento,ols_clip_legacy,2.343013836035246e-06,-4.690852910562164e-05,4.610904422149507e-09,True,0.013550768234263055,500.91549039963314,4.610904422149507e-09,
Súper,217,2021-04-12,calma,sin_evento,ridge_cv_clip,2.343013836035246e-06,0.00017192142428561528,0.00017192142428561528,False,0.982686818627884,3.309227871513249,4.610904422149507e-09,150.0
Súper,217,2021-04-12,calma,sin_evento,ridge_log_cv,2.343013836035246e-06,1.158642710093988e-05,1.158642710093988e-05,False,0.05356448589458053,0.8006168358757375,4.610904422149507e-09,1.5
Súper,217,2021-04-12,calma,sin_evento,nnls_base_no_negativa,2.343013836035246e-06,9.244243040532203e-06,9.244243040532203e-06,False,0.03999180646645667,0.6260194568430704,4.610904422149507e-09,
Súper,217,2021-04-12,calma,sin_evento,ngrc_softplus_cv,2.343013836035246e-06,0.00020714087462095265,0.00020714087462095265,False,1.1867793650322258,3.493272260279844,4.610904422149507e-09,10.0
Súper,217,2021-04-12,calma,sin_evento,ssrc_recurrente_log_cv,2.343013836035246e-06,1.431655589819683e-05,1.431655589819683e-05,False,0.06938525915874841,0.9736362038537434,4.610904422149507e-09,15.0
Súper,217,2021-04-12,calma,sin_evento,naive,2.343013836035246e-06,1.2595063835741943e-06,1.2595063835741943e-06,False,0.006278797451843853,0.2395453859897625,4.610904422149507e-09,
Súper,217,2021-04-12,calma,sin_evento,ewma_094,2.343013836035246e-06,0.00019446064855214748,0.00019446064855214748,False,1.1132989556923742,3.430840538099557,4.610904422149507e-09,0.94
Súper,217,2021-04-12,calma,sin_evento,garch_11,2.343013836035246e-06,3.587735341235771e-05,3.587735341235771e-05,False,0.19432752899191408,1.7939744135931543,4.610904422149507e-09,
Súper,217,2021-04-12,calma,sin_evento,gjr_garch_11,2.343013836035246e-06,3.490340220273061e-05,3.490340220273061e-05,False,0.1886835970011032,1.768274766959843,4.610904422149507e-09,
Súper,221,2021-05-10,calma,sin_evento,ols_clip_legacy,2.9096752862304007e-05,4.2053056346134585e-05,4.2053056346134585e-05,False,0.07523246767159679,0.06021126754183381,4.518651692186618e-09,
Súper,221,2021-05-10,calma,sin_evento,ridge_cv_clip,2.9096752862304007e-05,0.00010797040087706892,0.00010797040087706892,False,0.45799013444051706,0.5807187770496092,4.518651692186618e-09,150.0
Súper,221,2021-05-10,calma,sin_evento,ridge_log_cv,2.9096752862304007e-05,3.165142065581907e-05,3.165142065581907e-05,False,0.014834012064254963,0.0034438724526384412,4.518651692186618e-09,1.5
Súper,221,2021-05-10,calma,sin_evento,nnls_base_no_negativa,2.9096752862304007e-05,4.753246681452982e-05,4.753246681452982e-05,False,0.10704937991338045,0.1029312168750447,4.518651692186618e-09,
Súper,221,2021-05-10,calma,sin_evento,ngrc_softplus_cv,2.9096752862304007e-05,0.00020063694788934383,0.00020063694788934383,False,0.9960705376234098,1.075892370312717,4.518651692186618e-09,10.0
Súper,221,2021-05-10,calma,sin_evento,ssrc_recurrente_log_cv,2.9096752862304007e-05,2.1533956718773152e-05,2.1533956718773152e-05,False,0.04391436315806679,0.050207764963712265,4.518651692186618e-09,1500.0
Súper,221,2021-05-10,calma,sin_evento,naive,2.9096752862304007e-05,1.758022810348216e-05,1.758022810348216e-05,False,0.06687220453646317,0.15123220591986142,4.518651692186618e-09,
Súper,221,2021-05-10,calma,sin_evento,ewma_094,2.9096752862304007e-05,0.00015512219943832043,0.00015512219943832043,False,0.7317832086259182,0.8611597139889136,4.518651692186618e-09,0.94
Súper,221,2021-05-10,calma,sin_evento,garch_11,2.9096752862304007e-05,5.038921746999272e-05,5.038921746999272e-05,False,0.12363747555355634,0.12659069268380074,4.518651692186618e-09,
Súper,221,2021-05-10,calma,sin_evento,gjr_garch_11,2.9096752862304007e-05,4.794186491294682e-05,4.794186491294682e-05,False,0.10942660342025558,0.10627996466598755,4.518651692186618e-09,
Súper,225,2021-06-07,calma,sin_evento,ols_clip_legacy,2.2314414418231147e-06,-5.9712134100566765e-06,4.610904422149507e-09,True,0.012919358149323316,476.7667732283101,4.610904422149507e-09,
Súper,225,2021-06-07,calma,sin_evento,ridge_cv_clip,2.2314414418231147e-06,0.0001312364952274599,0.0001312364952274599,False,0.7484460379614682,3.091356447674775,4.610904422149507e-09,150.0
Súper,225,2021-06-07,calma,sin_evento,ridge_log_cv,2.2314414418231147e-06,2.4289699516959156e-05,2.4289699516959156e-05,False,0.12797495428435116,1.4792724167649056,4.610904422149507e-09,1.5
Súper,225,2021-06-07,calma,sin_evento,nnls_base_no_negativa,2.2314414418231147e-06,6.194534140351583e-05,6.194534140351583e-05,False,0.3464409379792249,2.359627391129338,4.610904422149507e-09,
Súper,225,2021-06-07,calma,sin_evento,ngrc_softplus_cv,2.2314414418231147e-06,0.00011864649272567295,0.00011864649272567295,False,0.6754028724894768,2.9923081386695247,4.610904422149507e-09,0.46415888336127725
Súper,225,2021-06-07,calma,sin_evento,ssrc_recurrente_log_cv,2.2314414418231147e-06,2.227546520162748e-05,2.227546520162748e-05,False,0.11628901138058664,1.40101294702893,4.610904422149507e-09,15.0
Súper,225,2021-06-07,calma,sin_evento,naive,2.2314414418231147e-06,2.80480434694546e-05,2.80480434694546e-05,False,0.14977966315425162,1.6108289437258572,4.610904422149507e-09,
Súper,225,2021-06-07,calma,sin_evento,ewma_094,2.2314414418231147e-06,0.00012897870598927482,0.00012897870598927482,False,0.7353470673375762,3.074300409285547,4.610904422149507e-09,0.94
Súper,225,2021-06-07,calma,sin_evento,garch_11,2.2314414418231147e-06,6.001394941720263e-05,6.001394941720263e-05,False,0.3352356197572842,2.3291113085975566,4.610904422149507e-09,
Súper,225,2021-06-07,calma,sin_evento,gjr_garch_11,2.2314414418231147e-06,5.619196481628914e-05,5.619196481628914e-05,False,0.313061688211496,2.2658370501682867,4.610904422149507e-09,
Súper,229,2021-07-05,calma,sin_evento,ols_clip_legacy,6.64564998227659e-05,6.157562377541806e-05,6.157562377541806e-05,False,0.028243448540201305,0.0029848465660446966,4.610904422149507e-09,
Súper,229,2021-07-05,calma,sin_evento,ridge_cv_clip,6.64564998227659e-05,0.00012445979394015043,0.00012445979394015043,False,0.33563914278394313,0.16139471209885503,4.610904422149507e-09,150.0
Súper,229,2021-07-05,calma,sin_evento,ridge_log_cv,6.64564998227659e-05,2.3827401636544895e-05,2.3827401636544895e-05,False,0.24667554128770466,0.7633674125718464,4.610904422149507e-09,0.15
Súper,229,2021-07-05,calma,sin_evento,nnls_base_no_negativa,6.64564998227659e-05,7.707338793455579e-05,7.707338793455579e-05,False,0.061435187071662754,0.01046008711806845,4.610904422149507e-09,
Súper,229,2021-07-05,calma,sin_evento,ngrc_softplus_cv,6.64564998227659e-05,9.612810233702462e-05,9.612810233702462e-05,False,0.17169630422639787,0.060466798271243904,4.610904422149507e-09,0.46415888336127725
Súper,229,2021-07-05,calma,sin_evento,ssrc_recurrente_log_cv,6.64564998227659e-05,1.4149890321310486e-05,1.4149890321310486e-05,False,0.3026749746225376,2.149768107027546,4.610904422149507e-09,15.0
Súper,229,2021-07-05,calma,sin_evento,naive,6.64564998227659e-05,4.0089660944569944e-05,4.0089660944569944e-05,False,0.1525731138836755,0.15226760285064667,4.610904422149507e-09,
Súper,229,2021-07-05,calma,sin_evento,ewma_094,6.64564998227659e-05,0.00010426867563470259,0.00010426867563470259,False,0.21880216407416775,0.08778163403258366,4.610904422149507e-09,0.94
Súper,229,2021-07-05,calma,sin_evento,garch_11,6.64564998227659e-05,7.041106376586833e-05,7.041106376586833e-05,False,0.022883294339473986,0.0016388541717209382,4.610904422149507e-09,
Súper,229,2021-07-05,calma,sin_evento,gjr_garch_11,6.64564998227659e-05,6.529602686766114e-05,6.529602686766114e-05,False,0.006715138403813043,0.00015608407065048624,4.610904422149507e-09,
Súper,233,2021-08-01,calma,sin_evento,ols_clip_legacy,2.2463567135995872e-05,0.00023413345624539853,0.00023413345624539853,False,1.2156652186879569,1.4399399513283253,4.687722882320705e-09,
Súper,233,2021-08-01,calma,sin_evento,ridge_cv_clip,2.2463567135995872e-05,0.0001512270646148095,0.0001512270646148095,False,0.7395161682193877,1.055429664957796,4.687722882320705e-09,15.0
Súper,233,2021-08-01,calma,sin_evento,ridge_log_cv,2.2463567135995872e-05,3.549865798056713e-05,3.549865798056713e-05,False,0.0748633007219693,0.09040059500420372,4.687722882320705e-09,15.0
Súper,233,2021-08-01,calma,sin_evento,nnls_base_no_negativa,2.2463567135995872e-05,1.8555070464530445e-06,1.8555070464530445e-06,False,0.11835647470169991,8.61269376000972,4.687722882320705e-09,
Súper,233,2021-08-01,calma,sin_evento,ngrc_softplus_cv,2.2463567135995872e-05,0.000141281049011451,0.000141281049011451,False,0.6823940839947329,0.997855556512238,4.687722882320705e-09,0.46415888336127725
Súper,233,2021-08-01,calma,sin_evento,ssrc_recurrente_log_cv,2.2463567135995872e-05,2.8764364216481774e-05,2.8764364216481774e-05,False,0.03618681850774911,0.028193791843459604,4.687722882320705e-09,1500.0
Súper,233,2021-08-01,calma,sin_evento,naive,2.2463567135995872e-05,1.5046454800721404e-07,1.5046454800721404e-07,False,0.12814889662088036,143.28882783907483,4.687722882320705e-09,
Súper,233,2021-08-01,calma,sin_evento,ewma_094,2.2463567135995872e-05,8.781315945939359e-05,8.781315945939359e-05,False,0.3753166157796373,0.6191275540092724,4.687722882320705e-09,0.94
Súper,233,2021-08-01,calma,sin_evento,garch_11,2.2463567135995872e-05,4.113735266347373e-05,4.113735266347373e-05,False,0.10724752425821044,0.1510843106688693,4.687722882320705e-09,
Súper,233,2021-08-01,calma,sin_evento,gjr_garch_11,2.2463567135995872e-05,4.093237295946383e-05,4.093237295946383e-05,False,0.10607028219628922,0.14882359568436665,4.687722882320705e-09,
Súper,237,2021-08-30,calma,sin_evento,ols_clip_legacy,1.3574189932494976e-05,1.1311993698482291e-05,1.1311993698482291e-05,False,0.013023665545573566,0.01767545967463402,4.665989069618381e-09,
Súper,237,2021-08-30,calma,sin_evento,ridge_cv_clip,1.3574189932494976e-05,0.00014917644904959557,0.00014917644904959557,False,0.7806743037639675,1.4879538251118918,4.665989069618381e-09,15.0
Súper,237,2021-08-30,calma,sin_evento,ridge_log_cv,1.3574189932494976e-05,2.036526817509112e-05,2.036526817509112e-05,False,0.03909684332225696,0.07219699112111533,4.665989069618381e-09,0.00015
Súper,237,2021-08-30,calma,sin_evento,nnls_base_no_negativa,1.3574189932494976e-05,2.6087215410866644e-05,2.6087215410866644e-05,False,0.07203860405358604,0.17361395628945786,4.665989069618381e-09,
Súper,237,2021-08-30,calma,sin_evento,ngrc_softplus_cv,1.3574189932494976e-05,0.00017284433289335,0.00017284433289335,False,0.9169324226300664,1.622755380463988,4.665989069618381e-09,0.46415888336127725
Súper,237,2021-08-30,calma,sin_evento,ssrc_recurrente_log_cv,1.3574189932494976e-05,2.629667508191262e-05,2.629667508191262e-05,False,0.07324448206716129,0.17746647134371396,4.665989069618381e-09,1500.0
Súper,237,2021-08-30,calma,sin_evento,naive,1.3574189932494976e-05,6.315419517157447e-06,6.315419517157447e-06,False,0.041789388886821925,0.3841966368223826,4.665989069618381e-09,
Súper,237,2021-08-30,calma,sin_evento,ewma_094,1.3574189932494976e-05,7.016992138168248e-05,7.016992138168248e-05,False,0.3258266752543734,0.8361969737413029,4.665989069618381e-09,0.94
Súper,237,2021-08-30,calma,sin_evento,garch_11,1.3574189932494976e-05,4.4812784907987e-05,4.4812784907987e-05,False,0.17984337828765112,0.4972321532054911,4.665989069618381e-09,
Súper,237,2021-08-30,calma,sin_evento,gjr_garch_11,1.3574189932494976e-05,4.5016988449698675e-05,4.5016988449698675e-05,False,0.1810189962957127,0.5004045784778781,4.665989069618381e-09,
Súper,241,2021-09-27,calma,sin_evento,ols_clip_legacy,5.9138057818398e-05,-2.393813721333427e-05,4.610904422149507e-09,True,0.3527817310656035,12815.236667167232,4.610904422149507e-09,
Súper,241,2021-09-27,calma,sin_evento,ridge_cv_clip,5.9138057818398e-05,0.00010008147121307227,0.00010008147121307227,False,0.24426257908016571,0.11700905840765108,4.610904422149507e-09,15.0
Súper,241,2021-09-27,calma,sin_evento,ridge_log_cv,5.9138057818398e-05,2.0378142409881637e-05,2.0378142409881637e-05,False,0.23123614075236731,0.8366219908661634,4.610904422149507e-09,0.015000000000000001
Súper,241,2021-09-27,calma,sin_evento,nnls_base_no_negativa,5.9138057818398e-05,1.6522231206381652e-05,1.6522231206381652e-05,False,0.25423995839189817,1.3041343048013312,4.610904422149507e-09,
Súper,241,2021-09-27,calma,sin_evento,ngrc_softplus_cv,5.9138057818398e-05,3.9239714819756685e-05,3.9239714819756685e-05,False,0.11871068328910034,0.09691172756394462,4.610904422149507e-09,0.021544346900318822
Súper,241,2021-09-27,calma,sin_evento,ssrc_recurrente_log_cv,5.9138057818398e-05,1.2755604085853704e-05,1.2755604085853704e-05,False,0.2767111198953289,2.1023372866754557,4.610904422149507e-09,15.0
Súper,241,2021-09-27,calma,sin_evento,naive,5.9138057818398e-05,3.3676974649355043e-06,3.3676974649355043e-06,False,0.3327180351294046,13.694737742792134,4.610904422149507e-09,
Súper,241,2021-09-27,calma,sin_evento,ewma_094,5.9138057818398e-05,5.6451115646709235e-05,5.6451115646709235e-05,False,0.01602991471105167,0.0010980609637099015,4.610904422149507e-09,0.94
Súper,241,2021-09-27,calma,sin_evento,garch_11,5.9138057818398e-05,3.602874361278941e-05,3.602874361278941e-05,False,0.13786688066828612,0.14585564872511547,4.610904422149507e-09,
Súper,241,2021-09-27,calma,sin_evento,gjr_garch_11,5.9138057818398e-05,3.537015803547133e-05,3.537015803547133e-05,False,0.14179590852216895,0.1579698675382808,4.610904422149507e-09,
Súper,245,2021-11-01,calma,sin_evento,ols_clip_legacy,0.0,0.00027227813104821377,0.00027227813104821377,False,1.665541502671315,10.019345879229018,4.460450929518702e-09,
Súper,245,2021-11-01,calma,sin_evento,ridge_cv_clip,0.0,0.00016403624594626043,0.00016403624594626043,False,1.0034194612475775,9.512620019921618,4.460450929518702e-09,15.0
Súper,245,2021-11-01,calma,sin_evento,ridge_log_cv,0.0,4.095258681363197e-05,4.095258681363197e-05,False,0.2505094063826083,8.125029308584006,4.460450929518702e-09,0.015000000000000001
Súper,245,2021-11-01,calma,sin_evento,nnls_base_no_negativa,0.0,3.7296463769139625e-06,3.7296463769139625e-06,False,0.022814468452253094,5.730014781562318,4.460450929518702e-09,
Súper,245,2021-11-01,calma,sin_evento,ngrc_softplus_cv,0.0,0.0001751169745758425,0.0001751169745758425,False,1.0712009365403516,9.577985060827,4.460450929518702e-09,0.021544346900318822
Súper,245,2021-11-01,calma,sin_evento,ssrc_recurrente_log_cv,0.0,1.6423441822451893e-05,1.6423441822451893e-05,False,0.10046316928463762,7.211486696954653,4.460450929518702e-09,15.0
Súper,245,2021-11-01,calma,sin_evento,naive,0.0,0.0,4.460450929518702e-09,False,2.7284843314965818e-05,0.0,4.460450929518702e-09,
Súper,245,2021-11-01,calma,sin_evento,ewma_094,0.0,5.0945132636492495e-05,5.0945132636492495e-05,False,0.3116344028017002,8.343342189749269,4.460450929518702e-09,0.94
Súper,245,2021-11-01,calma,sin_evento,garch_11,0.0,3.459667782458723e-05,3.459667782458723e-05,False,0.21162993351528073,7.956392000756967,4.460450929518702e-09,
Súper,245,2021-11-01,calma,sin_evento,gjr_garch_11,0.0,3.32519993006845e-05,3.32519993006845e-05,False,0.20340445510212748,7.916754448260104,4.460450929518702e-09,
Súper,249,2021-11-29,calma,sin_evento,ols_clip_legacy,0.0,-1.0673879420007625e-05,4.134768612789408e-09,True,2.5779124802586815e-05,0.0,4.134768612789408e-09,
Súper,249,2021-11-29,calma,sin_evento,ridge_cv_clip,0.0,0.00011295976610584021,0.00011295976610584021,False,0.7042725194116649,9.215392217340757,4.134768612789408e-09,15.0
Súper,249,2021-11-29,calma,sin_evento,ridge_log_cv,0.0,1.475229208740444e-05,1.475229208740444e-05,False,0.09197641136896734,7.180002656496054,4.134768612789408e-09,0.00015
Súper,249,2021-11-29,calma,sin_evento,nnls_base_no_negativa,0.0,9.18483181216075e-06,9.18483181216075e-06,False,0.05726485512250384,6.7063274912219715,4.134768612789408e-09,
Súper,249,2021-11-29,calma,sin_evento,ngrc_softplus_cv,0.0,2.094149280466252e-05,2.094149280466252e-05,False,0.13056434521971272,7.5302538466407345,4.134768612789408e-09,0.021544346900318822
Súper,249,2021-11-29,calma,sin_evento,ssrc_recurrente_log_cv,0.0,6.9797629971900005e-06,6.9797629971900005e-06,False,0.04351686835400739,6.431931265766899,4.134768612789408e-09,150.0
Súper,249,2021-11-29,calma,sin_evento,naive,0.0,0.0,4.134768612789408e-09,False,2.5779124802586815e-05,0.0,4.134768612789408e-09,
Súper,249,2021-11-29,calma,sin_evento,ewma_094,0.0,3.977739161876957e-05,3.977739161876957e-05,False,0.24800090135391054,8.171726559100577,4.134768612789408e-09,0.94
Súper,249,2021-11-29,calma,sin_evento,garch_11,0.0,2.8570348973192153e-05,2.8570348973192153e-05,False,0.17812812778814885,7.840838063495621,4.134768612789408e-09,
Súper,249,2021-11-29,calma,sin_evento,gjr_garch_11,0.0,2.8002782293836563e-05,2.8002782293836563e-05,False,0.17458950842849696,7.820775438796158,4.134768612789408e-09,
Súper,253,2021-12-27,calma,sin_evento,ols_clip_legacy,1.0437510148211293e-05,1.0947229518438626e-05,1.0947229518438626e-05,False,0.0032327759782615263,0.0011188549809957316,4.044676557266781e-09,
Súper,253,2021-12-27,calma,sin_evento,ridge_cv_clip,1.0437510148211293e-05,0.00013374995247546572,0.00013374995247546572,False,0.7820803458940845,1.6286034547728234,4.044676557266781e-09,15.0
Súper,253,2021-12-27,calma,sin_evento,ridge_log_cv,1.0437510148211293e-05,1.0602263063284329e-05,1.0602263063284329e-05,False,0.0010449068591588558,0.00012200218009872366,4.044676557266781e-09,0.00015
Súper,253,2021-12-27,calma,sin_evento,nnls_base_no_negativa,1.0437510148211293e-05,2.7893008373118542e-05,2.7893008373118542e-05,False,0.1107074179364605,0.35716807792603644,4.044676557266781e-09,
Súper,253,2021-12-27,calma,sin_evento,ngrc_softplus_cv,1.0437510148211293e-05,4.3073291643622236e-05,4.3073291643622236e-05,False,0.206984816769082,0.6598168296805631,4.044676557266781e-09,0.021544346900318822
Súper,253,2021-12-27,calma,sin_evento,ssrc_recurrente_log_cv,1.0437510148211293e-05,3.437352285296137e-06,3.437352285296137e-06,False,0.044396865226404396,0.9257924996158986,4.044676557266781e-09,15.0
Súper,253,2021-12-27,calma,sin_evento,naive,1.0437510148211293e-05,1.2945078660905696e-06,1.2945078660905696e-06,False,0.057987355147299406,4.9756420503630086,4.044676557266781e-09,
Súper,253,2021-12-27,calma,sin_evento,ewma_094,1.0437510148211293e-05,3.113564109972887e-05,3.113564109972887e-05,False,0.13127305816362175,0.4281741997793316,4.044676557266781e-09,0.94
Súper,253,2021-12-27,calma,sin_evento,garch_11,1.0437510148211293e-05,2.8182707253503063e-05,2.8182707253503063e-05,False,0.11254476537926741,0.3636540890091995,4.044676557266781e-09,
Súper,253,2021-12-27,calma,sin_evento,gjr_garch_11,1.0437510148211293e-05,2.8650233944082146e-05,2.8650233944082146e-05,False,0.11550994414778486,0.374063571403209,4.044676557266781e-09,
Súper,257,2022-01-24,calma,sin_evento,ols_clip_legacy,0.0,-2.040075141162092e-05,2.899658666773175e-09,True,1.8518233472519896e-05,0.0,2.899658666773175e-09,
Súper,257,2022-01-24,calma,sin_evento,ridge_cv_clip,0.0,0.00011573248310163477,0.00011573248310163477,False,0.7391080774398556,9.59446865248722,2.899658666773175e-09,15.0
Súper,257,2022-01-24,calma,sin_evento,ridge_log_cv,0.0,8.045326695020628e-06,8.045326695020628e-06,False,0.05138026754951955,6.9286140533837575,2.899658666773175e-09,0.00015
Súper,257,2022-01-24,calma,sin_evento,nnls_base_no_negativa,0.0,1.3620205405532013e-05,1.3620205405532013e-05,False,0.08698339102236456,7.454929525708534,2.899658666773175e-09,
Súper,257,2022-01-24,calma,sin_evento,ngrc_softplus_cv,0.0,2.3072698836891413e-05,2.3072698836891413e-05,False,0.14735031705582338,7.9819379749476465,2.899658666773175e-09,0.021544346900318822
Súper,257,2022-01-24,calma,sin_evento,ssrc_recurrente_log_cv,0.0,1.5189840374261584e-06,1.5189840374261584e-06,False,0.009700762840955748,5.263112911089546,2.899658666773175e-09,15.0
Súper,257,2022-01-24,calma,sin_evento,naive,0.0,0.0,2.899658666773175e-09,False,1.8518233472519896e-05,0.0,2.899658666773175e-09,
Súper,257,2022-01-24,calma,sin_evento,ewma_094,0.0,2.494056463392112e-05,2.494056463392112e-05,False,0.15927916072321366,8.059774092468887,2.899658666773175e-09,0.94
Súper,257,2022-01-24,calma,sin_evento,garch_11,0.0,2.1568714215452602e-05,2.1568714215452602e-05,False,0.13774534572660244,7.914540536979409,2.899658666773175e-09,
Súper,257,2022-01-24,calma,sin_evento,gjr_garch_11,0.0,2.1277368474502876e-05,2.1277368474502876e-05,False,0.13588471002007796,7.900942523951864,2.899658666773175e-09,
Súper,261,2022-02-14,calma,sin_evento,ols_clip_legacy,0.0046252180432598804,-0.00025230428414957384,2.8621964323465314e-09,True,26.09128908232725,1615952.7740381456,2.8621964323465314e-09,
Súper,261,2022-02-14,calma,sin_evento,ridge_cv_clip,0.0046252180432598804,1.750721078134053e-05,1.750721078134053e-05,False,25.992545347982407,257.6126501541826,2.8621964323465314e-09,15.0
Súper,261,2022-02-14,calma,sin_evento,ridge_log_cv,0.0046252180432598804,1.6483382325907185e-05,1.6483382325907185e-05,False,25.998320863965056,273.96191900394786,2.8621964323465314e-09,15000.0
Súper,261,2022-02-14,calma,sin_evento,nnls_base_no_negativa,0.0046252180432598804,0.00031082231764096755,0.00031082231764096755,False,24.337926277150626,11.180528034105134,2.8621964323465314e-09,
Súper,261,2022-02-14,calma,sin_evento,ngrc_softplus_cv,0.0046252180432598804,3.406433970566303e-05,3.406433970566303e-05,False,25.899144971950918,129.86785669328827,2.8621964323465314e-09,0.46415888336127725
Súper,261,2022-02-14,calma,sin_evento,ssrc_recurrente_log_cv,0.0046252180432598804,4.252470329528341e-05,4.252470329528341e-05,False,25.85141923735977,103.07624586166654,2.8621964323465314e-09,1500.0
Súper,261,2022-02-14,calma,sin_evento,naive,0.0046252180432598804,0.00031371909947708673,0.00031371909947708673,False,24.32158524882311,11.05240204221947,2.8621964323465314e-09,
Súper,261,2022-02-14,calma,sin_evento,ewma_094,0.0046252180432598804,0.00015787436373771422,0.00015787436373771422,False,25.200720573982178,24.91934852424567,2.8621964323465314e-09,0.94
Súper,261,2022-02-14,calma,sin_evento,garch_11,0.0046252180432598804,0.00023046284961335286,0.00023046284961335286,False,24.791241858962856,16.07006738589326,2.8621964323465314e-09,
Súper,261,2022-02-14,calma,sin_evento,gjr_garch_11,0.0046252180432598804,0.0001941169375794712,0.0001941169375794712,False,24.996272686873183,19.65614986912202,2.8621964323465314e-09,
Súper,265,2022-03-14,ucrania_2022,calendario_externo,ols_clip_legacy,0.0005602567850922207,0.00044405798006223496,0.00044405798006223496,False,0.49046950984300425,0.029234765532909712,2.8621964323465314e-09,
Súper,265,2022-03-14,ucrania_2022,calendario_externo,ridge_cv_clip,0.0005602567850922207,0.00026473607645927197,0.00026473607645927197,False,1.2473785515630393,0.3666224035564778,2.8621964323465314e-09,15000.0
Súper,265,2022-03-14,ucrania_2022,calendario_externo,ridge_log_cv,0.0005602567850922207,2.2748011802125683e-05,2.2748011802125683e-05,False,2.268798414096219,20.424906791564947,2.8621964323465314e-09,150.0
Súper,265,2022-03-14,ucrania_2022,calendario_externo,nnls_base_no_negativa,0.0005602567850922207,0.0005158354365301706,0.0005158354365301706,False,0.18750035381320504,0.0035079185673208,2.8621964323465314e-09,
Súper,265,2022-03-14,ucrania_2022,calendario_externo,ngrc_softplus_cv,0.0005602567850922207,0.00023242933227021637,0.00023242933227021637,False,1.3837437489757014,0.5306302570316372,2.8621964323465314e-09,10.0
Súper,265,2022-03-14,ucrania_2022,calendario_externo,ssrc_recurrente_log_cv,0.0005602567850922207,8.428255792971663e-05,8.428255792971663e-05,False,2.009064084902189,3.7531430472135288,2.8621964323465314e-09,150.0
Súper,265,2022-03-14,ucrania_2022,calendario_externo,naive,0.0005602567850922207,0.00046226619101613755,0.00046226619101613755,False,0.41361353615743973,0.0197243897350583,2.8621964323465314e-09,
Súper,265,2022-03-14,ucrania_2022,calendario_externo,ewma_094,0.0005602567850922207,0.0004044908346944244,0.0004044908346944244,False,0.6574805078427599,0.05932527565451862,2.8621964323465314e-09,0.94
Súper,265,2022-03-14,ucrania_2022,calendario_externo,garch_11,0.0005602567850922207,0.00044637607353578863,0.00044637607353578863,False,0.48068494992906413,0.027889382606191226,2.8621964323465314e-09,
Súper,265,2022-03-14,ucrania_2022,calendario_externo,gjr_garch_11,0.0005602567850922207,0.00044644922818208187,0.00044644922818208187,False,0.4803761677217005,0.02784759191088093,2.8621964323465314e-09,
Súper,269,2022-04-11,ucrania_2022,calendario_externo,ols_clip_legacy,0.00014224366610102228,0.0002608963449121085,0.0002608963449121085,False,0.49000828383451484,0.15179305479608018,3.4863076516773343e-09,
Súper,269,2022-04-11,ucrania_2022,calendario_externo,ridge_cv_clip,0.00014224366610102228,0.0002769059701695344,0.0002769059701695344,False,0.5561243553453419,0.1798258611940191,3.4863076516773343e-09,15000.0
Súper,269,2022-04-11,ucrania_2022,calendario_externo,ridge_log_cv,0.00014224366610102228,3.184210817031059e-05,3.184210817031059e-05,False,0.45593305162892134,1.970404072897138,3.4863076516773343e-09,150.0
Súper,269,2022-04-11,ucrania_2022,calendario_externo,nnls_base_no_negativa,0.00014224366610102228,0.00030118561038530234,0.00030118561038530234,False,0.6563936872597959,0.22246426537060482,3.4863076516773343e-09,
Súper,269,2022-04-11,ucrania_2022,calendario_externo,ngrc_softplus_cv,0.00014224366610102228,0.0002512815708259635,0.0002512815708259635,False,0.4503014774091019,0.13510537580844995,3.4863076516773343e-09,10.0
Súper,269,2022-04-11,ucrania_2022,calendario_externo,ssrc_recurrente_log_cv,0.00014224366610102228,5.52240870711585e-05,5.52240870711585e-05,False,0.35937085456212564,0.6296117256831237,3.4863076516773343e-09,150.0
Súper,269,2022-04-11,ucrania_2022,calendario_externo,naive,0.00014224366610102228,0.00022542548441364048,0.00022542548441364048,False,0.3435217851465154,0.09144893539414145,3.4863076516773343e-09,
Súper,269,2022-04-11,ucrania_2022,calendario_externo,ewma_094,0.00014224366610102228,0.0004098564825616224,0.0004098564825616224,False,1.1051794046282195,0.40532276618091423,3.4863076516773343e-09,0.94
Súper,269,2022-04-11,ucrania_2022,calendario_externo,garch_11,0.00014224366610102228,0.0002291708766915019,0.0002291708766915019,False,0.3589893941440666,0.09761459745786372,3.4863076516773343e-09,
Súper,269,2022-04-11,ucrania_2022,calendario_externo,gjr_garch_11,0.00014224366610102228,0.0002291596752258179,0.0002291596752258179,False,0.35894313466614125,0.09759605766023594,3.4863076516773343e-09,
Súper,273,2022-05-09,ucrania_2022,calendario_externo,ols_clip_legacy,0.0004146243178712505,0.0001458307436019025,0.0001458307436019025,False,1.1099321643489255,0.7982624762012487,2.899658666773175e-09,
Súper,273,2022-05-09,ucrania_2022,calendario_externo,ridge_cv_clip,0.0004146243178712505,0.0002747289164460472,0.0002747289164460472,False,0.5776715686318562,0.09762451214985446,2.899658666773175e-09,15000.0
Súper,273,2022-05-09,ucrania_2022,calendario_externo,ridge_log_cv,0.0004146243178712505,1.4144722289463134e-05,1.4144722289463134e-05,False,1.6537046523896943,24.934973908571443,2.899658666773175e-09,150.0
Súper,273,2022-05-09,ucrania_2022,calendario_externo,nnls_base_no_negativa,0.0004146243178712505,1.4734840432831936e-05,1.4734840432831936e-05,False,1.6512678712654754,23.801885568350865,2.899658666773175e-09,
Súper,273,2022-05-09,ucrania_2022,calendario_externo,ngrc_softplus_cv,0.0004146243178712505,0.00023964062504993006,0.00023964062504993006,False,0.722562023392401,0.18195965995874475,2.899658666773175e-09,10.0
Súper,273,2022-05-09,ucrania_2022,calendario_externo,ssrc_recurrente_log_cv,0.0004146243178712505,8.817464180990966e-06,8.817464180990966e-06,False,1.6757025559424659,42.172440821338505,2.899658666773175e-09,150.0
Súper,273,2022-05-09,ucrania_2022,calendario_externo,naive,0.0004146243178712505,2.9910424839589255e-06,2.9910424839589255e-06,False,1.699761661009152,132.69025804462848,2.899658666773175e-09,
Súper,273,2022-05-09,ucrania_2022,calendario_externo,ewma_094,0.0004146243178712505,0.0003304386752255448,0.0003304386752255448,False,0.34762866933426095,0.027817576797740662,2.899658666773175e-09,0.94
Súper,273,2022-05-09,ucrania_2022,calendario_externo,garch_11,0.0004146243178712505,4.886643476185581e-05,4.886643476185581e-05,False,1.5103279158767684,5.346566856939548,2.899658666773175e-09,
Súper,273,2022-05-09,ucrania_2022,calendario_externo,gjr_garch_11,0.0004146243178712505,4.831850492682836e-05,4.831850492682836e-05,False,1.5125904883707595,5.431508547923568,2.899658666773175e-09,
Súper,277,2022-06-06,ucrania_2022,calendario_externo,ols_clip_legacy,0.00061364084626202,0.0008150225077353015,0.0008150225077353015,False,0.8064420995387486,0.03671867426614339,2.899658666773175e-09,
Súper,277,2022-06-06,ucrania_2022,calendario_externo,ridge_cv_clip,0.00061364084626202,0.00030002605635099576,0.00030002605635099576,False,1.2558848098281548,0.32975135405952427,2.899658666773175e-09,15000.0
Súper,277,2022-06-06,ucrania_2022,calendario_externo,ridge_log_cv,0.00061364084626202,9.140404863708734e-05,9.140404863708734e-05,False,2.091321207958751,3.809377394288836,2.899658666773175e-09,150.0
Súper,277,2022-06-06,ucrania_2022,calendario_externo,nnls_base_no_negativa,0.00061364084626202,0.0007147093611904839,0.0007147093611904839,False,0.40473350343763864,0.011054107536358604,2.899658666773175e-09,
Súper,277,2022-06-06,ucrania_2022,calendario_externo,ngrc_softplus_cv,0.00061364084626202,0.0003151465418242477,0.0003151465418242477,False,1.1953341322645363,0.28078826270922064,2.899658666773175e-09,10.0
Súper,277,2022-06-06,ucrania_2022,calendario_externo,ssrc_recurrente_log_cv,0.00061364084626202,0.00011556961286307151,0.00011556961286307151,False,1.9945490976863032,2.640170793645942,2.899658666773175e-09,1500.0
Súper,277,2022-06-06,ucrania_2022,calendario_externo,naive,0.00061364084626202,0.0007700310839657246,0.0007700310839657246,False,0.6262718795667128,0.02392506068780942,2.899658666773175e-09,
Súper,277,2022-06-06,ucrania_2022,calendario_externo,ewma_094,0.00061364084626202,0.00042725592261455884,0.00042725592261455884,False,0.7463869751048325,0.07421055931371079,2.899658666773175e-09,0.94
Súper,277,2022-06-06,ucrania_2022,calendario_externo,garch_11,0.00061364084626202,0.0007001655042768139,0.0007001655042768139,False,0.34649196138735955,0.008329489402087109,2.899658666773175e-09,
Súper,277,2022-06-06,ucrania_2022,calendario_externo,gjr_garch_11,0.00061364084626202,0.0007001627433841957,0.0007001627433841957,False,0.3464809052662446,0.008329002117392958,2.899658666773175e-09,
Súper,281,2022-07-04,calma,sin_evento,ols_clip_legacy,1.8555001663122108e-05,0.0007259954783396875,0.0007259954783396875,False,2.801435000504477,2.692362415189009,3.2536700874719605e-09,
Súper,281,2022-07-04,calma,sin_evento,ridge_cv_clip,1.8555001663122108e-05,0.0003011077821060138,0.0003011077821060138,False,1.1188973132286062,1.8483513546180044,3.2536700874719605e-09,15000.0
Súper,281,2022-07-04,calma,sin_evento,ridge_log_cv,1.8555001663122108e-05,2.9002005386176285e-05,2.9002005386176285e-05,False,0.04136970225064594,0.08640899643412103,3.2536700874719605e-09,150.0
Súper,281,2022-07-04,calma,sin_evento,nnls_base_no_negativa,1.8555001663122108e-05,7.980332271543868e-05,7.980332271543868e-05,False,0.24254081576468928,0.6913348940917536,3.2536700874719605e-09,
Súper,281,2022-07-04,calma,sin_evento,ngrc_softplus_cv,1.8555001663122108e-05,0.00027069446535232333,0.00027069446535232333,False,0.9984618379565706,1.7487972884135883,3.2536700874719605e-09,10.0
Súper,281,2022-07-04,calma,sin_evento,ssrc_recurrente_log_cv,1.8555001663122108e-05,5.7629823237807466e-05,5.7629823237807466e-05,False,0.1547346757879074,0.4552695556499853,3.2536700874719605e-09,1500.0
Súper,281,2022-07-04,calma,sin_evento,naive,1.8555001663122108e-05,4.1755323416934844e-05,4.1755323416934844e-05,False,0.09187231368132628,0.2554620827180789,3.2536700874719605e-09,
Súper,281,2022-07-04,calma,sin_evento,ewma_094,1.8555001663122108e-05,0.00041892925263714543,0.00041892925263714543,False,1.5854654588730677,2.1612541654507718,3.2536700874719605e-09,0.94
Súper,281,2022-07-04,calma,sin_evento,garch_11,1.8555001663122108e-05,6.0649107975529486e-05,6.0649107975529486e-05,False,0.1666909183547439,0.49030576712772245,3.2536700874719605e-09,
Súper,281,2022-07-04,calma,sin_evento,gjr_garch_11,1.8555001663122108e-05,6.066506270274911e-05,6.066506270274911e-05,False,0.16675409841402822,0.49048833733042807,3.2536700874719605e-09,
Súper,285,2022-08-01,calma,sin_evento,ols_clip_legacy,0.001491518621965836,0.0019846243864974963,0.0019846243864974963,False,1.8846260069111844,0.03717184206610824,3.0043447712468837e-09,
Súper,285,2022-08-01,calma,sin_evento,ridge_cv_clip,0.001491518621965836,0.00037674157525308203,0.00037674157525308203,False,4.260623106156384,1.5830060034954556,3.0043447712468837e-09,15000.0
Súper,285,2022-08-01,calma,sin_evento,ridge_log_cv,0.001491518621965836,3.206080726359781e-05,3.206080726359781e-05,False,5.577976068055078,41.68163965869192,3.0043447712468837e-09,150.0
Súper,285,2022-08-01,calma,sin_evento,nnls_base_no_negativa,0.001491518621965836,0.0015936911683734328,0.0015936911683734328,False,0.3904984528724432,0.0021473740023199017,3.0043447712468837e-09,
Súper,285,2022-08-01,calma,sin_evento,ngrc_softplus_cv,0.001491518621965836,0.0006656965013106203,0.0006656965013106203,False,3.156251574441771,0.4338222458223733,3.0043447712468837e-09,10.0
Súper,285,2022-08-01,calma,sin_evento,ssrc_recurrente_log_cv,0.001491518621965836,0.00012188932141718308,0.00012188932141718308,False,5.234655900024134,8.732226936886637,3.0043447712468837e-09,1500.0
Súper,285,2022-08-01,calma,sin_evento,naive,0.001491518621965836,0.0017313545999630064,0.0017313545999630064,False,0.9166413253265158,0.010584250207083645,3.0043447712468837e-09,
Súper,285,2022-08-01,calma,sin_evento,ewma_094,0.001491518621965836,0.0005419600917558776,0.0005419600917558776,False,3.6291660528806235,0.7397242941117463,3.0043447712468837e-09,0.94
Súper,285,2022-08-01,calma,sin_evento,garch_11,0.001491518621965836,0.0019827754245707392,0.0019827754245707392,False,1.8775593652622786,0.0369405818332893,3.0043447712468837e-09,
Súper,285,2022-08-01,calma,sin_evento,gjr_garch_11,0.001491518621965836,0.001982836963148849,0.001982836963148849,False,1.8777945626845678,0.03694827176886406,3.0043447712468837e-09,
Súper,289,2022-08-29,calma,sin_evento,ols_clip_legacy,0.00018309613260504933,-0.0002685462115619804,3.708646006568774e-09,True,0.6589185466959624,49358.268200163904,3.708646006568774e-09,
Súper,289,2022-08-29,calma,sin_evento,ridge_cv_clip,0.00018309613260504933,0.00038574506034563073,0.00038574506034563073,False,0.7292990833208318,0.21982116233950433,3.708646006568774e-09,15000.0
Súper,289,2022-08-29,calma,sin_evento,ridge_log_cv,0.00018309613260504933,2.1242944515989483e-05,2.1242944515989483e-05,False,0.5824821429946682,5.465163835180314,3.708646006568774e-09,150.0
Súper,289,2022-08-29,calma,sin_evento,nnls_base_no_negativa,0.00018309613260504933,0.0005173200324925654,0.0005173200324925654,False,1.202815068056573,0.3925824081294278,3.708646006568774e-09,
Súper,289,2022-08-29,calma,sin_evento,ngrc_softplus_cv,0.00018309613260504933,0.000512702722410734,0.000512702722410734,False,1.186198153041861,0.38680434484918935,3.708646006568774e-09,10.0
Súper,289,2022-08-29,calma,sin_evento,ssrc_recurrente_log_cv,0.00018309613260504933,0.00023289171328897762,0.00023289171328897762,False,0.1792058401251782,0.026747957287864388,3.708646006568774e-09,150.0
Súper,289,2022-08-29,calma,sin_evento,naive,0.00018309613260504933,0.0003431015223080231,0.0003431015223080231,False,0.5758322303395201,0.16166507231302019,3.708646006568774e-09,
Súper,289,2022-08-29,calma,sin_evento,ewma_094,0.00018309613260504933,0.0006779638291667952,0.0006779638291667952,False,1.7809448166909772,0.5791503083658589,3.708646006568774e-09,0.94
Súper,289,2022-08-29,calma,sin_evento,garch_11,0.00018309613260504933,0.00044904592597869614,0.00044904592597869614,False,0.9571081509252144,0.30485861853200147,3.708646006568774e-09,
Súper,289,2022-08-29,calma,sin_evento,gjr_garch_11,0.00018309613260504933,0.0004490561471393361,0.0004490561471393361,False,0.9571449351469141,0.30487209936752935,3.708646006568774e-09,
Súper,293,2022-09-26,calma,sin_evento,ols_clip_legacy,1.2193837400136548e-05,-0.00010245924514761007,4.169706291603112e-09,True,0.04354986549595747,2915.4067657025685,4.169706291603112e-09,
Súper,293,2022-09-26,calma,sin_evento,ridge_cv_clip,1.2193837400136548e-05,0.00033437573911393475,0.00033437573911393475,False,1.151055044097101,2.3478021055951426,4.169706291603112e-09,1500.0
Súper,293,2022-09-26,calma,sin_evento,ridge_log_cv,1.2193837400136548e-05,1.3646346438194629e-05,1.3646346438194629e-05,False,0.005189359942193731,0.006101724484000037,4.169706291603112e-09,150.0
Súper,293,2022-09-26,calma,sin_evento,nnls_base_no_negativa,1.2193837400136548e-05,0.00013059868980949454,0.00013059868980949454,False,0.42302345937617064,1.4645672492357487,4.169706291603112e-09,
Súper,293,2022-09-26,calma,sin_evento,ngrc_softplus_cv,1.2193837400136548e-05,0.0003344039806090304,0.0003344039806090304,False,1.1511559421153006,2.3478834825924104,4.169706291603112e-09,10.0
Súper,293,2022-09-26,calma,sin_evento,ssrc_recurrente_log_cv,1.2193837400136548e-05,2.9537763600604255e-05,2.9537763600604255e-05,False,0.06196441709264771,0.2975608316121816,4.169706291603112e-09,150.0
Súper,293,2022-09-26,calma,sin_evento,naive,1.2193837400136548e-05,2.5824793603467083e-05,2.5824793603467083e-05,False,0.04869913800325154,0.22257992931150206,4.169706291603112e-09,
Súper,293,2022-09-26,calma,sin_evento,ewma_094,1.2193837400136548e-05,0.0005510863160345828,0.0005510863160345828,False,1.9252940728780952,2.833087667473819,4.169706291603112e-09,0.94
Súper,293,2022-09-26,calma,sin_evento,garch_11,1.2193837400136548e-05,9.604820124289847e-05,9.604820124289847e-05,False,0.29958538315571354,1.1908748645115153,4.169706291603112e-09,
Súper,293,2022-09-26,calma,sin_evento,gjr_garch_11,1.2193837400136548e-05,9.741079356542688e-05,9.741079356542688e-05,False,0.3044534988305896,1.2031858588798725,4.169706291603112e-09,
Súper,297,2022-10-24,calma,sin_evento,ols_clip_legacy,0.00024994286982644575,7.228478655357597e-05,7.228478655357597e-05,False,0.6298697080467746,1.217133377820228,4.622862486165971e-09,
Súper,297,2022-10-24,calma,sin_evento,ridge_cv_clip,0.00024994286982644575,0.00020779380074104802,0.00020779380074104802,False,0.1494354850068171,0.01815471433409721,4.622862486165971e-09,150.0
Súper,297,2022-10-24,calma,sin_evento,ridge_log_cv,0.00024994286982644575,2.7487062628954187e-05,2.7487062628954187e-05,False,0.7886957449472329,5.885592555167805,4.622862486165971e-09,150.0
Súper,297,2022-10-24,calma,sin_evento,nnls_base_no_negativa,0.00024994286982644575,0.00043591579974623564,0.00043591579974623564,False,0.6593491999644331,0.1295909266394235,4.622862486165971e-09,
Súper,297,2022-10-24,calma,sin_evento,ngrc_softplus_cv,0.00024994286982644575,0.00029993306475362374,0.00029993306475362374,False,0.17723544520977838,0.015655790877244335,4.622862486165971e-09,10.0
Súper,297,2022-10-24,calma,sin_evento,ssrc_recurrente_log_cv,0.00024994286982644575,0.00017048900629170106,0.00017048900629170106,False,0.28169605855170443,0.08347355866803619,4.622862486165971e-09,15.0
Súper,297,2022-10-24,calma,sin_evento,naive,0.00024994286982644575,0.0003605408114121009,0.0003605408114121009,False,0.3921144025298002,0.05961710758299854,4.622862486165971e-09,
Súper,297,2022-10-24,calma,sin_evento,ewma_094,0.00024994286982644575,0.00047217624387849735,0.00047217624387849735,False,0.7879071295473752,0.16546226594020497,4.622862486165971e-09,0.94
Súper,297,2022-10-24,calma,sin_evento,garch_11,0.00024994286982644575,0.0003663226966677514,0.0003663226966677514,False,0.41261352258584044,0.06458469894798058,4.622862486165971e-09,
Súper,297,2022-10-24,calma,sin_evento,gjr_garch_11,0.00024994286982644575,0.00037977836941516767,0.00037977836941516767,False,0.46031932076205145,0.07648371306578827,4.622862486165971e-09,
Súper,301,2022-11-21,calma,sin_evento,ols_clip_legacy,0.00027927725752466764,0.0006835057170715523,0.0006835057170715523,False,1.4184423799812629,0.30362532734469494,4.789754529708859e-09,
Súper,301,2022-11-21,calma,sin_evento,ridge_cv_clip,0.00027927725752466764,0.0003171077070962771,0.0003171077070962771,False,0.1327474888489168,0.007738019634047966,4.789754529708859e-09,150.0
Súper,301,2022-11-21,calma,sin_evento,ridge_log_cv,0.00027927725752466764,2.1808128100657996e-05,2.1808128100657996e-05,False,0.9034621785939283,9.256186338339582,4.789754529708859e-09,150.0
Súper,301,2022-11-21,calma,sin_evento,nnls_base_no_negativa,0.00027927725752466764,0.00014122447466373176,0.00014122447466373176,False,0.48442882548102756,0.29568708668152555,4.789754529708859e-09,
Súper,301,2022-11-21,calma,sin_evento,ngrc_softplus_cv,0.00027927725752466764,0.0003443614831155038,0.0003443614831155038,False,0.22838130682284513,0.020487160766657242,4.789754529708859e-09,0.46415888336127725
Súper,301,2022-11-21,calma,sin_evento,ssrc_recurrente_log_cv,0.00027927725752466764,9.762609278488992e-06,9.762609278488992e-06,False,0.9457300446550629,24.253179906733333,4.789754529708859e-09,15.0
Súper,301,2022-11-21,calma,sin_evento,naive,0.00027927725752466764,2.6199393947165617e-05,2.6199393947165617e-05,False,0.8880531755132627,7.293215123414148,4.789754529708859e-09,
Súper,301,2022-11-21,calma,sin_evento,ewma_094,0.00027927725752466764,0.00040156204714141566,0.00040156204714141566,False,0.4290987532493861,0.05863424012917151,4.789754529708859e-09,0.94
Súper,301,2022-11-21,calma,sin_evento,garch_11,0.00027927725752466764,0.00010482840020084397,0.00010482840020084397,False,0.6121430753410773,0.6842570480463266,4.789754529708859e-09,
Súper,301,2022-11-21,calma,sin_evento,gjr_garch_11,0.00027927725752466764,0.00010634158440799868,0.00010634158440799868,False,0.6068332943064798,0.6606794678044605,4.789754529708859e-09,
Súper,305,2022-12-19,calma,sin_evento,ols_clip_legacy,0.0012893925882914398,0.001249213865156226,0.001249213865156226,False,0.1375762513333317,0.0005064061017385768,5.61791666037433e-09,
Súper,305,2022-12-19,calma,sin_evento,ridge_cv_clip,0.0012893925882914398,0.001024087109939563,0.001024087109939563,False,0.9084343732630533,0.02869568856039062,5.61791666037433e-09,150.0
Súper,305,2022-12-19,calma,sin_evento,ridge_log_cv,0.0012893925882914398,4.437719949428794e-05,4.437719949428794e-05,False,4.263066037877753,24.6860935152894,5.61791666037433e-09,1500.0
Súper,305,2022-12-19,calma,sin_evento,nnls_base_no_negativa,0.0012893925882914398,0.0012741227406810182,0.0012741227406810182,False,0.052285593686073696,7.124660661195215e-05,5.61791666037433e-09,
Súper,305,2022-12-19,calma,sin_evento,ngrc_softplus_cv,0.0012893925882914398,0.0011410905023815836,0.0011410905023815836,False,0.5078022259624805,0.007778367289430044,5.61791666037433e-09,0.46415888336127725
Súper,305,2022-12-19,calma,sin_evento,ssrc_recurrente_log_cv,0.0012893925882914398,0.001201918076062019,0.001201918076062019,False,0.29952209877939356,0.0025265287301570183,5.61791666037433e-09,15.0
Súper,305,2022-12-19,calma,sin_evento,naive,0.0012893925882914398,0.0014298153728770251,0.0014298153728770251,False,0.4808226543202726,0.005163648971345136,5.61791666037433e-09,
Súper,305,2022-12-19,calma,sin_evento,ewma_094,0.0012893925882914398,0.00048127790823298,0.00048127790823298,False,2.7670712171646596,0.6936203125385458,5.61791666037433e-09,0.94
Súper,305,2022-12-19,calma,sin_evento,garch_11,0.0012893925882914398,0.001545613176234177,0.001545613176234177,False,0.8773267354703495,0.01547668703298899,5.61791666037433e-09,
Súper,305,2022-12-19,calma,sin_evento,gjr_garch_11,0.0012893925882914398,0.001588398927493466,0.001588398927493466,False,1.023829730324719,0.020311443227816417,5.61791666037433e-09,
Súper,309,2023-01-16,calma,sin_evento,ols_clip_legacy,0.0002531870391467128,-0.00016034950861663344,5.61791666037433e-09,True,0.8470230459751242,45056.06533000377,5.61791666037433e-09,
Súper,309,2023-01-16,calma,sin_evento,ridge_cv_clip,0.0002531870391467128,0.00014870892504541478,0.00014870892504541478,False,0.34953342948259625,0.1704302506838289,5.61791666037433e-09,150.0
Súper,309,2023-01-16,calma,sin_evento,ridge_log_cv,0.0002531870391467128,2.8826332255874033e-05,2.8826332255874033e-05,False,0.7506028223734958,5.6103468263049106,5.61791666037433e-09,1500.0
Súper,309,2023-01-16,calma,sin_evento,nnls_base_no_negativa,0.0002531870391467128,0.00012529676131529867,0.00012529676131529867,False,0.42785924872796743,0.31725550421942317,5.61791666037433e-09,
Súper,309,2023-01-16,calma,sin_evento,ngrc_softplus_cv,0.0002531870391467128,0.0003304049683890703,0.0003304049683890703,False,0.25833398561785803,0.03248365304694012,5.61791666037433e-09,10.0
Súper,309,2023-01-16,calma,sin_evento,ssrc_recurrente_log_cv,0.0002531870391467128,3.536596309902714e-05,3.536596309902714e-05,False,0.7287243685382628,4.190681005152814,5.61791666037433e-09,150.0
Súper,309,2023-01-16,calma,sin_evento,naive,0.0002531870391467128,3.699106183441595e-05,3.699106183441595e-05,False,0.723287571184919,3.921094211629823,5.61791666037433e-09,
Súper,309,2023-01-16,calma,sin_evento,ewma_094,0.0002531870391467128,0.00046372321409891213,0.00046372321409891213,False,0.7043525995295108,0.15114676758518142,5.61791666037433e-09,0.94
Súper,309,2023-01-16,calma,sin_evento,garch_11,0.0002531870391467128,9.72585666619967e-05,9.72585666619967e-05,False,0.5216615384990791,0.6464809484290959,5.61791666037433e-09,
Súper,309,2023-01-16,calma,sin_evento,gjr_garch_11,0.0002531870391467128,9.757027327182887e-05,9.757027327182887e-05,False,0.5206187183710148,0.6413642218402549,5.61791666037433e-09,
Súper,313,2023-02-13,calma,sin_evento,ols_clip_legacy,5.654820772372051e-05,-0.00013778437008140517,5.909531884691799e-09,True,0.21555218331251283,9558.816308519714,5.909531884691799e-09,
Súper,313,2023-02-13,calma,sin_evento,ridge_cv_clip,5.654820772372051e-05,0.00026758220279036495,0.00026758220279036495,False,0.8045098951486453,0.7656635381265553,5.909531884691799e-09,150.0
Súper,313,2023-02-13,calma,sin_evento,ridge_log_cv,5.654820772372051e-05,3.3708238650468483e-05,3.3708238650468483e-05,False,0.0870711902057177,0.16022701104801396,5.909531884691799e-09,1500.0
Súper,313,2023-02-13,calma,sin_evento,nnls_base_no_negativa,5.654820772372051e-05,0.00011766777014121134,0.00011766777014121134,False,0.233001762282415,0.2133468000089105,5.909531884691799e-09,
Súper,313,2023-02-13,calma,sin_evento,ngrc_softplus_cv,5.654820772372051e-05,0.00032997298041211265,0.00032997298041211265,False,1.042357820772493,0.9352895019264311,5.909531884691799e-09,10.0
Súper,313,2023-02-13,calma,sin_evento,ssrc_recurrente_log_cv,5.654820772372051e-05,0.00014480447744028862,0.00014480447744028862,False,0.33645310213391943,0.33080511374914034,5.909531884691799e-09,1.5
Súper,313,2023-02-13,calma,sin_evento,naive,5.654820772372051e-05,4.3156578727924434e-05,4.3156578727924434e-05,False,0.05105195509318359,0.040044663964003746,5.909531884691799e-09,
Súper,313,2023-02-13,calma,sin_evento,ewma_094,5.654820772372051e-05,0.0004489091280566298,0.0004489091280566298,False,1.4957696402315186,1.1976950219781441,5.909531884691799e-09,0.94
Súper,313,2023-02-13,calma,sin_evento,garch_11,5.654820772372051e-05,8.323039007087403e-05,8.323039007087403e-05,False,0.10171858669342128,0.0659368284974331,5.909531884691799e-09,
Súper,313,2023-02-13,calma,sin_evento,gjr_garch_11,5.654820772372051e-05,8.3199458751168e-05,8.3199458751168e-05,False,0.10160066942248278,0.06581771374991363,5.909531884691799e-09,
Súper,317,2023-03-13,calma,sin_evento,ols_clip_legacy,8.10416166263479e-06,0.0003816466319093985,0.0003816466319093985,False,1.7283445391140082,2.8733521438960206,5.492698052788457e-09,
Súper,317,2023-03-13,calma,sin_evento,ridge_cv_clip,8.10416166263479e-06,0.00022898774166097156,0.00022898774166097156,False,1.0220067587438808,2.376682003737666,5.492698052788457e-09,150.0
Súper,317,2023-03-13,calma,sin_evento,ridge_log_cv,8.10416166263479e-06,2.730595779918477e-05,2.730595779918477e-05,False,0.08884483596165901,0.5115181660957442,5.492698052788457e-09,1500.0
Súper,317,2023-03-13,calma,sin_evento,nnls_base_no_negativa,8.10416166263479e-06,0.000261648726377852,0.000261648726377852,False,1.1731259461825023,2.5055985919493473,5.492698052788457e-09,
Súper,317,2023-03-13,calma,sin_evento,ngrc_softplus_cv,8.10416166263479e-06,0.0002576721651447261,0.0002576721651447261,False,1.1547267856073062,2.4907618279082997,5.492698052788457e-09,10.0
Súper,317,2023-03-13,calma,sin_evento,ssrc_recurrente_log_cv,8.10416166263479e-06,4.101499314112778e-05,4.101499314112778e-05,False,0.15227520401088196,0.8191501945051103,5.492698052788457e-09,15.0
Súper,317,2023-03-13,calma,sin_evento,naive,8.10416166263479e-06,0.00011259649778181097,0.00011259649778181097,False,0.4834758371425324,1.7034081519959692,5.492698052788457e-09,
Súper,317,2023-03-13,calma,sin_evento,ewma_094,8.10416166263479e-06,0.00036789174871620505,0.00036789174871620505,False,1.664702037533392,2.8374396769569232,5.492698052788457e-09,0.94
Súper,317,2023-03-13,calma,sin_evento,garch_11,8.10416166263479e-06,0.00021096888042448095,0.00021096888042448095,False,0.9386352470692684,2.29774693585949,5.492698052788457e-09,
Súper,317,2023-03-13,calma,sin_evento,gjr_garch_11,8.10416166263479e-06,0.00024567604877470477,0.00024567604877470477,False,1.0992219264007856,2.4446232645388943,5.492698052788457e-09,
Súper,321,2023-04-10,calma,sin_evento,ols_clip_legacy,1.9800791490263528e-05,-3.6953122492407964e-05,5.105921419660745e-09,True,0.09383167880960287,3868.742451598832,5.105921419660745e-09,
Súper,321,2023-04-10,calma,sin_evento,ridge_cv_clip,1.9800791490263528e-05,0.00013182417069784735,0.00013182417069784735,False,0.5309915486592691,1.045953159973085,5.105921419660745e-09,150.0
Súper,321,2023-04-10,calma,sin_evento,ridge_log_cv,1.9800791490263528e-05,2.4959645711619258e-05,2.4959645711619258e-05,False,0.02445300268285104,0.024850639582080225,5.105921419660745e-09,1500.0
Súper,321,2023-04-10,calma,sin_evento,nnls_base_no_negativa,1.9800791490263528e-05,3.7964160338011976e-05,3.7964160338011976e-05,False,0.08609448689691505,0.17248602865553275,5.105921419660745e-09,
Súper,321,2023-04-10,calma,sin_evento,ngrc_softplus_cv,1.9800791490263528e-05,0.0002363941250994428,0.0002363941250994428,False,1.026653815087073,1.5635402974237511,5.105921419660745e-09,10.0
Súper,321,2023-04-10,calma,sin_evento,ssrc_recurrente_log_cv,1.9800791490263528e-05,3.978231774062312e-05,3.978231774062312e-05,False,0.09471256485303377,0.1954290781537371,5.105921419660745e-09,1.5
Súper,321,2023-04-10,calma,sin_evento,naive,1.9800791490263528e-05,8.319727124958071e-06,8.319727124958071e-06,False,0.0544203200324239,0.5128884263836933,5.105921419660745e-09,
Súper,321,2023-04-10,calma,sin_evento,ewma_094,1.9800791490263528e-05,0.0002951345234752123,0.0002951345234752123,False,1.3050836868071067,1.768800085942225,5.105921419660745e-09,0.94
Súper,321,2023-04-10,calma,sin_evento,garch_11,1.9800791490263528e-05,8.488769598815643e-05,8.488769598815643e-05,False,0.3085123521647381,0.6888659230818528,5.105921419660745e-09,
Súper,321,2023-04-10,calma,sin_evento,gjr_garch_11,1.9800791490263528e-05,6.002920011719519e-05,6.002920011719519e-05,False,0.19068291947638585,0.4389618638643067,5.105921419660745e-09,
Súper,325,2023-05-08,calma,sin_evento,ols_clip_legacy,0.00018966620700370038,0.00011936224308929153,0.00011936224308929153,False,0.34243114681153114,0.12589387876077662,4.68846580461523e-09,
Súper,325,2023-05-08,calma,sin_evento,ridge_cv_clip,0.00018966620700370038,0.0002194449659641776,0.0002194449659641776,False,0.14504409159453466,0.010135403371220209,4.68846580461523e-09,1500.0
Súper,325,2023-05-08,calma,sin_evento,ridge_log_cv,0.00018966620700370038,2.3415186780109895e-05,2.3415186780109895e-05,False,0.8097626982037552,5.00825550844073,4.68846580461523e-09,1500.0
Súper,325,2023-05-08,calma,sin_evento,nnls_base_no_negativa,0.00018966620700370038,0.00011302481605432373,0.00011302481605432373,False,0.37329899958382207,0.16043516470355912,4.68846580461523e-09,
Súper,325,2023-05-08,calma,sin_evento,ngrc_softplus_cv,0.00018966620700370038,0.00022016211131593063,0.00022016211131593063,False,0.14853710808405038,0.010582743811988538,4.68846580461523e-09,10.0
Súper,325,2023-05-08,calma,sin_evento,ssrc_recurrente_log_cv,0.00018966620700370038,1.9635041669716693e-05,1.9635041669716693e-05,False,0.8281747386235793,6.391627602546034,4.68846580461523e-09,1.5
Súper,325,2023-05-08,calma,sin_evento,naive,0.00018966620700370038,5.116339331519841e-06,5.116339331519841e-06,False,0.8988913186721342,32.45785913049132,4.68846580461523e-09,
Súper,325,2023-05-08,calma,sin_evento,ewma_094,0.00018966620700370038,0.00024644733728886427,0.00024644733728886427,False,0.2765651675697144,0.03148397119544866,4.68846580461523e-09,0.94
Súper,325,2023-05-08,calma,sin_evento,garch_11,0.00018966620700370038,7.954942813643888e-05,7.954942813643888e-05,False,0.5363483475357778,0.5153689154141028,4.68846580461523e-09,
Súper,325,2023-05-08,calma,sin_evento,gjr_garch_11,0.00018966620700370038,7.876130453391969e-05,7.876130453391969e-05,False,0.5401870794367051,0.5292701826881014,4.68846580461523e-09,
Súper,329,2023-06-05,calma,sin_evento,ols_clip_legacy,3.3149800341206177e-06,-6.588050587220926e-05,4.68846580461523e-09,True,0.015973836966636262,699.4889597357844,4.68846580461523e-09,
Súper,329,2023-06-05,calma,sin_evento,ridge_cv_clip,3.3149800341206177e-06,0.00019326898040648242,0.00019326898040648242,False,0.9166244635822411,3.082783456484721,4.68846580461523e-09,150.0
Súper,329,2023-06-05,calma,sin_evento,ridge_log_cv,3.3149800341206177e-06,2.8668445799783005e-05,2.8668445799783005e-05,False,0.12234334055531872,1.2729771296895276,4.68846580461523e-09,1500.0
Súper,329,2023-06-05,calma,sin_evento,nnls_base_no_negativa,3.3149800341206177e-06,0.00018041789587339163,0.00018041789587339163,False,0.8546114580993184,3.015198101150051,4.68846580461523e-09,
Súper,329,2023-06-05,calma,sin_evento,ngrc_softplus_cv,3.3149800341206177e-06,0.0002591026261009297,0.0002591026261009297,False,1.234305218144103,3.3715667034463186,4.68846580461523e-09,10.0
Súper,329,2023-06-05,calma,sin_evento,ssrc_recurrente_log_cv,3.3149800341206177e-06,9.897569727487951e-05,9.897569727487951e-05,False,0.46161151360232777,2.4299156059051343,4.68846580461523e-09,0.15
Súper,329,2023-06-05,calma,sin_evento,naive,3.3149800341206177e-06,1.9380617389014106e-05,1.9380617389014106e-05,False,0.07752485440511263,0.936868014570901,4.68846580461523e-09,
Súper,329,2023-06-05,calma,sin_evento,ewma_094,3.3149800341206177e-06,0.0002461530365326573,0.0002461530365326573,False,1.1718168758698702,3.320968992188045,4.68846580461523e-09,0.94
Súper,329,2023-06-05,calma,sin_evento,garch_11,3.3149800341206177e-06,9.394969804928667e-05,9.394969804928667e-05,False,0.4373585163761946,2.379592537978247,4.68846580461523e-09,
Súper,329,2023-06-05,calma,sin_evento,gjr_garch_11,3.3149800341206177e-06,9.3949063752108e-05,9.3949063752108e-05,False,0.4373554555703678,2.379586024724428,4.68846580461523e-09,
Súper,333,2023-07-10,calma,sin_evento,ols_clip_legacy,9.724158505849847e-06,0.0001860432969092229,0.0001860432969092229,False,0.8479900294392138,2.0036343240250156,4.789754529708859e-09,
Súper,333,2023-07-10,calma,sin_evento,ridge_cv_clip,9.724158505849847e-06,0.0001717921918049842,0.0001717921918049842,False,0.7794507027029534,1.928276396115169,4.789754529708859e-09,150.0
Súper,333,2023-07-10,calma,sin_evento,ridge_log_cv,9.724158505849847e-06,2.4200596849230265e-05,2.4200596849230265e-05,False,0.06962304539450541,0.3135787608614964,4.789754529708859e-09,1500.0
Súper,333,2023-07-10,calma,sin_evento,nnls_base_no_negativa,9.724158505849847e-06,9.358510727331877e-05,9.358510727331877e-05,False,0.4033212109478295,1.368165018719743,4.789754529708859e-09,
Súper,333,2023-07-10,calma,sin_evento,ngrc_softplus_cv,9.724158505849847e-06,0.00016766009541896527,0.00016766009541896527,False,0.7595777804112753,1.9053245738775213,4.789754529708859e-09,0.46415888336127725
Súper,333,2023-07-10,calma,sin_evento,ssrc_recurrente_log_cv,9.724158505849847e-06,6.163202325309947e-05,6.163202325309947e-05,False,0.24964590998877562,1.0043459306726055,4.789754529708859e-09,1.5
Súper,333,2023-07-10,calma,sin_evento,naive,9.724158505849847e-06,7.5124943176082934e-06,7.5124943176082934e-06,False,0.010636787345262638,0.03635230462393113,4.789754529708859e-09,
Súper,333,2023-07-10,calma,sin_evento,ewma_094,9.724158505849847e-06,0.00019871469530366502,0.00019871469530366502,False,0.9089319078696577,2.066192023495279,4.789754529708859e-09,0.94
Súper,333,2023-07-10,calma,sin_evento,garch_11,9.724158505849847e-06,7.943458056286697e-05,7.943458056286697e-05,False,0.3352656063751449,1.2227376346917387,4.789754529708859e-09,
Súper,333,2023-07-10,calma,sin_evento,gjr_garch_11,9.724158505849847e-06,7.94359445728784e-05,7.94359445728784e-05,False,0.3352721664508135,1.2227527039837307,4.789754529708859e-09,
Súper,337,2023-08-07,calma,sin_evento,ols_clip_legacy,0.000601134771296818,0.0002991859035272632,0.0002991859035272632,False,1.4328281682589308,0.3114809178800053,5.423078229634448e-09,
Súper,337,2023-08-07,calma,sin_evento,ridge_cv_clip,0.000601134771296818,0.00024968967736350566,0.00024968967736350566,False,1.6677010048216823,0.5289272281396855,5.423078229634448e-09,150.0
Súper,337,2023-08-07,calma,sin_evento,ridge_log_cv,0.000601134771296818,2.9673315659930566e-05,2.9673315659930566e-05,False,2.71173750959613,16.24985845638857,5.423078229634448e-09,15000.0
Súper,337,2023-08-07,calma,sin_evento,nnls_base_no_negativa,0.000601134771296818,0.00039371636580381347,0.00039371636580381347,False,0.9842558317938349,0.10363351588995062,5.423078229634448e-09,
Súper,337,2023-08-07,calma,sin_evento,ngrc_softplus_cv,0.000601134771296818,0.0002571189924202567,0.0002571189924202567,False,1.6324469170590243,0.4886831415625432,5.423078229634448e-09,0.46415888336127725
Súper,337,2023-08-07,calma,sin_evento,ssrc_recurrente_log_cv,0.000601134771296818,2.8917227400651695e-05,2.8917227400651695e-05,False,2.715325350688521,16.753737606930446,5.423078229634448e-09,15000.0
Súper,337,2023-08-07,calma,sin_evento,naive,0.000601134771296818,0.0005162894500804786,0.0005162894500804786,False,0.402613750737852,0.012185135928102664,5.423078229634448e-09,
Súper,337,2023-08-07,calma,sin_evento,ewma_094,0.000601134771296818,0.00019620164440090074,0.00019620164440090074,False,1.9215160327093608,0.9441858180991718,5.423078229634448e-09,0.94
Súper,337,2023-08-07,calma,sin_evento,garch_11,0.000601134771296818,0.0004593586386101371,0.0004593586386101371,False,0.6727656838088485,0.03965140696457237,5.423078229634448e-09,
Súper,337,2023-08-07,calma,sin_evento,gjr_garch_11,0.000601134771296818,0.0004924801649886804,0.0004924801649886804,False,0.5155951790095816,0.021262406726597405,5.423078229634448e-09,
Súper,341,2023-09-04,calma,sin_evento,ols_clip_legacy,3.9118152431341916e-05,0.00030309504285028866,0.00030309504285028866,False,1.2311109776552145,1.1765221432497315,6.042632027231372e-09,
Súper,341,2023-09-04,calma,sin_evento,ridge_cv_clip,3.9118152431341916e-05,0.0003321142510493595,0.0003321142510493595,False,1.366448073717068,1.2566776505150252,6.042632027231372e-09,150.0
Súper,341,2023-09-04,calma,sin_evento,ridge_log_cv,3.9118152431341916e-05,3.4353292197455774e-05,3.4353292197455774e-05,False,0.02222191393958851,0.008812946964809276,6.042632027231372e-09,15000.0
Súper,341,2023-09-04,calma,sin_evento,nnls_base_no_negativa,3.9118152431341916e-05,0.0002216953195016652,0.0002216953195016652,False,0.8514864853992999,0.9111674487464241,6.042632027231372e-09,
Súper,341,2023-09-04,calma,sin_evento,ngrc_softplus_cv,3.9118152431341916e-05,0.00035115664875296274,0.00035115664875296274,False,1.4552562448284725,1.3060438124371214,6.042632027231372e-09,0.46415888336127725
Súper,341,2023-09-04,calma,sin_evento,ssrc_recurrente_log_cv,3.9118152431341916e-05,4.151859139289511e-05,4.151859139289511e-05,False,0.011194944951693814,0.0017386945135438037,6.042632027231372e-09,15000.0
Súper,341,2023-09-04,calma,sin_evento,naive,3.9118152431341916e-05,0.00010350441585163463,0.00010350441585163463,False,0.3002786932641033,0.3509647000307805,6.042632027231372e-09,
Súper,341,2023-09-04,calma,sin_evento,ewma_094,3.9118152431341916e-05,0.00024458995660816857,0.00024458995660816857,False,0.9582603739261181,0.9929301467245002,6.042632027231372e-09,0.94
Súper,341,2023-09-04,calma,sin_evento,garch_11,3.9118152431341916e-05,0.0001177451419854469,0.0001177451419854469,False,0.3666932731362036,0.4341631746769856,6.042632027231372e-09,
Súper,341,2023-09-04,calma,sin_evento,gjr_garch_11,3.9118152431341916e-05,0.0001206043792847253,0.0001206043792847253,False,0.38002791929131347,0.45027999195478463,6.042632027231372e-09,
Súper,345,2023-10-02,calma,sin_evento,ols_clip_legacy,4.910674134624689e-05,0.0001382516098263555,0.0001382516098263555,False,0.4157190651838376,0.3902772939879209,5.909531884691799e-09,
Súper,345,2023-10-02,calma,sin_evento,ridge_cv_clip,4.910674134624689e-05,0.00016786042800327332,0.00016786042800327332,False,0.5537971219869957,0.5216815988301378,5.909531884691799e-09,150.0
Súper,345,2023-10-02,calma,sin_evento,ridge_log_cv,4.910674134624689e-05,3.2762439689306546e-05,3.2762439689306546e-05,False,0.07622017870183984,0.09415955924345587,5.909531884691799e-09,15000.0
Súper,345,2023-10-02,calma,sin_evento,nnls_base_no_negativa,4.910674134624689e-05,0.00013414386915997612,0.00013414386915997612,False,0.39656298655631783,0.37099173299650556,5.909531884691799e-09,
Súper,345,2023-10-02,calma,sin_evento,ngrc_softplus_cv,4.910674134624689e-05,0.00015355748666264838,0.00015355748666264838,False,0.4870966432619569,0.45987253889652946,5.909531884691799e-09,0.46415888336127725
Súper,345,2023-10-02,calma,sin_evento,ssrc_recurrente_log_cv,4.910674134624689e-05,3.135831911799334e-05,3.135831911799334e-05,False,0.0827681685218256,0.11747094897091781,5.909531884691799e-09,15000.0
Súper,345,2023-10-02,calma,sin_evento,naive,4.910674134624689e-05,1.652597196995201e-05,1.652597196995201e-05,False,0.1519374835479819,0.8824257225665975,5.909531884691799e-09,
Súper,345,2023-10-02,calma,sin_evento,ewma_094,4.910674134624689e-05,0.00019452422905773874,0.00019452422905773874,False,0.6781413566872081,0.6290057745117368,5.909531884691799e-09,0.94
Súper,345,2023-10-02,calma,sin_evento,garch_11,4.910674134624689e-05,0.00010376798108874763,0.00010376798108874763,False,0.2549077683884015,0.2213971036720206,5.909531884691799e-09,
Súper,345,2023-10-02,calma,sin_evento,gjr_garch_11,4.910674134624689e-05,0.00010553142710284608,0.00010553142710284608,False,0.26313144004760364,0.23034059942834761,5.909531884691799e-09,
Súper,349,2023-10-30,calma,sin_evento,ols_clip_legacy,0.0007834999639359297,0.0006441206916519912,0.0006441206916519912,False,0.6356443709809062,0.02050199067456515,6.279068886851726e-09,
Súper,349,2023-10-30,calma,sin_evento,ridge_cv_clip,0.0007834999639359297,0.0005135602251765281,0.0005135602251765281,False,1.2310702490749252,0.10322059994601762,6.279068886851726e-09,150.0
Súper,349,2023-10-30,calma,sin_evento,ridge_log_cv,0.0007834999639359297,3.752998026442763e-05,3.752998026442763e-05,False,3.402023939940964,16.838011116507182,6.279068886851726e-09,15000.0
Súper,349,2023-10-30,calma,sin_evento,nnls_base_no_negativa,0.0007834999639359297,0.0006224212577677716,0.0006224212577677716,False,0.7346054487362675,0.02863982052354297,6.279068886851726e-09,
Súper,349,2023-10-30,calma,sin_evento,ngrc_softplus_cv,0.0007834999639359297,0.0005402462533356816,0.0005402462533356816,False,1.1093676220971644,0.07851854725180374,6.279068886851726e-09,0.46415888336127725
Súper,349,2023-10-30,calma,sin_evento,ssrc_recurrente_log_cv,0.0007834999639359297,4.46606339055433e-05,4.46606339055433e-05,False,3.369504327992093,13.678734838571101,6.279068886851726e-09,15000.0
Súper,349,2023-10-30,calma,sin_evento,naive,0.0007834999639359297,0.0006945072760748245,0.0006945072760748245,False,0.40585447298171157,0.007569500001613605,6.279068886851726e-09,
Súper,349,2023-10-30,calma,sin_evento,ewma_094,0.0007834999639359297,0.00025616326909655516,0.00025616326909655516,False,2.4049386698150474,0.940640048932285,6.279068886851726e-09,0.94
Súper,349,2023-10-30,calma,sin_evento,garch_11,0.0007834999639359297,0.0008807376876435382,0.0008807376876435382,False,0.44345626655177006,0.0065839589975407176,6.279068886851726e-09,
Súper,349,2023-10-30,calma,sin_evento,gjr_garch_11,0.0007834999639359297,0.0008810855138297075,0.0008810855138297075,False,0.44504254084991596,0.006627621474759149,6.279068886851726e-09,
Súper,353,2023-11-27,calma,sin_evento,ols_clip_legacy,6.552645244259203e-05,3.772306625033641e-05,3.772306625033641e-05,False,0.12470382838128838,0.1848572310773713,6.279068886851726e-09,
Súper,353,2023-11-27,calma,sin_evento,ridge_cv_clip,6.552645244259203e-05,0.00026579684149836437,0.00026579684149836437,False,0.898253329791222,0.6468066817280407,6.279068886851726e-09,150.0
Súper,353,2023-11-27,calma,sin_evento,ridge_log_cv,6.552645244259203e-05,3.8780422056947915e-05,3.8780422056947915e-05,False,0.11996137305106795,0.16514030028330984,6.279068886851726e-09,1500.0
Súper,353,2023-11-27,calma,sin_evento,nnls_base_no_negativa,6.552645244259203e-05,0.00034222602985853383,0.00034222602985853383,False,1.241053747074298,0.8444887792250693,6.279068886851726e-09,
Súper,353,2023-11-27,calma,sin_evento,ngrc_softplus_cv,6.552645244259203e-05,0.00022357490629943888,0.00022357490629943888,False,0.7088793835904074,0.5203775985375982,6.279068886851726e-09,0.46415888336127725
Súper,353,2023-11-27,calma,sin_evento,ssrc_recurrente_log_cv,6.552645244259203e-05,4.191748294567261e-05,4.191748294567261e-05,False,0.10589101845526185,0.11647396342626881,6.279068886851726e-09,15000.0
Súper,353,2023-11-27,calma,sin_evento,naive,6.552645244259203e-05,9.531180107390232e-05,9.531180107390232e-05,False,0.13359333206076746,0.06219540856080874,6.279068886851726e-09,
Súper,353,2023-11-27,calma,sin_evento,ewma_094,6.552645244259203e-05,0.0002907233704243933,0.0002907233704243933,False,1.0100538696189412,0.7153093558761485,6.279068886851726e-09,0.94
Súper,353,2023-11-27,calma,sin_evento,garch_11,6.552645244259203e-05,0.00018121442773660153,0.00018121442773660153,False,0.5188840422919899,0.37882332051639156,6.279068886851726e-09,
Súper,353,2023-11-27,calma,sin_evento,gjr_garch_11,6.552645244259203e-05,0.0001812176741555443,0.0001812176741555443,False,0.5188986031396469,0.3788347573434394,6.279068886851726e-09,
Súper,357,2023-12-25,calma,sin_evento,ols_clip_legacy,3.9650335847599995e-06,0.00023252657745743012,0.00023252657745743012,False,1.0419460097910678,3.0885421634370838,6.150242641460153e-09,
Súper,357,2023-12-25,calma,sin_evento,ridge_cv_clip,3.9650335847599995e-06,0.00020173425905238663,0.00020173425905238663,False,0.9015727311076474,2.949091692610368,6.150242641460153e-09,150.0
Súper,357,2023-12-25,calma,sin_evento,ridge_log_cv,3.9650335847599995e-06,2.9620910095782394e-05,2.9620910095782394e-05,False,0.11695772484475506,1.1448254848946968,6.150242641460153e-09,1500.0
Súper,357,2023-12-25,calma,sin_evento,nnls_base_no_negativa,3.9650335847599995e-06,0.0002277390325254226,0.0002277390325254226,False,1.0201209763489605,3.06809647991461,6.150242641460153e-09,
Súper,357,2023-12-25,calma,sin_evento,ngrc_softplus_cv,3.9650335847599995e-06,0.00019357320748932346,0.00019357320748932346,False,0.8643688560910786,2.908624828934561,6.150242641460153e-09,0.46415888336127725
Súper,357,2023-12-25,calma,sin_evento,ssrc_recurrente_log_cv,3.9650335847599995e-06,3.188576448952153e-05,3.188576448952153e-05,False,0.12728254133982092,1.2089965465050652,6.150242641460153e-09,15000.0
Súper,357,2023-12-25,calma,sin_evento,naive,3.9650335847599995e-06,0.00010430067798084543,0.00010430067798084543,False,0.4574011994623101,2.307778952179655,6.150242641460153e-09,
Súper,357,2023-12-25,calma,sin_evento,ewma_094,3.9650335847599995e-06,0.00023898859967237015,0.00023898859967237015,False,1.0714045011363527,3.115492415390488,6.150242641460153e-09,0.94
Súper,357,2023-12-25,calma,sin_evento,garch_11,3.9650335847599995e-06,0.00017798324867227618,0.00017798324867227618,False,0.7932987403270775,2.826452678012242,6.150242641460153e-09,
Súper,357,2023-12-25,calma,sin_evento,gjr_garch_11,3.9650335847599995e-06,0.00017788269389455466,0.00017788269389455466,False,0.7928403401621279,2.8259001439269165,6.150242641460153e-09,
Súper,361,2024-01-22,calma,sin_evento,ols_clip_legacy,0.0002148476453939322,7.145325112204674e-05,7.145325112204674e-05,False,0.6576714392755652,0.9059423837031308,5.423078229634448e-09,
Súper,361,2024-01-22,calma,sin_evento,ridge_cv_clip,0.0002148476453939322,8.090676010729757e-05,8.090676010729757e-05,False,0.6143133785082385,0.6788650659778503,5.423078229634448e-09,15.0
Súper,361,2024-01-22,calma,sin_evento,ridge_log_cv,0.0002148476453939322,2.537761014758472e-05,2.537761014758472e-05,False,0.8689951334066118,5.329969584661415,5.423078229634448e-09,1500.0
Súper,361,2024-01-22,calma,sin_evento,nnls_base_no_negativa,0.0002148476453939322,0.00012472214520549787,0.00012472214520549787,False,0.4133562384033805,0.1787695211967555,5.423078229634448e-09,
Súper,361,2024-01-22,calma,sin_evento,ngrc_softplus_cv,0.0002148476453939322,0.00011932747966740218,0.00011932747966740218,False,0.43809861042472037,0.21243007511888456,5.423078229634448e-09,0.46415888336127725
Súper,361,2024-01-22,calma,sin_evento,ssrc_recurrente_log_cv,0.0002148476453939322,1.4465090177647042e-05,1.4465090177647042e-05,False,0.9190448773397286,11.154647321083884,5.423078229634448e-09,1500.0
Súper,361,2024-01-22,calma,sin_evento,naive,0.0002148476453939322,4.985548728717171e-05,4.985548728717171e-05,False,0.7567285363018535,1.8486076087149552,5.423078229634448e-09,
Súper,361,2024-01-22,calma,sin_evento,ewma_094,0.0002148476453939322,0.0001901282078958659,0.0001901282078958659,False,0.11337450198095439,0.0077840437372971305,5.423078229634448e-09,0.94
Súper,361,2024-01-22,calma,sin_evento,garch_11,0.0002148476453939322,0.00010029315966612655,0.00010029315966612655,False,0.5253985965534321,0.38036474117173324,5.423078229634448e-09,
Súper,361,2024-01-22,calma,sin_evento,gjr_garch_11,0.0002148476453939322,0.00010029838081298766,0.00010029838081298766,False,0.5253746500164126,0.380305284187588,5.423078229634448e-09,
Súper,365,2024-02-19,calma,sin_evento,ols_clip_legacy,0.00025336534294704367,0.00016202009806787568,0.00016202009806787568,False,0.42108839639939805,0.11667749065984445,5.399195818253111e-09,
Súper,365,2024-02-19,calma,sin_evento,ridge_cv_clip,0.00025336534294704367,0.000176281530844813,0.000176281530844813,False,0.3553452494370989,0.07452656790317791,5.399195818253111e-09,15.0
Súper,365,2024-02-19,calma,sin_evento,ridge_log_cv,0.00025336534294704367,2.664178527929025e-05,2.664178527929025e-05,False,1.045162881226821,6.25772212215019,5.399195818253111e-09,1500.0
Súper,365,2024-02-19,calma,sin_evento,nnls_base_no_negativa,0.00025336534294704367,0.0001989026103831588,0.0001989026103831588,False,0.2510653373275455,0.031798896924358555,5.399195818253111e-09,
Súper,365,2024-02-19,calma,sin_evento,ngrc_softplus_cv,0.00025336534294704367,0.00019128729072350224,0.00019128729072350224,False,0.2861708619533261,0.043471792449544466,5.399195818253111e-09,0.46415888336127725
Súper,365,2024-02-19,calma,sin_evento,ssrc_recurrente_log_cv,0.00025336534294704367,2.9032747302330175e-05,2.9032747302330175e-05,False,1.0341408913524104,5.560473337882486,5.399195818253111e-09,15000.0
Súper,365,2024-02-19,calma,sin_evento,naive,0.00025336534294704367,0.00011223769588869792,0.00011223769588869792,False,0.6505780860955565,0.44318613388149286,5.399195818253111e-09,
Súper,365,2024-02-19,calma,sin_evento,ewma_094,0.00025336534294704367,0.00017467505403703662,0.00017467505403703662,False,0.36275087568216735,0.07859021220129314,5.399195818253111e-09,0.94
Súper,365,2024-02-19,calma,sin_evento,garch_11,0.00025336534294704367,0.00015612687070153824,0.00015612687070153824,False,0.44825532407681257,0.13865347939707506,5.399195818253111e-09,
Súper,365,2024-02-19,calma,sin_evento,gjr_garch_11,0.00025336534294704367,0.00015609826440453683,0.00015609826440453683,False,0.4483871949776699,0.13876763255278157,5.399195818253111e-09,
Súper,369,2024-03-18,calma,sin_evento,ols_clip_legacy,5.436686818651867e-05,0.00019261774230396297,0.00019261774230396297,False,0.6311845141195498,0.5472053373652439,5.7800393799579246e-09,
Súper,369,2024-03-18,calma,sin_evento,ridge_cv_clip,5.436686818651867e-05,0.0001847506691213905,0.0001847506691213905,False,0.5952673830635343,0.5175238170582743,5.7800393799579246e-09,15.0
Súper,369,2024-03-18,calma,sin_evento,ridge_log_cv,5.436686818651867e-05,2.8285562218300765e-05,2.8285562218300765e-05,False,0.11907423038185164,0.2686679076523162,5.7800393799579246e-09,1500.0
Súper,369,2024-03-18,calma,sin_evento,nnls_base_no_negativa,5.436686818651867e-05,0.00015415853462137343,0.00015415853462137343,False,0.45559896017985746,0.3948951493662469,5.7800393799579246e-09,
Súper,369,2024-03-18,calma,sin_evento,ngrc_softplus_cv,5.436686818651867e-05,0.00015730338836590334,0.00015730338836590334,False,0.46995679332478146,0.40803933212037613,5.7800393799579246e-09,0.021544346900318822
Súper,369,2024-03-18,calma,sin_evento,ssrc_recurrente_log_cv,5.436686818651867e-05,4.062582346110817e-05,4.062582346110817e-05,False,0.06273475443732376,0.046883227612741774,5.7800393799579246e-09,0.00015
Súper,369,2024-03-18,calma,sin_evento,naive,5.436686818651867e-05,6.66640968987717e-05,6.66640968987717e-05,False,0.05614301088011012,0.019446061798105596,5.7800393799579246e-09,
Súper,369,2024-03-18,calma,sin_evento,ewma_094,5.436686818651867e-05,0.00015861003616873383,0.00015861003616873383,False,0.4759222952705726,0.4134643281854442,5.7800393799579246e-09,0.94
Súper,369,2024-03-18,calma,sin_evento,garch_11,5.436686818651867e-05,0.00011473528527695831,0.00011473528527695831,False,0.2756120729987313,0.22071878652980592,5.7800393799579246e-09,
Súper,369,2024-03-18,calma,sin_evento,gjr_garch_11,5.436686818651867e-05,0.00011494749836932898,0.00011494749836932898,False,0.2765809320996438,0.22169186449162215,5.7800393799579246e-09,
Súper,373,2024-04-15,calma,sin_evento,ols_clip_legacy,8.633552375961366e-05,0.0001999820039125037,0.0001999820039125037,False,0.5187956202326239,0.2717027024539669,5.784313277105926e-09,
Súper,373,2024-04-15,calma,sin_evento,ridge_cv_clip,8.633552375961366e-05,0.00018702086492238445,0.00018702086492238445,False,0.4596280847994629,0.23461482815129076,5.784313277105926e-09,15.0
Súper,373,2024-04-15,calma,sin_evento,ridge_log_cv,8.633552375961366e-05,2.8555566824020355e-05,2.8555566824020355e-05,False,0.2637652178500237,0.9170325756798188,5.784313277105926e-09,1500.0
Súper,373,2024-04-15,calma,sin_evento,nnls_base_no_negativa,8.633552375961366e-05,9.427420930932871e-05,9.427420930932871e-05,False,0.036240060299759784,0.003758056203413407,5.784313277105926e-09,
Súper,373,2024-04-15,calma,sin_evento,ngrc_softplus_cv,8.633552375961366e-05,0.00016975567028190632,0.00016975567028190632,False,0.3808125565939811,0.1847060055913381,5.784313277105926e-09,0.021544346900318822
Súper,373,2024-04-15,calma,sin_evento,ssrc_recurrente_log_cv,8.633552375961366e-05,5.818254807061969e-05,5.818254807061969e-05,False,0.12851819488220365,0.08921750348071189,5.784313277105926e-09,0.015000000000000001
Súper,373,2024-04-15,calma,sin_evento,naive,8.633552375961366e-05,2.6726963812938196e-05,2.6726963812938196e-05,False,0.27211278155826485,1.0577098125109217,5.784313277105926e-09,
Súper,373,2024-04-15,calma,sin_evento,ewma_094,8.633552375961366e-05,0.00013427752240699334,0.00013427752240699334,False,0.2188549868856318,0.08463091257556155,5.784313277105926e-09,0.94
Súper,373,2024-04-15,calma,sin_evento,garch_11,8.633552375961366e-05,8.361637519027263e-05,8.361637519027263e-05,False,0.012412899780425443,0.0005175627993485588,5.784313277105926e-09,
Súper,373,2024-04-15,calma,sin_evento,gjr_garch_11,8.633552375961366e-05,8.357830675711989e-05,8.357830675711989e-05,False,0.012586681989625335,0.0005324784770719404,5.784313277105926e-09,
Súper,377,2024-05-13,calma,sin_evento,ols_clip_legacy,0.0001813114620922615,0.00012774500963821662,0.00012774500963821662,False,0.24353662743567844,0.06914307612925819,6.013238220159395e-09,
Súper,377,2024-05-13,calma,sin_evento,ridge_cv_clip,0.0001813114620922615,0.00012492119015600884,0.00012492119015600884,False,0.25637495145525085,0.07887350013535999,6.013238220159395e-09,15.0
Súper,377,2024-05-13,calma,sin_evento,ridge_log_cv,0.0001813114620922615,2.8738666905524774e-05,2.8738666905524774e-05,False,0.6936629602285075,3.4669997583483703,6.013238220159395e-09,1500.0
Súper,377,2024-05-13,calma,sin_evento,nnls_base_no_negativa,0.0001813114620922615,9.333321343940447e-05,9.333321343940447e-05,False,0.39998777188009244,0.2785849960555844,6.013238220159395e-09,
Súper,377,2024-05-13,calma,sin_evento,ngrc_softplus_cv,0.0001813114620922615,8.957327932513348e-05,8.957327932513348e-05,False,0.41708208430176125,0.31900979275275,6.013238220159395e-09,0.021544346900318822
Súper,377,2024-05-13,calma,sin_evento,ssrc_recurrente_log_cv,0.0001813114620922615,1.9541839269490627e-05,1.9541839269490627e-05,False,0.7354757793153887,6.050457970294846,6.013238220159395e-09,0.00015
Súper,377,2024-05-13,calma,sin_evento,naive,0.0001813114620922615,1.5332243256961986e-05,1.5332243256961986e-05,False,0.754614452286824,8.355242944933673,6.013238220159395e-09,
Súper,377,2024-05-13,calma,sin_evento,ewma_094,0.0001813114620922615,0.00011235073504208443,0.00011235073504208443,False,0.31352576326984877,0.1352078318252936,6.013238220159395e-09,0.94
Súper,377,2024-05-13,calma,sin_evento,garch_11,0.0001813114620922615,8.769927702479524e-05,8.769927702479524e-05,False,0.42560212210756176,0.34111985849787896,6.013238220159395e-09,
Súper,377,2024-05-13,calma,sin_evento,gjr_garch_11,0.0001813114620922615,8.769274772139752e-05,8.769274772139752e-05,False,0.4256318071894766,0.341199337917367,6.013238220159395e-09,
Súper,381,2024-06-10,calma,sin_evento,ols_clip_legacy,9.484454788088447e-05,0.00011401751287946981,0.00011401751287946981,False,0.08672768245871944,0.01595477434519399,6.469662372669854e-09,
Súper,381,2024-06-10,calma,sin_evento,ridge_cv_clip,9.484454788088447e-05,0.0001488747674394997,0.0001488747674394997,False,0.24440224688253595,0.0879422962407288,6.469662372669854e-09,15.0
Súper,381,2024-06-10,calma,sin_evento,ridge_log_cv,9.484454788088447e-05,3.680837188876702e-05,3.680837188876702e-05,False,0.2625229349208169,0.6301974057678659,6.469662372669854e-09,15000.0
Súper,381,2024-06-10,calma,sin_evento,nnls_base_no_negativa,9.484454788088447e-05,0.00024207753056870864,0.00024207753056870864,False,0.665998992380256,0.3288129344592192,6.469662372669854e-09,
Súper,381,2024-06-10,calma,sin_evento,ngrc_softplus_cv,9.484454788088447e-05,0.00010174523434825293,0.00010174523434825293,False,0.031214814439669197,0.00240958206504982,6.469662372669854e-09,0.021544346900318822
Súper,381,2024-06-10,calma,sin_evento,ssrc_recurrente_log_cv,9.484454788088447e-05,3.57883542615313e-05,3.57883542615313e-05,False,0.26713691950190405,0.6755344682916888,6.469662372669854e-09,15000.0
Súper,381,2024-06-10,calma,sin_evento,naive,9.484454788088447e-05,0.00011959961512839553,0.00011959961512839553,False,0.11197796541352867,0.024927576590206613,6.469662372669854e-09,
Súper,381,2024-06-10,calma,sin_evento,ewma_094,9.484454788088447e-05,0.00011492563809774243,0.00011492563809774243,False,0.09083552887521858,0.017314919355432945,6.469662372669854e-09,0.94
Súper,381,2024-06-10,calma,sin_evento,garch_11,9.484454788088447e-05,0.0001966482533004236,0.0001966482533004236,False,0.460502558545236,0.21148297323641718,6.469662372669854e-09,
Súper,381,2024-06-10,calma,sin_evento,gjr_garch_11,9.484454788088447e-05,0.00017964518714123838,0.00017964518714123838,False,0.38359027487981334,0.16669936004442665,6.469662372669854e-09,
Súper,385,2024-07-08,calma,sin_evento,ols_clip_legacy,3.8944650050469025e-05,8.149271692010841e-07,8.149271692010841e-07,False,0.1723783851444455,42.922319322603585,6.609527467068187e-09,
Súper,385,2024-07-08,calma,sin_evento,ridge_cv_clip,3.8944650050469025e-05,4.2321009777790424e-05,4.2321009777790424e-05,False,0.01526398288481475,0.003362485719429209,6.609527467068187e-09,15.0
Súper,385,2024-07-08,calma,sin_evento,ridge_log_cv,3.8944650050469025e-05,3.7936206141413297e-05,3.7936206141413297e-05,False,0.004559013793335965,0.0003471787771354151,6.609527467068187e-09,15000.0
Súper,385,2024-07-08,calma,sin_evento,nnls_base_no_negativa,3.8944650050469025e-05,3.606851605588256e-05,3.606851605588256e-05,False,0.013002542268394587,0.0030197910868066113,6.609527467068187e-09,
Súper,385,2024-07-08,calma,sin_evento,ngrc_softplus_cv,3.8944650050469025e-05,2.2305961307985028e-05,2.2305961307985028e-05,False,0.0752208534345131,0.1886426929451437,6.609527467068187e-09,0.021544346900318822
Súper,385,2024-07-08,calma,sin_evento,ssrc_recurrente_log_cv,3.8944650050469025e-05,3.34386705813541e-05,3.34386705813541e-05,False,0.024891653487226745,0.012230665652058548,6.609527467068187e-09,15000.0
Súper,385,2024-07-08,calma,sin_evento,naive,3.8944650050469025e-05,2.6041750655791224e-06,2.6041750655791224e-06,False,0.16428948127380488,11.24967193073069,6.609527467068187e-09,
Súper,385,2024-07-08,calma,sin_evento,ewma_094,3.8944650050469025e-05,9.761888526536507e-05,9.761888526536507e-05,False,0.2652568429994529,0.31787542181779926,6.609527467068187e-09,0.94
Súper,385,2024-07-08,calma,sin_evento,garch_11,3.8944650050469025e-05,7.39271333220175e-05,7.39271333220175e-05,False,0.15815021770469212,0.16773629917849098,6.609527467068187e-09,
Súper,385,2024-07-08,calma,sin_evento,gjr_garch_11,3.8944650050469025e-05,7.679460646950895e-05,7.679460646950895e-05,False,0.1711136056671173,0.1861204130401739,6.609527467068187e-09,
Súper,389,2024-08-05,calma,sin_evento,ols_clip_legacy,4.186654795636048e-06,0.00010481096479458051,0.00010481096479458051,False,0.453600855070581,2.260201172264896,6.609527467068187e-09,
Súper,389,2024-08-05,calma,sin_evento,ridge_cv_clip,4.186654795636048e-06,0.00013186759090734733,0.00013186759090734733,False,0.5755684863537648,2.4816452121383423,6.609527467068187e-09,15.0
Súper,389,2024-08-05,calma,sin_evento,ridge_log_cv,4.186654795636048e-06,3.8858139889711515e-05,3.8858139889711515e-05,False,0.15629439133947365,1.3357575668972106,6.609527467068187e-09,15000.0
Súper,389,2024-08-05,calma,sin_evento,nnls_base_no_negativa,4.186654795636048e-06,1.4707703789648347e-05,1.4707703789648347e-05,False,0.04742747373843872,0.5411266560114383,6.609527467068187e-09,
Súper,389,2024-08-05,calma,sin_evento,ngrc_softplus_cv,4.186654795636048e-06,8.222074241835169e-05,8.222074241835169e-05,False,0.35176717108110117,2.0284252651292176,6.609527467068187e-09,0.021544346900318822
Súper,389,2024-08-05,calma,sin_evento,ssrc_recurrente_log_cv,4.186654795636048e-06,3.5389899201201735e-05,3.5389899201201735e-05,False,0.14066002880903622,1.2528252489858036,6.609527467068187e-09,15000.0
Súper,389,2024-08-05,calma,sin_evento,naive,4.186654795636048e-06,5.528867714298031e-07,5.528867714298031e-07,False,0.016380537495614914,4.547850707994614,6.609527467068187e-09,
Súper,389,2024-08-05,calma,sin_evento,ewma_094,4.186654795636048e-06,8.341690810861351e-05,8.341690810861351e-05,False,0.35715932512334553,2.0421385096120606,6.609527467068187e-09,0.94
Súper,389,2024-08-05,calma,sin_evento,garch_11,4.186654795636048e-06,7.325044306834741e-05,7.325044306834741e-05,False,0.3113302681553201,1.9191376108151927,6.609527467068187e-09,
Súper,389,2024-08-05,calma,sin_evento,gjr_garch_11,4.186654795636048e-06,7.32391971626764e-05,7.32391971626764e-05,False,0.3112795731251781,1.9189928484601153,6.609527467068187e-09,
Súper,393,2024-09-02,calma,sin_evento,ols_clip_legacy,0.00014541263928931174,0.00012315439494920165,0.00012315439494920165,False,0.10023373388294284,0.014597793000321824,7.0009701640936246e-09,
Súper,393,2024-09-02,calma,sin_evento,ridge_cv_clip,0.00014541263928931174,0.00012315524089096176,0.00012315524089096176,False,0.10022992442250347,0.014596551575844385,7.0009701640936246e-09,0.00015
Súper,393,2024-09-02,calma,sin_evento,ridge_log_cv,0.00014541263928931174,4.069142290292874e-05,4.069142290292874e-05,False,0.4715825010625644,1.299987048930638,7.0009701640936246e-09,15000.0
Súper,393,2024-09-02,calma,sin_evento,nnls_base_no_negativa,0.00014541263928931174,0.00022010979208319652,0.00022010979208319652,False,0.33637758758284597,0.0751878359085032,7.0009701640936246e-09,
Súper,393,2024-09-02,calma,sin_evento,ngrc_softplus_cv,0.00014541263928931174,5.708825386808668e-05,5.708825386808668e-05,False,0.3977439913233408,0.6121780351480046,7.0009701640936246e-09,0.001
Súper,393,2024-09-02,calma,sin_evento,ssrc_recurrente_log_cv,0.00014541263928931174,3.74877027344175e-05,3.74877027344175e-05,False,0.48600955244627586,1.5233798543897041,7.0009701640936246e-09,15000.0
Súper,393,2024-09-02,calma,sin_evento,naive,0.00014541263928931174,0.0001267155364288757,0.0001267155364288757,False,0.0841971362996407,0.00992099378782374,7.0009701640936246e-09,
Súper,393,2024-09-02,calma,sin_evento,ewma_094,0.00014541263928931174,7.615697200711105e-05,7.615697200711105e-05,False,0.3118733902898381,0.2626016686094794,7.0009701640936246e-09,0.94
Súper,393,2024-09-02,calma,sin_evento,garch_11,0.00014541263928931174,0.0002011493296454267,0.0002011493296454267,False,0.2509944856074476,0.047380970082841145,7.0009701640936246e-09,
Súper,393,2024-09-02,calma,sin_evento,gjr_garch_11,0.00014541263928931174,0.00018079344400836176,0.00018079344400836176,False,0.15932748830432183,0.02208230947788059,7.0009701640936246e-09,
Súper,397,2024-09-30,calma,sin_evento,ols_clip_legacy,8.149673353796416e-05,0.00027606793426104836,0.00027606793426104836,False,0.8537510137416761,0.5152893925255939,9.059003582024907e-09,
Súper,397,2024-09-30,calma,sin_evento,ridge_cv_clip,8.149673353796416e-05,0.00027606756174347174,0.00027606756174347174,False,0.8537493791870374,0.5152884414970167,9.059003582024907e-09,0.00015
Súper,397,2024-09-30,calma,sin_evento,ridge_log_cv,8.149673353796416e-05,5.3401662804960336e-05,5.3401662804960336e-05,False,0.12327721178831348,0.10338748176991919,9.059003582024907e-09,15000.0
Súper,397,2024-09-30,calma,sin_evento,nnls_base_no_negativa,8.149673353796416e-05,0.0003492951504654455,0.0003492951504654455,False,1.1750617207509881,0.6886720062525318,9.059003582024907e-09,
Súper,397,2024-09-30,calma,sin_evento,ngrc_softplus_cv,8.149673353796416e-05,7.376937975625019e-05,7.376937975625019e-05,False,0.033906539612037094,0.0051309494341225115,9.059003582024907e-09,1e-07
Súper,397,2024-09-30,calma,sin_evento,ssrc_recurrente_log_cv,8.149673353796416e-05,5.99150746868136e-05,5.99150746868136e-05,False,0.09469727818876943,0.052569352555492,9.059003582024907e-09,15000.0
Súper,397,2024-09-30,calma,sin_evento,naive,8.149673353796416e-05,0.0002692472297018482,0.0002692472297018482,False,0.8238227231713916,0.49775073428281,9.059003582024907e-09,
Súper,397,2024-09-30,calma,sin_evento,ewma_094,8.149673353796416e-05,0.00013514973418927225,0.00013514973418927225,False,0.23542180716420158,0.10883104891007944,9.059003582024907e-09,0.94
Súper,397,2024-09-30,calma,sin_evento,garch_11,8.149673353796416e-05,0.0002855832113065658,0.0002855832113065658,False,0.8955027087173631,0.5393399882511858,9.059003582024907e-09,
Súper,397,2024-09-30,calma,sin_evento,gjr_garch_11,8.149673353796416e-05,0.0003312861107161294,0.0003312861107161294,False,1.0960405917999725,0.6484205020862974,9.059003582024907e-09,
Súper,401,2024-10-28,calma,sin_evento,ols_clip_legacy,8.253622298935139e-07,-4.691420160576685e-05,9.940810846276846e-09,True,0.0035172363913157124,77.60848289760241,9.940810846276846e-09,
Súper,401,2024-10-28,calma,sin_evento,ridge_cv_clip,8.253622298935139e-07,0.00017215604730348906,0.00017215604730348906,False,0.7390172816333549,4.345128507752715,9.940810846276846e-09,150.0
Súper,401,2024-10-28,calma,sin_evento,ridge_log_cv,8.253622298935139e-07,6.619446071597535e-05,6.619446071597535e-05,False,0.28196288041021983,3.3969984576508567,9.940810846276846e-09,15000.0
Súper,401,2024-10-28,calma,sin_evento,nnls_base_no_negativa,8.253622298935139e-07,0.00021080640990128098,0.00021080640990128098,False,0.9057316439140769,4.546788407721509,9.940810846276846e-09,
Súper,401,2024-10-28,calma,sin_evento,ngrc_softplus_cv,8.253622298935139e-07,9.621385247183003e-07,9.621385247183003e-07,False,0.0005899704746401774,0.01117745008544202,9.940810846276846e-09,1e-07
Súper,401,2024-10-28,calma,sin_evento,ssrc_recurrente_log_cv,8.253622298935139e-07,6.232982175282912e-05,6.232982175282912e-05,False,0.26529315788029556,3.3376147648337673,9.940810846276846e-09,15000.0
Súper,401,2024-10-28,calma,sin_evento,naive,8.253622298935139e-07,0.00011343971521796516,0.00011343971521796516,False,0.4857504245803647,3.930480253233963,9.940810846276846e-09,
Súper,401,2024-10-28,calma,sin_evento,ewma_094,8.253622298935139e-07,0.00013133306053529647,0.00013133306053529647,False,0.5629315285376676,4.07595396299438,9.940810846276846e-09,0.94
Súper,401,2024-10-28,calma,sin_evento,garch_11,8.253622298935139e-07,0.00020662947148674822,0.00020662947148674822,False,0.8877148498334837,4.5268545260769075,9.940810846276846e-09,
Súper,401,2024-10-28,calma,sin_evento,gjr_garch_11,8.253622298935139e-07,0.00020662977141584435,0.00020662977141584435,False,0.8877161435467797,4.526855971808918,9.940810846276846e-09,
Súper,405,2024-11-25,calma,sin_evento,ols_clip_legacy,1.0418707828997136e-06,0.0002065364119654701,0.0002065364119654701,False,0.8823844813826742,4.2945032886830425,9.940810846276846e-09,
Súper,405,2024-11-25,calma,sin_evento,ridge_cv_clip,1.0418707828997136e-06,0.00018946708741882985,0.00018946708741882985,False,0.8090895558777761,4.208696355282147,9.940810846276846e-09,150.0
Súper,405,2024-11-25,calma,sin_evento,ridge_log_cv,1.0418707828997136e-06,6.137678779410448e-05,6.137678779410448e-05,False,0.2590754681356674,3.0929887847165576,9.940810846276846e-09,1500.0
Súper,405,2024-11-25,calma,sin_evento,nnls_base_no_negativa,1.0418707828997136e-06,0.0001385400102402144,0.0001385400102402144,False,0.5904109363583224,3.8976615998289956,9.940810846276846e-09,
Súper,405,2024-11-25,calma,sin_evento,ngrc_softplus_cv,1.0418707828997136e-06,0.00015279255959224302,0.00015279255959224302,False,0.6516107536186625,3.994882112972813,9.940810846276846e-09,1e-07
Súper,405,2024-11-25,calma,sin_evento,ssrc_recurrente_log_cv,1.0418707828997136e-06,5.624653565150738e-05,5.624653565150738e-05,False,0.23704639208256661,3.0072498119338142,9.940810846276846e-09,1500.0
Súper,405,2024-11-25,calma,sin_evento,naive,1.0418707828997136e-06,6.456829062239979e-05,6.456829062239979e-05,False,0.2727796402843315,3.142841457275795,9.940810846276846e-09,
Súper,405,2024-11-25,calma,sin_evento,ewma_094,1.0418707828997136e-06,0.0001072681829874345,0.0001072681829874345,False,0.45613109167954213,3.6440269210823946,9.940810846276846e-09,0.94
Súper,405,2024-11-25,calma,sin_evento,garch_11,1.0418707828997136e-06,0.00013484277110730074,0.00013484277110730074,False,0.5745351548603346,3.870818074482795,9.940810846276846e-09,
Súper,405,2024-11-25,calma,sin_evento,gjr_garch_11,1.0418707828997136e-06,0.00014285123509595794,0.00014285123509595794,False,0.6089231454251296,3.9280792449292754,9.940810846276846e-09,
Súper,409,2024-12-23,calma,sin_evento,ols_clip_legacy,4.0895859084096064e-05,0.0001247615061649907,0.0001247615061649907,False,0.39936430071883033,0.443167435314636,9.50781744773934e-09,
Súper,409,2024-12-23,calma,sin_evento,ridge_cv_clip,4.0895859084096064e-05,0.0001580822748940186,0.0001580822748940186,False,0.5580362476489766,0.6107866507655906,9.50781744773934e-09,150.0
Súper,409,2024-12-23,calma,sin_evento,ridge_log_cv,4.0895859084096064e-05,4.7688202311607525e-05,4.7688202311607525e-05,False,0.032344821720398514,0.011222862684377999,9.50781744773934e-09,150.0
Súper,409,2024-12-23,calma,sin_evento,nnls_base_no_negativa,4.0895859084096064e-05,4.73723682807986e-05,4.73723682807986e-05,False,0.030840834793122416,0.010295385263857648,9.50781744773934e-09,
Súper,409,2024-12-23,calma,sin_evento,ngrc_softplus_cv,4.0895859084096064e-05,0.00010170915409707897,0.00010170915409707897,False,0.28959007510955664,0.313174812851289,9.50781744773934e-09,0.021544346900318822
Súper,409,2024-12-23,calma,sin_evento,ssrc_recurrente_log_cv,4.0895859084096064e-05,5.303413918518545e-05,5.303413918518545e-05,False,0.057801923829729596,0.031030303508870594,9.50781744773934e-09,1500.0
Súper,409,2024-12-23,calma,sin_evento,naive,4.0895859084096064e-05,8.695449873477855e-06,8.695449873477855e-06,False,0.15333684714618126,2.1549042837117067,9.50781744773934e-09,
Súper,409,2024-12-23,calma,sin_evento,ewma_094,4.0895859084096064e-05,8.498064251434453e-05,8.498064251434453e-05,False,0.20992968300811024,0.21263203097230465,9.50781744773934e-09,0.94
Súper,409,2024-12-23,calma,sin_evento,garch_11,4.0895859084096064e-05,5.3268352751460934e-05,5.3268352751460934e-05,False,0.05891723791088428,0.032046337379833645,9.50781744773934e-09,
Súper,409,2024-12-23,calma,sin_evento,gjr_garch_11,4.0895859084096064e-05,5.327029738793756e-05,5.327029738793756e-05,False,0.058926498179107,0.032054816980646716,9.50781744773934e-09,
Súper,413,2025-01-20,calma,sin_evento,ols_clip_legacy,0.0001444198523150173,0.00016560624899219275,0.00016560624899219275,False,0.1392010781553043,0.008955927868173008,8.260065266930846e-09,
Súper,413,2025-01-20,calma,sin_evento,ridge_cv_clip,0.0001444198523150173,0.00016560622794178502,0.00016560622794178502,False,0.13920093984771495,0.008955911606545408,8.260065266930846e-09,0.00015
Súper,413,2025-01-20,calma,sin_evento,ridge_log_cv,0.0001444198523150173,5.859264333954287e-05,5.859264333954287e-05,False,0.563910900305084,0.562696482433469,8.260065266930846e-09,15.0
Súper,413,2025-01-20,calma,sin_evento,nnls_base_no_negativa,0.0001444198523150173,0.00019539738936526457,0.00019539738936526457,False,0.3349379428329688,0.04141908318405463,8.260065266930846e-09,
Súper,413,2025-01-20,calma,sin_evento,ngrc_softplus_cv,0.0001444198523150173,0.00015816853153090505,0.00015816853153090505,False,0.09033300939393853,0.004012182532316277,8.260065266930846e-09,1e-07
Súper,413,2025-01-20,calma,sin_evento,ssrc_recurrente_log_cv,0.0001444198523150173,6.204072379236527e-05,6.204072379236527e-05,False,0.5412559616709841,0.4828897663007363,8.260065266930846e-09,150.0
Súper,413,2025-01-20,calma,sin_evento,naive,0.0001444198523150173,0.00015040509352655783,0.00015040509352655783,False,0.03932485747156684,0.0008134399709485152,8.260065266930846e-09,
Súper,413,2025-01-20,calma,sin_evento,ewma_094,0.0001444198523150173,7.977846027519813e-05,7.977846027519813e-05,False,0.4247136312281186,0.2167900618181986,8.260065266930846e-09,0.94
Súper,413,2025-01-20,calma,sin_evento,garch_11,0.0001444198523150173,0.0001787935727370909,0.0001787935727370909,False,0.22584581115279853,0.021253547627679392,8.260065266930846e-09,
Súper,413,2025-01-20,calma,sin_evento,gjr_garch_11,0.0001444198523150173,0.000171178725608111,0.000171178725608111,False,0.17581394653262084,0.013662235814957846,8.260065266930846e-09,
Súper,417,2025-02-17,calma,sin_evento,ols_clip_legacy,1.1982272449812675e-05,5.937047331321484e-05,5.937047331321484e-05,False,0.3215374719873453,0.8021908394436061,7.0009701640936246e-09,
Súper,417,2025-02-17,calma,sin_evento,ridge_cv_clip,1.1982272449812675e-05,5.9372166328583746e-05,5.9372166328583746e-05,False,0.3215489594013394,0.802213600136152,7.0009701640936246e-09,0.00015
Súper,417,2025-02-17,calma,sin_evento,ridge_log_cv,1.1982272449812675e-05,4.500487144035608e-05,4.500487144035608e-05,False,0.22406427769811058,0.589586375558347,7.0009701640936246e-09,150.0
Súper,417,2025-02-17,calma,sin_evento,nnls_base_no_negativa,1.1982272449812675e-05,5.649408543930954e-05,5.649408543930954e-05,False,0.3020206625584219,0.7628055100298925,7.0009701640936246e-09,
Súper,417,2025-02-17,calma,sin_evento,ngrc_softplus_cv,1.1982272449812675e-05,7.4221103075317e-05,7.4221103075317e-05,False,0.4223016678024709,0.9850604928146593,7.0009701640936246e-09,0.001
Súper,417,2025-02-17,calma,sin_evento,ssrc_recurrente_log_cv,1.1982272449812675e-05,5.6365367699888956e-05,5.6365367699888956e-05,False,0.30114728952928915,0.7610088351770652,7.0009701640936246e-09,1500.0
Súper,417,2025-02-17,calma,sin_evento,naive,1.1982272449812675e-05,1.416449685115922e-05,1.416449685115922e-05,False,0.01480678532912952,0.01324738410040971,7.0009701640936246e-09,
Súper,417,2025-02-17,calma,sin_evento,ewma_094,1.1982272449812675e-05,7.494103146958636e-05,7.494103146958636e-05,False,0.427186511533351,0.9931626407418226,7.0009701640936246e-09,0.94
Súper,417,2025-02-17,calma,sin_evento,garch_11,1.1982272449812675e-05,6.695155624963033e-05,6.695155624963033e-05,False,0.37297648418635015,0.8995103446124117,7.0009701640936246e-09,
Súper,417,2025-02-17,calma,sin_evento,gjr_garch_11,1.1982272449812675e-05,6.550358368848856e-05,6.550358368848856e-05,False,0.363151729746767,0.881602041169502,7.0009701640936246e-09,
Súper,421,2025-03-17,calma,sin_evento,ols_clip_legacy,0.0001283793050358688,0.00010732511741711322,0.00010732511741711322,False,0.1462261393106897,0.01704554926127755,6.425952511892772e-09,
Súper,421,2025-03-17,calma,sin_evento,ridge_cv_clip,0.0001283793050358688,0.00010901034302815524,0.00010901034302815524,False,0.1345218627348197,0.014133604426204815,6.425952511892772e-09,0.15
Súper,421,2025-03-17,calma,sin_evento,ridge_log_cv,0.0001283793050358688,4.289580433428206e-05,4.289580433428206e-05,False,0.5937024267429074,0.8966021111843172,6.425952511892772e-09,150.0
Súper,421,2025-03-17,calma,sin_evento,nnls_base_no_negativa,0.0001283793050358688,7.173981621773786e-05,7.173981621773786e-05,False,0.3933741796348535,0.20756930768205706,6.425952511892772e-09,
Súper,421,2025-03-17,calma,sin_evento,ngrc_softplus_cv,0.0001283793050358688,0.00010705902177449767,0.00010705902177449767,False,0.14807423429358071,0.01753621944603201,6.425952511892772e-09,2.1544346900318822e-06
Súper,421,2025-03-17,calma,sin_evento,ssrc_recurrente_log_cv,0.0001283793050358688,4.8517001122294555e-05,4.8517001122294555e-05,False,0.5546619318304136,0.6729935035776884,6.425952511892772e-09,1500.0
Súper,421,2025-03-17,calma,sin_evento,naive,0.0001283793050358688,4.333315586099189e-05,4.333315586099189e-05,False,0.590664920550294,0.8765403441340054,6.425952511892772e-09,
Súper,421,2025-03-17,calma,sin_evento,ewma_094,0.0001283793050358688,6.28440777997344e-05,6.28440777997344e-05,False,0.45515711368753825,0.3284901423901161,6.425952511892772e-09,0.94
Súper,421,2025-03-17,calma,sin_evento,garch_11,0.0001283793050358688,7.26948508006104e-05,7.26948508006104e-05,False,0.38674124643930985,0.19728408234118566,6.425952511892772e-09,
Súper,421,2025-03-17,calma,sin_evento,gjr_garch_11,0.0001283793050358688,7.569895537073095e-05,7.569895537073095e-05,False,0.36587705441591367,0.16769426842779644,6.425952511892772e-09,
Súper,425,2025-04-14,calma,sin_evento,ols_clip_legacy,9.515358790181035e-09,0.00016387783673217757,0.00016387783673217757,False,1.1963168155771067,8.754027387103486,6.425952511892772e-09,
Súper,425,2025-04-14,calma,sin_evento,ridge_cv_clip,9.515358790181035e-09,0.00016387511912779754,0.00016387511912779754,False,1.1962969757704212,8.754010804817739,6.425952511892772e-09,0.00015
Súper,425,2025-04-14,calma,sin_evento,ridge_log_cv,9.515358790181035e-09,6.43475339864861e-05,6.43475339864861e-05,False,0.4696981876676846,7.819294557005982,6.425952511892772e-09,0.00015
Súper,425,2025-04-14,calma,sin_evento,nnls_base_no_negativa,9.515358790181035e-09,0.00018958136680170845,0.00018958136680170845,False,1.3839648306672607,8.899716571149504,6.425952511892772e-09,
Súper,425,2025-04-14,calma,sin_evento,ngrc_softplus_cv,9.515358790181035e-09,0.00015182241096231214,0.00015182241096231214,False,1.1083064640548643,8.677622234228693,6.425952511892772e-09,1e-07
Súper,425,2025-04-14,calma,sin_evento,ssrc_recurrente_log_cv,9.515358790181035e-09,4.139316154198308e-05,4.139316154198308e-05,False,0.30212033298393953,7.378193635693879,6.425952511892772e-09,1500.0
Súper,425,2025-04-14,calma,sin_evento,naive,9.515358790181035e-09,0.00014811224557906942,0.00014811224557906942,False,1.081220489173656,8.652882717723879,6.425952511892772e-09,
Súper,425,2025-04-14,calma,sin_evento,ewma_094,9.515358790181035e-09,6.59634609605059e-05,6.59634609605059e-05,False,0.4814952244320977,7.844093289970862,6.425952511892772e-09,0.94
Súper,425,2025-04-14,calma,sin_evento,garch_11,9.515358790181035e-09,0.00018757513594589646,0.00018757513594589646,False,1.3693183896186047,8.889078289534721,6.425952511892772e-09,
Súper,425,2025-04-14,calma,sin_evento,gjr_garch_11,9.515358790181035e-09,0.0001693400088577015,0.0001693400088577015,False,1.2361932743616662,8.786812842466055,6.425952511892772e-09,
Súper,429,2025-05-12,calma,sin_evento,ols_clip_legacy,6.375816887948583e-05,0.00019979041211507802,0.00019979041211507802,False,1.018356431580585,0.4612968308830676,5.90324661160318e-09,
Súper,429,2025-05-12,calma,sin_evento,ridge_cv_clip,6.375816887948583e-05,0.00019978950386866367,0.00019978950386866367,False,1.018349632320678,0.4612937356255229,5.90324661160318e-09,0.00015
Súper,429,2025-05-12,calma,sin_evento,ridge_log_cv,6.375816887948583e-05,4.283841172976097e-05,4.283841172976097e-05,False,0.15660823297334417,0.09067895632031098,5.90324661160318e-09,150.0
Súper,429,2025-05-12,calma,sin_evento,nnls_base_no_negativa,6.375816887948583e-05,0.00010008714697247383,0.00010008714697247383,False,0.2719638198546205,0.0879705005399809,5.90324661160318e-09,
Súper,429,2025-05-12,calma,sin_evento,ngrc_softplus_cv,6.375816887948583e-05,0.00020142468018568874,0.00020142468018568874,False,1.030590791325362,0.46685423212568433,5.90324661160318e-09,1e-07
Súper,429,2025-05-12,calma,sin_evento,ssrc_recurrente_log_cv,6.375816887948583e-05,5.024509495572532e-05,5.024509495572532e-05,False,0.10116076463469563,0.030758760542394015,5.90324661160318e-09,1500.0
Súper,429,2025-05-12,calma,sin_evento,naive,6.375816887948583e-05,0.00010580010917324627,0.00010580010917324627,False,0.3147318553008755,0.10908280980740703,5.90324661160318e-09,
Súper,429,2025-05-12,calma,sin_evento,ewma_094,6.375816887948583e-05,5.993162676717209e-05,5.993162676717209e-05,False,0.028646030368255217,0.0019555040739427376,5.90324661160318e-09,0.94
Súper,429,2025-05-12,calma,sin_evento,garch_11,6.375816887948583e-05,9.302833524961674e-05,9.302833524961674e-05,False,0.21912056632656912,0.06316970368043373,5.90324661160318e-09,
Súper,429,2025-05-12,calma,sin_evento,gjr_garch_11,6.375816887948583e-05,0.00010068541228839425,0.00010068541228839425,False,0.27644251782921764,0.09014498563902729,5.90324661160318e-09,
Súper,433,2025-06-09,calma,sin_evento,ols_clip_legacy,1.0598699951692792e-05,4.662120974828439e-05,4.662120974828439e-05,False,0.2950029855257231,0.7086606769919506,5.90324661160318e-09,
Súper,433,2025-06-09,calma,sin_evento,ridge_cv_clip,1.0598699951692792e-05,4.672051989999221e-05,4.672051989999221e-05,False,0.2958162767542425,0.7103053297704862,5.90324661160318e-09,0.15
Súper,433,2025-06-09,calma,sin_evento,ridge_log_cv,1.0598699951692792e-05,2.8717399804557248e-05,2.8717399804557248e-05,False,0.14838140320098514,0.3658407841810405,5.90324661160318e-09,0.00015
Súper,433,2025-06-09,calma,sin_evento,nnls_base_no_negativa,1.0598699951692792e-05,5.231278458778993e-05,5.231278458778993e-05,False,0.3416136070365011,0.7991119219724363,5.90324661160318e-09,
Súper,433,2025-06-09,calma,sin_evento,ngrc_softplus_cv,1.0598699951692792e-05,4.903065122383681e-05,4.903065122383681e-05,False,0.3147348818525227,0.7478790705350151,5.90324661160318e-09,1e-07
Súper,433,2025-06-09,calma,sin_evento,ssrc_recurrente_log_cv,1.0598699951692792e-05,2.293083991948567e-05,2.293083991948567e-05,False,0.10099291051519732,0.2339542453105663,5.90324661160318e-09,150.0
Súper,433,2025-06-09,calma,sin_evento,naive,1.0598699951692792e-05,2.826616403667649e-06,2.826616403667649e-06,False,0.06364875360904788,1.4279557834388363,5.90324661160318e-09,
Súper,433,2025-06-09,calma,sin_evento,ewma_094,1.0598699951692792e-05,5.4559224587943976e-05,5.4559224587943976e-05,False,0.36001061797749206,0.8328159117171978,5.90324661160318e-09,0.94
Súper,433,2025-06-09,calma,sin_evento,garch_11,1.0598699951692792e-05,5.603987562119421e-05,5.603987562119421e-05,False,0.37213627157012136,0.8544599823660264,5.90324661160318e-09,
Súper,433,2025-06-09,calma,sin_evento,gjr_garch_11,1.0598699951692792e-05,5.525217810206926e-05,5.525217810206926e-05,False,0.3656854961759246,0.8430005258697684,5.90324661160318e-09,
Súper,437,2025-07-07,calma,sin_evento,ols_clip_legacy,4.19339445420311e-05,6.158375685029782e-05,6.158375685029782e-05,False,0.1813189888844575,0.0652279215258802,5.452251560976614e-09,
Súper,437,2025-07-07,calma,sin_evento,ridge_cv_clip,4.19339445420311e-05,6.158280550913409e-05,6.158280550913409e-05,False,0.1813102103671269,0.06522299252911945,5.452251560976614e-09,0.00015
Súper,437,2025-07-07,calma,sin_evento,ridge_log_cv,4.19339445420311e-05,3.352567106625385e-05,3.352567106625385e-05,False,0.07758749147189263,0.02701686375906287,5.452251560976614e-09,150.0
Súper,437,2025-07-07,calma,sin_evento,nnls_base_no_negativa,4.19339445420311e-05,8.088693612693421e-05,8.088693612693421e-05,False,0.35943941536927715,0.17538336311049552,5.452251560976614e-09,
Súper,437,2025-07-07,calma,sin_evento,ngrc_softplus_cv,4.19339445420311e-05,7.680148598955861e-05,7.680148598955861e-05,False,0.32174085232828725,0.15113269592277012,5.452251560976614e-09,1e-07
Súper,437,2025-07-07,calma,sin_evento,ssrc_recurrente_log_cv,4.19339445420311e-05,3.23630583794289e-05,3.23630583794289e-05,False,0.08831552049996927,0.036656877783478814,5.452251560976614e-09,150.0
Súper,437,2025-07-07,calma,sin_evento,naive,4.19339445420311e-05,2.361999531750092e-05,2.361999531750092e-05,False,0.16899228876990832,0.2013558498597514,5.452251560976614e-09,
Súper,437,2025-07-07,calma,sin_evento,ewma_094,4.19339445420311e-05,4.8082569895320576e-05,4.8082569895320576e-05,False,0.056736548654908146,0.008947720206407217,5.452251560976614e-09,0.94
Súper,437,2025-07-07,calma,sin_evento,garch_11,4.19339445420311e-05,6.618768509864636e-05,6.618768509864636e-05,False,0.2238018178189586,0.08995991840214423,5.452251560976614e-09,
Súper,437,2025-07-07,calma,sin_evento,gjr_garch_11,4.19339445420311e-05,6.529078136428525e-05,6.529078136428525e-05,False,0.2155256228258577,0.0850196218668895,5.452251560976614e-09,
Súper,441,2025-08-04,calma,sin_evento,ols_clip_legacy,4.925418361587504e-06,0.00019826648011244123,0.00019826648011244123,False,1.8695447864705994,2.720045183378283,5.000876699802509e-09,
Súper,441,2025-08-04,calma,sin_evento,ridge_cv_clip,4.925418361587504e-06,0.00019826488661173571,0.00019826488661173571,False,1.8695293778403308,2.7200373458437546,5.000876699802509e-09,0.00015
Súper,441,2025-08-04,calma,sin_evento,ridge_log_cv,4.925418361587504e-06,3.657403841210074e-05,3.657403841210074e-05,False,0.30603179727373475,1.1395992360840386,5.000876699802509e-09,1500.0
Súper,441,2025-08-04,calma,sin_evento,nnls_base_no_negativa,4.925418361587504e-06,9.207156532753239e-05,9.207156532753239e-05,False,0.8426747181678984,1.9816524838951666,5.000876699802509e-09,
Súper,441,2025-08-04,calma,sin_evento,ngrc_softplus_cv,4.925418361587504e-06,0.00018882579556926397,0.00018882579556926397,False,1.7782564568805055,2.6725001130092134,5.000876699802509e-09,2.1544346900318822e-06
Súper,441,2025-08-04,calma,sin_evento,ssrc_recurrente_log_cv,4.925418361587504e-06,3.746744873161519e-05,3.746744873161519e-05,False,0.3146707826496382,1.1605219048153912,5.000876699802509e-09,150.0
Súper,441,2025-08-04,calma,sin_evento,naive,4.925418361587504e-06,8.17106123499188e-05,8.17106123499188e-05,False,0.7424876940212857,1.869053478612463,5.000876699802509e-09,
Súper,441,2025-08-04,calma,sin_evento,ewma_094,4.925418361587504e-06,4.6473093034772445e-05,4.6473093034772445e-05,False,0.40175241550770313,1.3504485859117064,5.000876699802509e-09,0.94
Súper,441,2025-08-04,calma,sin_evento,garch_11,4.925418361587504e-06,0.0001064487541848524,0.0001064487541848524,False,0.9816974287545548,2.119524794601011,5.000876699802509e-09,
Súper,441,2025-08-04,calma,sin_evento,gjr_garch_11,4.925418361587504e-06,9.993253146730145e-05,9.993253146730145e-05,False,0.9186876878399358,2.0593734925535148,5.000876699802509e-09,
Súper,445,2025-09-01,calma,sin_evento,ols_clip_legacy,7.62771657966259e-05,5.179019455310506e-05,5.179019455310506e-05,False,0.2374918430130304,0.08563816524098433,5.0559025362592846e-09,
Súper,445,2025-09-01,calma,sin_evento,ridge_cv_clip,7.62771657966259e-05,5.648269334005497e-05,5.648269334005497e-05,False,0.1919806944856674,0.05001264698172614,5.0559025362592846e-09,1.5
Súper,445,2025-09-01,calma,sin_evento,ridge_log_cv,7.62771657966259e-05,2.8047348371961735e-05,2.8047348371961735e-05,False,0.46776663861179624,0.7191061078223369,5.0559025362592846e-09,150.0
Súper,445,2025-09-01,calma,sin_evento,nnls_base_no_negativa,7.62771657966259e-05,2.8963530900878957e-05,2.8963530900878957e-05,False,0.4588808570602513,0.665222800703221,5.0559025362592846e-09,
Súper,445,2025-09-01,calma,sin_evento,ngrc_softplus_cv,7.62771657966259e-05,6.162747592727715e-05,6.162747592727715e-05,False,0.14208298004848333,0.024447795579100484,5.0559025362592846e-09,0.001
Súper,445,2025-09-01,calma,sin_evento,ssrc_recurrente_log_cv,7.62771657966259e-05,2.688800784167304e-05,2.688800784167304e-05,False,0.47901073721753207,0.7941538099104433,5.0559025362592846e-09,150.0
Súper,445,2025-09-01,calma,sin_evento,naive,7.62771657966259e-05,3.4230153855990694e-06,3.4230153855990694e-06,False,0.7065907122687295,18.179765801780697,5.0559025362592846e-09,
Súper,445,2025-09-01,calma,sin_evento,ewma_094,7.62771657966259e-05,4.182400753526015e-05,4.182400753526015e-05,False,0.33415092343347214,0.222862005061796,5.0559025362592846e-09,0.94
Súper,445,2025-09-01,calma,sin_evento,garch_11,7.62771657966259e-05,4.079196124540393e-05,4.079196124540393e-05,False,0.3441604331035408,0.2440182108430855,5.0559025362592846e-09,
Súper,445,2025-09-01,calma,sin_evento,gjr_garch_11,7.62771657966259e-05,4.1058011629807454e-05,4.1058011629807454e-05,False,0.3415800896426059,0.23840241741620583,5.0559025362592846e-09,
Súper,449,2025-09-29,calma,sin_evento,ols_clip_legacy,5.206627733384933e-06,7.675743910988743e-05,7.675743910988743e-05,False,0.7084168075715909,1.7585501532391272,4.94811143167093e-09,
Súper,449,2025-09-29,calma,sin_evento,ridge_cv_clip,5.206627733384933e-06,8.405537540090568e-05,8.405537540090568e-05,False,0.7806728816772975,1.8434862633385878,4.94811143167093e-09,15.0
Súper,449,2025-09-29,calma,sin_evento,ridge_log_cv,5.206627733384933e-06,3.255684309263317e-05,3.255684309263317e-05,False,0.2707915099556376,0.9929794215679579,4.94811143167093e-09,1500.0
Súper,449,2025-09-29,calma,sin_evento,nnls_base_no_negativa,5.206627733384933e-06,9.785551734121214e-05,9.785551734121214e-05,False,0.9173065872818893,1.9867669984507872,4.94811143167093e-09,
Súper,449,2025-09-29,calma,sin_evento,ngrc_softplus_cv,5.206627733384933e-06,8.282126059615627e-05,8.282126059615627e-05,False,0.768454045114327,1.829618256149045,4.94811143167093e-09,0.021544346900318822
Súper,449,2025-09-29,calma,sin_evento,ssrc_recurrente_log_cv,5.206627733384933e-06,3.247931509272723e-05,3.247931509272723e-05,False,0.27002391365401396,0.9909770082695286,4.94811143167093e-09,1500.0
Súper,449,2025-09-29,calma,sin_evento,naive,5.206627733384933e-06,6.914687670335187e-05,6.914687670335187e-05,False,0.633065456271152,1.6615986018071554,4.94811143167093e-09,
Súper,449,2025-09-29,calma,sin_evento,ewma_094,5.206627733384933e-06,4.186383548831811e-05,4.186383548831811e-05,False,0.362939030217154,1.2088604990442269,4.94811143167093e-09,0.94
Súper,449,2025-09-29,calma,sin_evento,garch_11,5.206627733384933e-06,9.570460360968535e-05,9.570460360968535e-05,False,0.8960106241790795,1.9657371301662598,4.94811143167093e-09,
Súper,449,2025-09-29,calma,sin_evento,gjr_garch_11,5.206627733384933e-06,8.837292573047307e-05,8.837292573047307e-05,False,0.8234204782755699,1.8905498227270714,4.94811143167093e-09,
Súper,453,2025-10-27,calma,sin_evento,ols_clip_legacy,6.682134570890102e-05,0.00014096045975175908,0.00014096045975175908,False,0.7627578274247732,0.22050003562200482,4.91029728160806e-09,
Súper,453,2025-10-27,calma,sin_evento,ridge_cv_clip,6.682134570890102e-05,0.0001395505512053264,0.0001395505512053264,False,0.748252410228623,0.21523687966602068,4.91029728160806e-09,15.0
Súper,453,2025-10-27,calma,sin_evento,ridge_log_cv,6.682134570890102e-05,3.3368745052621076e-05,3.3368745052621076e-05,False,0.3441669532703385,0.3081101073855239,4.91029728160806e-09,1500.0
Súper,453,2025-10-27,calma,sin_evento,nnls_base_no_negativa,6.682134570890102e-05,9.646030070711118e-05,9.646030070711118e-05,False,0.30493141459050405,0.05984311939658893,4.91029728160806e-09,
Súper,453,2025-10-27,calma,sin_evento,ngrc_softplus_cv,6.682134570890102e-05,0.0001433563167234965,0.0001433563167234965,False,0.7874068764750022,0.2294313734421518,4.91029728160806e-09,0.021544346900318822
Súper,453,2025-10-27,calma,sin_evento,ssrc_recurrente_log_cv,6.682134570890102e-05,3.8201445359369984e-05,3.8201445359369984e-05,False,0.29444717938094545,0.19003447993672928,4.91029728160806e-09,1500.0
Súper,453,2025-10-27,calma,sin_evento,naive,6.682134570890102e-05,9.676840858209434e-05,9.676840858209434e-05,False,0.3081012891751768,0.06082652474973749,4.91029728160806e-09,
Súper,453,2025-10-27,calma,sin_evento,ewma_094,6.682134570890102e-05,4.193539852940143e-05,4.193539852940143e-05,False,0.25603153273547014,0.12754306058631126,4.91029728160806e-09,0.94
Súper,453,2025-10-27,calma,sin_evento,garch_11,6.682134570890102e-05,9.105124352387479e-05,9.105124352387479e-05,False,0.24928196748331677,0.0432871265430641,4.91029728160806e-09,
Súper,453,2025-10-27,calma,sin_evento,gjr_garch_11,6.682134570890102e-05,9.105566005829828e-05,9.105566005829828e-05,False,0.24932740566052045,0.043300035167104234,4.91029728160806e-09,
Súper,457,2025-11-24,calma,sin_evento,ols_clip_legacy,0.00011692145357908651,0.0001271306010212424,0.0001271306010212424,False,0.12020096274120283,0.0034081338069202882,4.679316843747996e-09,
Súper,457,2025-11-24,calma,sin_evento,ridge_cv_clip,0.00011692145357908651,0.0001028832207359149,0.0001028832207359149,False,0.1652840369379628,0.008540418250534199,4.679316843747996e-09,15.0
Súper,457,2025-11-24,calma,sin_evento,ridge_log_cv,0.00011692145357908651,3.163299876745868e-05,3.163299876745868e-05,False,1.0041734079317362,1.3888846703201905,4.679316843747996e-09,15000.0
Súper,457,2025-11-24,calma,sin_evento,nnls_base_no_negativa,0.00011692145357908651,0.00010550012308278615,0.00010550012308278615,False,0.13447302325872326,0.005468677693039048,4.679316843747996e-09,
Súper,457,2025-11-24,calma,sin_evento,ngrc_softplus_cv,0.00011692145357908651,0.00010785935892990556,0.00010785935892990556,False,0.10669573609894205,0.00334346826309484,4.679316843747996e-09,0.021544346900318822
Súper,457,2025-11-24,calma,sin_evento,ssrc_recurrente_log_cv,0.00011692145357908651,2.290219029944177e-05,2.290219029944177e-05,False,1.1069686304819812,2.4749822125125123,4.679316843747996e-09,1500.0
Súper,457,2025-11-24,calma,sin_evento,naive,0.00011692145357908651,8.554961280912235e-05,8.554961280912235e-05,False,0.3693673232636846,0.054303427038871366,4.679316843747996e-09,
Súper,457,2025-11-24,calma,sin_evento,ewma_094,0.00011692145357908651,4.631318608964015e-05,4.631318608964015e-05,False,0.8313310957459906,0.5985067252135581,4.679316843747996e-09,0.94
Súper,457,2025-11-24,calma,sin_evento,garch_11,0.00011692145357908651,8.994413323028818e-05,8.994413323028818e-05,False,0.31762690239084607,0.03762054887272148,4.679316843747996e-09,
Súper,457,2025-11-24,calma,sin_evento,gjr_garch_11,0.00011692145357908651,8.564482927818603e-05,8.564482927818603e-05,False,0.3682462589128052,0.05389635285566996,4.679316843747996e-09,
Súper,461,2025-12-22,calma,sin_evento,ols_clip_legacy,0.00033020504210999634,0.00014924017047655686,0.00014924017047655686,False,2.2292583097050165,0.418417901246501,4.679316843747996e-09,
Súper,461,2025-12-22,calma,sin_evento,ridge_cv_clip,0.00033020504210999634,0.00013504623104705664,0.00013504623104705664,False,2.404109689064192,0.5510293069110275,4.679316843747996e-09,15.0
Súper,461,2025-12-22,calma,sin_evento,ridge_log_cv,0.00033020504210999634,3.023628903740527e-05,3.023628903740527e-05,False,3.695235596848063,7.530148101622078,4.679316843747996e-09,15000.0
Súper,461,2025-12-22,calma,sin_evento,nnls_base_no_negativa,0.00033020504210999634,0.00013675346205907645,0.00013675346205907645,False,2.383078762532548,0.5330669262380934,4.679316843747996e-09,
Súper,461,2025-12-22,calma,sin_evento,ngrc_softplus_cv,0.00033020504210999634,0.00014516396623411102,0.00014516396623411102,False,2.2794719898381066,0.45285401754895194,4.679316843747996e-09,0.021544346900318822
Súper,461,2025-12-22,calma,sin_evento,ssrc_recurrente_log_cv,0.00033020504210999634,3.0152035046683077e-05,3.0152035046683077e-05,False,3.69627349943793,7.557873795557978,4.679316843747996e-09,15000.0
Súper,461,2025-12-22,calma,sin_evento,naive,0.00033020504210999634,0.00014784350579070426,0.00014784350579070426,False,2.2464634519445292,0.4299173326101531,4.679316843747996e-09,
Súper,461,2025-12-22,calma,sin_evento,ewma_094,0.00033020504210999634,5.097863595992566e-05,5.097863595992566e-05,False,3.439716120485401,3.609014877792328,4.679316843747996e-09,0.94
Súper,461,2025-12-22,calma,sin_evento,garch_11,0.00033020504210999634,0.00011426308088397591,0.00011426308088397591,False,2.6601318097371065,0.8286561496555087,4.679316843747996e-09,
Súper,461,2025-12-22,calma,sin_evento,gjr_garch_11,0.00033020504210999634,0.00012969963354100646,0.00012969963354100646,False,2.469973007239851,0.6114286295325768,4.679316843747996e-09,
Súper,465,2026-01-19,calma,sin_evento,ols_clip_legacy,1.8196180448451777e-05,7.796567260139993e-05,7.796567260139993e-05,False,0.7636706666087177,0.6884440055527143,4.91029728160806e-09,
Súper,465,2026-01-19,calma,sin_evento,ridge_cv_clip,1.8196180448451777e-05,8.82848903333705e-05,8.82848903333705e-05,False,0.895518597725291,0.7854647963211125,4.91029728160806e-09,150.0
Súper,465,2026-01-19,calma,sin_evento,ridge_log_cv,1.8196180448451777e-05,3.0339780948284927e-05,3.0339780948284927e-05,False,0.15515794353758972,0.11099464674768678,4.91029728160806e-09,15000.0
Súper,465,2026-01-19,calma,sin_evento,nnls_base_no_negativa,1.8196180448451777e-05,6.951583242701381e-05,6.951583242701381e-05,False,0.6557076432288665,0.602098741535622,4.91029728160806e-09,
Súper,465,2026-01-19,calma,sin_evento,ngrc_softplus_cv,1.8196180448451777e-05,8.519483249976579e-05,8.519483249976579e-05,False,0.8560371425439455,0.7573122211727017,4.91029728160806e-09,0.46415888336127725
Súper,465,2026-01-19,calma,sin_evento,ssrc_recurrente_log_cv,1.8196180448451777e-05,2.9781642039655617e-05,2.9781642039655617e-05,False,0.14802664131199128,0.10366693177643649,4.91029728160806e-09,15000.0
Súper,465,2026-01-19,calma,sin_evento,naive,1.8196180448451777e-05,6.5764353478076e-05,6.5764353478076e-05,False,0.6077752562115444,0.5615538341395185,4.91029728160806e-09,
Súper,465,2026-01-19,calma,sin_evento,ewma_094,1.8196180448451777e-05,6.607593634422104e-05,6.607593634422104e-05,False,0.6117563289381445,0.5649757865602738,4.91029728160806e-09,0.94
Súper,465,2026-01-19,calma,sin_evento,garch_11,1.8196180448451777e-05,6.925218253114555e-05,6.925218253114555e-05,False,0.6523390067476696,0.5992954020865113,4.91029728160806e-09,
Súper,465,2026-01-19,calma,sin_evento,gjr_garch_11,1.8196180448451777e-05,7.347302453050926e-05,7.347302453050926e-05,False,0.7062684129915066,0.6433645937491064,4.91029728160806e-09,
Súper,469,2026-02-16,calma,sin_evento,ols_clip_legacy,0.0003820405216261996,0.00021807745819145576,0.00021807745819145576,False,2.075128980515366,0.19118063172568145,4.91029728160806e-09,
Súper,469,2026-02-16,calma,sin_evento,ridge_cv_clip,0.0003820405216261996,0.00015659268377216424,0.00015659268377216424,False,2.853284954093532,0.5478300103743978,4.91029728160806e-09,150.0
Súper,469,2026-02-16,calma,sin_evento,ridge_log_cv,0.0003820405216261996,3.118029652159579e-05,3.118029652159579e-05,False,4.440513649676223,8.746886006636629,4.91029728160806e-09,15000.0
Súper,469,2026-02-16,calma,sin_evento,nnls_base_no_negativa,0.0003820405216261996,0.00024381150984992622,0.00024381150984992622,False,1.749436868743955,0.11781905842028095,4.91029728160806e-09,
Súper,469,2026-02-16,calma,sin_evento,ngrc_softplus_cv,0.0003820405216261996,0.0001715364065264023,0.0001715364065264023,False,2.664156064241775,0.4264375820553621,4.91029728160806e-09,0.46415888336127725
Súper,469,2026-02-16,calma,sin_evento,ssrc_recurrente_log_cv,0.0003820405216261996,3.245984581142639e-05,3.245984581142639e-05,False,4.424319576708184,8.304111646812602,4.91029728160806e-09,15000.0
Súper,469,2026-02-16,calma,sin_evento,naive,0.0003820405216261996,0.0002872875270319984,0.0002872875270319984,False,1.1992010941616615,0.044776251971919034,4.91029728160806e-09,
Súper,469,2026-02-16,calma,sin_evento,ewma_094,0.0003820405216261996,8.020979481613452e-05,8.020979481613452e-05,False,3.819992596459753,2.202134776730993,4.91029728160806e-09,0.94
Súper,469,2026-02-16,calma,sin_evento,garch_11,0.0003820405216261996,0.00021021215327544926,0.00021021215327544926,False,2.1746728767435,0.21999513343635657,4.91029728160806e-09,
Súper,469,2026-02-16,calma,sin_evento,gjr_garch_11,0.0003820405216261996,0.0001862844473898872,0.0001862844473898872,False,2.47750373925748,0.33259308048014624,4.91029728160806e-09,
Súper,473,2026-03-16,medio_oriente_2026,exploratoria_ex_post,ols_clip_legacy,0.0014345790044155535,0.0005584475895946214,0.0005584475895946214,False,10.319638549423022,0.6254036075571623,5.000876699802509e-09,
Súper,473,2026-03-16,medio_oriente_2026,exploratoria_ex_post,ridge_cv_clip,0.0014345790044155535,0.0002892830382762771,0.0002892830382762771,False,13.490031521224692,2.357863278914497,5.000876699802509e-09,150.0
Súper,473,2026-03-16,medio_oriente_2026,exploratoria_ex_post,ridge_log_cv,0.0014345790044155535,0.0005772831638269215,0.0005772831638269215,False,10.097781057886904,0.5747587500828608,5.000876699802509e-09,1.5
Súper,473,2026-03-16,medio_oriente_2026,exploratoria_ex_post,nnls_base_no_negativa,0.0014345790044155535,0.000514179932467235,0.000514179932467235,False,10.841051448511667,0.7639796073420635,5.000876699802509e-09,
Súper,473,2026-03-16,medio_oriente_2026,exploratoria_ex_post,ngrc_softplus_cv,0.0014345790044155535,0.0003518777212932621,0.0003518777212932621,False,12.752751139624614,1.6715818124904267,5.000876699802509e-09,0.46415888336127725
Súper,473,2026-03-16,medio_oriente_2026,exploratoria_ex_post,ssrc_recurrente_log_cv,0.0014345790044155535,3.619084841238515e-05,3.619084841238515e-05,False,16.471113896419656,34.95945489581151,5.000876699802509e-09,15000.0
Súper,473,2026-03-16,medio_oriente_2026,exploratoria_ex_post,naive,0.0014345790044155535,0.0007027818663759849,0.0007027818663759849,False,8.619576730522853,0.32770615794491187,5.000876699802509e-09,
Súper,473,2026-03-16,medio_oriente_2026,exploratoria_ex_post,ewma_094,0.0014345790044155535,0.0001356717484562798,0.0001356717484562798,False,15.299363958387707,7.215507985340997,5.000876699802509e-09,0.94
Súper,473,2026-03-16,medio_oriente_2026,exploratoria_ex_post,garch_11,0.0014345790044155535,0.0004813893428987671,0.0004813893428987671,False,11.227280074086323,0.8881302012419006,5.000876699802509e-09,
Súper,473,2026-03-16,medio_oriente_2026,exploratoria_ex_post,gjr_garch_11,0.0014345790044155535,0.00045151737891667676,0.00045151737891667676,False,11.579131252849914,1.0212269944567751,5.000876699802509e-09,
Súper,477,2026-04-13,medio_oriente_2026,exploratoria_ex_post,ols_clip_legacy,0.0004800832619167813,0.0013593334921619493,0.0013593334921619493,False,8.077115744805944,0.393965710582451,5.0559025362592846e-09,
Súper,477,2026-04-13,medio_oriente_2026,exploratoria_ex_post,ridge_cv_clip,0.0004800832619167813,0.0025345008015308828,0.0025345008015308828,False,18.87263452975791,0.8532116812471677,5.0559025362592846e-09,150.0
Súper,477,2026-04-13,medio_oriente_2026,exploratoria_ex_post,ridge_log_cv,0.0004800832619167813,0.022434084486561957,0.022434084486561957,False,201.6775234777313,2.8657768850552197,5.0559025362592846e-09,15.0
Súper,477,2026-04-13,medio_oriente_2026,exploratoria_ex_post,nnls_base_no_negativa,0.0004800832619167813,0.002324405972826317,0.002324405972826317,False,16.9426262221584,0.783800433215337,5.0559025362592846e-09,
Súper,477,2026-04-13,medio_oriente_2026,exploratoria_ex_post,ngrc_softplus_cv,0.0004800832619167813,0.002360326417069967,0.002360326417069967,False,17.27260462396093,0.7959926282615937,5.0559025362592846e-09,0.46415888336127725
Súper,477,2026-04-13,medio_oriente_2026,exploratoria_ex_post,ssrc_recurrente_log_cv,0.0004800832619167813,0.0005504819980720572,0.0005504819980720572,False,0.6467086622833936,0.008949075157891118,5.0559025362592846e-09,150.0
Súper,477,2026-04-13,medio_oriente_2026,exploratoria_ex_post,naive,0.0004800832619167813,0.0025404182626490527,0.0025404182626490527,False,18.926994502292143,0.855102504762544,5.0559025362592846e-09,
Súper,477,2026-04-13,medio_oriente_2026,exploratoria_ex_post,ewma_094,0.0004800832619167813,0.0006965150249967731,0.0006965150249967731,False,1.9882217156338566,0.061394574483095044,5.0559025362592846e-09,0.94
Súper,477,2026-04-13,medio_oriente_2026,exploratoria_ex_post,garch_11,0.0004800832619167813,0.0018148089562031605,0.0018148089562031605,False,12.261280747474453,0.594312460597342,5.0559025362592846e-09,
Súper,477,2026-04-13,medio_oriente_2026,exploratoria_ex_post,gjr_garch_11,0.0004800832619167813,0.0018151074038575631,0.0018151074038575631,False,12.264022397309112,0.5944334021383668,5.0559025362592846e-09,
Súper,481,2026-05-11,medio_oriente_2026,exploratoria_ex_post,ols_clip_legacy,7.931525575196423e-05,0.00013317605218405941,0.00013317605218405941,False,0.4379769606891038,0.11380841722207213,5.180345547077492e-09,
Súper,481,2026-05-11,medio_oriente_2026,exploratoria_ex_post,ridge_cv_clip,7.931525575196423e-05,0.00020975897176266076,0.00020975897176266076,False,1.0607221961781719,0.3506543168125462,5.180345547077492e-09,150.0
Súper,481,2026-05-11,medio_oriente_2026,exploratoria_ex_post,ridge_log_cv,7.931525575196423e-05,3.762586221691667e-05,3.762586221691667e-05,False,0.33900341404108386,0.36225950598434165,5.180345547077492e-09,15.0
Súper,481,2026-05-11,medio_oriente_2026,exploratoria_ex_post,nnls_base_no_negativa,7.931525575196423e-05,0.00018971235152285483,0.00018971235152285483,False,0.8977101654186903,0.29016016004755185,5.180345547077492e-09,
Súper,481,2026-05-11,medio_oriente_2026,exploratoria_ex_post,ngrc_softplus_cv,7.931525575196423e-05,0.00022196020667164618,0.00022196020667164618,False,1.1599383262038108,0.3864076059394903,5.180345547077492e-09,0.46415888336127725
Súper,481,2026-05-11,medio_oriente_2026,exploratoria_ex_post,ssrc_recurrente_log_cv,7.931525575196423e-05,4.122177481260991e-05,4.122177481260991e-05,False,0.30976272370797725,0.26964678695428335,5.180345547077492e-09,150.0
Súper,481,2026-05-11,medio_oriente_2026,exploratoria_ex_post,naive,7.931525575196423e-05,0.00022565272357647135,0.00022565272357647135,False,1.1899645686361409,0.39705927581577827,5.180345547077492e-09,
Súper,481,2026-05-11,medio_oriente_2026,exploratoria_ex_post,ewma_094,7.931525575196423e-05,0.0005864403867141558,0.0005864403867141558,False,4.123762332922568,1.13588915479832,5.180345547077492e-09,0.94
Súper,481,2026-05-11,medio_oriente_2026,exploratoria_ex_post,garch_11,7.931525575196423e-05,0.00016091588344196512,0.00016091588344196512,False,0.6635474644539981,0.20035013653328182,5.180345547077492e-09,
Súper,481,2026-05-11,medio_oriente_2026,exploratoria_ex_post,gjr_garch_11,7.931525575196423e-05,0.00015981648256683864,0.00015981648256683864,False,0.6546075250961778,0.1968852672639363,5.180345547077492e-09,
Súper,485,2026-06-08,medio_oriente_2026,exploratoria_ex_post,ols_clip_legacy,0.0006373409308880263,0.0003180150095976126,0.0003180150095976126,False,2.512972108413352,0.30891602518466943,5.90324661160318e-09,
Súper,485,2026-06-08,medio_oriente_2026,exploratoria_ex_post,ridge_cv_clip,0.0006373409308880263,3.544646320922087e-05,3.544646320922087e-05,False,4.736677822373035,14.091100241452759,5.90324661160318e-09,150.0
Súper,485,2026-06-08,medio_oriente_2026,exploratoria_ex_post,ridge_log_cv,0.0006373409308880263,2.255777734731753e-05,2.255777734731753e-05,False,4.838106819913162,23.91248656940423,5.90324661160318e-09,15.0
Súper,485,2026-06-08,medio_oriente_2026,exploratoria_ex_post,nnls_base_no_negativa,0.0006373409308880263,0.0001582680578559114,0.0001582680578559114,False,3.77011914022558,1.6339567649757027,5.90324661160318e-09,
Súper,485,2026-06-08,medio_oriente_2026,exploratoria_ex_post,ngrc_softplus_cv,0.0006373409308880263,2.7943267080788316e-05,2.7943267080788316e-05,False,4.795725088309074,18.681261461512182,5.90324661160318e-09,0.46415888336127725
Súper,485,2026-06-08,medio_oriente_2026,exploratoria_ex_post,ssrc_recurrente_log_cv,0.0006373409308880263,1.652808290650253e-05,1.652808290650253e-05,False,4.885558194642753,33.908848526262574,5.90324661160318e-09,150.0
Súper,485,2026-06-08,medio_oriente_2026,exploratoria_ex_post,naive,0.0006373409308880263,9.418378097160247e-05,9.418378097160247e-05,False,4.274437736559154,3.854935673538516,5.90324661160318e-09,
Súper,485,2026-06-08,medio_oriente_2026,exploratoria_ex_post,ewma_094,0.0006373409308880263,0.0004996437788429365,0.0004996437788429365,False,1.083623594035024,0.03218132300698184,5.90324661160318e-09,0.94
Súper,485,2026-06-08,medio_oriente_2026,exploratoria_ex_post,garch_11,0.0006373409308880263,0.0001392275962579107,0.0001392275962579107,False,3.9199602453063522,2.0564963703546,5.90324661160318e-09,
Súper,485,2026-06-08,medio_oriente_2026,exploratoria_ex_post,gjr_garch_11,0.0006373409308880263,0.00013975647001191735,0.00013975647001191735,False,3.9157982123986574,2.0429646626284352,5.90324661160318e-09,
Súper,489,2026-07-06,calma,sin_evento,ols_clip_legacy,4.763859053805208e-05,0.0004380327967148723,0.0004380327967148723,False,2.8473861538464162,1.3274063894380497,5.90324661160318e-09,
Súper,489,2026-07-06,calma,sin_evento,ridge_cv_clip,4.763859053805208e-05,0.0003519707890765282,0.0003519707890765282,False,2.2196827580366567,1.1352531650913544,5.90324661160318e-09,150.0
Súper,489,2026-07-06,calma,sin_evento,ridge_log_cv,4.763859053805208e-05,0.00011090055282048653,0.00011090055282048653,False,0.4614085778377862,0.2745520649968509,5.90324661160318e-09,150.0
Súper,489,2026-07-06,calma,sin_evento,nnls_base_no_negativa,4.763859053805208e-05,0.0004912319338329048,0.0004912319338329048,False,3.2354003303627916,1.4302510247782108,5.90324661160318e-09,
Súper,489,2026-07-06,calma,sin_evento,ngrc_softplus_cv,4.763859053805208e-05,0.0003853349252180985,0.0003853349252180985,False,2.4630280172168755,1.2140987828631973,5.90324661160318e-09,0.46415888336127725
Súper,489,2026-07-06,calma,sin_evento,ssrc_recurrente_log_cv,4.763859053805208e-05,0.0002963283104421829,0.0002963283104421829,False,1.8138477822036139,0.9885877111974872,5.90324661160318e-09,15.0
Súper,489,2026-07-06,calma,sin_evento,naive,4.763859053805208e-05,0.00047659302126839854,0.00047659302126839854,False,3.1286296962600293,1.4029763058477989,5.90324661160318e-09,
Súper,489,2026-07-06,calma,sin_evento,ewma_094,4.763859053805208e-05,0.0005220374328074462,0.0005220374328074462,False,3.4600838678093244,1.4853512610641615,5.90324661160318e-09,0.94
Súper,489,2026-07-06,calma,sin_evento,garch_11,4.763859053805208e-05,0.0004931767329946578,0.0004931767329946578,False,3.2495849522592533,1.4338198093329986,5.90324661160318e-09,
Súper,489,2026-07-06,calma,sin_evento,gjr_garch_11,4.763859053805208e-05,0.00047869385051011495,0.00047869385051011495,False,3.143952341934104,1.4069359578625646,5.90324661160318e-09,
Súper,493,2026-08-03,calma,sin_evento,ols_clip_legacy,0.0005645866921982298,0.0009196893649330222,0.0009196893649330222,False,2.5175617341079493,0.10183048564739416,5.662768503323205e-09,
Súper,493,2026-08-03,calma,sin_evento,ridge_cv_clip,0.0005645866921982298,0.00021824339031285175,0.00021824339031285175,False,2.455460661492774,0.6364759157064892,5.662768503323205e-09,1500.0
Súper,493,2026-08-03,calma,sin_evento,ridge_log_cv,0.0005645866921982298,3.937596771019727e-05,3.937596771019727e-05,False,3.723572149234999,10.675418981053014,5.662768503323205e-09,150.0
Súper,493,2026-08-03,calma,sin_evento,nnls_base_no_negativa,0.0005645866921982298,0.0005196868108508208,0.0005196868108508208,False,0.3183254642260785,0.0035303601017142583,5.662768503323205e-09,
Súper,493,2026-08-03,calma,sin_evento,ngrc_softplus_cv,0.0005645866921982298,0.00045722718165468483,0.00045722718165468483,False,0.761143793865074,0.023892054468783286,5.662768503323205e-09,0.46415888336127725
Súper,493,2026-08-03,calma,sin_evento,ssrc_recurrente_log_cv,0.0005645866921982298,8.453859760522286e-05,8.453859760522286e-05,False,3.403383883796872,3.779563019462149,5.662768503323205e-09,150.0
Súper,493,2026-08-03,calma,sin_evento,naive,0.0005645866921982298,0.0006185266334065956,0.0006185266334065956,False,0.38241653007110443,0.004039162936158691,5.662768503323205e-09,
Súper,493,2026-08-03,calma,sin_evento,ewma_094,0.0005645866921982298,0.00044879676480527353,0.00044879676480527353,False,0.8209126902780502,0.028477007179176672,5.662768503323205e-09,0.94
Súper,493,2026-08-03,calma,sin_evento,garch_11,0.0005645866921982298,0.0003675307333237514,0.0003675307333237514,False,1.3970622572893108,0.10687485064715085,5.662768503323205e-09,
Súper,493,2026-08-03,calma,sin_evento,gjr_garch_11,0.0005645866921982298,0.0004629966035057199,0.0004629966035057199,False,0.7202404811182841,0.021044420828375543,5.662768503323205e-09,
Regular,153,2020-01-20,calma,sin_evento,ols_clip_legacy,8.213982632690406e-07,6.804783141994241e-05,6.804783141994241e-05,False,0.9867026357119153,3.4290289484726664,3.546874196865994e-09,
Regular,153,2020-01-20,calma,sin_evento,ridge_cv_clip,8.213982632690406e-07,6.247355313674554e-05,6.247355313674554e-05,False,0.9048872720824965,3.344638444952614,3.546874196865994e-09,150.0
Regular,153,2020-01-20,calma,sin_evento,ridge_log_cv,8.213982632690406e-07,1.5791393416406804e-05,1.5791393416406804e-05,False,0.21971913398664913,2.0082278287513335,3.546874196865994e-09,1500.0
Regular,153,2020-01-20,calma,sin_evento,nnls_base_no_negativa,8.213982632690406e-07,6.908943040409686e-05,6.908943040409686e-05,False,1.0019904981606762,3.4440378635443416,3.546874196865994e-09,
Regular,153,2020-01-20,calma,sin_evento,ngrc_softplus_cv,8.213982632690406e-07,6.334862184256047e-05,6.334862184256047e-05,False,0.9177309194086063,3.3583666599170616,3.546874196865994e-09,0.46415888336127725
Regular,153,2020-01-20,calma,sin_evento,ssrc_recurrente_log_cv,8.213982632690406e-07,1.370047777730987e-05,1.370047777730987e-05,False,0.18903013450723216,1.8741318850589912,3.546874196865994e-09,1500.0
Regular,153,2020-01-20,calma,sin_evento,naive,8.213982632690406e-07,5.986089823861584e-05,5.986089823861584e-05,False,0.866540548135648,3.3024924829099076,3.546874196865994e-09,
Regular,153,2020-01-20,calma,sin_evento,ewma_094,8.213982632690406e-07,5.066736488494116e-05,5.066736488494116e-05,False,0.7316042862275487,3.13824078894561,3.546874196865994e-09,0.94
Regular,153,2020-01-20,calma,sin_evento,garch_11,8.213982632690406e-07,6.47344896574358e-05,6.47344896574358e-05,False,0.9380717193213272,3.379730048677674,3.546874196865994e-09,
Regular,153,2020-01-20,calma,sin_evento,gjr_garch_11,8.213982632690406e-07,5.787838617444592e-05,5.787838617444592e-05,False,0.8374426206212094,3.2692830071649013,3.546874196865994e-09,
Regular,157,2020-02-17,covid_2020,calendario_externo,ols_clip_legacy,8.923231639911485e-05,0.00020474592066411612,0.00020474592066411612,False,1.6669132926487102,0.26634628575177044,3.546874196865994e-09,
Regular,157,2020-02-17,covid_2020,calendario_externo,ridge_cv_clip,8.923231639911485e-05,0.00020275886626398642,0.00020275886626398642,False,1.6382392034462503,0.26086497999441693,3.546874196865994e-09,1.5
Regular,157,2020-02-17,covid_2020,calendario_externo,ridge_log_cv,8.923231639911485e-05,8.152619396374126e-05,8.152619396374126e-05,False,0.11120281462981454,0.004204371386273609,3.546874196865994e-09,0.00015
Regular,157,2020-02-17,covid_2020,calendario_externo,nnls_base_no_negativa,8.923231639911485e-05,0.0001849042633483296,0.0001849042633483296,False,1.3805892484955313,0.2111815120165128,3.546874196865994e-09,
Regular,157,2020-02-17,covid_2020,calendario_externo,ngrc_softplus_cv,8.923231639911485e-05,0.00020666195064910028,0.00020666195064910028,False,1.6945624675784143,0.2716202300833981,3.546874196865994e-09,1e-07
Regular,157,2020-02-17,covid_2020,calendario_externo,ssrc_recurrente_log_cv,8.923231639911485e-05,2.001109529857697e-05,2.001109529857697e-05,False,0.9988933712184581,1.9641856635503023,3.546874196865994e-09,15000.0
Regular,157,2020-02-17,covid_2020,calendario_externo,naive,8.923231639911485e-05,0.00025143468967677216,0.00025143468967677216,False,2.3406532402488183,0.3908326296475557,3.546874196865994e-09,
Regular,157,2020-02-17,covid_2020,calendario_externo,ewma_094,8.923231639911485e-05,7.175922326016496e-05,7.175922326016496e-05,False,0.25214459718689,0.025569257881286056,3.546874196865994e-09,0.94
Regular,157,2020-02-17,covid_2020,calendario_externo,garch_11,8.923231639911485e-05,0.00019697459671567133,0.00019697459671567133,False,1.5547695908434782,0.2448458416124939,3.546874196865994e-09,
Regular,157,2020-02-17,covid_2020,calendario_externo,gjr_garch_11,8.923231639911485e-05,0.00024716585328025476,0.00024716585328025476,False,2.279052009997418,0.37983833974531644,3.546874196865994e-09,
Regular,161,2020-03-16,covid_2020,calendario_externo,ols_clip_legacy,0.0009667025736604711,5.00942804576639e-05,5.00942804576639e-05,False,13.018741302347204,15.337679589316316,3.546874196865994e-09,
Regular,161,2020-03-16,covid_2020,calendario_externo,ridge_cv_clip,0.0009667025736604711,5.009434349194178e-05,5.009434349194178e-05,False,13.018740407060784,15.33765656516043,3.546874196865994e-09,0.00015
Regular,161,2020-03-16,covid_2020,calendario_externo,ridge_log_cv,0.0009667025736604711,6.926467701025883e-06,6.926467701025883e-06,False,13.631860986114333,133.62791856949556,3.546874196865994e-09,0.00015
Regular,161,2020-03-16,covid_2020,calendario_externo,nnls_base_no_negativa,0.0009667025736604711,4.275539103897858e-05,4.275539103897858e-05,False,13.122976779482755,18.491678851483158,3.546874196865994e-09,
Regular,161,2020-03-16,covid_2020,calendario_externo,ngrc_softplus_cv,0.0009667025736604711,5.394687831632064e-05,5.394687831632064e-05,False,12.964022208885181,14.033636532308048,3.546874196865994e-09,1e-07
Regular,161,2020-03-16,covid_2020,calendario_externo,ssrc_recurrente_log_cv,0.0009667025736604711,7.376705438809615e-06,7.376705438809615e-06,False,13.625466184020324,125.1724470017875,3.546874196865994e-09,150.0
Regular,161,2020-03-16,covid_2020,calendario_externo,naive,0.0009667025736604711,1.0310772809646229e-05,1.0310772809646229e-05,False,13.583793133113147,88.21585683734058,3.546874196865994e-09,
Regular,161,2020-03-16,covid_2020,calendario_externo,ewma_094,0.0009667025736604711,6.119584301798275e-05,6.119584301798275e-05,False,12.861063947585766,12.037055073095061,3.546874196865994e-09,0.94
Regular,161,2020-03-16,covid_2020,calendario_externo,garch_11,0.0009667025736604711,4.127648376127273e-05,4.127648376127273e-05,False,13.143981947558789,19.266579502464392,3.546874196865994e-09,
Regular,161,2020-03-16,covid_2020,calendario_externo,gjr_garch_11,0.0009667025736604711,4.34933612785875e-05,4.34933612785875e-05,False,13.112495264412965,18.125157182952684,3.546874196865994e-09,
Regular,165,2020-04-13,covid_2020,calendario_externo,ols_clip_legacy,0.003782663915539658,-0.001906650772986386,4.003405108834095e-09,True,25.681253115110806,944846.8809120418,4.003405108834095e-09,
Regular,165,2020-04-13,covid_2020,calendario_externo,ridge_cv_clip,0.003782663915539658,-0.003279033054998829,4.003405108834095e-09,True,25.681253115110806,944846.8809120418,4.003405108834095e-09,1.5
Regular,165,2020-04-13,covid_2020,calendario_externo,ridge_log_cv,0.003782663915539658,0.5014130853656249,0.5014130853656249,False,3378.5148831493284,3.8945457892403192,4.003405108834095e-09,150.0
Regular,165,2020-04-13,covid_2020,calendario_externo,nnls_base_no_negativa,0.003782663915539658,0.005818358469078108,0.005818358469078108,False,13.82074738645282,0.08071529244520703,4.003405108834095e-09,
Regular,165,2020-04-13,covid_2020,calendario_externo,ngrc_softplus_cv,0.003782663915539658,2.1270571274300681e-178,4.003405108834095e-09,False,25.681253115110806,944846.8809120418,4.003405108834095e-09,0.021544346900318822
Regular,165,2020-04-13,covid_2020,calendario_externo,ssrc_recurrente_log_cv,0.003782663915539658,0.00028177827055252396,0.00028177827055252396,False,23.768229887005116,9.827193687995543,4.003405108834095e-09,150.0
Regular,165,2020-04-13,covid_2020,calendario_externo,naive,0.003782663915539658,0.006072524839575733,0.006072524839575733,False,15.546334948041244,0.09626049468652287,4.003405108834095e-09,
Regular,165,2020-04-13,covid_2020,calendario_externo,ewma_094,0.003782663915539658,0.0012028388684862828,0.0012028388684862828,False,17.514960785542527,0.9990362339640648,4.003405108834095e-09,0.94
Regular,165,2020-04-13,covid_2020,calendario_externo,garch_11,0.003782663915539658,0.003784072183614455,0.003784072183614455,False,0.009561020478414822,6.926751616731508e-08,4.003405108834095e-09,
Regular,165,2020-04-13,covid_2020,calendario_externo,gjr_garch_11,0.003782663915539658,0.0054207369737712995,0.0054207369737712995,False,11.121213592197257,0.05761686592915316,4.003405108834095e-09,
Regular,169,2020-05-11,covid_2020,calendario_externo,ols_clip_legacy,0.0003952429170528937,8.764414133187451e-05,8.764414133187451e-05,False,1.660881939649948,2.0034172693263246,4.163398260676932e-09,
Regular,169,2020-05-11,covid_2020,calendario_externo,ridge_cv_clip,0.0003952429170528937,9.053538527291164e-08,9.053538527291164e-08,False,2.1336283038936927,4356.236589520849,4.163398260676932e-09,150.0
Regular,169,2020-05-11,covid_2020,calendario_externo,ridge_log_cv,0.0003952429170528937,1.442926673062915e-05,1.442926673062915e-05,False,2.056206214442355,23.08151147113089,4.163398260676932e-09,150.0
Regular,169,2020-05-11,covid_2020,calendario_externo,nnls_base_no_negativa,0.0003952429170528937,0.0002714111659125077,0.0002714111659125077,False,0.6686304863931873,0.080385831136355,4.163398260676932e-09,
Regular,169,2020-05-11,covid_2020,calendario_externo,ngrc_softplus_cv,0.0003952429170528937,8.813725509679545e-07,8.813725509679545e-07,False,2.129358172575296,441.33446317615767,4.163398260676932e-09,0.46415888336127725
Regular,169,2020-05-11,covid_2020,calendario_externo,ssrc_recurrente_log_cv,0.0003952429170528937,0.00028250577093573187,0.00028250577093573187,False,0.6087250818042721,0.06325981442480488,4.163398260676932e-09,150.0
Regular,169,2020-05-11,covid_2020,calendario_externo,naive,0.0003952429170528937,0.0001444846819049033,0.0001444846819049033,False,1.3539710065475812,0.7292080267582617,4.163398260676932e-09,
Regular,169,2020-05-11,covid_2020,calendario_externo,ewma_094,0.0003952429170528937,0.0011508674417613394,0.0011508674417613394,False,4.080000394354869,0.4122011229150775,4.163398260676932e-09,0.94
Regular,169,2020-05-11,covid_2020,calendario_externo,garch_11,0.0003952429170528937,0.00016653613097001752,0.00016653613097001752,False,1.2349040388409986,0.5090280502529438,4.163398260676932e-09,
Regular,169,2020-05-11,covid_2020,calendario_externo,gjr_garch_11,0.0003952429170528937,0.00013159421149206175,0.00013159421149206175,False,1.4235732000286707,0.9037202183612196,4.163398260676932e-09,
Regular,173,2020-06-08,calma,sin_evento,ols_clip_legacy,0.0009316544960232363,0.0003720442079900375,0.0003720442079900375,False,2.9248149670665127,0.5862006324314812,4.419794214302632e-09,
Regular,173,2020-06-08,calma,sin_evento,ridge_cv_clip,0.0009316544960232363,8.106883707860266e-05,8.106883707860266e-05,False,4.445603876935529,8.050477472541886,4.419794214302632e-09,150.0
Regular,173,2020-06-08,calma,sin_evento,ridge_log_cv,0.0009316544960232363,2.1749332375580446e-05,2.1749332375580446e-05,False,4.755638518729103,38.07862536773025,4.419794214302632e-09,150.0
Regular,173,2020-06-08,calma,sin_evento,nnls_base_no_negativa,0.0009316544960232363,0.0006610257307250395,0.0006610257307250395,False,1.4144469467222136,0.06623804107713305,4.419794214302632e-09,
Regular,173,2020-06-08,calma,sin_evento,ngrc_softplus_cv,0.0009316544960232363,1.6634076705678974e-06,1.6634076705678974e-06,False,4.860618027613876,552.759798445554,4.419794214302632e-09,0.46415888336127725
Regular,173,2020-06-08,calma,sin_evento,ssrc_recurrente_log_cv,0.0009316544960232363,0.0003357620353799566,0.0003357620353799566,False,3.114444507046235,0.7541870388331797,4.419794214302632e-09,150.0
Regular,173,2020-06-08,calma,sin_evento,naive,0.0009316544960232363,0.0005386392703127277,0.0005386392703127277,False,2.0541023619903958,0.18172863889897473,4.419794214302632e-09,
Regular,173,2020-06-08,calma,sin_evento,ewma_094,0.0009316544960232363,0.0010104914154974375,0.0010104914154974375,False,0.4120428215248997,0.0032116119077199023,4.419794214302632e-09,0.94
Regular,173,2020-06-08,calma,sin_evento,garch_11,0.0009316544960232363,0.0004557534872112991,0.0004557534872112991,False,2.487306654613595,0.32919709124702434,4.419794214302632e-09,
Regular,173,2020-06-08,calma,sin_evento,gjr_garch_11,0.0009316544960232363,0.0003692593038699908,0.0003692593038699908,False,2.939370327156095,0.5975730274248527,4.419794214302632e-09,
Regular,177,2020-07-06,calma,sin_evento,ols_clip_legacy,0.00021033475071475114,0.0003411194595538719,0.0003411194595538719,False,0.6549639864838396,0.10013386679302849,4.823388671624743e-09,
Regular,177,2020-07-06,calma,sin_evento,ridge_cv_clip,0.00021033475071475114,0.00012630479557974587,0.00012630479557974587,False,0.42081826604807565,0.15529273456799864,4.823388671624743e-09,150.0
Regular,177,2020-07-06,calma,sin_evento,ridge_log_cv,0.00021033475071475114,3.298588403324981e-05,3.298588403324981e-05,False,0.8881552113480853,3.523887318628425,4.823388671624743e-09,150.0
Regular,177,2020-07-06,calma,sin_evento,nnls_base_no_negativa,0.00021033475071475114,0.00042089954682391956,0.00042089954682391956,False,1.0544991038857976,0.1934206082397778,4.823388671624743e-09,
Regular,177,2020-07-06,calma,sin_evento,ngrc_softplus_cv,0.00021033475071475114,0.00012624085859501614,0.00012624085859501614,False,0.4211384596148469,0.15562981358828276,4.823388671624743e-09,0.46415888336127725
Regular,177,2020-07-06,calma,sin_evento,ssrc_recurrente_log_cv,0.00021033475071475114,0.00019297229725388226,0.00019297229725388226,False,0.08695039225005527,0.0038201418496590644,4.823388671624743e-09,150.0
Regular,177,2020-07-06,calma,sin_evento,naive,0.00021033475071475114,0.00032178347844449346,0.00032178347844449346,False,0.5581302558253628,0.07883162520137832,4.823388671624743e-09,
Regular,177,2020-07-06,calma,sin_evento,ewma_094,0.00021033475071475114,0.0009210817861117055,0.0009210817861117055,False,3.559389440991849,0.7052047365089629,4.823388671624743e-09,0.94
Regular,177,2020-07-06,calma,sin_evento,garch_11,0.00021033475071475114,0.0002938877813542791,0.0002938877813542791,False,0.41842984945425293,0.05019518689627023,4.823388671624743e-09,
Regular,177,2020-07-06,calma,sin_evento,gjr_garch_11,0.00021033475071475114,0.0002454483456353355,0.0002454483456353355,False,0.175847316655763,0.011327207590534405,4.823388671624743e-09,
Regular,181,2020-08-03,calma,sin_evento,ols_clip_legacy,9.534956542327404e-06,9.709317923836257e-05,9.709317923836257e-05,False,0.4356252868950456,1.4189106318387759,4.419794214302632e-09,
Regular,181,2020-08-03,calma,sin_evento,ridge_cv_clip,9.534956542327404e-06,0.0001753100179014218,0.0001753100179014218,False,0.8247747206484741,1.9659803700990977,4.419794214302632e-09,150.0
Regular,181,2020-08-03,calma,sin_evento,ridge_log_cv,9.534956542327404e-06,2.1715612560973396e-05,2.1715612560973396e-05,False,0.06060198127951267,0.2621498040577146,4.419794214302632e-09,150.0
Regular,181,2020-08-03,calma,sin_evento,nnls_base_no_negativa,9.534956542327404e-06,6.983577491536257e-06,6.983577491536257e-06,False,0.012693784738383361,0.05393647406838031,4.419794214302632e-09,
Regular,181,2020-08-03,calma,sin_evento,ngrc_softplus_cv,9.534956542327404e-06,0.00016643736009308382,0.00016643736009308382,False,0.7806309042910206,1.9169429007479466,4.419794214302632e-09,0.46415888336127725
Regular,181,2020-08-03,calma,sin_evento,ssrc_recurrente_log_cv,9.534956542327404e-06,2.9980111221957856e-05,2.9980111221957856e-05,False,0.10172004523032539,0.463612255320218,4.419794214302632e-09,150.0
Regular,181,2020-08-03,calma,sin_evento,naive,9.534956542327404e-06,1.627879167142677e-07,1.627879167142677e-07,False,0.04662901462190534,53.50260477454813,4.419794214302632e-09,
Regular,181,2020-08-03,calma,sin_evento,ewma_094,9.534956542327404e-06,0.0007322203484160491,0.0007322203484160491,False,3.5955507258612305,3.35413878675641,4.419794214302632e-09,0.94
Regular,181,2020-08-03,calma,sin_evento,garch_11,9.534956542327404e-06,4.5742735252218616e-05,4.5742735252218616e-05,False,0.18014326356401617,0.7765157559721105,4.419794214302632e-09,
Regular,181,2020-08-03,calma,sin_evento,gjr_garch_11,9.534956542327404e-06,4.474030442094708e-05,4.474030442094708e-05,False,0.17515590538086662,0.7590279078161437,4.419794214302632e-09,
Regular,185,2020-08-31,calma,sin_evento,ols_clip_legacy,6.5651932238098e-05,-1.886441919759531e-05,4.345269230852603e-09,True,0.3313232496088013,15098.206533885199,4.345269230852603e-09,
Regular,185,2020-08-31,calma,sin_evento,ridge_cv_clip,6.5651932238098e-05,0.00011003884716881717,0.00011003884716881717,False,0.224020677285971,0.1130914726527057,4.345269230852603e-09,150.0
Regular,185,2020-08-31,calma,sin_evento,ridge_log_cv,6.5651932238098e-05,1.9582261713303725e-05,1.9582261713303725e-05,False,0.23251354164655677,1.1428796610489549,4.345269230852603e-09,150.0
Regular,185,2020-08-31,calma,sin_evento,nnls_base_no_negativa,6.5651932238098e-05,0.00010283143472324977,0.00010283143472324977,False,0.18764488004808022,0.08716630570637629,4.345269230852603e-09,
Regular,185,2020-08-31,calma,sin_evento,ngrc_softplus_cv,6.5651932238098e-05,6.335330223806253e-05,6.335330223806253e-05,False,0.011601181344581761,0.0006427175693723974,4.345269230852603e-09,0.46415888336127725
Regular,185,2020-08-31,calma,sin_evento,ssrc_recurrente_log_cv,6.5651932238098e-05,9.187624838849143e-06,9.187624838849143e-06,False,0.28497525466246776,4.179181867584585,4.345269230852603e-09,150.0
Regular,185,2020-08-31,calma,sin_evento,naive,6.5651932238098e-05,4.298799541760202e-05,4.298799541760202e-05,False,0.11438484707528426,0.10376935188789504,4.345269230852603e-09,
Regular,185,2020-08-31,calma,sin_evento,ewma_094,6.5651932238098e-05,0.000574969657588159,0.000574969657588159,False,2.5705256146943065,1.2841335361046973,4.345269230852603e-09,0.94
Regular,185,2020-08-31,calma,sin_evento,garch_11,6.5651932238098e-05,8.030021998546917e-05,8.030021998546917e-05,False,0.07392988107796643,0.018986303879147792,4.345269230852603e-09,
Regular,185,2020-08-31,calma,sin_evento,gjr_garch_11,6.5651932238098e-05,7.209194946796458e-05,7.209194946796458e-05,False,0.032502755008313865,0.004244745675092032,4.345269230852603e-09,
Regular,189,2020-09-27,calma,sin_evento,ols_clip_legacy,3.729904741615288e-05,-3.777100008489176e-05,4.345269230852603e-09,True,0.18999002506472853,8573.771221866436,4.345269230852603e-09,
Regular,189,2020-09-27,calma,sin_evento,ridge_cv_clip,3.729904741615288e-05,0.00022292002022995832,0.00022292002022995832,False,0.945607049990738,0.9551655779283772,4.345269230852603e-09,150.0
Regular,189,2020-09-27,calma,sin_evento,ridge_log_cv,3.729904741615288e-05,2.1915634797449292e-05,2.1915634797449292e-05,False,0.07836756377607293,0.17017031845577302,4.345269230852603e-09,150.0
Regular,189,2020-09-27,calma,sin_evento,nnls_base_no_negativa,3.729904741615288e-05,2.35638784194144e-05,2.35638784194144e-05,False,0.0699709329136979,0.12363802089170761,4.345269230852603e-09,
Regular,189,2020-09-27,calma,sin_evento,ngrc_softplus_cv,3.729904741615288e-05,0.00021799859833209146,0.00021799859833209146,False,0.920535900044391,0.9366184930982091,4.345269230852603e-09,0.46415888336127725
Regular,189,2020-09-27,calma,sin_evento,ssrc_recurrente_log_cv,3.729904741615288e-05,1.2557776242075963e-05,1.2557776242075963e-05,False,0.12603920824942327,0.8815675623756736,4.345269230852603e-09,150.0
Regular,189,2020-09-27,calma,sin_evento,naive,3.729904741615288e-05,6.3088064555048595e-06,6.3088064555048595e-06,False,0.1578732720181122,3.13519804011057,4.345269230852603e-09,
Regular,189,2020-09-27,calma,sin_evento,ewma_094,3.729904741615288e-05,0.00045477606742269687,0.00045477606742269687,False,2.126748973152411,1.5828536438934422,4.345269230852603e-09,0.94
Regular,189,2020-09-27,calma,sin_evento,garch_11,3.729904741615288e-05,4.313431948559117e-05,4.313431948559117e-05,False,0.02972656766005539,0.010069746311015981,4.345269230852603e-09,
Regular,189,2020-09-27,calma,sin_evento,gjr_garch_11,3.729904741615288e-05,4.2821873391728144e-05,4.2821873391728144e-05,False,0.028134876674816827,0.009109167170377575,4.345269230852603e-09,
Regular,193,2020-10-26,calma,sin_evento,ols_clip_legacy,3.759795858506254e-05,-5.7016456040284757e-05,4.242645559651623e-09,True,0.19388830349552183,8851.824129134326,4.242645559651623e-09,
Regular,193,2020-10-26,calma,sin_evento,ridge_cv_clip,3.759795858506254e-05,2.429307870428199e-05,2.429307870428199e-05,False,0.06861946269018794,0.11092364242798736,4.242645559651623e-09,15.0
Regular,193,2020-10-26,calma,sin_evento,ridge_log_cv,3.759795858506254e-05,2.3523554456295524e-05,2.3523554456295524e-05,False,0.07258825766594569,0.12936359689704635,4.242645559651623e-09,1500.0
Regular,193,2020-10-26,calma,sin_evento,nnls_base_no_negativa,3.759795858506254e-05,8.95421607376589e-05,8.95421607376589e-05,False,0.26790044506381183,0.2876509528396196,4.242645559651623e-09,
Regular,193,2020-10-26,calma,sin_evento,ngrc_softplus_cv,3.759795858506254e-05,0.00021226962627204172,0.00021226962627204172,False,0.9008631488055496,0.9080311242210193,4.242645559651623e-09,10.0
Regular,193,2020-10-26,calma,sin_evento,ssrc_recurrente_log_cv,3.759795858506254e-05,9.261857927565304e-06,9.261857927565304e-06,False,0.14614246947552822,1.6583951329004987,4.242645559651623e-09,150.0
Regular,193,2020-10-26,calma,sin_evento,naive,3.759795858506254e-05,3.132673963489409e-05,3.132673963489409e-05,False,0.032343597133463034,0.017709690820266077,4.242645559651623e-09,
Regular,193,2020-10-26,calma,sin_evento,ewma_094,3.759795858506254e-05,0.0003599645057075109,0.0003599645057075109,False,1.6625944353535804,1.3635047473914277,4.242645559651623e-09,0.94
Regular,193,2020-10-26,calma,sin_evento,garch_11,3.759795858506254e-05,6.755215720563393e-05,6.755215720563393e-05,False,0.15448775434853393,0.1425269702526526,4.242645559651623e-09,
Regular,193,2020-10-26,calma,sin_evento,gjr_garch_11,3.759795858506254e-05,6.026190650732779e-05,6.026190650732779e-05,False,0.11688853584546642,0.095659626963144,4.242645559651623e-09,
Regular,197,2020-11-23,eta_iota_2020,calendario_externo,ols_clip_legacy,9.955450378941886e-06,-8.47575507843376e-05,4.242645559651623e-09,True,0.05156499729097071,2337.7587742425562,4.242645559651623e-09,
Regular,197,2020-11-23,eta_iota_2020,calendario_externo,ridge_cv_clip,9.955450378941886e-06,0.0002684805327200243,0.0002684805327200243,False,1.339620830730561,2.33173894548695,4.242645559651623e-09,15000.0
Regular,197,2020-11-23,eta_iota_2020,calendario_externo,ridge_log_cv,9.955450378941886e-06,2.87267219562745e-05,2.87267219562745e-05,False,0.09726865260647576,0.4062647224322862,4.242645559651623e-09,15000.0
Regular,197,2020-11-23,eta_iota_2020,calendario_externo,nnls_base_no_negativa,9.955450378941886e-06,6.667483804194096e-05,6.667483804194096e-05,False,0.2939075486663567,1.0510209172643354,4.242645559651623e-09,
Regular,197,2020-11-23,eta_iota_2020,calendario_externo,ngrc_softplus_cv,9.955450378941886e-06,0.00026217177596355416,0.00026217177596355416,False,1.3069302233417222,2.3088527502393448,4.242645559651623e-09,10.0
Regular,197,2020-11-23,eta_iota_2020,calendario_externo,ssrc_recurrente_log_cv,9.955450378941886e-06,2.179293757235537e-05,2.179293757235537e-05,False,0.061339287794447715,0.24028580399869193,4.242645559651623e-09,1500.0
Regular,197,2020-11-23,eta_iota_2020,calendario_externo,naive,9.955450378941886e-06,3.290345577699007e-05,3.290345577699007e-05,False,0.1189115801707165,0.4980230079306356,4.242645559651623e-09,
Regular,197,2020-11-23,eta_iota_2020,calendario_externo,ewma_094,9.955450378941886e-06,0.0002941029336040414,0.0002941029336040414,False,1.4723905474896992,2.419659867059938,4.242645559651623e-09,0.94
Regular,197,2020-11-23,eta_iota_2020,calendario_externo,garch_11,9.955450378941886e-06,5.699055009015454e-05,5.699055009015454e-05,False,0.24372567171451057,0.9194512732377302,4.242645559651623e-09,
Regular,197,2020-11-23,eta_iota_2020,calendario_externo,gjr_garch_11,9.955450378941886e-06,6.166629775352874e-05,6.166629775352874e-05,False,0.2679543806365789,0.9850580777170488,4.242645559651623e-09,
Regular,201,2020-12-21,eta_iota_2020,calendario_externo,ols_clip_legacy,0.00011320562281376668,6.41220239346307e-05,6.41220239346307e-05,False,0.2565062036360715,0.1970538216657507,4.003405108834095e-09,
Regular,201,2020-12-21,eta_iota_2020,calendario_externo,ridge_cv_clip,0.00011320562281376668,0.00019324430171158437,0.00019324430171158437,False,0.4182744977335527,0.12056546250826106,4.003405108834095e-09,1500.0
Regular,201,2020-12-21,eta_iota_2020,calendario_externo,ridge_log_cv,0.00011320562281376668,2.893505075283125e-05,2.893505075283125e-05,False,0.44038996754940174,1.5482523544233988,4.003405108834095e-09,0.00015
Regular,201,2020-12-21,eta_iota_2020,calendario_externo,nnls_base_no_negativa,0.00011320562281376668,0.00028073643490695763,0.00028073643490695763,False,0.8755000363341111,0.3114556496645622,4.003405108834095e-09,
Regular,201,2020-12-21,eta_iota_2020,calendario_externo,ngrc_softplus_cv,0.00011320562281376668,0.0001938337797257093,0.0001938337797257093,False,0.4213550535807806,0.12182969246810926,4.003405108834095e-09,10.0
Regular,201,2020-12-21,eta_iota_2020,calendario_externo,ssrc_recurrente_log_cv,0.00011320562281376668,2.3963945207323795e-05,2.3963945207323795e-05,False,0.46636849073170156,2.1713423139178243,4.003405108834095e-09,1500.0
Regular,201,2020-12-21,eta_iota_2020,calendario_externo,naive,0.00011320562281376668,0.00017397510868362597,0.00017397510868362597,False,0.31757553385147974,0.0804065120252786,4.003405108834095e-09,
Regular,201,2020-12-21,eta_iota_2020,calendario_externo,ewma_094,0.00011320562281376668,0.00024732510923430764,0.00024732510923430764,False,0.7008956368514396,0.2392177609643802,4.003405108834095e-09,0.94
Regular,201,2020-12-21,eta_iota_2020,calendario_externo,garch_11,0.00011320562281376668,0.00019232261500812814,0.00019232261500812814,False,0.41345785097895016,0.11859197498674678,4.003405108834095e-09,
Regular,201,2020-12-21,eta_iota_2020,calendario_externo,gjr_garch_11,0.00011320562281376668,0.00016629596849629166,0.00016629596849629166,False,0.27744508006196356,0.0653111562891644,4.003405108834095e-09,
Regular,205,2021-01-18,calma,sin_evento,ols_clip_legacy,0.00042807425978491084,1.9515980832348506e-05,1.9515980832348506e-05,False,2.129197678874103,17.846487099035848,4.242645559651623e-09,
Regular,205,2021-01-18,calma,sin_evento,ridge_cv_clip,0.00042807425978491084,0.00012057384899536653,0.00012057384899536653,False,1.6025355368749032,1.2832733960807068,4.242645559651623e-09,150.0
Regular,205,2021-01-18,calma,sin_evento,ridge_log_cv,0.00042807425978491084,2.9454766830113513e-05,2.9454766830113513e-05,False,2.0774017878900293,10.856835207431608,4.242645559651623e-09,0.15
Regular,205,2021-01-18,calma,sin_evento,nnls_base_no_negativa,0.00042807425978491084,0.00014186774896564854,0.00014186774896564854,False,1.4915625748114762,0.9130163147393102,4.242645559651623e-09,
Regular,205,2021-01-18,calma,sin_evento,ngrc_softplus_cv,0.00042807425978491084,0.00011480915653850036,0.00011480915653850036,False,1.632578178110935,1.412547021665465,4.242645559651623e-09,0.46415888336127725
Regular,205,2021-01-18,calma,sin_evento,ssrc_recurrente_log_cv,0.00042807425978491084,2.722554940495164e-05,2.722554940495164e-05,False,2.0890193338115783,11.968114310107282,4.242645559651623e-09,1500.0
Regular,205,2021-01-18,calma,sin_evento,naive,0.00042807425978491084,6.168981134188225e-05,6.168981134188225e-05,False,1.9094091525949541,4.001962461999227,4.242645559651623e-09,
Regular,205,2021-01-18,calma,sin_evento,ewma_094,0.00042807425978491084,0.00021710693925473904,0.00021710693925473904,False,1.0994542329254482,0.29281411745215746,4.242645559651623e-09,0.94
Regular,205,2021-01-18,calma,sin_evento,garch_11,0.00042807425978491084,9.627660621164246e-05,9.627660621164246e-05,False,1.729160392136134,1.9542243740302752,4.242645559651623e-09,
Regular,205,2021-01-18,calma,sin_evento,gjr_garch_11,0.00042807425978491084,8.514741631289567e-05,8.514741631289567e-05,False,1.7871600620018675,2.4125359891447515,4.242645559651623e-09,
Regular,209,2021-02-15,calma,sin_evento,ols_clip_legacy,0.00010129992962844328,8.975361252296763e-05,8.975361252296763e-05,False,0.05926877724156235,0.007627155636413141,4.321633556979094e-09,
Regular,209,2021-02-15,calma,sin_evento,ridge_cv_clip,0.00010129992962844328,0.00011535918864413111,0.00011535918864413111,False,0.07216804139105634,0.008091155498401337,4.321633556979094e-09,150.0
Regular,209,2021-02-15,calma,sin_evento,ridge_log_cv,0.00010129992962844328,4.341710563766471e-05,4.341710563766471e-05,False,0.2971202133011823,0.48594794945622555,4.321633556979094e-09,15.0
Regular,209,2021-02-15,calma,sin_evento,nnls_base_no_negativa,0.00010129992962844328,0.0003365864052734548,0.0003365864052734548,False,1.2077566886105366,0.5017318056266857,4.321633556979094e-09,
Regular,209,2021-02-15,calma,sin_evento,ngrc_softplus_cv,0.00010129992962844328,0.00010465723748340109,0.00010465723748340109,False,0.01723350654317966,0.0005258092452871121,4.321633556979094e-09,0.46415888336127725
Regular,209,2021-02-15,calma,sin_evento,ssrc_recurrente_log_cv,0.00010129992962844328,3.411026612121494e-05,3.411026612121494e-05,False,0.34489345502705193,0.8812910254955106,4.321633556979094e-09,15000.0
Regular,209,2021-02-15,calma,sin_evento,naive,0.00010129992962844328,0.00024131425783496569,0.00024131425783496569,False,0.718712118616936,0.2877986121629905,4.321633556979094e-09,
Regular,209,2021-02-15,calma,sin_evento,ewma_094,0.00010129992962844328,0.00022556054117150263,0.00022556054117150263,False,0.6378462013617546,0.24960594325556995,4.321633556979094e-09,0.94
Regular,209,2021-02-15,calma,sin_evento,garch_11,0.00010129992962844328,0.0002519059713647328,0.0002519059713647328,False,0.7730807890828204,0.31310406755992526,4.321633556979094e-09,
Regular,209,2021-02-15,calma,sin_evento,gjr_garch_11,0.00010129992962844328,0.00021727116317797588,0.00021727116317797588,False,0.5952957245922872,0.2292977988385685,4.321633556979094e-09,
Regular,213,2021-03-15,calma,sin_evento,ols_clip_legacy,0.00038045119730425417,0.0002974872100600728,0.0002974872100600728,False,0.41818821584998916,0.03289585788309379,5.230677103716981e-09,
Regular,213,2021-03-15,calma,sin_evento,ridge_cv_clip,0.00038045119730425417,0.00014000630356839725,0.00014000630356839725,False,1.211986362536961,0.7177157379247698,5.230677103716981e-09,150.0
Regular,213,2021-03-15,calma,sin_evento,ridge_log_cv,0.00038045119730425417,8.271552701972881e-05,8.271552701972881e-05,False,1.5007662105815516,2.0735630965346887,5.230677103716981e-09,0.015000000000000001
Regular,213,2021-03-15,calma,sin_evento,nnls_base_no_negativa,0.00038045119730425417,0.000413586053019791,0.000413586053019791,False,0.16701953045414872,0.0033917028958583284,5.230677103716981e-09,
Regular,213,2021-03-15,calma,sin_evento,ngrc_softplus_cv,0.00038045119730425417,0.0001370722835748025,0.0001370722835748025,False,1.2267755816565573,0.7547021039055719,5.230677103716981e-09,0.46415888336127725
Regular,213,2021-03-15,calma,sin_evento,ssrc_recurrente_log_cv,0.00038045119730425417,4.09544967872369e-05,4.09544967872369e-05,False,1.7112668302490095,6.060711127873071,5.230677103716981e-09,15000.0
Regular,213,2021-03-15,calma,sin_evento,naive,0.00038045119730425417,0.0003298795789344168,0.0003298795789344168,False,0.254911264046221,0.01067303649801743,5.230677103716981e-09,
Regular,213,2021-03-15,calma,sin_evento,ewma_094,0.00038045119730425417,0.00023438852067398733,0.00023438852067398733,False,0.7362434252648472,0.13878697793932515,5.230677103716981e-09,0.94
Regular,213,2021-03-15,calma,sin_evento,garch_11,0.00038045119730425417,0.00033510324945393923,0.00033510324945393923,False,0.22858083409330812,0.008406082232265799,5.230677103716981e-09,
Regular,213,2021-03-15,calma,sin_evento,gjr_garch_11,0.00038045119730425417,0.0002935996698122754,0.0002935996698122754,False,0.4377837484934065,0.036675424443099125,5.230677103716981e-09,
Regular,217,2021-04-12,calma,sin_evento,ols_clip_legacy,6.33164014989014e-06,0.0003469552242817951,0.0003469552242817951,False,1.7104582182531611,3.0218855813626027,4.726139663052547e-09,
Regular,217,2021-04-12,calma,sin_evento,ridge_cv_clip,6.33164014989014e-06,0.0002382492188856014,0.0002382492188856014,False,1.1645856217409105,2.6543336555882346,4.726139663052547e-09,1500.0
Regular,217,2021-04-12,calma,sin_evento,ridge_log_cv,6.33164014989014e-06,5.1607702798544014e-05,5.1607702798544014e-05,False,0.2273559936987382,1.220799520111545,4.726139663052547e-09,0.015000000000000001
Regular,217,2021-04-12,calma,sin_evento,nnls_base_no_negativa,6.33164014989014e-06,6.75042141796383e-06,6.75042141796383e-06,False,0.0021029309037795137,0.0020078290428888756,4.726139663052547e-09,
Regular,217,2021-04-12,calma,sin_evento,ngrc_softplus_cv,6.33164014989014e-06,0.0002389210664107558,0.0002389210664107558,False,1.167959337403442,2.6570748918883313,4.726139663052547e-09,10.0
Regular,217,2021-04-12,calma,sin_evento,ssrc_recurrente_log_cv,6.33164014989014e-06,3.393300576065334e-05,3.393300576065334e-05,False,0.1386016260860489,0.865421227397843,4.726139663052547e-09,15.0
Regular,217,2021-04-12,calma,sin_evento,naive,6.33164014989014e-06,1.9094055487491535e-07,1.9094055487491535e-07,False,0.030835827515837102,28.658916492713182,4.726139663052547e-09,
Regular,217,2021-04-12,calma,sin_evento,ewma_094,6.33164014989014e-06,0.00022107641117519723,0.00022107641117519723,False,1.0783515162734296,2.5815891367580504,4.726139663052547e-09,0.94
Regular,217,2021-04-12,calma,sin_evento,garch_11,6.33164014989014e-06,3.340690329727984e-05,3.340690329727984e-05,False,0.13595977647832483,0.852734145244294,4.726139663052547e-09,
Regular,217,2021-04-12,calma,sin_evento,gjr_garch_11,6.33164014989014e-06,3.120622675007094e-05,3.120622675007094e-05,False,0.1249089700713533,0.7979550313432833,4.726139663052547e-09,
Regular,221,2021-05-10,calma,sin_evento,ols_clip_legacy,3.896442617173327e-05,-9.833931620586989e-06,4.419794214302632e-09,True,0.19626882409346302,8805.807172060571,4.419794214302632e-09,
Regular,221,2021-05-10,calma,sin_evento,ridge_cv_clip,3.896442617173327e-05,0.0002303264651408459,0.0002303264651408459,False,0.9640245435449275,0.9460190614985216,4.419794214302632e-09,1500.0
Regular,221,2021-05-10,calma,sin_evento,ridge_log_cv,3.896442617173327e-05,2.0673337705845852e-05,2.0673337705845852e-05,False,0.09214501634837369,0.25096282786208013,4.419794214302632e-09,0.015000000000000001
Regular,221,2021-05-10,calma,sin_evento,nnls_base_no_negativa,3.896442617173327e-05,3.893037937186332e-05,3.893037937186332e-05,False,0.00017151756367463482,3.822013447951633e-07,4.419794214302632e-09,
Regular,221,2021-05-10,calma,sin_evento,ngrc_softplus_cv,3.896442617173327e-05,0.00023085169433457043,0.00023085169433457043,False,0.9666704906536877,0.9479119406129757,4.419794214302632e-09,10.0
Regular,221,2021-05-10,calma,sin_evento,ssrc_recurrente_log_cv,3.896442617173327e-05,1.3242389947980693e-05,1.3242389947980693e-05,False,0.12957990186157847,0.8631753218848082,4.419794214302632e-09,1.5
Regular,221,2021-05-10,calma,sin_evento,naive,3.896442617173327e-05,8.823648091009253e-06,8.823648091009253e-06,False,0.15184019771052332,1.930695223938569,4.419794214302632e-09,
Regular,221,2021-05-10,calma,sin_evento,ewma_094,3.896442617173327e-05,0.00017546881917380054,0.00017546881917380054,False,0.6876681805054113,0.7268712534069164,4.419794214302632e-09,0.94
Regular,221,2021-05-10,calma,sin_evento,garch_11,3.896442617173327e-05,4.126933333113295e-05,4.126933333113295e-05,False,0.011611430794862949,0.001620248501419841,4.419794214302632e-09,
Regular,221,2021-05-10,calma,sin_evento,gjr_garch_11,3.896442617173327e-05,3.8597192355963985e-05,3.8597192355963985e-05,False,0.0018500137933751127,4.4977988542527214e-05,4.419794214302632e-09,
Regular,225,2021-06-07,calma,sin_evento,ols_clip_legacy,1.8567066598316964e-07,3.813477599118233e-05,3.813477599118233e-05,False,0.19147686038378173,4.329776210949066,4.419794214302632e-09,
Regular,225,2021-06-07,calma,sin_evento,ridge_cv_clip,1.8567066598316964e-07,0.00015692274277875006,0.00015692274277875006,False,0.7908361005277926,5.740717585613908,4.419794214302632e-09,150.0
Regular,225,2021-06-07,calma,sin_evento,ridge_log_cv,1.8567066598316964e-07,2.489081544453357e-05,2.489081544453357e-05,False,0.12465283481617317,3.905739070138142,4.419794214302632e-09,0.15
Regular,225,2021-06-07,calma,sin_evento,nnls_base_no_negativa,1.8567066598316964e-07,6.810082488345015e-05,6.810082488345015e-05,False,0.3426742314635235,4.9074965220317655,4.419794214302632e-09,
Regular,225,2021-06-07,calma,sin_evento,ngrc_softplus_cv,1.8567066598316964e-07,0.00022572079433088427,0.00022572079433088427,False,1.1379650986645908,6.103902167682626,4.419794214302632e-09,10.0
Regular,225,2021-06-07,calma,sin_evento,ssrc_recurrente_log_cv,1.8567066598316964e-07,1.4851051337454243e-05,1.4851051337454243e-05,False,0.07399597495758724,3.3943536375594494,4.419794214302632e-09,1.5
Regular,225,2021-06-07,calma,sin_evento,naive,1.8567066598316964e-07,2.4687840189497835e-05,2.4687840189497835e-05,False,0.12362869829867713,3.897612343513491,4.419794214302632e-09,
Regular,225,2021-06-07,calma,sin_evento,ewma_094,1.8567066598316964e-07,0.00014335767384442879,0.00014335767384442879,False,0.7223918832484811,5.650418667571135,4.419794214302632e-09,0.94
Regular,225,2021-06-07,calma,sin_evento,garch_11,1.8567066598316964e-07,5.417256791558389e-05,5.417256791558389e-05,False,0.27239750446372657,4.6793828336920065,4.419794214302632e-09,
Regular,225,2021-06-07,calma,sin_evento,gjr_garch_11,1.8567066598316964e-07,4.901301869873231e-05,4.901301869873231e-05,False,0.24636436675013917,4.579654928990904,4.419794214302632e-09,
Regular,229,2021-07-05,calma,sin_evento,ols_clip_legacy,4.219736090731623e-05,6.50819456740891e-05,6.50819456740891e-05,False,0.11532395178460256,0.08166225973712327,4.600486829637975e-09,
Regular,229,2021-07-05,calma,sin_evento,ridge_cv_clip,4.219736090731623e-05,0.00013012819859229457,0.00013012819859229457,False,0.44311626314870434,0.45043772828605233,4.600486829637975e-09,150.0
Regular,229,2021-07-05,calma,sin_evento,ridge_log_cv,4.219736090731623e-05,2.4247649894586497e-05,2.4247649894586497e-05,False,0.09045528369757283,0.18622802868120258,4.600486829637975e-09,0.15
Regular,229,2021-07-05,calma,sin_evento,nnls_base_no_negativa,4.219736090731623e-05,0.0001023105898487106,0.0001023105898487106,False,0.30293296499396105,0.2980992300414833,4.600486829637975e-09,
Regular,229,2021-07-05,calma,sin_evento,ngrc_softplus_cv,4.219736090731623e-05,0.00022408013743038796,0.00022408013743038796,False,0.9165750990881656,0.8579597679646667,4.600486829637975e-09,10.0
Regular,229,2021-07-05,calma,sin_evento,ssrc_recurrente_log_cv,4.219736090731623e-05,1.441472335483506e-05,1.441472335483506e-05,False,0.14000706528892148,0.8532716292659457,4.600486829637975e-09,1.5
Regular,229,2021-07-05,calma,sin_evento,naive,4.219736090731623e-05,4.7074561201779055e-05,4.7074561201779055e-05,False,0.02457803002915473,0.005769214084065499,4.600486829637975e-09,
Regular,229,2021-07-05,calma,sin_evento,ewma_094,4.219736090731623e-05,0.00011491425049426436,0.00011491425049426436,False,0.3664475084043244,0.36903590151897636,4.600486829637975e-09,0.94
Regular,229,2021-07-05,calma,sin_evento,garch_11,4.219736090731623e-05,7.487474339231907e-05,7.487474339231907e-05,False,0.16467350928818741,0.13703164275367818,4.600486829637975e-09,
Regular,229,2021-07-05,calma,sin_evento,gjr_garch_11,4.219736090731623e-05,6.676185095431486e-05,6.676185095431486e-05,False,0.1237896205967693,0.09083212633890847,4.600486829637975e-09,
Regular,233,2021-08-01,calma,sin_evento,ols_clip_legacy,1.6087982935584865e-05,0.00040412524202888237,0.00040412524202888237,False,1.9503216705170527,2.263461641989867,4.600486829637975e-09,
Regular,233,2021-08-01,calma,sin_evento,ridge_cv_clip,1.6087982935584865e-05,0.00020275998869167722,0.00020275998869167722,False,0.9382358254866857,1.6132953247882282,4.600486829637975e-09,15.0
Regular,233,2021-08-01,calma,sin_evento,ridge_log_cv,1.6087982935584865e-05,3.3950922511655606e-05,3.3950922511655606e-05,False,0.08978127058147035,0.2207033989978009,4.600486829637975e-09,0.015000000000000001
Regular,233,2021-08-01,calma,sin_evento,nnls_base_no_negativa,1.6087982935584865e-05,2.607217676076278e-05,2.607217676076278e-05,False,0.050181752199226826,0.09985173946795745,4.600486829637975e-09,
Regular,233,2021-08-01,calma,sin_evento,ngrc_softplus_cv,1.6087982935584865e-05,0.00018556634440332516,0.00018556634440332516,False,0.8518185130639313,1.5320365416942332,4.600486829637975e-09,0.46415888336127725
Regular,233,2021-08-01,calma,sin_evento,ssrc_recurrente_log_cv,1.6087982935584865e-05,6.5899597609938095e-06,6.5899597609938095e-06,False,0.04773820036705354,0.5487616264511148,4.600486829637975e-09,1.5
Regular,233,2021-08-01,calma,sin_evento,naive,1.6087982935584865e-05,4.030065850429514e-06,4.030065850429514e-06,False,0.06060453330545262,1.607700213762671,4.600486829637975e-09,
Regular,233,2021-08-01,calma,sin_evento,ewma_094,1.6087982935584865e-05,9.384460828224123e-05,9.384460828224123e-05,False,0.3908140980951457,0.9349998689289021,4.600486829637975e-09,0.94
Regular,233,2021-08-01,calma,sin_evento,garch_11,1.6087982935584865e-05,3.839068125071199e-05,3.839068125071199e-05,False,0.11209602896545125,0.2888017471546198,4.600486829637975e-09,
Regular,233,2021-08-01,calma,sin_evento,gjr_garch_11,1.6087982935584865e-05,3.755614970230226e-05,3.755614970230226e-05,False,0.10790157359949808,0.2761360135261488,4.600486829637975e-09,
Regular,237,2021-08-30,calma,sin_evento,ols_clip_legacy,0.0,-2.0248348601808065e-05,4.600486829637975e-09,True,2.3138202226909996e-05,0.0,4.600486829637975e-09,
Regular,237,2021-08-30,calma,sin_evento,ridge_cv_clip,0.0,0.00013426890284634879,0.00013426890284634879,False,0.6753070146466711,9.281471938592778,4.600486829637975e-09,15.0
Regular,237,2021-08-30,calma,sin_evento,ridge_log_cv,0.0,1.8743136882466133e-05,1.8743136882466133e-05,False,0.09426882580322145,7.312666250171883,4.600486829637975e-09,0.015000000000000001
Regular,237,2021-08-30,calma,sin_evento,nnls_base_no_negativa,0.0,3.0359597514221363e-06,3.0359597514221363e-06,False,0.015269395018938179,5.4936360828515225,4.600486829637975e-09,
Regular,237,2021-08-30,calma,sin_evento,ngrc_softplus_cv,0.0,0.00015938956479027744,0.00015938956479027744,False,0.8016516772132202,9.452973310375508,4.600486829637975e-09,0.46415888336127725
Regular,237,2021-08-30,calma,sin_evento,ssrc_recurrente_log_cv,0.0,7.973675546009858e-06,7.973675546009858e-06,False,0.040103694262692106,6.4583156670715836,4.600486829637975e-09,1.5
Regular,237,2021-08-30,calma,sin_evento,naive,0.0,1.766525279994178e-07,1.766525279994178e-07,False,0.0008884759522433106,2.674065129739168,4.600486829637975e-09,
Regular,237,2021-08-30,calma,sin_evento,ewma_094,0.0,7.42494859154452e-05,7.42494859154452e-05,False,0.373438656380388,8.689085962365665,4.600486829637975e-09,0.94
Regular,237,2021-08-30,calma,sin_evento,garch_11,0.0,3.1948132587103914e-05,3.1948132587103914e-05,False,0.16068350588685743,7.845850878308925,4.600486829637975e-09,
Regular,237,2021-08-30,calma,sin_evento,gjr_garch_11,0.0,3.134921055310814e-05,3.134921055310814e-05,False,0.15767122052360663,7.826928983286571,4.600486829637975e-09,
Regular,241,2021-09-27,calma,sin_evento,ols_clip_legacy,8.076975637570935e-05,-3.3419071497416304e-05,4.419794214302632e-09,True,0.4188300253531065,18263.73809657842,4.419794214302632e-09,
Regular,241,2021-09-27,calma,sin_evento,ridge_cv_clip,8.076975637570935e-05,0.00011030437272296033,0.00011030437272296033,False,0.15315956866014735,0.04388535040011532,4.419794214302632e-09,15.0
Regular,241,2021-09-27,calma,sin_evento,ridge_log_cv,8.076975637570935e-05,2.1399850835014246e-05,2.1399850835014246e-05,False,0.3078783559297163,1.4460953478079301,4.419794214302632e-09,1.5
Regular,241,2021-09-27,calma,sin_evento,nnls_base_no_negativa,8.076975637570935e-05,5.0642430284571666e-05,5.0642430284571666e-05,False,0.15623322188275993,0.12809002459069707,4.419794214302632e-09,
Regular,241,2021-09-27,calma,sin_evento,ngrc_softplus_cv,8.076975637570935e-05,0.00013842407075972886,0.00013842407075972886,False,0.2989817039988354,0.12221437973108484,4.419794214302632e-09,0.46415888336127725
Regular,241,2021-09-27,calma,sin_evento,ssrc_recurrente_log_cv,8.076975637570935e-05,8.889854488942678e-06,8.889854488942678e-06,False,0.3727522524373539,5.87891871059668,4.419794214302632e-09,15.0
Regular,241,2021-09-27,calma,sin_evento,naive,8.076975637570935e-05,1.560985171903754e-05,1.560985171903754e-05,False,0.3379039285228801,2.5305804636676283,4.419794214302632e-09,
Regular,241,2021-09-27,calma,sin_evento,ewma_094,8.076975637570935e-05,6.0993382856025336e-05,6.0993382856025336e-05,False,0.10255561820489642,0.04340080454351902,4.419794214302632e-09,0.94
Regular,241,2021-09-27,calma,sin_evento,garch_11,8.076975637570935e-05,4.276712858027238e-05,4.276712858027238e-05,False,0.19707268287041793,0.25276151649616097,4.419794214302632e-09,
Regular,241,2021-09-27,calma,sin_evento,gjr_garch_11,8.076975637570935e-05,4.050584984889897e-05,4.050584984889897e-05,False,0.20879914212235104,0.3038707647815686,4.419794214302632e-09,
Regular,245,2021-11-01,calma,sin_evento,ols_clip_legacy,0.0,0.0003931768999606872,0.0003931768999606872,False,2.077856486042571,10.418392439307048,4.321633556979094e-09,
Regular,245,2021-11-01,calma,sin_evento,ridge_cv_clip,0.0,0.00019381492076966329,0.00019381492076966329,False,1.0242707296724165,9.711047794795366,4.321633556979094e-09,15.0
Regular,245,2021-11-01,calma,sin_evento,ridge_log_cv,0.0,2.5970656161552058e-05,2.5970656161552058e-05,False,0.13724940696530763,7.701255505985111,4.321633556979094e-09,0.15
Regular,245,2021-11-01,calma,sin_evento,nnls_base_no_negativa,0.0,6.5807206557152274e-06,6.5807206557152274e-06,False,0.03477771226814041,6.3289227827889425,4.321633556979094e-09,
Regular,245,2021-11-01,calma,sin_evento,ngrc_softplus_cv,0.0,0.00016902461438438791,0.00016902461438438791,False,0.8932592208101782,9.574191729647458,4.321633556979094e-09,0.46415888336127725
Regular,245,2021-11-01,calma,sin_evento,ssrc_recurrente_log_cv,0.0,8.74528478176704e-06,8.74528478176704e-06,False,0.04621697436421354,6.6131306503251945,4.321633556979094e-09,150.0
Regular,245,2021-11-01,calma,sin_evento,naive,0.0,0.0,4.321633556979094e-09,False,2.2838916318751427e-05,0.0,4.321633556979094e-09,
Regular,245,2021-11-01,calma,sin_evento,ewma_094,0.0,5.5311728287836647e-05,5.5311728287836647e-05,False,0.29231074711814775,8.45718491314348,4.321633556979094e-09,0.94
Regular,245,2021-11-01,calma,sin_evento,garch_11,0.0,2.670879713248759e-05,2.670879713248759e-05,False,0.14115032536673333,7.72927660739254,4.321633556979094e-09,
Regular,245,2021-11-01,calma,sin_evento,gjr_garch_11,0.0,2.5798955029062417e-05,2.5798955029062417e-05,False,0.13634200291425547,7.694623310331858,4.321633556979094e-09,
Regular,249,2021-11-29,calma,sin_evento,ols_clip_legacy,0.0,-2.90316999746633e-05,3.881473945515349e-09,True,2.0570002836825855e-05,0.0,3.881473945515349e-09,
Regular,249,2021-11-29,calma,sin_evento,ridge_cv_clip,0.0,0.00013062238745545297,0.00013062238745545297,False,0.692237773131539,9.423880652024827,3.881473945515349e-09,15.0
Regular,249,2021-11-29,calma,sin_evento,ridge_log_cv,0.0,9.811978095032902e-06,9.811978095032902e-06,False,0.051998910744434315,6.835539793810105,3.881473945515349e-09,0.15
Regular,249,2021-11-29,calma,sin_evento,nnls_base_no_negativa,0.0,1.473418927676057e-05,1.473418927676057e-05,False,0.07808433586717103,7.241974342208689,3.881473945515349e-09,
Regular,249,2021-11-29,calma,sin_evento,ngrc_softplus_cv,0.0,0.00015379091573301278,0.00015379091573301278,False,0.8150201746326804,9.587159543133982,3.881473945515349e-09,0.46415888336127725
Regular,249,2021-11-29,calma,sin_evento,ssrc_recurrente_log_cv,0.0,5.096356661096781e-06,5.096356661096781e-06,False,0.027008314997801288,6.180827836288499,3.881473945515349e-09,150.0
Regular,249,2021-11-29,calma,sin_evento,naive,0.0,0.0,3.881473945515349e-09,False,2.0570002836825855e-05,0.0,3.881473945515349e-09,
Regular,249,2021-11-29,calma,sin_evento,ewma_094,0.0,4.3186159622873854e-05,4.3186159622873854e-05,False,0.22886651782901077,8.317150257165846,3.881473945515349e-09,0.94
Regular,249,2021-11-29,calma,sin_evento,garch_11,0.0,2.3228020113651354e-05,2.3228020113651354e-05,False,0.12309768050451723,7.697066731141909,3.881473945515349e-09,
Regular,249,2021-11-29,calma,sin_evento,gjr_garch_11,0.0,2.3253444724222708e-05,2.3253444724222708e-05,False,0.12323241909066238,7.698160516244734,3.881473945515349e-09,
Regular,253,2021-12-27,calma,sin_evento,ols_clip_legacy,1.6693777128874887e-07,6.400155038770357e-05,6.400155038770357e-05,False,0.3399073377934014,4.951649810385546,3.826339623743777e-09,
Regular,253,2021-12-27,calma,sin_evento,ridge_cv_clip,1.6693777128874887e-07,0.00020328338929414717,0.00020328338929414717,False,1.081557002844938,6.105556382070208,3.826339623743777e-09,15.0
Regular,253,2021-12-27,calma,sin_evento,ridge_log_cv,1.6693777128874887e-07,7.06135150619893e-06,7.06135150619893e-06,False,0.03671145985269078,2.7684116787075537,3.826339623743777e-09,0.015000000000000001
Regular,253,2021-12-27,calma,sin_evento,nnls_base_no_negativa,1.6693777128874887e-07,7.369324327401842e-05,7.369324327401842e-05,False,0.39151378440088686,5.092310585576663,3.826339623743777e-09,
Regular,253,2021-12-27,calma,sin_evento,ngrc_softplus_cv,1.6693777128874887e-07,0.00021029279506551302,0.00021029279506551302,False,1.1188807737210225,6.139428819828674,3.826339623743777e-09,0.46415888336127725
Regular,253,2021-12-27,calma,sin_evento,ssrc_recurrente_log_cv,1.6693777128874887e-07,3.1838264182502244e-06,3.1838264182502244e-06,False,0.01606436612327962,2.000650975673941,3.826339623743777e-09,15.0
Regular,253,2021-12-27,calma,sin_evento,naive,1.6693777128874887e-07,9.357737022201977e-06,9.357737022201977e-06,False,0.0489392819588941,3.0441771982097423,3.826339623743777e-09,
Regular,253,2021-12-27,calma,sin_evento,ewma_094,1.6693777128874887e-07,3.428353887129781e-05,3.428353887129781e-05,False,0.1816645011092543,4.32966881299414,3.826339623743777e-09,0.94
Regular,253,2021-12-27,calma,sin_evento,garch_11,1.6693777128874887e-07,4.028837583540236e-05,4.028837583540236e-05,False,0.2136391315282902,4.490340721192202,3.826339623743777e-09,
Regular,253,2021-12-27,calma,sin_evento,gjr_garch_11,1.6693777128874887e-07,4.230658689093317e-05,4.230658689093317e-05,False,0.2243857268137182,4.539022860378265,3.826339623743777e-09,
Regular,257,2022-01-24,calma,sin_evento,ols_clip_legacy,0.0,-3.792840782929096e-05,3.546874196865994e-09,True,1.9071324423115496e-05,0.0,3.546874196865994e-09,
Regular,257,2022-01-24,calma,sin_evento,ridge_cv_clip,0.0,0.000150658283713293,0.000150658283713293,False,0.8100803260134755,9.656726364350142,3.546874196865994e-09,15.0
Regular,257,2022-01-24,calma,sin_evento,ridge_log_cv,0.0,5.5532022280279975e-06,5.5532022280279975e-06,False,0.029859226857120766,6.356702018599714,3.546874196865994e-09,0.00015
Regular,257,2022-01-24,calma,sin_evento,nnls_base_no_negativa,0.0,2.0813179886835227e-05,2.0813179886835227e-05,False,0.11191118823701929,7.677445420551965,3.546874196865994e-09,
Regular,257,2022-01-24,calma,sin_evento,ngrc_softplus_cv,0.0,0.00017334692978943872,0.00017334692978943872,False,0.9320757806088924,9.797003993349383,3.546874196865994e-09,0.46415888336127725
Regular,257,2022-01-24,calma,sin_evento,ssrc_recurrente_log_cv,0.0,3.5250926604360254e-06,3.5250926604360254e-06,False,0.018954206441300157,5.902601472858797,3.546874196865994e-09,150.0
Regular,257,2022-01-24,calma,sin_evento,naive,0.0,0.0,3.546874196865994e-09,False,1.9071324423115496e-05,0.0,3.546874196865994e-09,
Regular,257,2022-01-24,calma,sin_evento,ewma_094,0.0,2.7275623881511555e-05,2.7275623881511555e-05,False,0.14665935215486778,7.947812014744157,3.546874196865994e-09,0.94
Regular,257,2022-01-24,calma,sin_evento,garch_11,0.0,2.0286629937638282e-05,2.0286629937638282e-05,False,0.10907996154310863,7.6518254546121725,3.546874196865994e-09,
Regular,257,2022-01-24,calma,sin_evento,gjr_garch_11,0.0,1.0826294881080768e-05,1.0826294881080768e-05,False,0.058212321756391495,7.0239940741543965,3.546874196865994e-09,
Regular,261,2022-02-14,calma,sin_evento,ols_clip_legacy,0.005551012893691519,-8.322800204499945e-05,3.349495651179288e-09,True,26.409241960260065,1657252.9584214035,3.349495651179288e-09,
Regular,261,2022-02-14,calma,sin_evento,ridge_cv_clip,0.005551012893691519,0.00013619704008046806,0.00013619704008046806,False,25.761292772012677,36.04958819978168,3.349495651179288e-09,15.0
Regular,261,2022-02-14,calma,sin_evento,ridge_log_cv,0.005551012893691519,1.3561709774532943e-05,1.3561709774532943e-05,False,26.344737294155905,402.3006368771361,3.349495651179288e-09,15000.0
Regular,261,2022-02-14,calma,sin_evento,nnls_base_no_negativa,0.005551012893691519,0.00033150402573446213,0.00033150402573446213,False,24.832108738081683,12.926837843907903,3.349495651179288e-09,
Regular,261,2022-02-14,calma,sin_evento,ngrc_softplus_cv,0.005551012893691519,6.068756026436889e-05,6.068756026436889e-05,False,26.120533394259816,85.95271375849374,3.349495651179288e-09,0.46415888336127725
Regular,261,2022-02-14,calma,sin_evento,ssrc_recurrente_log_cv,0.005551012893691519,2.1155820246979642e-05,2.1155820246979642e-05,False,26.30860788393907,255.81721181509414,3.349495651179288e-09,15000.0
Regular,261,2022-02-14,calma,sin_evento,naive,0.005551012893691519,0.0002968297838204406,0.0002968297838204406,False,24.9970734057165,14.7724201523422,3.349495651179288e-09,
Regular,261,2022-02-14,calma,sin_evento,ewma_094,0.005551012893691519,0.00017294318133265286,0.00017294318133265286,False,25.58647092605683,27.62854892257326,3.349495651179288e-09,0.94
Regular,261,2022-02-14,calma,sin_evento,garch_11,0.005551012893691519,0.00023331784713411096,0.00023331784713411096,False,25.299235037751124,19.622300277062543,3.349495651179288e-09,
Regular,261,2022-02-14,calma,sin_evento,gjr_garch_11,0.005551012893691519,0.00019862850702951121,0.00019862850702951121,False,25.464271535881814,23.61640862434046,3.349495651179288e-09,
Regular,265,2022-03-14,ucrania_2022,calendario_externo,ols_clip_legacy,0.0006625217676689175,0.000482120173154533,0.000482120173154533,False,0.6378503467557967,0.05632386550174506,3.349495651179288e-09,
Regular,265,2022-03-14,ucrania_2022,calendario_externo,ridge_cv_clip,0.0006625217676689175,0.0003014903699825064,0.0003014903699825064,False,1.2765075764651588,0.41017364794150146,3.349495651179288e-09,15000.0
Regular,265,2022-03-14,ucrania_2022,calendario_externo,ridge_log_cv,0.0006625217676689175,7.221403856740006e-05,7.221403856740006e-05,False,2.0871655304022654,5.957998947338497,3.349495651179288e-09,0.15
Regular,265,2022-03-14,ucrania_2022,calendario_externo,nnls_base_no_negativa,0.0006625217676689175,0.0006152111050466526,0.0006152111050466526,False,0.16727747135545376,0.00281356443770453,3.349495651179288e-09,
Regular,265,2022-03-14,ucrania_2022,calendario_externo,ngrc_softplus_cv,0.0006625217676689175,0.0002624827163922634,0.0002624827163922634,False,1.414427894939298,0.59819046149639,3.349495651179288e-09,10.0
Regular,265,2022-03-14,ucrania_2022,calendario_externo,ssrc_recurrente_log_cv,0.0006625217676689175,0.00017371445329194003,0.00017371445329194003,False,1.7282880221286747,1.4752146447742662,3.349495651179288e-09,1500.0
Regular,265,2022-03-14,ucrania_2022,calendario_externo,naive,0.0006625217676689175,0.0005326260828867504,0.0005326260828867504,False,0.4592753617473179,0.025644044767251017,3.349495651179288e-09,
Regular,265,2022-03-14,ucrania_2022,calendario_externo,ewma_094,0.0006625217676689175,0.0004696098158836293,0.0004696098158836293,False,0.6820835240997395,0.0666407488829639,3.349495651179288e-09,0.94
Regular,265,2022-03-14,ucrania_2022,calendario_externo,garch_11,0.0006625217676689175,0.0005453653332084998,0.0005453653332084998,False,0.41423288162395744,0.0202244239516971,3.349495651179288e-09,
Regular,265,2022-03-14,ucrania_2022,calendario_externo,gjr_garch_11,0.0006625217676689175,0.0005453931179607649,0.0005453931179607649,False,0.4141346423932315,0.020213481264306443,3.349495651179288e-09,
Regular,269,2022-04-11,ucrania_2022,calendario_externo,ols_clip_legacy,0.00026909255577822636,0.0002455374437491363,0.0002455374437491363,False,0.08145197538817087,0.004326933477581507,3.7118449841325994e-09,
Regular,269,2022-04-11,ucrania_2022,calendario_externo,ridge_cv_clip,0.00026909255577822636,0.00031185394823453463,0.00031185394823453463,False,0.14786598686576838,0.010359636730274957,3.7118449841325994e-09,15000.0
Regular,269,2022-04-11,ucrania_2022,calendario_externo,ridge_log_cv,0.00026909255577822636,5.151506636609062e-05,5.151506636609062e-05,False,0.7523681607088447,2.5703889326123566,3.7118449841325994e-09,0.15
Regular,269,2022-04-11,ucrania_2022,calendario_externo,nnls_base_no_negativa,0.00026909255577822636,0.00030237405344069924,0.00030237405344069924,False,0.11508515540649397,0.006542137914897772,3.7118449841325994e-09,
Regular,269,2022-04-11,ucrania_2022,calendario_externo,ngrc_softplus_cv,0.00026909255577822636,0.0002739728268299439,0.0002739728268299439,False,0.016875645384372903,0.00016056060055924526,3.7118449841325994e-09,10.0
Regular,269,2022-04-11,ucrania_2022,calendario_externo,ssrc_recurrente_log_cv,0.00026909255577822636,5.388934087638411e-05,5.388934087638411e-05,False,0.7441580809292048,2.3853055323765933,3.7118449841325994e-09,1500.0
Regular,269,2022-04-11,ucrania_2022,calendario_externo,naive,0.00026909255577822636,0.00019795614591063657,0.00019795614591063657,False,0.24598486725862473,0.05234451594175815,3.7118449841325994e-09,
Regular,269,2022-04-11,ucrania_2022,calendario_externo,ewma_094,0.00026909255577822636,0.00045869490270078256,0.00045869490270078256,False,0.6556320205993117,0.1199781316417976,3.7118449841325994e-09,0.94
Regular,269,2022-04-11,ucrania_2022,calendario_externo,garch_11,0.00026909255577822636,0.00021328240849570527,0.00021328240849570527,False,0.19298769359500692,0.029234284348730766,3.7118449841325994e-09,
Regular,269,2022-04-11,ucrania_2022,calendario_externo,gjr_garch_11,0.00026909255577822636,0.00021328457697032988,0.00021328457697032988,False,0.1929801951572353,0.029231623963136055,3.7118449841325994e-09,
Regular,273,2022-05-09,ucrania_2022,calendario_externo,ols_clip_legacy,0.00014948219769119527,8.420068101290404e-05,8.420068101290404e-05,False,0.22660313757829306,0.2013343566967032,3.256530446550585e-09,
Regular,273,2022-05-09,ucrania_2022,calendario_externo,ridge_cv_clip,0.00014948219769119527,0.00031369818444243404,0.00031369818444243404,False,0.5700213434336547,0.21777000057306228,3.256530446550585e-09,15000.0
Regular,273,2022-05-09,ucrania_2022,calendario_externo,ridge_log_cv,0.00014948219769119527,5.110773079774543e-06,5.110773079774543e-06,False,0.5011375264887957,24.872624705357495,3.256530446550585e-09,0.15
Regular,273,2022-05-09,ucrania_2022,calendario_externo,nnls_base_no_negativa,0.00014948219769119527,9.193413977119727e-05,9.193413977119727e-05,False,0.19975899993980084,0.13986562535672142,3.256530446550585e-09,
Regular,273,2022-05-09,ucrania_2022,calendario_externo,ngrc_softplus_cv,0.00014948219769119527,0.00028643421828691173,0.00028643421828691173,False,0.4753835257475927,0.1722042943421278,3.256530446550585e-09,10.0
Regular,273,2022-05-09,ucrania_2022,calendario_externo,ssrc_recurrente_log_cv,0.00014948219769119527,9.485125061042974e-06,9.485125061042974e-06,False,0.4859534141356452,12.002191843694188,3.256530446550585e-09,1500.0
Regular,273,2022-05-09,ucrania_2022,calendario_externo,naive,0.00014948219769119527,9.84547300392988e-06,9.84547300392988e-06,False,0.48470258574450253,11.462670015585605,3.256530446550585e-09,
Regular,273,2022-05-09,ucrania_2022,calendario_externo,ewma_094,0.00014948219769119527,0.0003726759408407768,0.0003726759408407768,False,0.7747430675482077,0.3146369827101938,3.256530446550585e-09,0.94
Regular,273,2022-05-09,ucrania_2022,calendario_externo,garch_11,0.00014948219769119527,7.181588181210175e-05,7.181588181210175e-05,False,0.2695928611628278,0.3483926890989024,3.256530446550585e-09,
Regular,273,2022-05-09,ucrania_2022,calendario_externo,gjr_garch_11,0.00014948219769119527,7.181952746173839e-05,7.181952746173839e-05,False,0.2695802064990239,0.34833779389534625,3.256530446550585e-09,
Regular,277,2022-06-06,ucrania_2022,calendario_externo,ols_clip_legacy,0.0004904707591699415,0.0007603902390137155,0.0007603902390137155,False,0.9264214152425925,0.08349117049810273,3.345154372390542e-09,
Regular,277,2022-06-06,ucrania_2022,calendario_externo,ridge_cv_clip,0.0004904707591699415,0.0003193869160233808,0.0003193869160233808,False,0.5871963601319693,0.10670088818794699,3.345154372390542e-09,15000.0
Regular,277,2022-06-06,ucrania_2022,calendario_externo,ridge_log_cv,0.0004904707591699415,0.0001087369552927201,0.0001087369552927201,False,1.310192102617269,2.0041830494513206,3.345154372390542e-09,15.0
Regular,277,2022-06-06,ucrania_2022,calendario_externo,nnls_base_no_negativa,0.0004904707591699415,0.0004967324738517445,0.0004967324738517445,False,0.02149154474037485,8.012730188844408e-05,3.345154372390542e-09,
Regular,277,2022-06-06,ucrania_2022,calendario_externo,ngrc_softplus_cv,0.0004904707591699415,0.0002913323921364482,0.0002913323921364482,False,0.6834854895357904,0.16264270733211195,3.345154372390542e-09,10.0
Regular,277,2022-06-06,ucrania_2022,calendario_externo,ssrc_recurrente_log_cv,0.0004904707591699415,7.565734108540836e-05,7.565734108540836e-05,False,1.423728417326211,3.6136401999943635,3.345154372390542e-09,1500.0
Regular,277,2022-06-06,ucrania_2022,calendario_externo,naive,0.0004904707591699415,0.00042145791712191994,0.00042145791712191994,False,0.23686684205618078,0.0121021526271623,3.345154372390542e-09,
Regular,277,2022-06-06,ucrania_2022,calendario_externo,ewma_094,0.0004904707591699415,0.00038438946840381336,0.00038438946840381336,False,0.3640936903820293,0.03226407420714472,3.345154372390542e-09,0.94
Regular,277,2022-06-06,ucrania_2022,calendario_externo,garch_11,0.0004904707591699415,0.0003836134441204196,0.0003836134441204196,False,0.36675717178507733,0.03282439338722298,3.345154372390542e-09,
Regular,277,2022-06-06,ucrania_2022,calendario_externo,gjr_garch_11,0.0004904707591699415,0.00038361073392313895,0.00038361073392313895,False,0.3667664737621031,0.03282636139178319,3.345154372390542e-09,
Regular,281,2022-07-04,calma,sin_evento,ols_clip_legacy,0.0,0.001318652406359977,0.001318652406359977,False,4.499719069537814,11.911460989970744,3.256530446550585e-09,
Regular,281,2022-07-04,calma,sin_evento,ridge_cv_clip,0.0,0.0003241942164312956,0.0003241942164312956,False,1.1062679527022674,10.508445745183442,3.256530446550585e-09,15000.0
Regular,281,2022-07-04,calma,sin_evento,ridge_log_cv,0.0,1.3485031849570487e-05,1.3485031849570487e-05,False,0.04601580725457113,7.328914741224171,3.256530446550585e-09,0.15
Regular,281,2022-07-04,calma,sin_evento,nnls_base_no_negativa,0.0,5.005016540267641e-05,5.005016540267641e-05,False,0.170789271387766,8.640183806383964,3.256530446550585e-09,
Regular,281,2022-07-04,calma,sin_evento,ngrc_softplus_cv,0.0,0.00029801511517356095,0.00029801511517356095,False,1.0169353881957781,10.424248065229325,3.256530446550585e-09,10.0
Regular,281,2022-07-04,calma,sin_evento,ssrc_recurrente_log_cv,0.0,1.158770223789289e-05,1.158770223789289e-05,False,0.03954143220797993,7.177318347720398,3.256530446550585e-09,1500.0
Regular,281,2022-07-04,calma,sin_evento,naive,0.0,0.0,3.256530446550585e-09,False,1.1112460023732692e-05,0.0,3.256530446550585e-09,
Regular,281,2022-07-04,calma,sin_evento,ewma_094,0.0,0.00035234245697903275,0.00035234245697903275,False,1.202319932856933,10.59170576485922,3.256530446550585e-09,0.94
Regular,281,2022-07-04,calma,sin_evento,garch_11,0.0,5.183372401441281e-05,5.183372401441281e-05,False,0.1768754186227469,8.675196737209793,3.256530446550585e-09,
Regular,281,2022-07-04,calma,sin_evento,gjr_garch_11,0.0,5.1834525746518856e-05,5.1834525746518856e-05,False,0.17687815442274152,8.675212203502285,3.256530446550585e-09,
Regular,285,2022-08-01,calma,sin_evento,ols_clip_legacy,0.0007876235905797546,0.0012263876864925275,0.0012263876864925275,False,1.4323885513987085,0.08503849933404006,3.256530446550585e-09,
Regular,285,2022-08-01,calma,sin_evento,ridge_cv_clip,0.0007876235905797546,0.00038311972105694827,0.00038311972105694827,False,1.3205426722430171,0.3351430676184577,3.256530446550585e-09,15000.0
Regular,285,2022-08-01,calma,sin_evento,ridge_log_cv,0.0007876235905797546,1.3387380667216828e-05,1.3387380667216828e-05,False,2.5275702672297022,53.75857784928714,3.256530446550585e-09,150.0
Regular,285,2022-08-01,calma,sin_evento,nnls_base_no_negativa,0.0007876235905797546,0.001008617226999801,0.001008617226999801,False,0.7214554647675034,0.028209736679694952,3.256530446550585e-09,
Regular,285,2022-08-01,calma,sin_evento,ngrc_softplus_cv,0.0007876235905797546,0.0005906517361642484,0.0005906517361642484,False,0.6430339944420479,0.04568848971064399,3.256530446550585e-09,10.0
Regular,285,2022-08-01,calma,sin_evento,ssrc_recurrente_log_cv,0.0007876235905797546,0.0002921207415676384,0.0002921207415676384,False,1.6176177921620505,0.704373094612903,3.256530446550585e-09,1500.0
Regular,285,2022-08-01,calma,sin_evento,naive,0.0007876235905797546,0.000879240970681007,0.000879240970681007,False,0.29909394954747376,0.0058381675150409595,3.256530446550585e-09,
Regular,285,2022-08-01,calma,sin_evento,ewma_094,0.0007876235905797546,0.00043651677054461294,0.00043651677054461294,False,1.1462227516362806,0.21414402396457688,3.256530446550585e-09,0.94
Regular,285,2022-08-01,calma,sin_evento,garch_11,0.0007876235905797546,0.0010598315719904127,0.0010598315719904127,False,0.8886497318356091,0.040004188314334055,3.256530446550585e-09,
Regular,285,2022-08-01,calma,sin_evento,gjr_garch_11,0.0007876235905797546,0.001059860784120885,0.001059860784120885,False,0.8887450977090707,0.04001126780010411,3.256530446550585e-09,
Regular,289,2022-08-29,calma,sin_evento,ols_clip_legacy,0.00012979791574122356,-0.000346844676077295,3.7118449841325994e-09,True,0.4152040094107136,34957.10903010991,3.7118449841325994e-09,
Regular,289,2022-08-29,calma,sin_evento,ridge_cv_clip,0.00012979791574122356,0.00036930695556747423,0.00036930695556747423,False,0.766175303987136,0.39711291099231527,3.7118449841325994e-09,15000.0
Regular,289,2022-08-29,calma,sin_evento,ridge_log_cv,0.00012979791574122356,1.1226723186149185e-05,1.1226723186149185e-05,False,0.37930225750938196,8.11383205038692,3.7118449841325994e-09,150.0
Regular,289,2022-08-29,calma,sin_evento,nnls_base_no_negativa,0.00012979791574122356,0.0002830307423190993,0.0002830307423190993,False,0.49018278211662053,0.23817683634123377,3.7118449841325994e-09,
Regular,289,2022-08-29,calma,sin_evento,ngrc_softplus_cv,0.00012979791574122356,0.0004064610769004864,0.0004064610769004864,False,0.8850291486159079,0.46084606878037104,3.7118449841325994e-09,10.0
Regular,289,2022-08-29,calma,sin_evento,ssrc_recurrente_log_cv,0.00012979791574122356,8.070936127338537e-06,8.070936127338537e-06,False,0.3893974343380183,12.30442961595099,3.7118449841325994e-09,1.5
Regular,289,2022-08-29,calma,sin_evento,naive,0.00012979791574122356,0.0001145826285497495,0.0001145826285497495,False,0.0486728070791653,0.008106240483853444,3.7118449841325994e-09,
Regular,289,2022-08-29,calma,sin_evento,ewma_094,0.00012979791574122356,0.0004552772646515353,0.0004552772646515353,False,1.0411892564631344,0.540024274010358,3.7118449841325994e-09,0.94
Regular,289,2022-08-29,calma,sin_evento,garch_11,0.00012979791574122356,0.00020356518346135492,0.00020356518346135492,False,0.23597714228562294,0.08763087622882537,3.7118449841325994e-09,
Regular,289,2022-08-29,calma,sin_evento,gjr_garch_11,0.00012979791574122356,0.0002035636584904957,0.0002035636584904957,False,0.23597226399371177,0.0876281615590655,3.7118449841325994e-09,
Regular,293,2022-09-26,calma,sin_evento,ols_clip_legacy,1.8480815388992985e-05,-0.00022733494339525725,4.058089353952475e-09,True,0.058296772587261986,4544.644352183183,4.058089353952475e-09,
Regular,293,2022-09-26,calma,sin_evento,ridge_cv_clip,1.8480815388992985e-05,0.0003822764491321877,0.0003822764491321877,False,1.147826481921706,2.0777549594600004,4.058089353952475e-09,1500.0
Regular,293,2022-09-26,calma,sin_evento,ridge_log_cv,1.8480815388992985e-05,1.773086961919219e-05,1.773086961919219e-05,False,0.002366184568312224,0.0008700299898993791,4.058089353952475e-09,1500.0
Regular,293,2022-09-26,calma,sin_evento,nnls_base_no_negativa,1.8480815388992985e-05,0.00027136938097267245,0.00027136938097267245,False,0.7978990554819198,1.7548497998119656,4.058089353952475e-09,
Regular,293,2022-09-26,calma,sin_evento,ngrc_softplus_cv,1.8480815388992985e-05,0.0003822889422539507,0.0003822889422539507,False,1.1478658994811033,2.077786059907109,4.058089353952475e-09,10.0
Regular,293,2022-09-26,calma,sin_evento,ssrc_recurrente_log_cv,1.8480815388992985e-05,3.4171467992189044e-05,3.4171467992189044e-05,False,0.04950621971811694,0.15548375201393694,4.058089353952475e-09,1500.0
Regular,293,2022-09-26,calma,sin_evento,naive,1.8480815388992985e-05,0.00012127652863595353,0.00012127652863595353,False,0.32433495883071045,1.0337258658130124,4.058089353952475e-09,
Regular,293,2022-09-26,calma,sin_evento,ewma_094,1.8480815388992985e-05,0.0004013592920543622,0.0004013592920543622,False,1.2080355400432945,2.124169393332052,4.058089353952475e-09,0.94
Regular,293,2022-09-26,calma,sin_evento,garch_11,1.8480815388992985e-05,0.00020692689416190762,0.00020692689416190762,False,0.5945739298854397,1.504943217720379,4.058089353952475e-09,
Regular,293,2022-09-26,calma,sin_evento,gjr_garch_11,1.8480815388992985e-05,0.00020692723534147396,0.00020692723534147396,False,0.5945750063550425,1.5049447192569567,4.058089353952475e-09,
Regular,297,2022-10-24,calma,sin_evento,ols_clip_legacy,0.00012174767756220832,6.899978284139399e-05,6.899978284139399e-05,False,0.16463517876528933,0.1966173193235734,4.259267816245912e-09,
Regular,297,2022-10-24,calma,sin_evento,ridge_cv_clip,0.00012174767756220832,0.00030559339831847434,0.00030559339831847434,False,0.5738138604799664,0.31870237196906026,4.259267816245912e-09,1500.0
Regular,297,2022-10-24,calma,sin_evento,ridge_log_cv,0.00012174767756220832,1.8778158661762574e-05,1.8778158661762574e-05,False,0.3213854361634133,3.614216356140246,4.259267816245912e-09,1500.0
Regular,297,2022-10-24,calma,sin_evento,nnls_base_no_negativa,0.00012174767756220832,0.0005434334497559458,0.0005434334497559458,False,1.3161532390125927,0.7199907640792751,4.259267816245912e-09,
Regular,297,2022-10-24,calma,sin_evento,ngrc_softplus_cv,0.00012174767756220832,0.00030563215119314727,0.00030563215119314727,False,0.5739348148134656,0.318778660668527,4.259267816245912e-09,10.0
Regular,297,2022-10-24,calma,sin_evento,ssrc_recurrente_log_cv,0.00012174767756220832,0.4927638983964287,0.4927638983964287,False,1537.6202022886164,7.306081815094549,4.259267816245912e-09,0.15
Regular,297,2022-10-24,calma,sin_evento,naive,0.00012174767756220832,0.0005035520733531919,0.0005035520733531919,False,1.191676659080346,0.6615141738971584,4.259267816245912e-09,
Regular,297,2022-10-24,calma,sin_evento,ewma_094,0.00012174767756220832,0.00037150721103410163,0.00037150721103410163,False,0.7795421155501541,0.4433304130446123,4.259267816245912e-09,0.94
Regular,297,2022-10-24,calma,sin_evento,garch_11,0.00012174767756220832,0.0005169912478575572,0.0005169912478575572,False,1.2336226155719714,0.6815679839591051,4.259267816245912e-09,
Regular,297,2022-10-24,calma,sin_evento,gjr_garch_11,0.00012174767756220832,0.0005169891527888524,0.0005169891527888524,False,1.2336160765051027,0.6815648858457046,4.259267816245912e-09,
Regular,301,2022-11-21,calma,sin_evento,ols_clip_legacy,0.000397499902526737,0.0009345664377835017,0.0009345664377835017,False,1.649049244028299,0.28021884268498765,5.728205251433414e-09,
Regular,301,2022-11-21,calma,sin_evento,ridge_cv_clip,0.000397499902526737,0.00035885905843721964,0.00035885905843721964,False,0.11864573670368407,0.005411964258000612,5.728205251433414e-09,1500.0
Regular,301,2022-11-21,calma,sin_evento,ridge_log_cv,0.000397499902526737,1.9492513773756648e-05,1.9492513773756648e-05,False,1.1606621484285864,16.377275021656395,5.728205251433414e-09,1500.0
Regular,301,2022-11-21,calma,sin_evento,nnls_base_no_negativa,0.000397499902526737,0.00033900992812168333,0.00033900992812168333,False,0.17959199045938587,0.013366449372655742,5.728205251433414e-09,
Regular,301,2022-11-21,calma,sin_evento,ngrc_softplus_cv,0.000397499902526737,0.00035919268813913507,0.00035919268813913507,False,0.117621335122852,0.00531238209375573,5.728205251433414e-09,10.0
Regular,301,2022-11-21,calma,sin_evento,ssrc_recurrente_log_cv,0.000397499902526737,1.984795562902007e-05,1.984795562902007e-05,False,1.1595707731813127,16.030152954138558,5.728205251433414e-09,0.15
Regular,301,2022-11-21,calma,sin_evento,naive,0.000397499902526737,0.00018170934626071097,0.00018170934626071097,False,0.6625794576994252,0.4047726500404665,5.728205251433414e-09,
Regular,301,2022-11-21,calma,sin_evento,ewma_094,0.000397499902526737,0.00031999661239359484,0.00031999661239359484,False,0.2379718966154933,0.025316066253447067,5.728205251433414e-09,0.94
Regular,301,2022-11-21,calma,sin_evento,garch_11,0.000397499902526737,0.00028594495003653983,0.00028594495003653983,False,0.3425266666142654,0.06073199510793348,5.728205251433414e-09,
Regular,301,2022-11-21,calma,sin_evento,gjr_garch_11,0.000397499902526737,0.00028599170488521284,0.00028599170488521284,False,0.342383107031239,0.06066822918817616,5.728205251433414e-09,
Regular,305,2022-12-19,calma,sin_evento,ols_clip_legacy,0.000674868414987717,0.0010639945250077222,0.0010639945250077222,False,1.1773934402002229,0.08954588301039923,7.047998655350621e-09,
Regular,305,2022-12-19,calma,sin_evento,ridge_cv_clip,0.000674868414987717,0.0008623904093229078,0.0008623904093229078,False,0.5673923191948396,0.027745914191866783,7.047998655350621e-09,150.0
Regular,305,2022-12-19,calma,sin_evento,ridge_log_cv,0.000674868414987717,2.9971857913866892e-05,2.9971857913866892e-05,False,1.9512876580485021,18.402477237898275,7.047998655350621e-09,1500.0
Regular,305,2022-12-19,calma,sin_evento,nnls_base_no_negativa,0.000674868414987717,0.0009683016036328502,0.0009683016036328502,False,0.8878517851964565,0.057986841380233356,7.047998655350621e-09,
Regular,305,2022-12-19,calma,sin_evento,ngrc_softplus_cv,0.000674868414987717,0.0005572110094998463,0.0005572110094998463,False,0.35600041694779816,0.019580398407824218,7.047998655350621e-09,10.0
Regular,305,2022-12-19,calma,sin_evento,ssrc_recurrente_log_cv,0.000674868414987717,0.000291419593319098,0.000291419593319098,False,1.1602154562743854,0.4760426956376316,7.047998655350621e-09,1500.0
Regular,305,2022-12-19,calma,sin_evento,naive,0.000674868414987717,0.0010243849523130105,0.0010243849523130105,False,1.0575452730919046,0.07613345634620217,7.047998655350621e-09,
Regular,305,2022-12-19,calma,sin_evento,ewma_094,0.000674868414987717,0.0003824445136591116,0.0003824445136591116,False,0.8847979467745214,0.1966836981288309,7.047998655350621e-09,0.94
Regular,305,2022-12-19,calma,sin_evento,garch_11,0.000674868414987717,0.0011332687742812038,0.0011332687742812038,False,1.3869991298960367,0.11384977853457312,7.047998655350621e-09,
Regular,305,2022-12-19,calma,sin_evento,gjr_garch_11,0.000674868414987717,0.0011332312709069203,0.0011332312709069203,False,1.3868856545323185,0.11383639268147028,7.047998655350621e-09,
Regular,309,2023-01-16,calma,sin_evento,ols_clip_legacy,7.161173558305558e-05,-0.00020675976434819118,6.367087178999013e-09,True,0.2134719796937556,11236.845846352026,6.367087178999013e-09,
Regular,309,2023-01-16,calma,sin_evento,ridge_cv_clip,7.161173558305558e-05,0.00019223008322175207,0.00019223008322175207,False,0.3595908798277452,0.3599654058555759,6.367087178999013e-09,150.0
Regular,309,2023-01-16,calma,sin_evento,ridge_log_cv,7.161173558305558e-05,2.428696353087674e-05,2.428696353087674e-05,False,0.14108596870241774,0.8672476120356214,6.367087178999013e-09,15000.0
Regular,309,2023-01-16,calma,sin_evento,nnls_base_no_negativa,7.161173558305558e-05,7.700131406077643e-05,7.700131406077643e-05,False,0.01606756604318263,0.002570190907690506,6.367087178999013e-09,
Regular,309,2023-01-16,calma,sin_evento,ngrc_softplus_cv,7.161173558305558e-05,0.00033355959256791876,0.00033355959256791876,False,0.7809264693654302,0.753252052742132,6.367087178999013e-09,10.0
Regular,309,2023-01-16,calma,sin_evento,ssrc_recurrente_log_cv,7.161173558305558e-05,2.4406268732769788e-05,2.4406268732769788e-05,False,0.1407302926103753,0.8577344164530238,6.367087178999013e-09,1500.0
Regular,309,2023-01-16,calma,sin_evento,naive,7.161173558305558e-05,5.1147966378166e-06,5.1147966378166e-06,False,0.1982425829012024,10.361774635367237,6.367087178999013e-09,
Regular,309,2023-01-16,calma,sin_evento,ewma_094,7.161173558305558e-05,0.0003409176992766254,0.0003409176992766254,False,0.8028626682692311,0.7704379186122998,6.367087178999013e-09,0.94
Regular,309,2023-01-16,calma,sin_evento,garch_11,7.161173558305558e-05,7.499748882526511e-05,7.499748882526511e-05,False,0.010093704739619347,0.0010507772001835392,6.367087178999013e-09,
Regular,309,2023-01-16,calma,sin_evento,gjr_garch_11,7.161173558305558e-05,7.500488758028397e-05,7.500488758028397e-05,False,0.01011576212043202,0.0010552353218125088,6.367087178999013e-09,
Regular,313,2023-02-13,calma,sin_evento,ols_clip_legacy,7.616883267534426e-05,-0.0001887429487543289,6.8631833910576785e-09,True,0.2671902637493656,11087.863719422006,6.8631833910576785e-09,
Regular,313,2023-02-13,calma,sin_evento,ridge_cv_clip,7.616883267534426e-05,0.0002508878279573643,0.0002508878279573643,False,0.6129465236105711,0.49565074216797544,6.8631833910576785e-09,150.0
Regular,313,2023-02-13,calma,sin_evento,ridge_log_cv,7.616883267534426e-05,2.4814547431118648e-05,2.4814547431118648e-05,False,0.1801603229353793,0.948001058754824,6.8631833910576785e-09,15000.0
Regular,313,2023-02-13,calma,sin_evento,nnls_base_no_negativa,7.616883267534426e-05,9.035293731490499e-05,9.035293731490499e-05,False,0.04976046030549726,0.013785628070730471,6.8631833910576785e-09,
Regular,313,2023-02-13,calma,sin_evento,ngrc_softplus_cv,7.616883267534426e-05,0.00030986222431768893,0.00030986222431768893,False,0.8198396045417253,0.6489905633673012,6.8631833910576785e-09,10.0
Regular,313,2023-02-13,calma,sin_evento,ssrc_recurrente_log_cv,7.616883267534426e-05,2.5336125956901572e-05,2.5336125956901572e-05,False,0.17833052907894983,0.9056119658355191,6.8631833910576785e-09,1500.0
Regular,313,2023-02-13,calma,sin_evento,naive,7.616883267534426e-05,4.164084312672363e-06,4.164084312672363e-06,False,0.25260596377121886,14.385400533301127,6.8631833910576785e-09,
Regular,313,2023-02-13,calma,sin_evento,ewma_094,7.616883267534426e-05,0.00032473685103518357,0.00032473685103518357,False,0.8720225439054541,0.6846183623028868,6.8631833910576785e-09,0.94
Regular,313,2023-02-13,calma,sin_evento,garch_11,7.616883267534426e-05,6.053633922702243e-05,6.053633922702243e-05,False,0.054841675909636754,0.028524688185815883,6.8631833910576785e-09,
Regular,313,2023-02-13,calma,sin_evento,gjr_garch_11,7.616883267534426e-05,6.05365313030317e-05,6.05365313030317e-05,False,0.0548410020715005,0.028523868844181344,6.8631833910576785e-09,
Regular,317,2023-03-13,calma,sin_evento,ols_clip_legacy,1.6938620751581393e-05,0.00021206993753153144,0.00021206993753153144,False,0.8574051469200905,1.6071926529278993,6.367087178999013e-09,
Regular,317,2023-03-13,calma,sin_evento,ridge_cv_clip,1.6938620751581393e-05,0.00022409762762400526,0.00022409762762400526,False,0.9102547025989279,1.6580714276901576,6.367087178999013e-09,1500.0
Regular,317,2023-03-13,calma,sin_evento,ridge_log_cv,1.6938620751581393e-05,2.0582547875026702e-05,2.0582547875026702e-05,False,0.016011381064819193,0.017807607404104475,6.367087178999013e-09,1500.0
Regular,317,2023-03-13,calma,sin_evento,nnls_base_no_negativa,1.6938620751581393e-05,0.00020031133595933612,0.00020031133595933612,False,0.8057379636357574,1.554838038316925,6.367087178999013e-09,
Regular,317,2023-03-13,calma,sin_evento,ngrc_softplus_cv,1.6938620751581393e-05,0.00022573753850115447,0.00022573753850115447,False,0.917460455369733,1.6648135161759408,6.367087178999013e-09,10.0
Regular,317,2023-03-13,calma,sin_evento,ssrc_recurrente_log_cv,1.6938620751581393e-05,3.303522278678658e-05,3.303522278678658e-05,False,0.07072831599078017,0.18072233980054708,6.367087178999013e-09,15.0
Regular,317,2023-03-13,calma,sin_evento,naive,1.6938620751581393e-05,0.00013417374203764944,0.00013417374203764944,False,0.5151300060350135,1.1957832080911563,6.367087178999013e-09,
Regular,317,2023-03-13,calma,sin_evento,ewma_094,1.6938620751581393e-05,0.000276148526477435,0.000276148526477435,False,1.1389658562733302,1.8526813995858702,6.367087178999013e-09,0.94
Regular,317,2023-03-13,calma,sin_evento,garch_11,1.6938620751581393e-05,0.00023629750460885747,0.00023629750460885747,False,0.9638608458424559,1.7071788092549243,6.367087178999013e-09,
Regular,317,2023-03-13,calma,sin_evento,gjr_garch_11,1.6938620751581393e-05,0.00023630467041391013,0.00023630467041391013,False,0.9638923323215888,1.7072069603873268,6.367087178999013e-09,
Regular,321,2023-04-10,calma,sin_evento,ols_clip_legacy,1.2861356268585584e-06,-5.074317548269975e-05,5.088888399591575e-09,True,0.005763571931883096,246.2017615015711,5.088888399591575e-09,
Regular,321,2023-04-10,calma,sin_evento,ridge_cv_clip,1.2861356268585584e-06,0.0002056822655091948,0.0002056822655091948,False,0.9196009496050864,4.080943514742533,5.088888399591575e-09,1500.0
Regular,321,2023-04-10,calma,sin_evento,ridge_log_cv,1.2861356268585584e-06,1.8027331253858913e-05,1.8027331253858913e-05,False,0.07532050340178428,1.7115905757624161,5.088888399591575e-09,1500.0
Regular,321,2023-04-10,calma,sin_evento,nnls_base_no_negativa,1.2861356268585584e-06,0.00012487089166342104,0.00012487089166342104,False,0.5560215796324489,3.585937975716589,5.088888399591575e-09,
Regular,321,2023-04-10,calma,sin_evento,ngrc_softplus_cv,1.2861356268585584e-06,0.0002068426742493219,0.0002068426742493219,False,0.9248217577483974,4.086534333539005,5.088888399591575e-09,10.0
Regular,321,2023-04-10,calma,sin_evento,ssrc_recurrente_log_cv,1.2861356268585584e-06,1.7859299006659265e-05,1.7859299006659265e-05,False,0.07456450760979925,1.7028971406664009,5.088888399591575e-09,1.5
Regular,321,2023-04-10,calma,sin_evento,naive,1.2861356268585584e-06,3.854707673127745e-05,3.854707673127745e-05,False,0.1676411233545767,2.4336035041715363,5.088888399591575e-09,
Regular,321,2023-04-10,calma,sin_evento,ewma_094,1.2861356268585584e-06,0.00022204046864488078,0.00022204046864488078,False,0.9931983271389443,4.157009919908343,5.088888399591575e-09,0.94
Regular,321,2023-04-10,calma,sin_evento,garch_11,1.2861356268585584e-06,8.256949331364777e-05,8.256949331364777e-05,False,0.3657028778328203,3.1775745996632727,5.088888399591575e-09,
Regular,321,2023-04-10,calma,sin_evento,gjr_garch_11,1.2861356268585584e-06,8.253523935238547e-05,8.253523935238547e-05,False,0.3655487654466284,3.1771661280583983,5.088888399591575e-09,
Regular,325,2023-05-08,calma,sin_evento,ols_clip_legacy,0.0002938919458337229,0.00017454656898792563,0.00017454656898792563,False,0.552974727061327,0.1627245976762015,4.149241679674333e-09,
Regular,325,2023-05-08,calma,sin_evento,ridge_cv_clip,0.0002938919458337229,0.00020121267837956716,0.00020121267837956716,False,0.4294200075376462,0.0817537990843542,4.149241679674333e-09,1500.0
Regular,325,2023-05-08,calma,sin_evento,ridge_log_cv,0.0002938919458337229,1.6564634827120057e-05,1.6564634827120057e-05,False,1.2849680328101316,13.866190317037697,4.149241679674333e-09,1500.0
Regular,325,2023-05-08,calma,sin_evento,nnls_base_no_negativa,0.0002938919458337229,0.00021149302244352175,0.00021149302244352175,False,0.381787073584897,0.06058571033359872,4.149241679674333e-09,
Regular,325,2023-05-08,calma,sin_evento,ngrc_softplus_cv,0.0002938919458337229,0.00020170559449519018,0.00020170559449519018,False,0.42713613059406796,0.08063119445462208,4.149241679674333e-09,10.0
Regular,325,2023-05-08,calma,sin_evento,ssrc_recurrente_log_cv,0.0002938919458337229,5.6347315601297525e-05,5.6347315601297525e-05,False,1.1006390070507783,2.564044649503587,4.149241679674333e-09,1.5
Regular,325,2023-05-08,calma,sin_evento,naive,0.0002938919458337229,0.0002342621387525746,0.0002342621387525746,False,0.27628867717282446,0.02777165404512938,4.149241679674333e-09,
Regular,325,2023-05-08,calma,sin_evento,ewma_094,0.0002938919458337229,0.00018801230181671042,0.00018801230181671042,False,0.4905826165960925,0.11644797310498034,4.149241679674333e-09,0.94
Regular,325,2023-05-08,calma,sin_evento,garch_11,0.0002938919458337229,0.0003615655455225735,0.0003615655455225735,False,0.3135587762695769,0.02006289632651015,4.149241679674333e-09,
Regular,325,2023-05-08,calma,sin_evento,gjr_garch_11,0.0002938919458337229,0.0003615671162871793,0.0003615671162871793,False,0.3135660542484322,0.020063709455529377,4.149241679674333e-09,
Regular,329,2023-06-05,calma,sin_evento,ols_clip_legacy,1.1249812482400925e-05,-0.00017251829427533896,4.259267816245912e-09,True,0.052577360196793224,2632.3760061222065,4.259267816245912e-09,
Regular,329,2023-06-05,calma,sin_evento,ridge_cv_clip,1.1249812482400925e-05,8.166332141991753e-05,8.166332141991753e-05,False,0.3292106979073735,1.1200119473488508,4.259267816245912e-09,150.0
Regular,329,2023-06-05,calma,sin_evento,ridge_log_cv,1.1249812482400925e-05,1.6279127224655874e-05,1.6279127224655874e-05,False,0.023514013735103437,0.06058975911349007,4.259267816245912e-09,1500.0
Regular,329,2023-06-05,calma,sin_evento,nnls_base_no_negativa,1.1249812482400925e-05,0.00015443412602206906,0.00015443412602206906,False,0.6694426751493295,1.6922615556177,4.259267816245912e-09,
Regular,329,2023-06-05,calma,sin_evento,ngrc_softplus_cv,1.1249812482400925e-05,3.8550357589413296e-05,3.8550357589413296e-05,False,0.12764072751873082,0.5234351382496321,4.259267816245912e-09,0.46415888336127725
Regular,329,2023-06-05,calma,sin_evento,ssrc_recurrente_log_cv,1.1249812482400925e-05,0.00010897477622931069,0.00010897477622931069,False,0.4569024325522785,1.373998162524324,4.259267816245912e-09,1.5
Regular,329,2023-06-05,calma,sin_evento,naive,1.1249812482400925e-05,6.309166783458116e-05,6.309166783458116e-05,False,0.2423809527295273,0.9025462580295349,4.259267816245912e-09,
Regular,329,2023-06-05,calma,sin_evento,ewma_094,1.1249812482400925e-05,0.00018014617614531958,0.00018014617614531958,False,0.7896565672480182,1.8358653953990478,4.259267816245912e-09,0.94
Regular,329,2023-06-05,calma,sin_evento,garch_11,1.1249812482400925e-05,0.00014143868898347219,0.00014143868898347219,False,0.6086839235739149,1.6110533081224578,4.259267816245912e-09,
Regular,329,2023-06-05,calma,sin_evento,gjr_garch_11,1.1249812482400925e-05,0.00010221799245612249,0.00010221799245612249,False,0.4253118253641835,1.3168133207959185,4.259267816245912e-09,
Regular,333,2023-07-10,calma,sin_evento,ols_clip_legacy,5.784823177763787e-07,0.00022231259447279562,0.00022231259447279562,False,1.0251587524131127,4.95403388533627,5.088888399591575e-09,
Regular,333,2023-07-10,calma,sin_evento,ridge_cv_clip,5.784823177763787e-07,0.0001535155739602814,0.0001535155739602814,False,0.7070846995175403,4.584917551489234,5.088888399591575e-09,150.0
Regular,333,2023-07-10,calma,sin_evento,ridge_log_cv,5.784823177763787e-07,1.6908805042941664e-05,1.6908805042941664e-05,False,0.07550111757152558,2.4093936914233884,5.088888399591575e-09,1500.0
Regular,333,2023-07-10,calma,sin_evento,nnls_base_no_negativa,5.784823177763787e-07,0.00021360208540122127,0.00021360208540122127,False,0.9848868496106458,4.914170392720466,5.088888399591575e-09,
Regular,333,2023-07-10,calma,sin_evento,ngrc_softplus_cv,5.784823177763787e-07,0.00015244566583933305,0.00015244566583933305,False,0.7021381188412154,4.577950220118587,5.088888399591575e-09,0.46415888336127725
Regular,333,2023-07-10,calma,sin_evento,ssrc_recurrente_log_cv,5.784823177763787e-07,6.50743071578207e-05,6.50743071578207e-05,False,0.298188035599365,3.731766667985023,5.088888399591575e-09,15.0
Regular,333,2023-07-10,calma,sin_evento,naive,5.784823177763787e-07,0.00016768580628601622,0.00016768580628601622,False,0.7725989208129009,4.672889125119015,5.088888399591575e-09,
Regular,333,2023-07-10,calma,sin_evento,ewma_094,5.784823177763787e-07,0.0001570896212683943,0.0001570896212683943,False,0.7236088411745935,4.6078462756918315,5.088888399591575e-09,0.94
Regular,333,2023-07-10,calma,sin_evento,garch_11,5.784823177763787e-07,0.00018359402806177998,0.00018359402806177998,False,0.8461485096887501,4.763225126857383,5.088888399591575e-09,
Regular,333,2023-07-10,calma,sin_evento,gjr_garch_11,5.784823177763787e-07,0.00027028944699799396,0.00027028944699799396,False,1.2469734736638272,5.148980941882425,5.088888399591575e-09,
Regular,337,2023-08-07,calma,sin_evento,ols_clip_legacy,0.0008363038034671106,5.1482606586538695e-05,5.1482606586538695e-05,False,3.5438087746495386,12.456647191296321,5.752114199515213e-09,
Regular,337,2023-08-07,calma,sin_evento,ridge_cv_clip,0.0008363038034671106,0.000194516614862278,0.000194516614862278,False,2.897948066993354,1.8409208510117505,5.752114199515213e-09,150.0
Regular,337,2023-08-07,calma,sin_evento,ridge_log_cv,0.0008363038034671106,1.983424294229927e-05,1.983424294229927e-05,False,3.686714890375694,37.423062481410305,5.752114199515213e-09,15000.0
Regular,337,2023-08-07,calma,sin_evento,nnls_base_no_negativa,0.0008363038034671106,0.00026406586870563045,0.00026406586870563045,False,2.583902960897798,1.0142338819618235,5.752114199515213e-09,
Regular,337,2023-08-07,calma,sin_evento,ngrc_softplus_cv,0.0008363038034671106,0.00021633137742355234,0.00021633137742355234,False,2.7994449336824627,1.5136655003113244,5.752114199515213e-09,10.0
Regular,337,2023-08-07,calma,sin_evento,ssrc_recurrente_log_cv,0.0008363038034671106,0.0002806613396694789,0.0002806613396694789,False,2.5089671973698953,0.8879181154679312,5.752114199515213e-09,15.0
Regular,337,2023-08-07,calma,sin_evento,naive,0.0008363038034671106,0.0007225303800975896,0.0007225303800975896,False,0.5137364506226251,0.011232764399407014,5.752114199515213e-09,
Regular,337,2023-08-07,calma,sin_evento,ewma_094,0.0008363038034671106,0.00017519865546579782,0.00017519865546579782,False,2.985177048944497,2.210388724494483,5.752114199515213e-09,0.94
Regular,337,2023-08-07,calma,sin_evento,garch_11,0.0008363038034671106,0.0007078861163899037,0.0007078861163899037,False,0.5798616654255022,0.014701374080341001,5.752114199515213e-09,
Regular,337,2023-08-07,calma,sin_evento,gjr_garch_11,0.0008363038034671106,0.000707895627859714,0.000707895627859714,False,0.579818717005776,0.014698936697389753,5.752114199515213e-09,
Regular,341,2023-09-04,calma,sin_evento,ols_clip_legacy,0.00012407657955156476,0.00030430972774916486,0.00030430972774916486,False,0.7879863302668697,0.3048783018618306,7.345988822598501e-09,
Regular,341,2023-09-04,calma,sin_evento,ridge_cv_clip,0.00012407657955156476,0.0003113719195023965,0.0003113719195023965,False,0.8188625071462128,0.31857265165110116,7.345988822598501e-09,150.0
Regular,341,2023-09-04,calma,sin_evento,ridge_log_cv,0.00012407657955156476,2.223215240118512e-05,2.223215240118512e-05,False,0.44526779458112914,2.8615927818329245,7.345988822598501e-09,15000.0
Regular,341,2023-09-04,calma,sin_evento,nnls_base_no_negativa,0.00012407657955156476,0.00023739039139097958,0.00023739039139097958,False,0.49541239030013234,0.17147597527516023,7.345988822598501e-09,
Regular,341,2023-09-04,calma,sin_evento,ngrc_softplus_cv,0.00012407657955156476,0.0002484978657537856,0.0002484978657537856,False,0.5439747000040328,0.19384172426563828,7.345988822598501e-09,10.0
Regular,341,2023-09-04,calma,sin_evento,ssrc_recurrente_log_cv,0.00012407657955156476,0.0001468371246728699,0.0001468371246728699,False,0.09950998805917523,0.013419639525144467,7.345988822598501e-09,15.0
Regular,341,2023-09-04,calma,sin_evento,naive,0.00012407657955156476,0.0002363733824464925,0.0002363733824464925,False,0.4909659876598348,0.16943146264569475,7.345988822598501e-09,
Regular,341,2023-09-04,calma,sin_evento,ewma_094,0.00012407657955156476,0.0002256322380369695,0.0002256322380369695,False,0.44400528675232415,0.14791371383177898,7.345988822598501e-09,0.94
Regular,341,2023-09-04,calma,sin_evento,garch_11,0.00012407657955156476,0.0002586407499732241,0.0002586407499732241,False,0.5883197841038484,0.21426664468419498,7.345988822598501e-09,
Regular,341,2023-09-04,calma,sin_evento,gjr_garch_11,0.00012407657955156476,0.0002414405047888043,0.0002414405047888043,False,0.5131196435187114,0.17962539343970718,7.345988822598501e-09,
Regular,345,2023-10-02,calma,sin_evento,ols_clip_legacy,3.518703212427152e-08,0.0001738690843890466,0.0001738690843890466,False,0.7574164646210233,7.5055826738644384,7.573843677212935e-09,
Regular,345,2023-10-02,calma,sin_evento,ridge_cv_clip,3.518703212427152e-08,0.00017611430102712537,0.00017611430102712537,False,0.7671991599076062,7.51841068827893,7.573843677212935e-09,150.0
Regular,345,2023-10-02,calma,sin_evento,ridge_log_cv,3.518703212427152e-08,2.2181068890805126e-05,2.2181068890805126e-05,False,0.09649243213408835,5.447903196442787,7.573843677212935e-09,15000.0
Regular,345,2023-10-02,calma,sin_evento,nnls_base_no_negativa,3.518703212427152e-08,7.665447465982052e-05,7.665447465982052e-05,False,0.3338400095672713,6.686844685536427,7.573843677212935e-09,
Regular,345,2023-10-02,calma,sin_evento,ngrc_softplus_cv,3.518703212427152e-08,0.00016244555033530995,0.00016244555033530995,False,0.7076426695901628,7.437637148738844,7.573843677212935e-09,0.46415888336127725
Regular,345,2023-10-02,calma,sin_evento,ssrc_recurrente_log_cv,3.518703212427152e-08,1.754898610879749e-05,1.754898610879749e-05,False,0.07630985659546066,5.21407892141284,7.573843677212935e-09,15000.0
Regular,345,2023-10-02,calma,sin_evento,naive,3.518703212427152e-08,9.03668781411658e-06,9.03668781411658e-06,False,0.03922068711708886,4.552264182306257,7.573843677212935e-09,
Regular,345,2023-10-02,calma,sin_evento,ewma_094,3.518703212427152e-08,0.00018909302276251972,0.00018909302276251972,False,0.8237491060434768,7.589502830908081,7.573843677212935e-09,0.94
Regular,345,2023-10-02,calma,sin_evento,garch_11,3.518703212427152e-08,7.347883926982835e-05,7.347883926982835e-05,False,0.320003361096607,6.6445540064921005,7.573843677212935e-09,
Regular,345,2023-10-02,calma,sin_evento,gjr_garch_11,3.518703212427152e-08,6.626218487837365e-05,6.626218487837365e-05,False,0.2885594773738347,6.541228067808831,7.573843677212935e-09,
Regular,349,2023-10-30,calma,sin_evento,ols_clip_legacy,0.0007348808584029125,0.0006952466324878861,0.0006952466324878861,False,0.16616413821269876,0.001565693977485294,9.103484300207632e-09,
Regular,349,2023-10-30,calma,sin_evento,ridge_cv_clip,0.0007348808584029125,0.00035175464070516787,0.00035175464070516787,False,1.6062339132578014,0.35241146520355326,9.103484300207632e-09,1500.0
Regular,349,2023-10-30,calma,sin_evento,ridge_log_cv,0.0007348808584029125,6.05680868416367e-05,6.05680868416367e-05,False,2.8270162463250235,8.637196133810956,9.103484300207632e-09,1500.0
Regular,349,2023-10-30,calma,sin_evento,nnls_base_no_negativa,0.0007348808584029125,0.0006136678782722929,0.0006136678782722929,False,0.5081782201771552,0.017267598007942864,9.103484300207632e-09,
Regular,349,2023-10-30,calma,sin_evento,ngrc_softplus_cv,0.0007348808584029125,0.0003480709538685502,0.0003480709538685502,False,1.6216775515406414,0.3639940922924523,9.103484300207632e-09,10.0
Regular,349,2023-10-30,calma,sin_evento,ssrc_recurrente_log_cv,0.0007348808584029125,4.383016603792848e-05,4.383016603792848e-05,False,2.8971889852043806,12.947168203718912,9.103484300207632e-09,15000.0
Regular,349,2023-10-30,calma,sin_evento,naive,0.0007348808584029125,0.0009717023816152565,0.0009717023816152565,False,0.9928601708827295,0.03562301026519643,9.103484300207632e-09,
Regular,349,2023-10-30,calma,sin_evento,ewma_094,0.0007348808584029125,0.00030188717892218694,0.00030188717892218694,False,1.815300285079692,0.5446347063173405,9.103484300207632e-09,0.94
Regular,349,2023-10-30,calma,sin_evento,garch_11,0.0007348808584029125,0.0011700153108513659,0.0011700153108513659,False,1.8242753486031775,0.09315880364516493,9.103484300207632e-09,
Regular,349,2023-10-30,calma,sin_evento,gjr_garch_11,0.0007348808584029125,0.0011700859656187034,0.0011700859656187034,False,1.8245715645189478,0.09318126266935889,9.103484300207632e-09,
Regular,353,2023-11-27,calma,sin_evento,ols_clip_legacy,9.823417856341008e-05,3.893081071819681e-05,3.893081071819681e-05,False,0.24341188513893364,0.5977334218941728,7.717156020398609e-09,
Regular,353,2023-11-27,calma,sin_evento,ridge_cv_clip,9.823417856341008e-05,0.00023980086815915573,0.00023980086815915573,False,0.5810633702510727,0.3021036272383486,7.717156020398609e-09,1500.0
Regular,353,2023-11-27,calma,sin_evento,ridge_log_cv,9.823417856341008e-05,2.196740274404364e-05,2.196740274404364e-05,False,0.3130385398029103,1.9740212506485237,7.717156020398609e-09,1500.0
Regular,353,2023-11-27,calma,sin_evento,nnls_base_no_negativa,9.823417856341008e-05,0.00024343636158245964,0.00024343636158245964,False,0.5959853272955076,0.3110326013155573,7.717156020398609e-09,
Regular,353,2023-11-27,calma,sin_evento,ngrc_softplus_cv,9.823417856341008e-05,0.00024216980379794683,0.00024216980379794683,False,0.5907867149878503,0.3079266749797158,7.717156020398609e-09,10.0
Regular,353,2023-11-27,calma,sin_evento,ssrc_recurrente_log_cv,9.823417856341008e-05,2.7554642713568548e-05,2.7554642713568548e-05,False,0.2901055991770866,1.2938849653009696,7.717156020398609e-09,15000.0
Regular,353,2023-11-27,calma,sin_evento,naive,9.823417856341008e-05,1.6891205190085085e-05,1.6891205190085085e-05,False,0.33387389639128706,3.055138673296158,7.717156020398609e-09,
Regular,353,2023-11-27,calma,sin_evento,ewma_094,9.823417856341008e-05,0.0002982630014071748,0.0002982630014071748,False,0.8210223907958469,0.4399756682658911,7.717156020398609e-09,0.94
Regular,353,2023-11-27,calma,sin_evento,garch_11,9.823417856341008e-05,0.00010488360794485042,0.00010488360794485042,False,0.027292718772046084,0.002098858729807862,7.717156020398609e-09,
Regular,353,2023-11-27,calma,sin_evento,gjr_garch_11,9.823417856341008e-05,0.00010528804498908529,0.00010528804498908529,False,0.02895273888446496,0.0023497830988765678,7.717156020398609e-09,
Regular,357,2023-12-25,calma,sin_evento,ols_clip_legacy,6.522896432564352e-06,0.00017964950584274596,0.00017964950584274596,False,0.7215068610845313,2.3519982615264627,7.389028412919992e-09,
Regular,357,2023-12-25,calma,sin_evento,ridge_cv_clip,6.522896432564352e-06,0.00022857812761287267,0.00022857812761287267,False,0.9254173773871757,2.5850963871581625,7.389028412919992e-09,1500.0
Regular,357,2023-12-25,calma,sin_evento,ridge_log_cv,6.522896432564352e-06,1.901655114471151e-05,1.901655114471151e-05,False,0.05206742987427286,0.41300273421846967,7.389028412919992e-09,1500.0
Regular,357,2023-12-25,calma,sin_evento,nnls_base_no_negativa,6.522896432564352e-06,0.00018803759652397144,0.00018803759652397144,False,0.7564643121576041,2.3960127293267446,7.389028412919992e-09,
Regular,357,2023-12-25,calma,sin_evento,ngrc_softplus_cv,6.522896432564352e-06,0.0002311284836226629,0.0002311284836226629,False,0.9360460113420644,2.5958771963098077,7.389028412919992e-09,10.0
Regular,357,2023-12-25,calma,sin_evento,ssrc_recurrente_log_cv,6.522896432564352e-06,2.010407909315641e-05,2.010407909315641e-05,False,0.05659971338110873,0.45006058443030694,7.389028412919992e-09,15000.0
Regular,357,2023-12-25,calma,sin_evento,naive,6.522896432564352e-06,0.00010134476080150728,0.00010134476080150728,False,0.3951710598162716,1.8075730921765798,7.389028412919992e-09,
Regular,357,2023-12-25,calma,sin_evento,ewma_094,6.522896432564352e-06,0.00024624971001067475,0.00024624971001067475,False,0.9990638722251032,2.657516537729558,7.389028412919992e-09,0.94
Regular,357,2023-12-25,calma,sin_evento,garch_11,6.522896432564352e-06,0.0001925306255359702,0.0001925306255359702,False,0.7751890551087492,2.4188165055624875,7.389028412919992e-09,
Regular,357,2023-12-25,calma,sin_evento,gjr_garch_11,6.522896432564352e-06,0.00018293426066798667,0.00018293426066798667,False,0.735196109383599,2.3694653934933476,7.389028412919992e-09,
Regular,361,2024-01-22,calma,sin_evento,ols_clip_legacy,2.4288391122645036e-05,2.2474543833772532e-05,2.2474543833772532e-05,False,0.007611901133232821,0.0030915244029445788,5.752114199515213e-09,
Regular,361,2024-01-22,calma,sin_evento,ridge_cv_clip,2.4288391122645036e-05,0.0002180946655599636,0.0002180946655599636,False,0.8133177523087232,1.3062969874529364,5.752114199515213e-09,1500.0
Regular,361,2024-01-22,calma,sin_evento,ridge_log_cv,2.4288391122645036e-05,1.6786244134188707e-05,1.6786244134188707e-05,False,0.03148313615674175,0.07748355388750783,5.752114199515213e-09,1500.0
Regular,361,2024-01-22,calma,sin_evento,nnls_base_no_negativa,2.4288391122645036e-05,5.5611811375292006e-05,5.5611811375292006e-05,False,0.13145030432306187,0.26514589519458753,5.752114199515213e-09,
Regular,361,2024-01-22,calma,sin_evento,ngrc_softplus_cv,2.4288391122645036e-05,0.000219478246271282,0.000219478246271282,False,0.8191240181663909,1.3119188471479246,5.752114199515213e-09,10.0
Regular,361,2024-01-22,calma,sin_evento,ssrc_recurrente_log_cv,2.4288391122645036e-05,1.6950265880320797e-05,1.6950265880320797e-05,False,0.030794810671505468,0.07320596728502315,5.752114199515213e-09,15000.0
Regular,361,2024-01-22,calma,sin_evento,naive,2.4288391122645036e-05,8.076158850979203e-07,8.076158850979203e-07,False,0.09853825111758528,25.670519735059862,5.752114199515213e-09,
Regular,361,2024-01-22,calma,sin_evento,ewma_094,2.4288391122645036e-05,0.00019803108402771584,0.00019803108402771584,False,0.7291199259873252,1.2210748910953044,5.752114199515213e-09,0.94
Regular,361,2024-01-22,calma,sin_evento,garch_11,2.4288391122645036e-05,7.737385031075934e-05,7.737385031075934e-05,False,0.2227757923344091,0.4725599252339605,5.752114199515213e-09,
Regular,361,2024-01-22,calma,sin_evento,gjr_garch_11,2.4288391122645036e-05,7.739615860124942e-05,7.739615860124942e-05,False,0.22286941019447026,0.47275772213760403,5.752114199515213e-09,
Regular,365,2024-02-19,calma,sin_evento,ols_clip_legacy,0.00040201279265800335,5.405939710197542e-05,5.405939710197542e-05,False,1.4738746756415344,4.430101070616448,4.463596105454764e-09,
Regular,365,2024-02-19,calma,sin_evento,ridge_cv_clip,0.00040201279265800335,0.0002203271369702224,0.0002203271369702224,False,0.7695912448781637,0.2232472118011719,4.463596105454764e-09,1500.0
Regular,365,2024-02-19,calma,sin_evento,ridge_log_cv,0.00040201279265800335,1.5973524068740198e-05,1.5973524068740198e-05,False,1.635200314305536,20.94189395833541,4.463596105454764e-09,1500.0
Regular,365,2024-02-19,calma,sin_evento,nnls_base_no_negativa,0.00040201279265800335,0.00020036053092519878,0.00020036053092519878,False,0.8541665799205053,0.3100815199626079,4.463596105454764e-09,
Regular,365,2024-02-19,calma,sin_evento,ngrc_softplus_cv,0.00040201279265800335,0.00022077907227778488,0.00022077907227778488,False,0.7676769195307125,0.22156131531235568,4.463596105454764e-09,10.0
Regular,365,2024-02-19,calma,sin_evento,ssrc_recurrente_log_cv,0.00040201279265800335,1.5085138892486512e-05,1.5085138892486512e-05,False,1.6389633711695257,22.366817898113858,4.463596105454764e-09,15000.0
Regular,365,2024-02-19,calma,sin_evento,naive,0.00040201279265800335,0.00016722853018034885,0.00016722853018034885,False,0.9945084115417682,0.526849939734578,4.463596105454764e-09,
Regular,365,2024-02-19,calma,sin_evento,ewma_094,0.00040201279265800335,0.00017320311767957824,0.00017320311767957824,False,0.9692010188708414,0.4790293327396582,4.463596105454764e-09,0.94
Regular,365,2024-02-19,calma,sin_evento,garch_11,0.00040201279265800335,0.00022259131284474174,0.00022259131284474174,False,0.7600005596735548,0.21491137293298257,4.463596105454764e-09,
Regular,365,2024-02-19,calma,sin_evento,gjr_garch_11,0.00040201279265800335,0.00022259408014488783,0.00022259408014488783,False,0.7599888378347761,0.21490135206063088,4.463596105454764e-09,
Regular,369,2024-03-18,calma,sin_evento,ols_clip_legacy,2.4087062157379854e-05,0.000176058636135224,0.000176058636135224,False,0.6341401065131997,1.1259549702116964,5.088888399591575e-09,
Regular,369,2024-03-18,calma,sin_evento,ridge_cv_clip,2.4087062157379854e-05,0.00018594827022561298,0.00018594827022561298,False,0.6754071240961732,1.1733300220132188,5.088888399591575e-09,150.0
Regular,369,2024-03-18,calma,sin_evento,ridge_log_cv,2.4087062157379854e-05,1.6808060599812524e-05,1.6808060599812524e-05,False,0.030373488292609545,0.07324983069592905,5.088888399591575e-09,1500.0
Regular,369,2024-03-18,calma,sin_evento,nnls_base_no_negativa,2.4087062157379854e-05,0.00013634477621326485,0.00013634477621326485,False,0.46842390905752923,0.9101748302244184,5.088888399591575e-09,
Regular,369,2024-03-18,calma,sin_evento,ngrc_softplus_cv,2.4087062157379854e-05,0.0001742401974998604,0.0001742401974998604,False,0.6265522080678938,1.1170004944397869,5.088888399591575e-09,0.46415888336127725
Regular,369,2024-03-18,calma,sin_evento,ssrc_recurrente_log_cv,2.4087062157379854e-05,1.596504977317018e-05,1.596504977317018e-05,False,0.03389116572007827,0.09746414112829149,5.088888399591575e-09,15000.0
Regular,369,2024-03-18,calma,sin_evento,naive,2.4087062157379854e-05,4.661337754900606e-05,4.661337754900606e-05,False,0.09399678945141644,0.17695411934461935,5.088888399591575e-09,
Regular,369,2024-03-18,calma,sin_evento,ewma_094,2.4087062157379854e-05,0.00016234643119202757,0.00016234643119202757,False,0.5769224382637604,1.0564259483238514,5.088888399591575e-09,0.94
Regular,369,2024-03-18,calma,sin_evento,garch_11,2.4087062157379854e-05,0.00011512408265763249,0.00011512408265763249,False,0.37987515931822236,0.7735626326917602,5.088888399591575e-09,
Regular,369,2024-03-18,calma,sin_evento,gjr_garch_11,2.4087062157379854e-05,0.00011512457533064508,0.00011512457533064508,False,0.37987721512187367,0.7735660167962191,5.088888399591575e-09,
Regular,373,2024-04-15,calma,sin_evento,ols_clip_legacy,2.8357258657617795e-05,0.0001417177637946415,0.0001417177637946415,False,0.4738966378023125,0.8090511787638821,4.684396937539256e-09,
Regular,373,2024-04-15,calma,sin_evento,ridge_cv_clip,2.8357258657617795e-05,0.00016959487168620994,0.00016959487168620994,False,0.5904351772654003,0.9557353239714752,4.684396937539256e-09,150.0
Regular,373,2024-04-15,calma,sin_evento,ridge_log_cv,2.8357258657617795e-05,1.6924808342328772e-05,1.6924808342328772e-05,False,0.047792657237269096,0.1593822327390113,4.684396937539256e-09,1500.0
Regular,373,2024-04-15,calma,sin_evento,nnls_base_no_negativa,2.8357258657617795e-05,9.092173103893543e-05,9.092173103893543e-05,False,0.261546938870323,0.47700248333128603,4.684396937539256e-09,
Regular,373,2024-04-15,calma,sin_evento,ngrc_softplus_cv,2.8357258657617795e-05,0.00015384041585784312,0.00015384041585784312,False,0.5245746411073827,0.8753618259347506,4.684396937539256e-09,0.46415888336127725
Regular,373,2024-04-15,calma,sin_evento,ssrc_recurrente_log_cv,2.8357258657617795e-05,1.489515006515096e-05,1.489515006515096e-05,False,0.056277519158796106,0.25994403042838465,4.684396937539256e-09,15000.0
Regular,373,2024-04-15,calma,sin_evento,naive,2.8357258657617795e-05,1.3714630394160903e-05,1.3714630394160903e-05,False,0.06121260922623587,0.3412449509861164,4.684396937539256e-09,
Regular,373,2024-04-15,calma,sin_evento,ewma_094,2.8357258657617795e-05,0.00013189287213242128,0.00013189287213242128,False,0.43282428090102454,0.7521091910862407,4.684396937539256e-09,0.94
Regular,373,2024-04-15,calma,sin_evento,garch_11,2.8357258657617795e-05,8.814973848185786e-05,8.814973848185786e-05,False,0.2499587940290112,0.45584809668828363,4.684396937539256e-09,
Regular,373,2024-04-15,calma,sin_evento,gjr_garch_11,2.8357258657617795e-05,8.814933521404675e-05,8.814933521404675e-05,False,0.24995710819266467,0.4558449935681472,4.684396937539256e-09,
Regular,377,2024-05-13,calma,sin_evento,ols_clip_legacy,9.358572513222189e-05,0.00015538932055905586,0.00015538932055905586,False,0.257462831686397,0.10932198326625997,5.370681920101544e-09,
Regular,377,2024-05-13,calma,sin_evento,ridge_cv_clip,9.358572513222189e-05,0.00014193826009648573,0.00014193826009648573,False,0.2014280962966399,0.07585538838113681,5.370681920101544e-09,15.0
Regular,377,2024-05-13,calma,sin_evento,ridge_log_cv,9.358572513222189e-05,1.8985765021396054e-05,1.8985765021396054e-05,False,0.31077022042452707,2.3340691531052387,5.370681920101544e-09,1500.0
Regular,377,2024-05-13,calma,sin_evento,nnls_base_no_negativa,9.358572513222189e-05,0.00011773551605684141,0.00011773551605684141,False,0.10060375149934067,0.024443860204053314,5.370681920101544e-09,
Regular,377,2024-05-13,calma,sin_evento,ngrc_softplus_cv,9.358572513222189e-05,0.00013705009064215245,0.00013705009064215245,False,0.18106484815898916,0.06432643429072549,5.370681920101544e-09,0.46415888336127725
Regular,377,2024-05-13,calma,sin_evento,ssrc_recurrente_log_cv,9.358572513222189e-05,1.8123187399051198e-05,1.8123187399051198e-05,False,0.3143635660165507,2.522181095148527,5.370681920101544e-09,15000.0
Regular,377,2024-05-13,calma,sin_evento,naive,9.358572513222189e-05,3.107500229958023e-05,3.107500229958023e-05,False,0.2604085992101948,0.9091338361623997,5.370681920101544e-09,
Regular,377,2024-05-13,calma,sin_evento,ewma_094,9.358572513222189e-05,0.00011114794862130188,0.00011114794862130188,False,0.07316111237510119,0.013976695775555381,5.370681920101544e-09,0.94
Regular,377,2024-05-13,calma,sin_evento,garch_11,9.358572513222189e-05,0.00010994605801740735,0.00010994605801740735,False,0.06815424900220415,0.012308731923924121,5.370681920101544e-09,
Regular,377,2024-05-13,calma,sin_evento,gjr_garch_11,9.358572513222189e-05,0.00010994428838986681,0.00010994428838986681,False,0.0681468770473127,0.012306336964386766,5.370681920101544e-09,
Regular,381,2024-06-10,calma,sin_evento,ols_clip_legacy,8.333061515899917e-05,9.65336169903198e-05,9.65336169903198e-05,False,0.05489515025646583,0.010304273786836848,7.297634027268258e-09,
Regular,381,2024-06-10,calma,sin_evento,ridge_cv_clip,8.333061515899917e-05,9.984827605911376e-05,9.984827605911376e-05,False,0.06867676673695078,0.015408181557172496,7.297634027268258e-09,15.0
Regular,381,2024-06-10,calma,sin_evento,ridge_log_cv,8.333061515899917e-05,2.4743057753729052e-05,2.4743057753729052e-05,False,0.24359405595870637,1.153567147176643,7.297634027268258e-09,15000.0
Regular,381,2024-06-10,calma,sin_evento,nnls_base_no_negativa,8.333061515899917e-05,0.00017502630553371736,0.00017502630553371736,False,0.38125032210853155,0.2182236465669949,7.297634027268258e-09,
Regular,381,2024-06-10,calma,sin_evento,ngrc_softplus_cv,8.333061515899917e-05,0.00012805986744364965,0.00012805986744364965,False,0.18597430011714633,0.08039794005439438,7.297634027268258e-09,0.46415888336127725
Regular,381,2024-06-10,calma,sin_evento,ssrc_recurrente_log_cv,8.333061515899917e-05,2.307542104850332e-05,2.307542104850332e-05,False,0.2505277191268351,1.3271803874291903,7.297634027268258e-09,15000.0
Regular,381,2024-06-10,calma,sin_evento,naive,8.333061515899917e-05,7.434094496230956e-05,7.434094496230956e-05,False,0.037377052772398785,0.006770750257193647,7.297634027268258e-09,
Regular,381,2024-06-10,calma,sin_evento,ewma_094,8.333061515899917e-05,0.00010186715950018875,0.00010186715950018875,False,0.07707083584820357,0.018885781983878802,7.297634027268258e-09,0.94
Regular,381,2024-06-10,calma,sin_evento,garch_11,8.333061515899917e-05,0.00014423145568245434,0.00014423145568245434,False,0.2532121735641488,0.1263595117570948,7.297634027268258e-09,
Regular,381,2024-06-10,calma,sin_evento,gjr_garch_11,8.333061515899917e-05,0.0001442514163842671,0.0001442514163842671,False,0.25329516573056937,0.12641794906264892,7.297634027268258e-09,
Regular,385,2024-07-08,calma,sin_evento,ols_clip_legacy,4.713357404058138e-05,-3.77308133234865e-05,7.61718058630958e-09,True,0.1955522388381532,6178.067566064992,7.61718058630958e-09,
Regular,385,2024-07-08,calma,sin_evento,ridge_cv_clip,4.713357404058138e-05,6.3309784877091136e-06,6.3309784877091136e-06,False,0.1693130377060885,4.437380651533109,7.61718058630958e-09,15.0
Regular,385,2024-07-08,calma,sin_evento,ridge_log_cv,4.713357404058138e-05,2.5503575094574453e-05,2.5503575094574453e-05,False,0.08975509468220887,0.2339494174533714,7.61718058630958e-09,15000.0
Regular,385,2024-07-08,calma,sin_evento,nnls_base_no_negativa,4.713357404058138e-05,9.05032156026454e-05,9.05032156026454e-05,False,0.17996516294121834,0.17319427807579357,7.61718058630958e-09,
Regular,385,2024-07-08,calma,sin_evento,ngrc_softplus_cv,4.713357404058138e-05,8.619752548522364e-05,8.619752548522364e-05,False,0.16209842031556584,0.1504647982537448,7.61718058630958e-09,0.46415888336127725
Regular,385,2024-07-08,calma,sin_evento,ssrc_recurrente_log_cv,4.713357404058138e-05,2.2973915947895237e-05,2.2973915947895237e-05,False,0.10025208068718619,0.3329864509370952,7.61718058630958e-09,15000.0
Regular,385,2024-07-08,calma,sin_evento,naive,4.713357404058138e-05,3.066429169065759e-06,3.066429169065759e-06,False,0.18285949852289157,11.638362276925514,7.61718058630958e-09,
Regular,385,2024-07-08,calma,sin_evento,ewma_094,4.713357404058138e-05,9.075266001612558e-05,9.075266001612558e-05,False,0.18100024884232027,0.1745152155116303,7.61718058630958e-09,0.94
Regular,385,2024-07-08,calma,sin_evento,garch_11,4.713357404058138e-05,8.951963449565732e-05,8.951963449565732e-05,False,0.17588372883640327,0.16798901439279357,7.61718058630958e-09,
Regular,385,2024-07-08,calma,sin_evento,gjr_garch_11,4.713357404058138e-05,8.655064180569576e-05,8.655064180569576e-05,False,0.16356369957225575,0.15232210944316593,7.61718058630958e-09,
Regular,389,2024-08-05,calma,sin_evento,ols_clip_legacy,1.560450162289103e-05,0.00010004675881733263,0.00010004675881733263,False,0.34978142562006687,1.0140503122040898,7.61718058630958e-09,
Regular,389,2024-08-05,calma,sin_evento,ridge_cv_clip,1.560450162289103e-05,0.00011365025081063719,0.00011365025081063719,False,0.406130568583792,1.1228691538620592,7.61718058630958e-09,15.0
Regular,389,2024-08-05,calma,sin_evento,ridge_log_cv,1.560450162289103e-05,2.8525589388841008e-05,2.8525589388841008e-05,False,0.05352245012741663,0.1502773239545827,7.61718058630958e-09,15000.0
Regular,389,2024-08-05,calma,sin_evento,nnls_base_no_negativa,1.560450162289103e-05,0.00011753518922492646,0.00011753518922492646,False,0.4222229770785961,1.1519428417639999,7.61718058630958e-09,
Regular,389,2024-08-05,calma,sin_evento,ngrc_softplus_cv,1.560450162289103e-05,0.00014017800760106564,0.00014017800760106564,False,0.5160153217505898,1.3066728450668506,7.61718058630958e-09,0.46415888336127725
Regular,389,2024-08-05,calma,sin_evento,ssrc_recurrente_log_cv,1.560450162289103e-05,2.3232979580622517e-05,2.3232979580622517e-05,False,0.031599106703441085,0.0696664158601461,7.61718058630958e-09,15000.0
Regular,389,2024-08-05,calma,sin_evento,naive,1.560450162289103e-05,3.4821660572972553e-05,3.4821660572972553e-05,False,0.07960238720820699,0.2508064768958156,7.61718058630958e-09,
Regular,389,2024-08-05,calma,sin_evento,ewma_094,1.560450162289103e-05,7.796333002504276e-05,7.796333002504276e-05,False,0.2583062156696768,0.8088309601233132,7.61718058630958e-09,0.94
Regular,389,2024-08-05,calma,sin_evento,garch_11,1.560450162289103e-05,0.00011703851367525504,0.00011703851367525504,False,0.42016561992582996,1.1482715394404708,7.61718058630958e-09,
Regular,389,2024-08-05,calma,sin_evento,gjr_garch_11,1.560450162289103e-05,0.00012066656991454718,0.00012066656991454718,False,0.43519395675353045,1.1747908610584723,7.61718058630958e-09,
Regular,393,2024-09-02,calma,sin_evento,ols_clip_legacy,3.5274353274480336e-05,6.860733980691724e-05,6.860733980691724e-05,False,0.1385105229169046,0.17939174909907418,7.525488881882691e-09,
Regular,393,2024-09-02,calma,sin_evento,ridge_cv_clip,3.5274353274480336e-05,7.654675919558183e-05,7.654675919558183e-05,False,0.17150166009299933,0.23556661063502182,7.525488881882691e-09,15.0
Regular,393,2024-09-02,calma,sin_evento,ridge_log_cv,3.5274353274480336e-05,2.7959766877947285e-05,2.7959766877947285e-05,False,0.030394731828747443,0.0292215526437285,7.525488881882691e-09,15000.0
Regular,393,2024-09-02,calma,sin_evento,nnls_base_no_negativa,3.5274353274480336e-05,0.00011187453381296519,0.00011187453381296519,False,0.3183012434721422,0.4695246414619545,7.525488881882691e-09,
Regular,393,2024-09-02,calma,sin_evento,ngrc_softplus_cv,3.5274353274480336e-05,0.0001127676488174728,0.0001127676488174728,False,0.3220124568726847,0.47497894378265015,7.525488881882691e-09,0.46415888336127725
Regular,393,2024-09-02,calma,sin_evento,ssrc_recurrente_log_cv,3.5274353274480336e-05,2.2451152618965282e-05,2.2451152618965282e-05,False,0.05328500122649927,0.11934580522765104,7.525488881882691e-09,15000.0
Regular,393,2024-09-02,calma,sin_evento,naive,3.5274353274480336e-05,2.998587214089015e-05,2.998587214089015e-05,False,0.021975537251573377,0.013935938493217837,7.525488881882691e-09,
Regular,393,2024-09-02,calma,sin_evento,ewma_094,3.5274353274480336e-05,6.497415522256055e-05,6.497415522256055e-05,False,0.12341333694638928,0.15373163601111517,7.525488881882691e-09,0.94
Regular,393,2024-09-02,calma,sin_evento,garch_11,3.5274353274480336e-05,0.00010777710428541507,0.00010777710428541507,False,0.3012749531358757,0.44419894058115195,7.525488881882691e-09,
Regular,393,2024-09-02,calma,sin_evento,gjr_garch_11,3.5274353274480336e-05,0.0001093783192440812,0.0001093783192440812,False,0.30792857599716333,0.4541551136513984,7.525488881882691e-09,
Regular,397,2024-09-30,calma,sin_evento,ols_clip_legacy,4.0094194081398006e-05,0.00012418750357419474,0.00012418750357419474,False,0.346283588112626,0.45341309321508305,8.075245144581354e-09,
Regular,397,2024-09-30,calma,sin_evento,ridge_cv_clip,4.0094194081398006e-05,0.00014315115422398425,0.00014315115422398425,False,0.4243730464813199,0.5527524823435555,8.075245144581354e-09,15.0
Regular,397,2024-09-30,calma,sin_evento,ridge_log_cv,4.0094194081398006e-05,3.488407343152758e-05,3.488407343152758e-05,False,0.021454492444388334,0.010154121275113948,8.075245144581354e-09,15000.0
Regular,397,2024-09-30,calma,sin_evento,nnls_base_no_negativa,4.0094194081398006e-05,0.00020505031492712084,0.00020505031492712084,False,0.6792644712417908,0.8275572929375932,8.075245144581354e-09,
Regular,397,2024-09-30,calma,sin_evento,ngrc_softplus_cv,4.0094194081398006e-05,0.0001690011462209688,0.0001690011462209688,False,0.5308194217683483,0.675916102339027,8.075245144581354e-09,0.46415888336127725
Regular,397,2024-09-30,calma,sin_evento,ssrc_recurrente_log_cv,4.0094194081398006e-05,3.7322826352637847e-05,3.7322826352637847e-05,False,0.011412075073306648,0.0026275301775271487,8.075245144581354e-09,15000.0
Regular,397,2024-09-30,calma,sin_evento,naive,4.0094194081398006e-05,0.00012562748206183138,0.00012562748206183138,False,0.35221320273370976,0.46124095662561704,8.075245144581354e-09,
Regular,397,2024-09-30,calma,sin_evento,ewma_094,4.0094194081398006e-05,8.322648763474315e-05,8.322648763474315e-05,False,0.17761229121870667,0.2120821217234159,8.075245144581354e-09,0.94
Regular,397,2024-09-30,calma,sin_evento,garch_11,4.0094194081398006e-05,0.00019719394036362862,0.00019719394036362862,False,0.646913103578756,0.7962798374997262,8.075245144581354e-09,
Regular,397,2024-09-30,calma,sin_evento,gjr_garch_11,4.0094194081398006e-05,0.00019718733839756115,0.00019718733839756115,False,0.6468859176764264,0.7962531647950983,8.075245144581354e-09,
Regular,401,2024-10-28,calma,sin_evento,ols_clip_legacy,2.406366784882817e-06,-3.216502857632959e-05,8.921167596734987e-09,True,0.009721984353922809,263.1393069936106,8.921167596734987e-09,
Regular,401,2024-10-28,calma,sin_evento,ridge_cv_clip,2.406366784882817e-06,2.5766278925011187e-05,2.5766278925011187e-05,False,0.09472777972433132,1.4643406623802693,8.921167596734987e-09,15.0
Regular,401,2024-10-28,calma,sin_evento,ridge_log_cv,2.406366784882817e-06,4.3527901385313116e-05,4.3527901385313116e-05,False,0.1667536953131119,1.9505674091090115,8.921167596734987e-09,15000.0
Regular,401,2024-10-28,calma,sin_evento,nnls_base_no_negativa,2.406366784882817e-06,0.00016570619929766797,0.00016570619929766797,False,0.6622041414581409,3.2466201721631114,8.921167596734987e-09,
Regular,401,2024-10-28,calma,sin_evento,ngrc_softplus_cv,2.406366784882817e-06,0.00011867976053567496,0.00011867976053567496,False,0.4715052164988559,2.9185868603177516,8.921167596734987e-09,0.46415888336127725
Regular,401,2024-10-28,calma,sin_evento,ssrc_recurrente_log_cv,2.406366784882817e-06,4.109219904673637e-05,4.109219904673637e-05,False,0.156876574490967,1.896260432579742,8.921167596734987e-09,15000.0
Regular,401,2024-10-28,calma,sin_evento,naive,2.406366784882817e-06,9.368516819839493e-05,9.368516819839493e-05,False,0.3701485751287009,2.6875075095800445,8.921167596734987e-09,
Regular,401,2024-10-28,calma,sin_evento,ewma_094,2.406366784882817e-06,8.784248914586139e-05,8.784248914586139e-05,False,0.3464556771859212,2.6248213724872125,8.921167596734987e-09,0.94
Regular,401,2024-10-28,calma,sin_evento,garch_11,2.406366784882817e-06,0.00017497252584095345,0.00017497252584095345,False,0.6997804189021899,3.3002637410202853,8.921167596734987e-09,
Regular,401,2024-10-28,calma,sin_evento,gjr_garch_11,2.406366784882817e-06,0.00017497830207450794,0.00017497830207450794,False,0.699803842354149,3.300296298710532,8.921167596734987e-09,
Regular,405,2024-11-25,calma,sin_evento,ols_clip_legacy,8.079788993619085e-07,0.00017044773498959634,0.00017044773498959634,False,0.6852899883364518,4.356388377808308,8.921167596734987e-09,
Regular,405,2024-11-25,calma,sin_evento,ridge_cv_clip,8.079788993619085e-07,0.00015547445944768038,0.00015547445944768038,False,0.6248027767419007,4.264897665014417,8.921167596734987e-09,15.0
Regular,405,2024-11-25,calma,sin_evento,ridge_log_cv,8.079788993619085e-07,4.5652688496535076e-05,4.5652688496535076e-05,False,0.18115818617689866,3.051980220362312,8.921167596734987e-09,15000.0
Regular,405,2024-11-25,calma,sin_evento,nnls_base_no_negativa,8.079788993619085e-07,0.00014306616490164766,0.00014306616490164766,False,0.5746772624125652,4.182174139325535,8.921167596734987e-09,
Regular,405,2024-11-25,calma,sin_evento,ngrc_softplus_cv,8.079788993619085e-07,0.00014912006908472943,0.00014912006908472943,False,0.5991330858741796,4.223389460597453,8.921167596734987e-09,0.46415888336127725
Regular,405,2024-11-25,calma,sin_evento,ssrc_recurrente_log_cv,8.079788993619085e-07,4.150908569356997e-05,4.150908569356997e-05,False,0.16441936514838676,2.9585967806290756,8.921167596734987e-09,15000.0
Regular,405,2024-11-25,calma,sin_evento,naive,8.079788993619085e-07,8.418801748756919e-05,8.418801748756919e-05,False,0.33682850640985323,3.6558692511690767,8.921167596734987e-09,
Regular,405,2024-11-25,calma,sin_evento,ewma_094,8.079788993619085e-07,7.499029876793763e-05,7.499029876793763e-05,False,0.2996726845708644,3.541352536525678,8.921167596734987e-09,0.94
Regular,405,2024-11-25,calma,sin_evento,garch_11,8.079788993619085e-07,8.669026489685121e-05,8.669026489685121e-05,False,0.3469367801862531,3.6848812236647692,8.921167596734987e-09,
Regular,405,2024-11-25,calma,sin_evento,gjr_garch_11,8.079788993619085e-07,8.668925342337236e-05,8.668925342337236e-05,False,0.34693269415910655,3.6848696646732373,8.921167596734987e-09,
Regular,409,2024-12-23,calma,sin_evento,ols_clip_legacy,3.874212315070424e-05,0.00011526647920861037,0.00011526647920861037,False,0.34619985958891414,0.4264283883207063,8.461961790315481e-09,
Regular,409,2024-12-23,calma,sin_evento,ridge_cv_clip,3.874212315070424e-05,0.00014584549836132597,0.00014584549836132597,False,0.48454080987441633,0.5912584835889452,8.461961790315481e-09,150.0
Regular,409,2024-12-23,calma,sin_evento,ridge_log_cv,3.874212315070424e-05,3.163399525372121e-05,3.163399525372121e-05,False,0.03215751176022245,0.02200390510692518,8.461961790315481e-09,150.0
Regular,409,2024-12-23,calma,sin_evento,nnls_base_no_negativa,3.874212315070424e-05,5.472739969825195e-05,5.472739969825195e-05,False,0.07231815831371799,0.05334793783331859,8.461961790315481e-09,
Regular,409,2024-12-23,calma,sin_evento,ngrc_softplus_cv,3.874212315070424e-05,0.00012614064472216003,0.00012614064472216003,False,0.39539510627728613,0.4876043867110733,8.461961790315481e-09,0.46415888336127725
Regular,409,2024-12-23,calma,sin_evento,ssrc_recurrente_log_cv,3.874212315070424e-05,2.8413115048553387e-05,2.8413115048553387e-05,False,0.04672892839439889,0.0534529657843692,8.461961790315481e-09,1500.0
Regular,409,2024-12-23,calma,sin_evento,naive,3.874212315070424e-05,7.791192249761489e-06,7.791192249761489e-06,False,0.14002349688436902,2.368620302394074,8.461961790315481e-09,
Regular,409,2024-12-23,calma,sin_evento,ewma_094,3.874212315070424e-05,5.967209518749612e-05,5.967209518749612e-05,False,0.09468819802749102,0.08118728946678222,8.461961790315481e-09,0.94
Regular,409,2024-12-23,calma,sin_evento,garch_11,3.874212315070424e-05,7.392137627334497e-05,7.392137627334497e-05,False,0.15915262955346113,0.17017363493282378,8.461961790315481e-09,
Regular,409,2024-12-23,calma,sin_evento,gjr_garch_11,3.874212315070424e-05,7.3283364735266e-05,7.3283364735266e-05,False,0.15626623473385748,0.16606807810145963,8.461961790315481e-09,
Regular,413,2025-01-20,calma,sin_evento,ols_clip_legacy,3.12975372099641e-05,0.00026771300926441263,0.00026771300926441263,False,1.5562320386742556,1.2632831811655558,7.717453339173761e-09,
Regular,413,2025-01-20,calma,sin_evento,ridge_cv_clip,3.12975372099641e-05,0.00026771252498275966,0.00026771252498275966,False,1.5562288508345699,1.2632815836860307,7.717453339173761e-09,0.00015
Regular,413,2025-01-20,calma,sin_evento,ridge_log_cv,3.12975372099641e-05,4.568018184157984e-05,4.568018184157984e-05,False,0.0946754126626356,0.0632698947267678,7.717453339173761e-09,1500.0
Regular,413,2025-01-20,calma,sin_evento,nnls_base_no_negativa,3.12975372099641e-05,0.0003090220420592261,0.0003090220420592261,False,1.828153498650143,1.3911525003938072,7.717453339173761e-09,
Regular,413,2025-01-20,calma,sin_evento,ngrc_softplus_cv,3.12975372099641e-05,0.0002527214073428549,0.0002527214073428549,False,1.457548094604785,1.2125903643796945,7.717453339173761e-09,1e-07
Regular,413,2025-01-20,calma,sin_evento,ssrc_recurrente_log_cv,3.12975372099641e-05,4.397235101204144e-05,4.397235101204144e-05,False,0.083433419782613,0.05177656000281505,7.717453339173761e-09,15000.0
Regular,413,2025-01-20,calma,sin_evento,naive,3.12975372099641e-05,0.0003305607350876021,0.0003305607350876021,False,1.9699344230145552,1.4519311402441715,7.717453339173761e-09,
Regular,413,2025-01-20,calma,sin_evento,ewma_094,3.12975372099641e-05,7.070643484942537e-05,7.070643484942537e-05,False,0.25941360175123895,0.2576377522372808,7.717453339173761e-09,0.94
Regular,413,2025-01-20,calma,sin_evento,garch_11,3.12975372099641e-05,0.0003019872356879347,0.0003019872356879347,False,1.7818460765269748,1.370483949039667,7.717453339173761e-09,
Regular,413,2025-01-20,calma,sin_evento,gjr_garch_11,3.12975372099641e-05,0.00040864134023789385,0.00040864134023789385,False,2.483908987699446,1.6458876999516057,7.717453339173761e-09,
Regular,417,2025-02-17,calma,sin_evento,ols_clip_legacy,1.934163741612435e-05,5.8464666902104085e-05,5.8464666902104085e-05,False,0.26545235935996453,0.4369885304792547,7.297634027268258e-09,
Regular,417,2025-02-17,calma,sin_evento,ridge_cv_clip,1.934163741612435e-05,5.84669819833975e-05,5.84669819833975e-05,False,0.2654680673406481,0.4370150281326961,7.297634027268258e-09,0.00015
Regular,417,2025-02-17,calma,sin_evento,ridge_log_cv,1.934163741612435e-05,4.2718879761992165e-05,4.2718879761992165e-05,False,0.15861614546654995,0.24514637793923733,7.297634027268258e-09,15000.0
Regular,417,2025-02-17,calma,sin_evento,nnls_base_no_negativa,1.934163741612435e-05,8.673570366004432e-05,8.673570366004432e-05,False,0.4572732256769991,0.723600560575135,7.297634027268258e-09,
Regular,417,2025-02-17,calma,sin_evento,ngrc_softplus_cv,1.934163741612435e-05,6.379154321460622e-05,6.379154321460622e-05,False,0.301595569733771,0.496561129653184,7.297634027268258e-09,1e-07
Regular,417,2025-02-17,calma,sin_evento,ssrc_recurrente_log_cv,1.934163741612435e-05,3.932740896900086e-05,3.932740896900086e-05,False,0.1356047903765108,0.20147217455127953,7.297634027268258e-09,15000.0
Regular,417,2025-02-17,calma,sin_evento,naive,1.934163741612435e-05,2.6578810077324626e-05,2.6578810077324626e-05,False,0.04910469826217082,0.04556306252880482,7.297634027268258e-09,
Regular,417,2025-02-17,calma,sin_evento,ewma_094,1.934163741612435e-05,6.639253391378612e-05,6.639253391378612e-05,False,0.3192434647675147,0.5246469346486555,7.297634027268258e-09,0.94
Regular,417,2025-02-17,calma,sin_evento,garch_11,1.934163741612435e-05,8.649813198232058e-05,8.649813198232058e-05,False,0.45566128602924066,0.7214702405708666,7.297634027268258e-09,
Regular,417,2025-02-17,calma,sin_evento,gjr_garch_11,1.934163741612435e-05,9.356948168403729e-05,9.356948168403729e-05,False,0.5036408644730002,0.7831529516263913,7.297634027268258e-09,
Regular,421,2025-03-17,calma,sin_evento,ols_clip_legacy,0.00010344225543638393,7.715022532878385e-05,7.715022532878385e-05,False,0.18373482699769308,0.04753102338825421,4.9824762808350714e-09,
Regular,421,2025-03-17,calma,sin_evento,ridge_cv_clip,0.00010344225543638393,7.715300909917725e-05,7.715300909917725e-05,False,0.1837153733621412,0.04751872793697842,4.9824762808350714e-09,0.00015
Regular,421,2025-03-17,calma,sin_evento,ridge_log_cv,0.00010344225543638393,4.108594082209815e-05,4.108594082209815e-05,False,0.4357604426505544,0.5943568873078582,4.9824762808350714e-09,15000.0
Regular,421,2025-03-17,calma,sin_evento,nnls_base_no_negativa,0.00010344225543638393,9.112719569528082e-05,9.112719569528082e-05,False,0.08606050433297537,0.00838417916518841,4.9824762808350714e-09,
Regular,421,2025-03-17,calma,sin_evento,ngrc_softplus_cv,0.00010344225543638393,7.131861589835498e-05,7.131861589835498e-05,False,0.2244874712565417,0.07856817393463822,4.9824762808350714e-09,1e-07
Regular,421,2025-03-17,calma,sin_evento,ssrc_recurrente_log_cv,0.00010344225543638393,3.825494645814871e-05,3.825494645814871e-05,False,0.45554409030206605,0.709282341700308,4.9824762808350714e-09,15000.0
Regular,421,2025-03-17,calma,sin_evento,naive,0.00010344225543638393,5.251595157612005e-05,5.251595157612005e-05,False,0.35588486667268715,0.2918336175237166,4.9824762808350714e-09,
Regular,421,2025-03-17,calma,sin_evento,ewma_094,0.00010344225543638393,5.799295078049655e-05,5.799295078049655e-05,False,0.31761032122434124,0.20501187735465276,4.9824762808350714e-09,0.94
Regular,421,2025-03-17,calma,sin_evento,garch_11,0.00010344225543638393,8.670584443999558e-05,8.670584443999558e-05,False,0.11695793616540899,0.0165329302165651,4.9824762808350714e-09,
Regular,421,2025-03-17,calma,sin_evento,gjr_garch_11,0.00010344225543638393,9.442890360219534e-05,9.442890360219534e-05,False,0.06298740086431251,0.004284866504394191,4.9824762808350714e-09,
Regular,425,2025-04-14,calma,sin_evento,ols_clip_legacy,1.558452887619257e-05,0.00011216481091404443,0.00011216481091404443,False,0.7041946503760227,1.1126337530625876,5.587570111039442e-09,
Regular,425,2025-04-14,calma,sin_evento,ridge_cv_clip,1.558452887619257e-05,0.00011238744546354494,0.00011238744546354494,False,0.7058179429926842,1.1143414332739994,5.587570111039442e-09,0.15
Regular,425,2025-04-14,calma,sin_evento,ridge_log_cv,1.558452887619257e-05,4.0990691109297895e-05,4.0990691109297895e-05,False,0.18524364553135494,0.34726309395632193,5.587570111039442e-09,15000.0
Regular,425,2025-04-14,calma,sin_evento,nnls_base_no_negativa,1.558452887619257e-05,0.00015652587644691298,0.00015652587644691298,False,1.0276439546655158,1.4065078491526877,5.587570111039442e-09,
Regular,425,2025-04-14,calma,sin_evento,ngrc_softplus_cv,1.558452887619257e-05,9.57991873606612e-05,9.57991873606612e-05,False,0.5848681759322685,0.978654653225258,5.587570111039442e-09,1e-07
Regular,425,2025-04-14,calma,sin_evento,ssrc_recurrente_log_cv,1.558452887619257e-05,3.9360135420242466e-05,3.9360135420242466e-05,False,0.17335479442070062,0.322421863248606,5.587570111039442e-09,15000.0
Regular,425,2025-04-14,calma,sin_evento,naive,1.558452887619257e-05,0.00011004755321401224,0.00011004755321401224,False,0.6887571147386161,1.0962502051006915,5.587570111039442e-09,
Regular,425,2025-04-14,calma,sin_evento,ewma_094,1.558452887619257e-05,6.061457345521328e-05,6.061457345521328e-05,False,0.32832702317345086,0.6153652792355022,5.587570111039442e-09,0.94
Regular,425,2025-04-14,calma,sin_evento,garch_11,1.558452887619257e-05,0.00014688599864458345,0.00014688599864458345,False,0.9573568294320388,1.3494775684830191,5.587570111039442e-09,
Regular,425,2025-04-14,calma,sin_evento,gjr_garch_11,1.558452887619257e-05,0.00019639102351284163,0.00019639102351284163,False,1.3183122226384547,1.6131835948991275,5.587570111039442e-09,
Regular,429,2025-05-12,calma,sin_evento,ols_clip_legacy,5.7361157768707145e-05,0.00022675307068385688,0.00022675307068385688,False,1.2580517786348886,0.6274617523093833,4.687347579479372e-09,
Regular,429,2025-05-12,calma,sin_evento,ridge_cv_clip,5.7361157768707145e-05,0.0002158581792613017,0.0002158581792613017,False,1.1771368323644298,0.590989625682171,4.687347579479372e-09,1.5
Regular,429,2025-05-12,calma,sin_evento,ridge_log_cv,5.7361157768707145e-05,3.875288862237974e-05,3.875288862237974e-05,False,0.13820120272554168,0.08801552021502279,4.687347579479372e-09,15000.0
Regular,429,2025-05-12,calma,sin_evento,nnls_base_no_negativa,5.7361157768707145e-05,0.00011329414450127973,0.00011329414450127973,False,0.41540704176663945,0.18692303901670693,4.687347579479372e-09,
Regular,429,2025-05-12,calma,sin_evento,ngrc_softplus_cv,5.7361157768707145e-05,0.00022024182942752979,0.00022024182942752979,False,1.2096936338883542,0.6058050333509251,4.687347579479372e-09,1e-07
Regular,429,2025-05-12,calma,sin_evento,ssrc_recurrente_log_cv,5.7361157768707145e-05,3.808182240383146e-05,3.808182240383146e-05,False,0.14318512453914878,0.09663052478832479,4.687347579479372e-09,15000.0
Regular,429,2025-05-12,calma,sin_evento,naive,5.7361157768707145e-05,0.0001113242468328295,0.0001113242468328295,False,0.4007768671445257,0.178341738574477,4.687347579479372e-09,
Regular,429,2025-05-12,calma,sin_evento,ewma_094,5.7361157768707145e-05,5.915475716884722e-05,5.915475716884722e-05,False,0.013320830237243798,0.00046917317770689415,4.687347579479372e-09,0.94
Regular,429,2025-05-12,calma,sin_evento,garch_11,5.7361157768707145e-05,0.00010262383258934368,0.00010262383258934368,False,0.33616001840889326,0.140648588121298,4.687347579479372e-09,
Regular,429,2025-05-12,calma,sin_evento,gjr_garch_11,5.7361157768707145e-05,0.00013413133494836487,0.00013413133494836487,False,0.5701621540537318,0.2771012488077096,4.687347579479372e-09,
Regular,433,2025-06-09,calma,sin_evento,ols_clip_legacy,1.9534433877402318e-05,1.726485577495439e-05,1.726485577495439e-05,False,0.018005388116254902,0.00795076315566079,4.9824762808350714e-09,
Regular,433,2025-06-09,calma,sin_evento,ridge_cv_clip,1.9534433877402318e-05,2.9637635320393083e-05,2.9637635320393083e-05,False,0.08015236972966383,0.07597532638352433,4.9824762808350714e-09,1.5
Regular,433,2025-06-09,calma,sin_evento,ridge_log_cv,1.9534433877402318e-05,4.303570270433912e-05,4.303570270433912e-05,False,0.18644410870770986,0.24376359710452267,4.9824762808350714e-09,15000.0
Regular,433,2025-06-09,calma,sin_evento,nnls_base_no_negativa,1.9534433877402318e-05,7.792311849958767e-05,7.792311849958767e-05,False,0.4632186603695748,0.6342324858832875,4.9824762808350714e-09,
Regular,433,2025-06-09,calma,sin_evento,ngrc_softplus_cv,1.9534433877402318e-05,2.9719600965979242e-05,2.9719600965979242e-05,False,0.08080263299197958,0.07691930216911169,4.9824762808350714e-09,1e-07
Regular,433,2025-06-09,calma,sin_evento,ssrc_recurrente_log_cv,1.9534433877402318e-05,4.090989145179589e-05,4.090989145179589e-05,False,0.16957927527339936,0.21669216999823315,4.9824762808350714e-09,15000.0
Regular,433,2025-06-09,calma,sin_evento,naive,1.9534433877402318e-05,1.3542812949650096e-05,1.3542812949650096e-05,False,0.047533706874107955,0.07609795934409114,4.9824762808350714e-09,
Regular,433,2025-06-09,calma,sin_evento,ewma_094,1.9534433877402318e-05,5.85065696912266e-05,5.85065696912266e-05,False,0.3091801204331556,0.4308447527646664,4.9824762808350714e-09,0.94
Regular,433,2025-06-09,calma,sin_evento,garch_11,1.9534433877402318e-05,7.646155973738924e-05,7.646155973738924e-05,False,0.4516235834080409,0.6200898317349925,4.9824762808350714e-09,
Regular,433,2025-06-09,calma,sin_evento,gjr_garch_11,1.9534433877402318e-05,7.580874837363471e-05,7.580874837363471e-05,False,0.4464445935515455,0.6137154212710134,4.9824762808350714e-09,
Regular,437,2025-07-07,calma,sin_evento,ols_clip_legacy,3.7582409683710324e-05,5.2251417079300254e-05,5.2251417079300254e-05,False,0.12634856791140728,0.048791959175586985,4.269877291486926e-09,
Regular,437,2025-07-07,calma,sin_evento,ridge_cv_clip,3.7582409683710324e-05,5.2896544876743364e-05,5.2896544876743364e-05,False,0.1319052474554699,0.05229084126880945,4.269877291486926e-09,0.15
Regular,437,2025-07-07,calma,sin_evento,ridge_log_cv,3.7582409683710324e-05,3.89415854973674e-05,3.89415854973674e-05,False,0.011706989639055046,0.000623662382271517,4.269877291486926e-09,15000.0
Regular,437,2025-07-07,calma,sin_evento,nnls_base_no_negativa,3.7582409683710324e-05,7.752537568621449e-05,7.752537568621449e-05,False,0.34404076679841844,0.2088447869025165,4.269877291486926e-09,
Regular,437,2025-07-07,calma,sin_evento,ngrc_softplus_cv,3.7582409683710324e-05,5.330544871417387e-05,5.330544871417387e-05,False,0.13542725905990574,0.054541241526274487,4.269877291486926e-09,4.641588833612772e-05
Regular,437,2025-07-07,calma,sin_evento,ssrc_recurrente_log_cv,3.7582409683710324e-05,3.610773535464538e-05,3.610773535464538e-05,False,0.01270181305308272,0.0008119579477949834,4.269877291486926e-09,15000.0
Regular,437,2025-07-07,calma,sin_evento,naive,3.7582409683710324e-05,2.4954952277254168e-05,2.4954952277254168e-05,False,0.1087640844838408,0.09654625752863844,4.269877291486926e-09,
Regular,437,2025-07-07,calma,sin_evento,ewma_094,3.7582409683710324e-05,5.062133453921023e-05,5.062133453921023e-05,False,0.11230817724532292,0.04025934608577897,4.269877291486926e-09,0.94
Regular,437,2025-07-07,calma,sin_evento,garch_11,3.7582409683710324e-05,7.605487167164478e-05,7.605487167164478e-05,False,0.3313748739170285,0.1990675794911927,4.269877291486926e-09,
Regular,437,2025-07-07,calma,sin_evento,gjr_garch_11,3.7582409683710324e-05,7.490003704275369e-05,7.490003704275369e-05,False,0.32142793629541705,0.19138584310297224,4.269877291486926e-09,
Regular,441,2025-08-04,calma,sin_evento,ols_clip_legacy,8.605276315663463e-06,0.00013587611383015073,0.00013587611383015073,False,1.1547393442756382,1.822699783894139,3.9645998796984195e-09,
Regular,441,2025-08-04,calma,sin_evento,ridge_cv_clip,8.605276315663463e-06,0.00011369979332263025,0.00011369979332263025,False,0.9535316654278766,1.6568702288899435,3.9645998796984195e-09,15.0
Regular,441,2025-08-04,calma,sin_evento,ridge_log_cv,8.605276315663463e-06,3.6878373068806596e-05,3.6878373068806596e-05,False,0.2565242583686922,0.6885918243190383,3.9645998796984195e-09,15000.0
Regular,441,2025-08-04,calma,sin_evento,nnls_base_no_negativa,8.605276315663463e-06,6.239743499307604e-05,6.239743499307604e-05,False,0.4880609199358479,1.1190593665468285,3.9645998796984195e-09,
Regular,441,2025-08-04,calma,sin_evento,ngrc_softplus_cv,8.605276315663463e-06,0.00012412052600158853,0.00012412052600158853,False,1.0480798765937083,1.738207539209152,3.9645998796984195e-09,0.021544346900318822
Regular,441,2025-08-04,calma,sin_evento,ssrc_recurrente_log_cv,8.605276315663463e-06,3.424794374618499e-05,3.424794374618499e-05,False,0.23265814504307095,0.6325150146541267,3.9645998796984195e-09,15000.0
Regular,441,2025-08-04,calma,sin_evento,naive,8.605276315663463e-06,3.432050068987068e-05,3.432050068987068e-05,False,0.2333164604844596,0.6341001546485274,3.9645998796984195e-09,
Regular,441,2025-08-04,calma,sin_evento,ewma_094,8.605276315663463e-06,4.648436623510753e-05,4.648436623510753e-05,False,0.3436802672910657,0.8718624514194098,3.9645998796984195e-09,0.94
Regular,441,2025-08-04,calma,sin_evento,garch_11,8.605276315663463e-06,6.995991722252379e-05,6.995991722252379e-05,False,0.5566759769376893,1.2185498783826407,3.9645998796984195e-09,
Regular,441,2025-08-04,calma,sin_evento,gjr_garch_11,8.605276315663463e-06,7.114422120238801e-05,7.114422120238801e-05,False,0.5674212696366219,1.233288941180871,3.9645998796984195e-09,
Regular,445,2025-09-01,calma,sin_evento,ols_clip_legacy,0.00011212196362753789,4.9784079752691494e-05,4.9784079752691494e-05,False,0.5783205083969408,0.44027304264222167,3.896996333163731e-09,
Regular,445,2025-09-01,calma,sin_evento,ridge_cv_clip,0.00011212196362753789,5.2747494077524595e-05,5.2747494077524595e-05,False,0.5508283451664885,0.37156486100875563,3.896996333163731e-09,1.5
Regular,445,2025-09-01,calma,sin_evento,ridge_log_cv,0.00011212196362753789,3.4759757429886644e-05,3.4759757429886644e-05,False,0.7177040290420811,1.0544986882750291,3.896996333163731e-09,15000.0
Regular,445,2025-09-01,calma,sin_evento,nnls_base_no_negativa,0.00011212196362753789,4.5488746637295666e-05,4.5488746637295666e-05,False,0.618169137779631,0.5627063275785606,3.896996333163731e-09,
Regular,445,2025-09-01,calma,sin_evento,ngrc_softplus_cv,0.00011212196362753789,3.8864218690430876e-05,3.8864218690430876e-05,False,0.6796261544761257,0.8254531220667829,3.896996333163731e-09,0.001
Regular,445,2025-09-01,calma,sin_evento,ssrc_recurrente_log_cv,0.00011212196362753789,3.211670542570286e-05,3.211670542570286e-05,False,0.7422241295615004,1.2408683150710091,3.896996333163731e-09,15000.0
Regular,445,2025-09-01,calma,sin_evento,naive,0.00011212196362753789,3.99648864067575e-07,3.99648864067575e-07,False,1.036469348286045,273.91443187939046,3.896996333163731e-09,
Regular,445,2025-09-01,calma,sin_evento,ewma_094,0.00011212196362753789,4.1103064589222747e-05,4.1103064589222747e-05,False,0.6588559515444513,0.724320357152811,3.896996333163731e-09,0.94
Regular,445,2025-09-01,calma,sin_evento,garch_11,0.00011212196362753789,5.103228542037875e-05,5.103228542037875e-05,False,0.5667406649462056,0.4099502598857394,3.896996333163731e-09,
Regular,445,2025-09-01,calma,sin_evento,gjr_garch_11,0.00011212196362753789,5.111813081627763e-05,5.111813081627763e-05,False,0.5659442607387825,0.40794135311310864,3.896996333163731e-09,
Regular,449,2025-09-29,calma,sin_evento,ols_clip_legacy,1.686214844111978e-07,6.378510314890195e-05,6.378510314890195e-05,False,0.6089519733034836,4.938262070590973,3.806474320749389e-09,
Regular,449,2025-09-29,calma,sin_evento,ridge_cv_clip,1.686214844111978e-07,7.051900602517192e-05,7.051900602517192e-05,False,0.6734104805526746,5.038372225206429,3.806474320749389e-09,15.0
Regular,449,2025-09-29,calma,sin_evento,ridge_log_cv,1.686214844111978e-07,3.289835117653191e-05,3.289835117653191e-05,False,0.31329669545103833,4.278646883488958,3.806474320749389e-09,15000.0
Regular,449,2025-09-29,calma,sin_evento,nnls_base_no_negativa,1.686214844111978e-07,8.725247871122719e-05,8.725247871122719e-05,False,0.8335872294985543,5.250837352770713,3.806474320749389e-09,
Regular,449,2025-09-29,calma,sin_evento,ngrc_softplus_cv,1.686214844111978e-07,6.354252512328868e-05,6.354252512328868e-05,False,0.6066299592041136,4.934461861285999,3.806474320749389e-09,0.021544346900318822
Regular,449,2025-09-29,calma,sin_evento,ssrc_recurrente_log_cv,1.686214844111978e-07,3.1444212739862035e-05,3.1444212739862035e-05,False,0.29937733921979254,4.233676325037399,3.806474320749389e-09,15000.0
Regular,449,2025-09-29,calma,sin_evento,naive,1.686214844111978e-07,6.63376815951407e-05,6.63376815951407e-05,False,0.633385856491913,4.9773987646319835,3.806474320749389e-09,
Regular,449,2025-09-29,calma,sin_evento,ewma_094,1.686214844111978e-07,4.314420004405052e-05,4.314420004405052e-05,False,0.411372378399838,4.5485551312668555,3.806474320749389e-09,0.94
Regular,449,2025-09-29,calma,sin_evento,garch_11,1.686214844111978e-07,9.019305663927177e-05,9.019305663927177e-05,False,0.8617351352783694,5.283920821649007,3.806474320749389e-09,
Regular,449,2025-09-29,calma,sin_evento,gjr_garch_11,1.686214844111978e-07,8.787207608831175e-05,8.787207608831175e-05,False,0.8395181617908994,5.2578998320405095,3.806474320749389e-09,
Regular,453,2025-10-27,calma,sin_evento,ols_clip_legacy,5.2837321581118826e-05,0.00015970905090652936,0.00015970905090652936,False,1.065614742998839,0.43697079942963923,3.7158814119389296e-09,
Regular,453,2025-10-27,calma,sin_evento,ridge_cv_clip,5.2837321581118826e-05,0.0001320026196037918,0.0001320026196037918,False,0.7893547642519454,0.31587877433687495,3.7158814119389296e-09,15.0
Regular,453,2025-10-27,calma,sin_evento,ridge_log_cv,5.2837321581118826e-05,3.11425660234693e-05,3.11425660234693e-05,False,0.2163177438403309,0.16798487996029232,3.7158814119389296e-09,15000.0
Regular,453,2025-10-27,calma,sin_evento,nnls_base_no_negativa,5.2837321581118826e-05,8.701940942238144e-05,8.701940942238144e-05,False,0.3408285519477429,0.10610347468855696,3.7158814119389296e-09,
Regular,453,2025-10-27,calma,sin_evento,ngrc_softplus_cv,5.2837321581118826e-05,0.00016806392598299496,0.00016806392598299496,False,1.1489209467403971,0.47151486780933527,3.7158814119389296e-09,0.021544346900318822
Regular,453,2025-10-27,calma,sin_evento,ssrc_recurrente_log_cv,5.2837321581118826e-05,3.111731439934185e-05,3.111731439934185e-05,False,0.2165695270118462,0.16855052022792583,3.7158814119389296e-09,15000.0
Regular,453,2025-10-27,calma,sin_evento,naive,5.2837321581118826e-05,8.646219650351752e-05,8.646219650351752e-05,False,0.33527259898357925,0.10359265552273866,3.7158814119389296e-09,
Regular,453,2025-10-27,calma,sin_evento,ewma_094,5.2837321581118826e-05,4.439510405387421e-05,4.439510405387421e-05,False,0.08417709264573564,0.016072408433112972,3.7158814119389296e-09,0.94
Regular,453,2025-10-27,calma,sin_evento,garch_11,5.2837321581118826e-05,8.598158761822185e-05,8.598158761822185e-05,False,0.33048046249416313,0.10143441393882324,3.7158814119389296e-09,
Regular,453,2025-10-27,calma,sin_evento,gjr_garch_11,5.2837321581118826e-05,8.599148123383147e-05,8.599148123383147e-05,False,0.3305791114326777,0.10147877146942719,3.7158814119389296e-09,
Regular,457,2025-11-24,calma,sin_evento,ols_clip_legacy,8.343728660620866e-05,6.0065353764132675e-05,6.0065353764132675e-05,False,0.25380441075973204,0.060446293521868144,3.6507832336055816e-09,
Regular,457,2025-11-24,calma,sin_evento,ridge_cv_clip,8.343728660620866e-05,7.095637417288899e-05,7.095637417288899e-05,False,0.1355348163665673,0.013865526652903082,3.6507832336055816e-09,15.0
Regular,457,2025-11-24,calma,sin_evento,ridge_log_cv,8.343728660620866e-05,2.8238693948794583e-05,2.8238693948794583e-05,False,0.5994218098624768,0.8713126602879526,3.6507832336055816e-09,15000.0
Regular,457,2025-11-24,calma,sin_evento,nnls_base_no_negativa,8.343728660620866e-05,7.617980413242723e-05,7.617980413242723e-05,False,0.07881167019019919,0.004268900570968404,3.6507832336055816e-09,
Regular,457,2025-11-24,calma,sin_evento,ngrc_softplus_cv,8.343728660620866e-05,5.889874796117358e-05,5.889874796117358e-05,False,0.26647301204357077,0.06834695783491851,3.6507832336055816e-09,0.021544346900318822
Regular,457,2025-11-24,calma,sin_evento,ssrc_recurrente_log_cv,8.343728660620866e-05,2.718078922726609e-05,2.718078922726609e-05,False,0.6109099861421938,0.9481305296890985,3.6507832336055816e-09,15000.0
Regular,457,2025-11-24,calma,sin_evento,naive,8.343728660620866e-05,5.8111926687960213e-05,5.8111926687960213e-05,False,0.27501739350189963,0.0740787668434848,3.6507832336055816e-09,
Regular,457,2025-11-24,calma,sin_evento,ewma_094,8.343728660620866e-05,4.274777381316728e-05,4.274777381316728e-05,False,0.4418623777639242,0.2830728644717755,3.6507832336055816e-09,0.94
Regular,457,2025-11-24,calma,sin_evento,garch_11,8.343728660620866e-05,7.39667353504059e-05,7.39667353504059e-05,False,0.10284419766608222,0.007558157085368666,3.6507832336055816e-09,
Regular,457,2025-11-24,calma,sin_evento,gjr_garch_11,8.343728660620866e-05,7.3970518917394e-05,7.3970518917394e-05,False,0.10280311052123742,0.007551609294334849,3.6507832336055816e-09,
Regular,461,2025-12-22,calma,sin_evento,ols_clip_legacy,0.0004115922264098944,0.000308574948731897,0.000308574948731897,False,1.147386953013504,0.045780122229109876,3.6507832336055816e-09,
Regular,461,2025-12-22,calma,sin_evento,ridge_cv_clip,0.0004115922264098944,0.0002437957615038815,0.0002437957615038815,False,1.868885287346977,0.16456425289459364,3.6507832336055816e-09,15.0
Regular,461,2025-12-22,calma,sin_evento,ridge_log_cv,0.0004115922264098944,2.8418557501156013e-05,2.8418557501156013e-05,False,4.267715846835112,10.810229459870625,3.6507832336055816e-09,15000.0
Regular,461,2025-12-22,calma,sin_evento,nnls_base_no_negativa,0.0004115922264098944,0.00020125606745683311,0.00020125606745683311,False,2.342684353240895,0.32966205402276927,3.6507832336055816e-09,
Regular,461,2025-12-22,calma,sin_evento,ngrc_softplus_cv,0.0004115922264098944,0.0002834455456511419,0.0002834455456511419,False,1.427273491289151,0.07909025847443618,3.6507832336055816e-09,0.021544346900318822
Regular,461,2025-12-22,calma,sin_evento,ssrc_recurrente_log_cv,0.0004115922264098944,2.9685813975283522e-05,2.9685813975283522e-05,False,4.253601383928407,10.235582799402735,3.6507832336055816e-09,15000.0
Regular,461,2025-12-22,calma,sin_evento,naive,0.0004115922264098944,0.00025944066236961255,0.00025944066236961255,False,1.694635340744443,0.12495487130161198,3.6507832336055816e-09,
Regular,461,2025-12-22,calma,sin_evento,ewma_094,0.0004115922264098944,5.4370938100882954e-05,5.4370938100882954e-05,False,3.9786631406197213,4.545874374218018,3.6507832336055816e-09,0.94
Regular,461,2025-12-22,calma,sin_evento,garch_11,0.0004115922264098944,0.0001472413278727772,0.0001472413278727772,False,2.94429030581602,0.7673978271128372,3.6507832336055816e-09,
Regular,461,2025-12-22,calma,sin_evento,gjr_garch_11,0.0004115922264098944,0.00015599030551783244,0.00015599030551783244,False,2.84684584767842,0.6683364234039018,3.6507832336055816e-09,
Regular,465,2026-01-19,calma,sin_evento,ols_clip_legacy,8.409106166336475e-06,6.138158888570951e-05,6.138158888570951e-05,False,0.6086221019243113,1.1247919546356933,3.663788202977967e-09,
Regular,465,2026-01-19,calma,sin_evento,ridge_cv_clip,8.409106166336475e-06,6.518959732944552e-05,6.518959732944552e-05,False,0.6523738383768022,1.176979322013458,3.663788202977967e-09,15.0
Regular,465,2026-01-19,calma,sin_evento,ridge_log_cv,8.409106166336475e-06,2.8797752858018933e-05,2.8797752858018933e-05,False,0.23425333999581888,0.5229878092014753,3.663788202977967e-09,15000.0
Regular,465,2026-01-19,calma,sin_evento,nnls_base_no_negativa,8.409106166336475e-06,5.895965987044309e-05,5.895965987044309e-05,False,0.5807955880002463,1.0901630330678982,3.663788202977967e-09,
Regular,465,2026-01-19,calma,sin_evento,ngrc_softplus_cv,8.409106166336475e-06,6.934980110672332e-05,6.934980110672332e-05,False,0.7001720882865478,1.2311044774640747,3.663788202977967e-09,0.46415888336127725
Regular,465,2026-01-19,calma,sin_evento,ssrc_recurrente_log_cv,8.409106166336475e-06,3.0101239390061026e-05,3.0101239390061026e-05,False,0.24922961960808923,0.5546119555579643,3.663788202977967e-09,15000.0
Regular,465,2026-01-19,calma,sin_evento,naive,8.409106166336475e-06,4.610753059503748e-05,4.610753059503748e-05,False,0.43313231959656145,0.8840414236495844,3.663788202977967e-09,
Regular,465,2026-01-19,calma,sin_evento,ewma_094,8.409106166336475e-06,7.577508851953797e-05,7.577508851953797e-05,False,0.773994792639895,1.3094289526195015,3.663788202977967e-09,0.94
Regular,465,2026-01-19,calma,sin_evento,garch_11,8.409106166336475e-06,6.498642616629926e-05,6.498642616629926e-05,False,0.6500395233887818,1.1742611198102004,3.663788202977967e-09,
Regular,465,2026-01-19,calma,sin_evento,gjr_garch_11,8.409106166336475e-06,6.560595782456672e-05,6.560595782456672e-05,False,0.6571575711129353,1.1825272792243928,3.663788202977967e-09,
Regular,469,2026-02-16,calma,sin_evento,ols_clip_legacy,0.0002504194844257063,0.00011131560685352972,0.00011131560685352972,False,1.5915383017537152,0.4388670151820202,3.6507832336055816e-09,
Regular,469,2026-02-16,calma,sin_evento,ridge_cv_clip,0.0002504194844257063,9.865049576832e-05,9.865049576832e-05,False,1.7364444664119796,0.6068971612640925,3.6507832336055816e-09,150.0
Regular,469,2026-02-16,calma,sin_evento,ridge_log_cv,0.0002504194844257063,2.8469087770207885e-05,2.8469087770207885e-05,False,2.5394156045964222,5.621870681507084,3.6507832336055816e-09,15000.0
Regular,469,2026-02-16,calma,sin_evento,nnls_base_no_negativa,0.0002504194844257063,0.00014198310689348336,0.00014198310689348336,False,1.240660225710906,0.19629795431162855,3.6507832336055816e-09,
Regular,469,2026-02-16,calma,sin_evento,ngrc_softplus_cv,0.0002504194844257063,9.92473143256837e-05,9.92473143256837e-05,False,1.7296160471772326,0.5976639177463028,3.6507832336055816e-09,0.46415888336127725
Regular,469,2026-02-16,calma,sin_evento,ssrc_recurrente_log_cv,0.0002504194844257063,2.8906801118723392e-05,2.8906801118723392e-05,False,2.5344075662044667,5.503934826833595,3.6507832336055816e-09,15000.0
Regular,469,2026-02-16,calma,sin_evento,naive,0.0002504194844257063,0.00015220340550082433,0.00015220340550082433,False,1.1237260541203018,0.14737525512938143,3.6507832336055816e-09,
Regular,469,2026-02-16,calma,sin_evento,ewma_094,0.0002504194844257063,7.399523273491722e-05,7.399523273491722e-05,False,2.018534341563826,1.1651283288841583,3.6507832336055816e-09,0.94
Regular,469,2026-02-16,calma,sin_evento,garch_11,0.0002504194844257063,0.00011545006949799078,0.00011545006949799078,False,1.5442344036117281,0.3947724396054113,3.6507832336055816e-09,
Regular,469,2026-02-16,calma,sin_evento,gjr_garch_11,0.0002504194844257063,0.00011104523490093019,0.00011104523490093019,False,1.5946317260765481,0.44191257467554745,3.6507832336055816e-09,
Regular,473,2026-03-16,medio_oriente_2026,exploratoria_ex_post,ols_clip_legacy,0.0009773088078398528,0.000359432293399529,0.000359432293399529,False,6.83427709849751,0.7187576488834324,3.816226641720729e-09,
Regular,473,2026-03-16,medio_oriente_2026,exploratoria_ex_post,ridge_cv_clip,0.0009773088078398528,0.00030370120246357436,0.00030370120246357436,False,7.450713731961208,1.0492361802408876,3.816226641720729e-09,15.0
Regular,473,2026-03-16,medio_oriente_2026,exploratoria_ex_post,ridge_log_cv,0.0009773088078398528,0.0001834999274890275,0.0001834999274890275,False,8.780249329398274,2.6533472548947232,3.816226641720729e-09,15.0
Regular,473,2026-03-16,medio_oriente_2026,exploratoria_ex_post,nnls_base_no_negativa,0.0009773088078398528,0.0003578981382038404,0.0003578981382038404,False,6.851246252486042,0.7261355706995021,3.816226641720729e-09,
Regular,473,2026-03-16,medio_oriente_2026,exploratoria_ex_post,ngrc_softplus_cv,0.0009773088078398528,0.00025459162030877947,0.00025459162030877947,False,7.993910446504259,1.4935893386567178,3.816226641720729e-09,0.46415888336127725
Regular,473,2026-03-16,medio_oriente_2026,exploratoria_ex_post,ssrc_recurrente_log_cv,0.0009773088078398528,7.153006758154476e-05,7.153006758154476e-05,False,10.018737977863632,10.048224259051157,3.816226641720729e-09,1500.0
Regular,473,2026-03-16,medio_oriente_2026,exploratoria_ex_post,naive,0.0009773088078398528,0.0004849632830419879,0.0004849632830419879,False,5.445790001779992,0.3144927727030067,3.816226641720729e-09,
Regular,473,2026-03-16,medio_oriente_2026,exploratoria_ex_post,ewma_094,0.0009773088078398528,0.0001181065413300734,0.0001181065413300734,False,9.503559749805113,5.161591200517087,3.816226641720729e-09,0.94
Regular,473,2026-03-16,medio_oriente_2026,exploratoria_ex_post,garch_11,0.0009773088078398528,0.00026589277470968333,0.00026589277470968333,False,7.868909384150171,1.3738653415281377,3.816226641720729e-09,
Regular,473,2026-03-16,medio_oriente_2026,exploratoria_ex_post,gjr_garch_11,0.0009773088078398528,0.00026581450357799816,0.00026581450357799816,False,7.869775134166959,1.374653228546089,3.816226641720729e-09,
Regular,477,2026-04-13,medio_oriente_2026,exploratoria_ex_post,ols_clip_legacy,0.0013743379559810378,0.0027400437753099896,0.0027400437753099896,False,13.36454680678463,0.19157695030798694,3.896996333163731e-09,
Regular,477,2026-04-13,medio_oriente_2026,exploratoria_ex_post,ridge_cv_clip,0.0013743379559810378,0.0027627170021841977,0.0027627170021841977,False,13.586422848852086,0.19570131379875955,3.896996333163731e-09,15.0
Regular,477,2026-04-13,medio_oriente_2026,exploratoria_ex_post,ridge_log_cv,0.0013743379559810378,0.04159515035635066,0.04159515035635066,False,393.59349746035616,2.4430522758194457,3.896996333163731e-09,15.0
Regular,477,2026-04-13,medio_oriente_2026,exploratoria_ex_post,nnls_base_no_negativa,0.0013743379559810378,0.002757550990143971,0.002757550990143971,False,13.535869201984015,0.19476160288046485,3.896996333163731e-09,
Regular,477,2026-04-13,medio_oriente_2026,exploratoria_ex_post,ngrc_softplus_cv,0.0013743379559810378,0.0028133483415313815,0.0028133483415313815,False,14.081891854708793,0.20490937209373894,3.896996333163731e-09,0.46415888336127725
Regular,477,2026-04-13,medio_oriente_2026,exploratoria_ex_post,ssrc_recurrente_log_cv,0.0013743379559810378,0.0008755852653413379,0.0008755852653413379,False,4.880702406568957,0.11878719908681123,3.896996333163731e-09,150.0
Regular,477,2026-04-13,medio_oriente_2026,exploratoria_ex_post,naive,0.0013743379559810378,0.0027377350009877752,0.0027377350009877752,False,13.3419535644781,0.19115697633141204,3.896996333163731e-09,
Regular,477,2026-04-13,medio_oriente_2026,exploratoria_ex_post,ewma_094,0.0013743379559810378,0.0005819111754828909,0.0005819111754828909,False,7.754543217895057,0.5023562830943797,3.896996333163731e-09,0.94
Regular,477,2026-04-13,medio_oriente_2026,exploratoria_ex_post,garch_11,0.0013743379559810378,0.001612528869530825,0.001612528869530825,False,2.3308926183320087,0.012118893866439162,3.896996333163731e-09,
Regular,477,2026-04-13,medio_oriente_2026,exploratoria_ex_post,gjr_garch_11,0.0013743379559810378,0.0016122115107019134,0.0016122115107019134,False,2.327787003005848,0.012089836461713022,3.896996333163731e-09,
Regular,481,2026-05-11,medio_oriente_2026,exploratoria_ex_post,ols_clip_legacy,0.0001329957809875954,0.00017145979962333372,0.00017145979962333372,False,0.32797210772906427,0.029698852162460154,3.9645998796984195e-09,
Regular,481,2026-05-11,medio_oriente_2026,exploratoria_ex_post,ridge_cv_clip,0.0001329957809875954,0.00019109182820754205,0.00019109182820754205,False,0.49536901585601595,0.058415062438939014,3.9645998796984195e-09,15.0
Regular,481,2026-05-11,medio_oriente_2026,exploratoria_ex_post,ridge_log_cv,0.0001329957809875954,4.506577074722592e-05,4.506577074722592e-05,False,0.7497550129714529,0.8689540723125588,3.9645998796984195e-09,15.0
Regular,481,2026-05-11,medio_oriente_2026,exploratoria_ex_post,nnls_base_no_negativa,0.0001329957809875954,0.0001727375556705673,0.0001727375556705673,False,0.33886718210866595,0.03138575563573931,3.9645998796984195e-09,
Regular,481,2026-05-11,medio_oriente_2026,exploratoria_ex_post,ngrc_softplus_cv,0.0001329957809875954,0.00022023852680709828,0.00022023852680709828,False,0.7438948982805406,0.10826531793148231,3.9645998796984195e-09,0.46415888336127725
Regular,481,2026-05-11,medio_oriente_2026,exploratoria_ex_post,ssrc_recurrente_log_cv,0.0001329957809875954,0.00010580481465669558,0.00010580481465669558,False,0.231849891276033,0.02827038724150155,3.9645998796984195e-09,150.0
Regular,481,2026-05-11,medio_oriente_2026,exploratoria_ex_post,naive,0.0001329957809875954,0.00023084901365459274,0.00023084901365459274,False,0.8343676013113915,0.1275623432592088,3.9645998796984195e-09,
Regular,481,2026-05-11,medio_oriente_2026,exploratoria_ex_post,ewma_094,0.0001329957809875954,0.0005798369439678411,0.0005798369439678411,False,3.8100916971418908,0.7017970801234008,3.9645998796984195e-09,0.94
Regular,481,2026-05-11,medio_oriente_2026,exploratoria_ex_post,garch_11,0.0001329957809875954,0.0001540103371054886,0.0001540103371054886,False,0.17918534015508067,0.010253320802925625,3.9645998796984195e-09,
Regular,481,2026-05-11,medio_oriente_2026,exploratoria_ex_post,gjr_garch_11,0.0001329957809875954,0.00015401878171108563,0.00015401878171108563,False,0.1792573449843948,0.010260803588249878,3.9645998796984195e-09,
Regular,485,2026-06-08,medio_oriente_2026,exploratoria_ex_post,ols_clip_legacy,0.0006716879622082343,6.481121065835308e-05,6.481121065835308e-05,False,5.20669649916013,7.025446701854351,4.269877291486926e-09,
Regular,485,2026-06-08,medio_oriente_2026,exploratoria_ex_post,ridge_cv_clip,0.0006716879622082343,2.762133215272164e-05,2.762133215272164e-05,False,5.525766903035284,20.126519588356366,4.269877291486926e-09,15.0
Regular,485,2026-06-08,medio_oriente_2026,exploratoria_ex_post,ridge_log_cv,0.0006716879622082343,2.7871341684717898e-05,2.7871341684717898e-05,False,5.523621947322814,19.917397058635363,4.269877291486926e-09,15.0
Regular,485,2026-06-08,medio_oriente_2026,exploratoria_ex_post,nnls_base_no_negativa,0.0006716879622082343,2.5794972070883132e-05,2.5794972070883132e-05,False,5.541436151560671,21.779877442585892,4.269877291486926e-09,
Regular,485,2026-06-08,medio_oriente_2026,exploratoria_ex_post,ngrc_softplus_cv,0.0006716879622082343,1.4794804042051771e-05,1.4794804042051771e-05,False,5.635812046204217,40.58474296463429,4.269877291486926e-09,0.021544346900318822
Regular,485,2026-06-08,medio_oriente_2026,exploratoria_ex_post,ssrc_recurrente_log_cv,0.0006716879622082343,2.3409462597028594e-05,2.3409462597028594e-05,False,5.561902619907845,24.336357195485014,4.269877291486926e-09,150.0
Regular,485,2026-06-08,medio_oriente_2026,exploratoria_ex_post,naive,0.0006716879622082343,2.6659528767563785e-06,2.6659528767563785e-06,False,5.739871472998699,245.42119336023228,4.269877291486926e-09,
Regular,485,2026-06-08,medio_oriente_2026,exploratoria_ex_post,ewma_094,0.0006716879622082343,0.0004820297213485105,0.0004820297213485105,False,1.6271720678033377,0.061669449880762395,4.269877291486926e-09,0.94
Regular,485,2026-06-08,medio_oriente_2026,exploratoria_ex_post,garch_11,0.0006716879622082343,4.112485591621994e-05,4.112485591621994e-05,False,5.409913478553009,12.539714024846516,4.269877291486926e-09,
Regular,485,2026-06-08,medio_oriente_2026,exploratoria_ex_post,gjr_garch_11,0.0006716879622082343,4.11231425209476e-05,4.11231425209476e-05,False,5.409928178620433,12.540352870621598,4.269877291486926e-09,
Regular,489,2026-07-06,calma,sin_evento,ols_clip_legacy,2.416733056902902e-05,0.0003871162923513223,0.0003871162923513223,False,2.976331593195842,1.8361525231255618,4.269877291486926e-09,
Regular,489,2026-07-06,calma,sin_evento,ridge_cv_clip,2.416733056902902e-05,0.0003685125403777666,0.0003685125403777666,False,2.8237731329677995,1.7900537521374553,4.269877291486926e-09,150.0
Regular,489,2026-07-06,calma,sin_evento,ridge_log_cv,2.416733056902902e-05,9.991318653498886e-05,9.991318653498886e-05,False,0.6211473455057739,0.6611832226119843,4.269877291486926e-09,15.0
Regular,489,2026-07-06,calma,sin_evento,nnls_base_no_negativa,2.416733056902902e-05,0.0005000290502425674,0.0005000290502425674,False,3.9022629057867495,2.0779963056164417,4.269877291486926e-09,
Regular,489,2026-07-06,calma,sin_evento,ngrc_softplus_cv,2.416733056902902e-05,0.0003810080796676837,0.0003810080796676837,False,2.9262417229865476,1.8212488054449496,4.269877291486926e-09,0.46415888336127725
Regular,489,2026-07-06,calma,sin_evento,ssrc_recurrente_log_cv,2.416733056902902e-05,0.000167462644512904,0.000167462644512904,False,1.1750808376850923,1.0800733192478997,4.269877291486926e-09,150.0
Regular,489,2026-07-06,calma,sin_evento,naive,2.416733056902902e-05,0.0004694986972461384,0.0004694986972461384,False,3.6519013846283053,2.018138534569923,4.269877291486926e-09,
Regular,489,2026-07-06,calma,sin_evento,ewma_094,2.416733056902902e-05,0.0005127997047022072,0.0005127997047022072,False,4.006987553977953,2.1020117919912478,4.269877291486926e-09,0.94
Regular,489,2026-07-06,calma,sin_evento,garch_11,2.416733056902902e-05,0.00043684070806420826,0.00043684070806420826,False,3.384092366811826,1.9498898534313134,4.269877291486926e-09,
Regular,489,2026-07-06,calma,sin_evento,gjr_garch_11,2.416733056902902e-05,0.00043686721140455734,0.00043686721140455734,False,3.384309705163805,1.9499471658133078,4.269877291486926e-09,
Regular,493,2026-08-03,calma,sin_evento,ols_clip_legacy,0.00035102030985530695,0.0003073925394316248,0.0003073925394316248,False,0.35216958977903895,0.009210003576056724,3.896996333163731e-09,
Regular,493,2026-08-03,calma,sin_evento,ridge_cv_clip,0.00035102030985530695,0.0001718539145611624,0.0001718539145611624,False,1.4462567149358043,0.3283512598541418,3.896996333163731e-09,150.0
Regular,493,2026-08-03,calma,sin_evento,ridge_log_cv,0.00035102030985530695,3.1078474713731476e-05,3.1078474713731476e-05,False,2.5826161580285474,7.870315424691244,3.896996333163731e-09,150.0
Regular,493,2026-08-03,calma,sin_evento,nnls_base_no_negativa,0.00035102030985530695,0.0001621731149035319,0.0001621731149035319,False,1.524401511496624,0.3922993416317595,3.896996333163731e-09,
Regular,493,2026-08-03,calma,sin_evento,ngrc_softplus_cv,0.00035102030985530695,0.0001890586389632623,0.0001890586389632623,False,1.3073777239603683,0.23788740804960407,3.896996333163731e-09,0.46415888336127725
Regular,493,2026-08-03,calma,sin_evento,ssrc_recurrente_log_cv,0.00035102030985530695,3.875336010633146e-05,3.875336010633146e-05,False,2.5206633877158593,5.854176597211216,3.896996333163731e-09,150.0
Regular,493,2026-08-03,calma,sin_evento,naive,0.00035102030985530695,0.00019140324281342357,0.00019140324281342357,False,1.2884517470404606,0.22746917676184886,3.896996333163731e-09,
Regular,493,2026-08-03,calma,sin_evento,ewma_094,0.00035102030985530695,0.0004134780808207728,0.0004134780808207728,False,0.5041680417269614,0.01270580778357111,3.896996333163731e-09,0.94
Regular,493,2026-08-03,calma,sin_evento,garch_11,0.00035102030985530695,0.0001330937028892787,0.0001330937028892787,False,1.759134675731765,0.6676016486403831,3.896996333163731e-09,
Regular,493,2026-08-03,calma,sin_evento,gjr_garch_11,0.00035102030985530695,0.0001330914801451126,0.0001330914801451126,False,1.7591526180399222,0.6676289946642142,3.896996333163731e-09,
Diesel,153,2020-01-20,calma,sin_evento,ols_clip_legacy,3.0797368765696524e-05,4.971097555444752e-05,4.971097555444752e-05,False,0.32534636630277614,0.09832504142848375,2.9203141741770784e-09,
Diesel,153,2020-01-20,calma,sin_evento,ridge_cv_clip,3.0797368765696524e-05,5.209694496314006e-05,5.209694496314006e-05,False,0.36638911853390493,0.1168320383625554,2.9203141741770784e-09,1.5
Diesel,153,2020-01-20,calma,sin_evento,ridge_log_cv,3.0797368765696524e-05,1.3670204236195765e-05,1.3670204236195765e-05,False,0.29461650582991983,0.440672190736225,2.9203141741770784e-09,1500.0
Diesel,153,2020-01-20,calma,sin_evento,nnls_base_no_negativa,3.0797368765696524e-05,6.21298416822164e-05,6.21298416822164e-05,False,0.5389720916019459,0.1974908216239304,2.9203141741770784e-09,
Diesel,153,2020-01-20,calma,sin_evento,ngrc_softplus_cv,3.0797368765696524e-05,5.1214264675203325e-05,5.1214264675203325e-05,False,0.35120550879226087,0.10993241374878204,2.9203141741770784e-09,0.021544346900318822
Diesel,153,2020-01-20,calma,sin_evento,ssrc_recurrente_log_cv,3.0797368765696524e-05,1.452438992438422e-05,1.452438992438422e-05,False,0.2799230519105311,0.36878987916716266,2.9203141741770784e-09,15000.0
Diesel,153,2020-01-20,calma,sin_evento,naive,3.0797368765696524e-05,5.4255726698875556e-05,5.4255726698875556e-05,False,0.403523854452179,0.13391280482866375,2.9203141741770784e-09,
Diesel,153,2020-01-20,calma,sin_evento,ewma_094,3.0797368765696524e-05,4.2680574604841143e-05,4.2680574604841143e-05,False,0.20441145271630895,0.04789275236558588,2.9203141741770784e-09,0.94
Diesel,153,2020-01-20,calma,sin_evento,garch_11,3.0797368765696524e-05,5.2572043733820016e-05,5.2572043733820016e-05,False,0.3745616294886939,0.12056789356099529,2.9203141741770784e-09,
Diesel,153,2020-01-20,calma,sin_evento,gjr_garch_11,3.0797368765696524e-05,4.840057826797089e-05,4.840057826797089e-05,False,0.30280529307808834,0.08838417437792123,2.9203141741770784e-09,
Diesel,157,2020-02-17,covid_2020,calendario_externo,ols_clip_legacy,0.0004294885014150924,0.0008273540135356086,0.0008273540135356086,False,6.260298240949987,0.1747486218836123,3.182747294551765e-09,
Diesel,157,2020-02-17,covid_2020,calendario_externo,ridge_cv_clip,0.0004294885014150924,0.0008180217863239465,0.0008180217863239465,False,6.113458357075817,0.1693270850537314,3.182747294551765e-09,1.5
Diesel,157,2020-02-17,covid_2020,calendario_externo,ridge_log_cv,0.0004294885014150924,0.2531617427714841,0.2531617427714841,False,3976.668594384187,5.380885392335241,3.182747294551765e-09,1.5
Diesel,157,2020-02-17,covid_2020,calendario_externo,nnls_base_no_negativa,0.0004294885014150924,0.0006403143780044828,0.0006403143780044828,False,3.3172839166806525,0.07011060473051844,3.182747294551765e-09,
Diesel,157,2020-02-17,covid_2020,calendario_externo,ngrc_softplus_cv,0.0004294885014150924,0.0008352750786962134,0.0008352750786962134,False,6.3849338999370975,0.17935423200211975,3.182747294551765e-09,0.021544346900318822
Diesel,157,2020-02-17,covid_2020,calendario_externo,ssrc_recurrente_log_cv,0.0004294885014150924,0.0007101845559746398,0.0007101845559746398,False,4.416670867588181,0.1076860883758517,3.182747294551765e-09,150.0
Diesel,157,2020-02-17,covid_2020,calendario_externo,naive,0.0004294885014150924,0.0008622096163369037,0.0008622096163369037,False,6.808741024395119,0.1950288364838162,3.182747294551765e-09,
Diesel,157,2020-02-17,covid_2020,calendario_externo,ewma_094,0.0004294885014150924,0.00012571007658376322,0.00012571007658376322,False,4.779865257670478,1.1878835041099731,3.182747294551765e-09,0.94
Diesel,157,2020-02-17,covid_2020,calendario_externo,garch_11,0.0004294885014150924,0.0007499724430275942,0.0007499724430275942,False,5.042721710751682,0.13011387089421778,3.182747294551765e-09,
Diesel,157,2020-02-17,covid_2020,calendario_externo,gjr_garch_11,0.0004294885014150924,0.0009509621681114538,0.0009509621681114538,False,8.20523664119977,0.2465150503996627,3.182747294551765e-09,
Diesel,161,2020-03-16,covid_2020,calendario_externo,ols_clip_legacy,0.0007599995983243633,5.4769954842117025e-05,5.4769954842117025e-05,False,10.21755681960018,10.246037580413484,3.86022152664647e-09,
Diesel,161,2020-03-16,covid_2020,calendario_externo,ridge_cv_clip,0.0007599995983243633,5.803250228257013e-05,5.803250228257013e-05,False,10.170288154481582,9.523787834741466,3.86022152664647e-09,1.5
Diesel,161,2020-03-16,covid_2020,calendario_externo,ridge_log_cv,0.0007599995983243633,8.841082402406422e-06,8.841082402406422e-06,False,10.882986680851788,80.50837110787404,3.86022152664647e-09,15.0
Diesel,161,2020-03-16,covid_2020,calendario_externo,nnls_base_no_negativa,0.0007599995983243633,6.880912960757463e-05,6.880912960757463e-05,False,10.014153478302642,7.643058666402791,3.86022152664647e-09,
Diesel,161,2020-03-16,covid_2020,calendario_externo,ngrc_softplus_cv,0.0007599995983243633,6.313181227122848e-05,6.313181227122848e-05,False,10.096407979376346,8.550205352321981,3.86022152664647e-09,0.021544346900318822
Diesel,161,2020-03-16,covid_2020,calendario_externo,ssrc_recurrente_log_cv,0.0007599995983243633,2.423833230033511e-05,2.423833230033511e-05,False,10.659907181639515,26.909893424368622,3.86022152664647e-09,150.0
Diesel,161,2020-03-16,covid_2020,calendario_externo,naive,0.0007599995983243633,4.3651313604225385e-05,4.3651313604225385e-05,False,10.378646685369226,13.553607969727326,3.86022152664647e-09,
Diesel,161,2020-03-16,covid_2020,calendario_externo,ewma_094,0.0007599995983243633,0.0001337114778047275,0.0001337114778047275,False,9.073830795388394,2.9462434604680476,3.86022152664647e-09,0.94
Diesel,161,2020-03-16,covid_2020,calendario_externo,garch_11,0.0007599995983243633,6.0316903241809665e-05,6.0316903241809665e-05,False,10.137191138756993,9.066404190618213,3.86022152664647e-09,
Diesel,161,2020-03-16,covid_2020,calendario_externo,gjr_garch_11,0.0007599995983243633,6.763758328330451e-05,6.763758328330451e-05,False,10.031127156657847,7.817196472028586,3.86022152664647e-09,
Diesel,165,2020-04-13,covid_2020,calendario_externo,ols_clip_legacy,0.0012434934955019177,0.001172926519344468,0.001172926519344468,False,0.8215774061902098,0.0017403396915103286,4.1854089220998436e-09,
Diesel,165,2020-04-13,covid_2020,calendario_externo,ridge_cv_clip,0.0012434934955019177,0.001381307799477496,0.001381307799477496,False,1.6045057413759034,0.005335091023312533,4.1854089220998436e-09,15.0
Diesel,165,2020-04-13,covid_2020,calendario_externo,ridge_log_cv,0.0012434934955019177,0.05272084852570565,0.05272084852570565,False,599.3261172036558,2.7706726026165684,4.1854089220998436e-09,150.0
Diesel,165,2020-04-13,covid_2020,calendario_externo,nnls_base_no_negativa,0.0012434934955019177,0.0018570673867301492,0.0018570673867301492,False,7.143546082186865,0.07067444804505074,4.1854089220998436e-09,
Diesel,165,2020-04-13,covid_2020,calendario_externo,ngrc_softplus_cv,0.0012434934955019177,0.0007202435946257945,0.0007202435946257945,False,6.091947250111921,0.18039963124526404,4.1854089220998436e-09,0.021544346900318822
Diesel,165,2020-04-13,covid_2020,calendario_externo,ssrc_recurrente_log_cv,0.0012434934955019177,7.029361146420143e-05,7.029361146420143e-05,False,13.659002697235529,13.816993897672045,4.1854089220998436e-09,150.0
Diesel,165,2020-04-13,covid_2020,calendario_externo,naive,0.0012434934955019177,0.00198464895751812,0.00198464895751812,False,8.62891702640562,0.09407318825225186,4.1854089220998436e-09,
Diesel,165,2020-04-13,covid_2020,calendario_externo,ewma_094,0.0012434934955019177,0.00052550980439145,0.00052550980439145,False,8.359139228429829,0.504950081863341,4.1854089220998436e-09,0.94
Diesel,165,2020-04-13,covid_2020,calendario_externo,garch_11,0.0012434934955019177,0.001784476791426092,0.001784476791426092,False,6.298408650328601,0.05803976963195945,4.1854089220998436e-09,
Diesel,165,2020-04-13,covid_2020,calendario_externo,gjr_garch_11,0.0012434934955019177,0.002499688144586847,0.002499688144586847,False,14.625270879716759,0.19570068084890524,4.1854089220998436e-09,
Diesel,169,2020-05-11,covid_2020,calendario_externo,ols_clip_legacy,0.0004279370169278566,0.002232613081321814,0.002232613081321814,False,17.272985379623073,0.8436273409130899,4.317016526839581e-09,
Diesel,169,2020-05-11,covid_2020,calendario_externo,ridge_cv_clip,0.0004279370169278566,0.0015437230316006864,0.0015437230316006864,False,10.679454279072454,0.5601873102965507,4.317016526839581e-09,15.0
Diesel,169,2020-05-11,covid_2020,calendario_externo,ridge_log_cv,0.0004279370169278566,0.00022939501740105124,0.00022939501740105124,False,1.9002928684707185,0.2419721240216055,4.317016526839581e-09,150.0
Diesel,169,2020-05-11,covid_2020,calendario_externo,nnls_base_no_negativa,0.0004279370169278566,0.0013814110106245838,0.0013814110106245838,False,9.125927183228361,0.48166724302468644,4.317016526839581e-09,
Diesel,169,2020-05-11,covid_2020,calendario_externo,ngrc_softplus_cv,0.0004279370169278566,0.001999789719336838,0.001999789719336838,False,15.044577408272442,0.7558122931897162,4.317016526839581e-09,0.021544346900318822
Diesel,169,2020-05-11,covid_2020,calendario_externo,ssrc_recurrente_log_cv,0.0004279370169278566,0.0002852225552544424,0.0002852225552544424,False,1.3659541779169593,0.0946555098981352,4.317016526839581e-09,1500.0
Diesel,169,2020-05-11,covid_2020,calendario_externo,naive,0.0004279370169278566,0.0016523872047841197,0.0016523872047841197,False,11.719505018215266,0.609981360438898,4.317016526839581e-09,
Diesel,169,2020-05-11,covid_2020,calendario_externo,ewma_094,0.0004279370169278566,0.0006094032072091585,0.0006094032072091585,False,1.736856222270247,0.055727213881827664,4.317016526839581e-09,0.94
Diesel,169,2020-05-11,covid_2020,calendario_externo,garch_11,0.0004279370169278566,0.001470778203376073,0.001470778203376073,False,9.981281916562628,0.5255304875519999,4.317016526839581e-09,
Diesel,169,2020-05-11,covid_2020,calendario_externo,gjr_garch_11,0.0004279370169278566,0.0020278861553501763,0.0020278861553501763,False,15.313495103837315,0.7667993530793267,4.317016526839581e-09,
Diesel,173,2020-06-08,calma,sin_evento,ols_clip_legacy,0.000939569072194167,0.0009853443762016826,0.0009853443762016826,False,0.38705581824024987,0.00111371642998348,4.92156932893516e-09,
Diesel,173,2020-06-08,calma,sin_evento,ridge_cv_clip,0.000939569072194167,0.0005817988675162298,0.0005817988675162298,False,3.025147343442324,0.13564141627795911,4.92156932893516e-09,15.0
Diesel,173,2020-06-08,calma,sin_evento,ridge_log_cv,0.000939569072194167,0.0003551160829223981,0.0003551160829223981,False,4.941877173517039,0.6728316728345138,4.92156932893516e-09,15.0
Diesel,173,2020-06-08,calma,sin_evento,nnls_base_no_negativa,0.000939569072194167,0.000681645395945275,0.000681645395945275,False,2.1808890561962726,0.05747218730074888,4.92156932893516e-09,
Diesel,173,2020-06-08,calma,sin_evento,ngrc_softplus_cv,0.000939569072194167,0.000844850969223301,0.000844850969223301,False,0.8008945793463997,0.0058511102362688305,4.92156932893516e-09,0.021544346900318822
Diesel,173,2020-06-08,calma,sin_evento,ssrc_recurrente_log_cv,0.000939569072194167,7.886798189857695e-05,7.886798189857695e-05,False,7.277709498334261,8.435541707082876,4.92156932893516e-09,1500.0
Diesel,173,2020-06-08,calma,sin_evento,naive,0.000939569072194167,0.0007101642823996488,0.0007101642823996488,False,1.9397459076966777,0.04310558435383749,4.92156932893516e-09,
Diesel,173,2020-06-08,calma,sin_evento,ewma_094,0.000939569072194167,0.0005525175256985762,0.0005525175256985762,False,3.2727374788250088,0.16958738169463894,4.92156932893516e-09,0.94
Diesel,173,2020-06-08,calma,sin_evento,garch_11,0.000939569072194167,0.0007808015191922029,0.0007808015191922029,False,1.342468531221288,0.018238840281396662,4.92156932893516e-09,
Diesel,173,2020-06-08,calma,sin_evento,gjr_garch_11,0.000939569072194167,0.0006344184737840206,0.0006344184737840206,False,2.580219118473777,0.0882800650451816,4.92156932893516e-09,
Diesel,177,2020-07-06,calma,sin_evento,ols_clip_legacy,0.00030519366039679914,0.0001783799440453086,0.0001783799440453086,False,1.0434522659596361,0.17388840497413005,5.443469892884238e-09,
Diesel,177,2020-07-06,calma,sin_evento,ridge_cv_clip,0.00030519366039679914,0.00010193479577587424,0.00010193479577587424,False,1.6724604322550802,0.8973954755998159,5.443469892884238e-09,15.0
Diesel,177,2020-07-06,calma,sin_evento,ridge_log_cv,0.00030519366039679914,5.556941089119873e-05,5.556941089119873e-05,False,2.0539654248688914,2.788802533910701,5.443469892884238e-09,150.0
Diesel,177,2020-07-06,calma,sin_evento,nnls_base_no_negativa,0.00030519366039679914,0.0003370186378989526,0.0003370186378989526,False,0.2618631946460273,0.004760794442278948,5.443469892884238e-09,
Diesel,177,2020-07-06,calma,sin_evento,ngrc_softplus_cv,0.00030519366039679914,0.0001095713296700044,0.0001095713296700044,False,1.6096252845663104,0.7609715315833732,5.443469892884238e-09,0.021544346900318822
Diesel,177,2020-07-06,calma,sin_evento,ssrc_recurrente_log_cv,0.00030519366039679914,0.0001136600123292864,0.0001136600123292864,False,1.5759826683859548,0.6974105270272852,5.443469892884238e-09,1500.0
Diesel,177,2020-07-06,calma,sin_evento,naive,0.00030519366039679914,0.0003220236214145221,0.0003220236214145221,False,0.13848076899884157,0.001415248311238848,5.443469892884238e-09,
Diesel,177,2020-07-06,calma,sin_evento,ewma_094,0.00030519366039679914,0.0005732297935419869,0.0005732297935419869,False,2.2054626150550276,0.16275081834725902,5.443469892884238e-09,0.94
Diesel,177,2020-07-06,calma,sin_evento,garch_11,0.00030519366039679914,0.0003639722026876202,0.0003639722026876202,False,0.48364329118125926,0.01463912693326952,5.443469892884238e-09,
Diesel,177,2020-07-06,calma,sin_evento,gjr_garch_11,0.00030519366039679914,0.00029262674706234074,0.00029262674706234074,False,0.10340343751628296,0.0008965659908304335,5.443469892884238e-09,
Diesel,181,2020-08-03,calma,sin_evento,ols_clip_legacy,5.7083338471284294e-05,3.450114514035781e-05,3.450114514035781e-05,False,0.18606599857125244,0.15101484028824919,5.443469892884238e-09,
Diesel,181,2020-08-03,calma,sin_evento,ridge_cv_clip,5.7083338471284294e-05,5.859031352456756e-05,5.859031352456756e-05,False,0.012416722060700451,0.0003365568235020877,5.443469892884238e-09,15.0
Diesel,181,2020-08-03,calma,sin_evento,ridge_log_cv,5.7083338471284294e-05,1.986673836691199e-05,1.986673836691199e-05,False,0.3066462039523646,0.8178466522678354,5.443469892884238e-09,150.0
Diesel,181,2020-08-03,calma,sin_evento,nnls_base_no_negativa,5.7083338471284294e-05,8.387653031606863e-05,8.387653031606863e-05,False,0.22076252392558898,0.06539746042251648,5.443469892884238e-09,
Diesel,181,2020-08-03,calma,sin_evento,ngrc_softplus_cv,5.7083338471284294e-05,5.9323438461437284e-05,5.9323438461437284e-05,False,0.01845730551763762,0.0007314102417399493,5.443469892884238e-09,0.021544346900318822
Diesel,181,2020-08-03,calma,sin_evento,ssrc_recurrente_log_cv,5.7083338471284294e-05,2.863269141348389e-05,2.863269141348389e-05,False,0.2344191273731652,0.3036789231669834,5.443469892884238e-09,1500.0
Diesel,181,2020-08-03,calma,sin_evento,naive,5.7083338471284294e-05,4.88493920719135e-05,4.88493920719135e-05,False,0.06784360741801508,0.012787462105474212,5.443469892884238e-09,
Diesel,181,2020-08-03,calma,sin_evento,ewma_094,5.7083338471284294e-05,0.00047577784383890005,0.00047577784383890005,False,3.4498336851465536,1.2404177281043158,5.443469892884238e-09,0.94
Diesel,181,2020-08-03,calma,sin_evento,garch_11,5.7083338471284294e-05,7.775332463706049e-05,7.775332463706049e-05,False,0.17031036622656226,0.04318848767087302,5.443469892884238e-09,
Diesel,181,2020-08-03,calma,sin_evento,gjr_garch_11,5.7083338471284294e-05,6.549768680347725e-05,6.549768680347725e-05,False,0.06933002927628383,0.009034677273682234,5.443469892884238e-09,
Diesel,185,2020-08-31,calma,sin_evento,ols_clip_legacy,6.0331607021915735e-06,1.3893096493113478e-05,1.3893096493113478e-05,False,0.06545617790203685,0.26837703907528043,5.179428215310504e-09,
Diesel,185,2020-08-31,calma,sin_evento,ridge_cv_clip,6.0331607021915735e-06,3.467070468579479e-05,3.467070468579479e-05,False,0.23848848432491754,0.922637261218078,5.179428215310504e-09,1.5
Diesel,185,2020-08-31,calma,sin_evento,ridge_log_cv,6.0331607021915735e-06,1.4896223287538327e-05,1.4896223287538327e-05,False,0.07381004333564636,0.30884944697522876,5.179428215310504e-09,150.0
Diesel,185,2020-08-31,calma,sin_evento,nnls_base_no_negativa,6.0331607021915735e-06,2.067257213297917e-05,2.067257213297917e-05,False,0.1219144716298441,0.5233805045098714,5.179428215310504e-09,
Diesel,185,2020-08-31,calma,sin_evento,ngrc_softplus_cv,6.0331607021915735e-06,5.453317371521218e-05,5.453317371521218e-05,False,0.40389967099960516,1.3121710272499327,5.179428215310504e-09,0.021544346900318822
Diesel,185,2020-08-31,calma,sin_evento,ssrc_recurrente_log_cv,6.0331607021915735e-06,8.723424839534226e-06,8.723424839534226e-06,False,0.022404051720213352,0.060345476230644124,5.179428215310504e-09,1500.0
Diesel,185,2020-08-31,calma,sin_evento,naive,6.0331607021915735e-06,3.7637850981582384e-07,3.7637850981582384e-07,False,0.047108698008052216,12.255072660921869,5.179428215310504e-09,
Diesel,185,2020-08-31,calma,sin_evento,ewma_094,6.0331607021915735e-06,0.0003744956706826657,0.0003744956706826657,False,3.0684916830197264,3.144419300986608,5.179428215310504e-09,0.94
Diesel,185,2020-08-31,calma,sin_evento,garch_11,6.0331607021915735e-06,2.4067266264278263e-05,2.4067266264278263e-05,False,0.15018489379257416,0.6342607369608873,5.179428215310504e-09,
Diesel,185,2020-08-31,calma,sin_evento,gjr_garch_11,6.0331607021915735e-06,2.3663518100763643e-05,2.3663518100763643e-05,False,0.1468225493254403,0.6216197072824321,5.179428215310504e-09,
Diesel,189,2020-09-27,calma,sin_evento,ols_clip_legacy,0.00017493317512831032,0.0001658317897264068,0.0001658317897264068,False,0.07642216889318787,0.0014531520214231541,4.897397052164109e-09,
Diesel,189,2020-09-27,calma,sin_evento,ridge_cv_clip,0.00017493317512831032,0.00022853082145744786,0.00022853082145744786,False,0.4500466906044902,0.032735674054236163,4.897397052164109e-09,15.0
Diesel,189,2020-09-27,calma,sin_evento,ridge_log_cv,0.00017493317512831032,2.0922756054612194e-05,2.0922756054612194e-05,False,1.2931888649940242,5.237338300664179,4.897397052164109e-09,150.0
Diesel,189,2020-09-27,calma,sin_evento,nnls_base_no_negativa,0.00017493317512831032,0.00018290369989719727,0.00018290369989719727,False,0.06692660107853679,0.0009780276153710243,4.897397052164109e-09,
Diesel,189,2020-09-27,calma,sin_evento,ngrc_softplus_cv,0.00017493317512831032,0.0002088338465242267,0.0002088338465242267,False,0.2846558760679814,0.014801675408425696,4.897397052164109e-09,0.021544346900318822
Diesel,189,2020-09-27,calma,sin_evento,ssrc_recurrente_log_cv,0.00017493317512831032,2.3173181257057113e-05,2.3173181257057113e-05,False,1.274292579724447,4.527541087905071,4.897397052164109e-09,1500.0
Diesel,189,2020-09-27,calma,sin_evento,naive,0.00017493317512831032,0.00018709816745586386,0.00018709816745586386,False,0.10214654771637216,0.0022100917843439483,4.897397052164109e-09,
Diesel,189,2020-09-27,calma,sin_evento,ewma_094,0.00017493317512831032,0.00031138998342013604,0.00031138998342013604,False,1.1457953695403573,0.1384236866100741,4.897397052164109e-09,0.94
Diesel,189,2020-09-27,calma,sin_evento,garch_11,0.00017493317512831032,0.0001779062656233838,0.0001779062656233838,False,0.02496433388061087,0.00014121352542373344,4.897397052164109e-09,
Diesel,189,2020-09-27,calma,sin_evento,gjr_garch_11,0.00017493317512831032,0.0002192929132622978,0.0002192929132622978,False,0.3724781722817886,0.023718970483527224,4.897397052164109e-09,
Diesel,193,2020-10-26,calma,sin_evento,ols_clip_legacy,0.0,0.00017256409067419444,0.00017256409067419444,False,1.4333021276721676,9.413859334075044,5.179428215310504e-09,
Diesel,193,2020-10-26,calma,sin_evento,ridge_cv_clip,0.0,0.00010847607210799629,0.00010847607210799629,False,0.9009926940562564,8.949637974236099,5.179428215310504e-09,150.0
Diesel,193,2020-10-26,calma,sin_evento,ridge_log_cv,0.0,2.566654598924848e-05,2.566654598924848e-05,False,0.21318406878660487,7.508450840258318,5.179428215310504e-09,15.0
Diesel,193,2020-10-26,calma,sin_evento,nnls_base_no_negativa,0.0,9.213809057173345e-05,9.213809057173345e-05,False,0.7652908594143869,8.786405261878059,5.179428215310504e-09,
Diesel,193,2020-10-26,calma,sin_evento,ngrc_softplus_cv,0.0,0.00015531791357611534,0.00015531791357611534,False,1.2900569007404656,9.308568030923682,5.179428215310504e-09,10.0
Diesel,193,2020-10-26,calma,sin_evento,ssrc_recurrente_log_cv,0.0,1.768755779933257e-05,1.768755779933257e-05,False,0.1469112961338656,7.1362148840598625,5.179428215310504e-09,1500.0
Diesel,193,2020-10-26,calma,sin_evento,naive,0.0,4.419290960467647e-05,4.419290960467647e-05,False,0.3670624120982246,8.05174217241459,5.179428215310504e-09,
Diesel,193,2020-10-26,calma,sin_evento,ewma_094,0.0,0.00026340781490054836,0.00026340781490054836,False,2.187842094304797,9.836783733296649,5.179428215310504e-09,0.94
Diesel,193,2020-10-26,calma,sin_evento,garch_11,0.0,8.264339355882369e-05,8.264339355882369e-05,False,0.6864287428695267,8.677658172295335,5.179428215310504e-09,
Diesel,193,2020-10-26,calma,sin_evento,gjr_garch_11,0.0,6.519332025572459e-05,6.519332025572459e-05,False,0.5414899720299488,8.4404970727892,5.179428215310504e-09,
Diesel,197,2020-11-23,eta_iota_2020,calendario_externo,ols_clip_legacy,1.8815681270129674e-05,2.1708658595308446e-05,2.1708658595308446e-05,False,0.024354774305338365,0.009756808921222326,4.92156932893516e-09,
Diesel,197,2020-11-23,eta_iota_2020,calendario_externo,ridge_cv_clip,1.8815681270129674e-05,0.00014522737157375223,0.00014522737157375223,False,1.064207506953345,1.1731701202480167,4.92156932893516e-09,1500.0
Diesel,197,2020-11-23,eta_iota_2020,calendario_externo,ridge_log_cv,1.8815681270129674e-05,1.458812277031465e-05,1.458812277031465e-05,False,0.035590058805333794,0.03531160828034818,4.92156932893516e-09,0.00015
Diesel,197,2020-11-23,eta_iota_2020,calendario_externo,nnls_base_no_negativa,1.8815681270129674e-05,5.432225372073208e-05,5.432225372073208e-05,False,0.29891508338632716,0.40661485391311625,4.92156932893516e-09,
Diesel,197,2020-11-23,eta_iota_2020,calendario_externo,ngrc_softplus_cv,1.8815681270129674e-05,0.00014865846371381225,0.00014865846371381225,False,1.0930924463424976,1.1935307149643117,4.92156932893516e-09,10.0
Diesel,197,2020-11-23,eta_iota_2020,calendario_externo,ssrc_recurrente_log_cv,1.8815681270129674e-05,6.424139181258326e-06,6.424139181258326e-06,False,0.10431924517448936,0.8542751266661592,4.92156932893516e-09,1.5
Diesel,197,2020-11-23,eta_iota_2020,calendario_externo,naive,1.8815681270129674e-05,1.3763958028655086e-05,1.3763958028655086e-05,False,0.042528359392358196,0.0543882818917556,4.92156932893516e-09,
Diesel,197,2020-11-23,eta_iota_2020,calendario_externo,ewma_094,1.8815681270129674e-05,0.00020648435133431315,0.00020648435133431315,False,1.579904572295172,1.4866580027947056,4.92156932893516e-09,0.94
Diesel,197,2020-11-23,eta_iota_2020,calendario_externo,garch_11,1.8815681270129674e-05,3.606135894623377e-05,3.606135894623377e-05,False,0.14518419618728695,0.17229977339534575,4.92156932893516e-09,
Diesel,197,2020-11-23,eta_iota_2020,calendario_externo,gjr_garch_11,1.8815681270129674e-05,3.0108501260478665e-05,3.0108501260478665e-05,False,0.09506956025615142,0.09504612235582521,4.92156932893516e-09,
Diesel,201,2020-12-21,eta_iota_2020,calendario_externo,ols_clip_legacy,0.00031793145763712994,0.00027131099222573997,0.00027131099222573997,False,0.39286775627685283,0.013263963789520883,4.897397052164109e-09,
Diesel,201,2020-12-21,eta_iota_2020,calendario_externo,ridge_cv_clip,0.00031793145763712994,0.0002725600652935298,0.0002725600652935298,False,0.3823418953864006,0.01248702527232548,4.897397052164109e-09,1.5
Diesel,201,2020-12-21,eta_iota_2020,calendario_externo,ridge_log_cv,0.00031793145763712994,7.567451427362766e-05,7.567451427362766e-05,False,2.041484162413688,1.7659072153425135,4.897397052164109e-09,0.15
Diesel,201,2020-12-21,eta_iota_2020,calendario_externo,nnls_base_no_negativa,0.00031793145763712994,0.0004293337797305366,0.0004293337797305366,False,0.938780424834096,0.0409216517126576,4.897397052164109e-09,
Diesel,201,2020-12-21,eta_iota_2020,calendario_externo,ngrc_softplus_cv,0.00031793145763712994,0.00026985583461500146,0.00026985583461500146,False,0.4051302787659646,0.014205040098771882,4.897397052164109e-09,0.021544346900318822
Diesel,201,2020-12-21,eta_iota_2020,calendario_externo,ssrc_recurrente_log_cv,0.00031793145763712994,0.0002482472799119586,0.0002482472799119586,False,0.5872242224376644,0.033294226239993785,4.897397052164109e-09,150.0
Diesel,201,2020-12-21,eta_iota_2020,calendario_externo,naive,0.00031793145763712994,0.0004133205256885442,0.0004133205256885442,False,0.8038377310910213,0.031600411111688764,4.897397052164109e-09,
Diesel,201,2020-12-21,eta_iota_2020,calendario_externo,ewma_094,0.00031793145763712994,0.00021215306243422925,0.00021215306243422925,False,0.891387943454055,0.0940669019022109,4.897397052164109e-09,0.94
Diesel,201,2020-12-21,eta_iota_2020,calendario_externo,garch_11,0.00031793145763712994,0.0004544273813318638,0.0004544273813318638,False,1.150242641502789,0.05683324996231609,4.897397052164109e-09,
Diesel,201,2020-12-21,eta_iota_2020,calendario_externo,gjr_garch_11,0.00031793145763712994,0.0003463382511779302,0.0003463382511779302,False,0.23938227863910255,0.003559708675064499,4.897397052164109e-09,
Diesel,205,2021-01-18,calma,sin_evento,ols_clip_legacy,0.000217460575124072,8.7778481706213e-05,8.7778481706213e-05,False,1.084414379213345,0.5701779071514506,5.179428215310504e-09,
Diesel,205,2021-01-18,calma,sin_evento,ridge_cv_clip,0.000217460575124072,8.47811506625461e-05,8.47811506625461e-05,False,1.109478355259303,0.6230193823788888,5.179428215310504e-09,0.15
Diesel,205,2021-01-18,calma,sin_evento,ridge_log_cv,0.000217460575124072,1.9097841298200166e-05,1.9097841298200166e-05,False,1.6587286277661335,7.954215094489944,5.179428215310504e-09,1.5
Diesel,205,2021-01-18,calma,sin_evento,nnls_base_no_negativa,0.000217460575124072,4.31231906394033e-05,4.31231906394033e-05,False,1.4578263011258956,2.4248189844719175,5.179428215310504e-09,
Diesel,205,2021-01-18,calma,sin_evento,ngrc_softplus_cv,0.000217460575124072,8.958327032518884e-05,8.958327032518884e-05,False,1.0693225598397038,0.5406196095836999,5.179428215310504e-09,0.001
Diesel,205,2021-01-18,calma,sin_evento,ssrc_recurrente_log_cv,0.000217460575124072,2.435193172187598e-05,2.435193172187598e-05,False,1.6147934085314897,5.740504286025065,5.179428215310504e-09,1500.0
Diesel,205,2021-01-18,calma,sin_evento,naive,0.000217460575124072,7.67896692582127e-06,7.67896692582127e-06,False,1.7542143747762382,23.975455830512875,5.179428215310504e-09,
Diesel,205,2021-01-18,calma,sin_evento,ewma_094,0.000217460575124072,0.000200364346393336,0.000200364346393336,False,0.14296034076341735,0.003445573965228599,5.179428215310504e-09,0.94
Diesel,205,2021-01-18,calma,sin_evento,garch_11,0.000217460575124072,4.0778941816844736e-05,4.0778941816844736e-05,False,1.4774291396106605,2.658816663385651,5.179428215310504e-09,
Diesel,205,2021-01-18,calma,sin_evento,gjr_garch_11,0.000217460575124072,3.889735833475552e-05,3.889735833475552e-05,False,1.4931631251586364,2.8695345705804227,5.179428215310504e-09,
Diesel,209,2021-02-15,calma,sin_evento,ols_clip_legacy,0.00019959074308966646,0.0001266709171892416,0.0001266709171892416,False,0.5962425059897926,0.1209870534059323,5.5040857849097425e-09,
Diesel,209,2021-02-15,calma,sin_evento,ridge_cv_clip,0.00019959074308966646,0.00012830266147813223,0.00012830266147813223,False,0.582900245610959,0.11374737014803316,5.5040857849097425e-09,0.15
Diesel,209,2021-02-15,calma,sin_evento,ridge_log_cv,0.00019959074308966646,2.6661302909978602e-05,2.6661302909978602e-05,False,1.413989700317541,4.473102837770217,5.5040857849097425e-09,15000.0
Diesel,209,2021-02-15,calma,sin_evento,nnls_base_no_negativa,0.00019959074308966646,0.00021280074303944743,0.00021280074303944743,False,0.10801401919058265,0.002010413014714496,5.5040857849097425e-09,
Diesel,209,2021-02-15,calma,sin_evento,ngrc_softplus_cv,0.00019959074308966646,0.00011495200760178623,0.00011495200760178623,False,0.692064347767551,0.1845420097971684,5.5040857849097425e-09,0.001
Diesel,209,2021-02-15,calma,sin_evento,ssrc_recurrente_log_cv,0.00019959074308966646,2.70672012684201e-05,2.70672012684201e-05,False,1.4106707969681997,4.375950312465525,5.5040857849097425e-09,15000.0
Diesel,209,2021-02-15,calma,sin_evento,naive,0.00019959074308966646,0.00017795784346014203,0.00017795784346014203,False,0.17688542351358186,0.0068396362983416115,5.5040857849097425e-09,
Diesel,209,2021-02-15,calma,sin_evento,ewma_094,0.00019959074308966646,0.0001843396927644545,0.0001843396927644545,False,0.12470304684076108,0.0032446306637601285,5.5040857849097425e-09,0.94
Diesel,209,2021-02-15,calma,sin_evento,garch_11,0.00019959074308966646,0.00018184623033555466,0.00018184623033555466,False,0.14509130571056142,0.004472223020530741,5.5040857849097425e-09,
Diesel,209,2021-02-15,calma,sin_evento,gjr_garch_11,0.00019959074308966646,0.00013937462314299806,0.00013937462314299806,False,0.49236829373415053,0.07294153094921652,5.5040857849097425e-09,
Diesel,213,2021-03-15,calma,sin_evento,ols_clip_legacy,0.0003276115075006956,0.00022303755187621073,0.00022303755187621073,False,0.8456449057880229,0.08437422467634703,5.71136637919033e-09,
Diesel,213,2021-03-15,calma,sin_evento,ridge_cv_clip,0.0003276115075006956,0.00021813981484057498,0.00021813981484057498,False,0.8852508129122338,0.09514960191799848,5.71136637919033e-09,0.15
Diesel,213,2021-03-15,calma,sin_evento,ridge_log_cv,0.0003276115075006956,3.0410662805716197e-05,3.0410662805716197e-05,False,2.4033362686852526,7.395880542523864,5.71136637919033e-09,15000.0
Diesel,213,2021-03-15,calma,sin_evento,nnls_base_no_negativa,0.0003276115075006956,0.00031232630209569316,0.00031232630209569316,False,0.12360492636502522,0.0011598630065183801,5.71136637919033e-09,
Diesel,213,2021-03-15,calma,sin_evento,ngrc_softplus_cv,0.0003276115075006956,0.0002233188215313117,0.0002233188215313117,False,0.8433703982438788,0.08378448696849006,5.71136637919033e-09,0.001
Diesel,213,2021-03-15,calma,sin_evento,ssrc_recurrente_log_cv,0.0003276115075006956,4.070730290009985e-05,4.070730290009985e-05,False,2.320071738902949,4.9625577510415635,5.71136637919033e-09,15000.0
Diesel,213,2021-03-15,calma,sin_evento,naive,0.0003276115075006956,0.0003063865687324357,0.0003063865687324357,False,0.17163701265632544,0.0022941532234719286,5.71136637919033e-09,
Diesel,213,2021-03-15,calma,sin_evento,ewma_094,0.0003276115075006956,0.0002087552312843832,0.0002087552312843832,False,0.9611399310950933,0.1186910603761917,5.71136637919033e-09,0.94
Diesel,213,2021-03-15,calma,sin_evento,garch_11,0.0003276115075006956,0.0003608064170245634,0.0003608064170245634,False,0.26843305265943845,0.004511102336948847,5.71136637919033e-09,
Diesel,213,2021-03-15,calma,sin_evento,gjr_garch_11,0.0003276115075006956,0.0002827153648246475,0.0002827153648246475,False,0.3630559264666752,0.011415470058679933,5.71136637919033e-09,
Diesel,217,2021-04-12,calma,sin_evento,ols_clip_legacy,5.357441898893029e-05,0.00021779878190210315,0.00021779878190210315,False,1.3243946858114215,0.6484811821366014,5.5040857849097425e-09,
Diesel,217,2021-04-12,calma,sin_evento,ridge_cv_clip,5.357441898893029e-05,0.0001395035949108746,0.0001395035949108746,False,0.6929796647002202,0.34105479207412226,5.5040857849097425e-09,1.5
Diesel,217,2021-04-12,calma,sin_evento,ridge_log_cv,5.357441898893029e-05,2.8720558060779512e-05,2.8720558060779512e-05,False,0.20043506792315716,0.24190979335745633,5.5040857849097425e-09,15000.0
Diesel,217,2021-04-12,calma,sin_evento,nnls_base_no_negativa,5.357441898893029e-05,6.186062600306246e-05,6.186062600306246e-05,False,0.06682448535880246,0.00986257576226679,5.5040857849097425e-09,
Diesel,217,2021-04-12,calma,sin_evento,ngrc_softplus_cv,5.357441898893029e-05,0.00011734544373317032,0.00011734544373317032,False,0.5142842680697383,0.24060343809367124,5.5040857849097425e-09,0.021544346900318822
Diesel,217,2021-04-12,calma,sin_evento,ssrc_recurrente_log_cv,5.357441898893029e-05,2.575156864487057e-05,2.575156864487057e-05,False,0.2243786152440812,0.3478570714071423,5.5040857849097425e-09,15000.0
Diesel,217,2021-04-12,calma,sin_evento,naive,5.357441898893029e-05,3.2958048444892065e-05,3.2958048444892065e-05,False,0.16626163807180894,0.1396975138569525,5.5040857849097425e-09,
Diesel,217,2021-04-12,calma,sin_evento,ewma_094,5.357441898893029e-05,0.00018952704357532633,0.00018952704357532633,False,1.0963959934466916,0.5461342996047853,5.5040857849097425e-09,0.94
Diesel,217,2021-04-12,calma,sin_evento,garch_11,5.357441898893029e-05,4.8373568109865757e-05,4.8373568109865757e-05,False,0.04194249345069752,0.005396166316638196,5.5040857849097425e-09,
Diesel,217,2021-04-12,calma,sin_evento,gjr_garch_11,5.357441898893029e-05,5.338500576894514e-05,5.338500576894514e-05,False,0.001527531345050121,6.27951695308937e-06,5.5040857849097425e-09,
Diesel,221,2021-05-10,calma,sin_evento,ols_clip_legacy,0.00016074845044451957,0.0001360749223699495,0.0001360749223699495,False,0.19912246213595405,0.014688019977922462,5.5040857849097425e-09,
Diesel,221,2021-05-10,calma,sin_evento,ridge_cv_clip,0.00016074845044451957,0.00015133823265954727,0.00015133823265954727,False,0.07594316179332522,0.001856602522765094,5.5040857849097425e-09,1.5
Diesel,221,2021-05-10,calma,sin_evento,ridge_log_cv,0.00016074845044451957,2.1202442734520318e-05,2.1202442734520318e-05,False,1.126176384361361,4.555876175174221,5.5040857849097425e-09,0.00015
Diesel,221,2021-05-10,calma,sin_evento,nnls_base_no_negativa,0.00016074845044451957,9.818529388717822e-05,9.818529388717822e-05,False,0.5049026525531466,0.1442105020245279,5.5040857849097425e-09,
Diesel,221,2021-05-10,calma,sin_evento,ngrc_softplus_cv,0.00016074845044451957,0.00014847916249841002,0.00014847916249841002,False,0.09901667962119706,0.0032369676978150075,5.5040857849097425e-09,0.021544346900318822
Diesel,221,2021-05-10,calma,sin_evento,ssrc_recurrente_log_cv,0.00016074845044451957,1.2390535992789604e-05,1.2390535992789604e-05,False,1.197291004095629,9.410578651729983,5.5040857849097425e-09,150.0
Diesel,221,2021-05-10,calma,sin_evento,naive,0.00016074845044451957,5.436738913879226e-05,5.436738913879226e-05,False,0.858525736076817,0.872630977619886,5.5040857849097425e-09,
Diesel,221,2021-05-10,calma,sin_evento,ewma_094,0.00016074845044451957,0.00015759188209209292,0.00015759188209209292,False,0.02547441372534961,0.0001979617397294131,5.5040857849097425e-09,0.94
Diesel,221,2021-05-10,calma,sin_evento,garch_11,0.00016074845044451957,7.14179894505841e-05,7.14179894505841e-05,False,0.7209224916312326,0.43952082595532604,5.5040857849097425e-09,
Diesel,221,2021-05-10,calma,sin_evento,gjr_garch_11,0.00016074845044451957,5.935639989849482e-05,5.935639989849482e-05,False,0.8182629855251997,0.7119099291529583,5.5040857849097425e-09,
Diesel,225,2021-06-07,calma,sin_evento,ols_clip_legacy,3.586979436469582e-05,0.000102414314268903,0.000102414314268903,False,0.5290276299357356,0.3993729329241946,5.7279015187717755e-09,
Diesel,225,2021-06-07,calma,sin_evento,ridge_cv_clip,3.586979436469582e-05,8.57357012168459e-05,8.57357012168459e-05,False,0.3964329828296087,0.28975016769348816,5.7279015187717755e-09,1.5
Diesel,225,2021-06-07,calma,sin_evento,ridge_log_cv,3.586979436469582e-05,3.191607965932e-05,3.191607965932e-05,False,0.031431954472554494,0.007092845729821384,5.7279015187717755e-09,15000.0
Diesel,225,2021-06-07,calma,sin_evento,nnls_base_no_negativa,3.586979436469582e-05,0.00016198952990736996,0.00016198952990736996,False,1.0026494274556232,0.729068939186952,5.7279015187717755e-09,
Diesel,225,2021-06-07,calma,sin_evento,ngrc_softplus_cv,3.586979436469582e-05,8.849090505262417e-05,8.849090505262417e-05,False,0.4183367993622075,0.30835428805355924,5.7279015187717755e-09,0.021544346900318822
Diesel,225,2021-06-07,calma,sin_evento,ssrc_recurrente_log_cv,3.586979436469582e-05,4.5322601633044725e-05,4.5322601633044725e-05,False,0.07514963264612491,0.025343100402082763,5.7279015187717755e-09,150.0
Diesel,225,2021-06-07,calma,sin_evento,naive,3.586979436469582e-05,0.00012586052808436225,0.00012586052808436225,False,0.7154245705645718,0.5402751909982926,5.7279015187717755e-09,
Diesel,225,2021-06-07,calma,sin_evento,ewma_094,3.586979436469582e-05,0.00015784509640239395,0.00015784509640239395,False,0.9697012622615562,0.7089653991765166,5.7279015187717755e-09,0.94
Diesel,225,2021-06-07,calma,sin_evento,garch_11,3.586979436469582e-05,0.0001523088133826742,0.0001523088133826742,False,0.9256879206852406,0.6815215854669872,5.7279015187717755e-09,
Diesel,225,2021-06-07,calma,sin_evento,gjr_garch_11,3.586979436469582e-05,0.00012287458351382775,0.00012287458351382775,False,0.6916863697098162,0.5231906318128225,5.7279015187717755e-09,
Diesel,229,2021-07-05,calma,sin_evento,ols_clip_legacy,2.9019516624592425e-05,7.390535005431426e-05,7.390535005431426e-05,False,0.35355042858104047,0.3274744909121383,5.888504089130837e-09,
Diesel,229,2021-07-05,calma,sin_evento,ridge_cv_clip,2.9019516624592425e-05,4.284356488253759e-05,4.284356488253759e-05,False,0.10888732174203472,0.06692351327769464,5.888504089130837e-09,1.5
Diesel,229,2021-07-05,calma,sin_evento,ridge_log_cv,2.9019516624592425e-05,3.154760540744897e-05,3.154760540744897e-05,False,0.019912894656825192,0.0033934179962658018,5.888504089130837e-09,0.00015
Diesel,229,2021-07-05,calma,sin_evento,nnls_base_no_negativa,2.9019516624592425e-05,7.797468424811303e-05,7.797468424811303e-05,False,0.3856031886241317,0.3605814978297217,5.888504089130837e-09,
Diesel,229,2021-07-05,calma,sin_evento,ngrc_softplus_cv,2.9019516624592425e-05,5.792792034074638e-05,5.792792034074638e-05,False,0.2277016542300017,0.19218995603293454,5.888504089130837e-09,0.021544346900318822
Diesel,229,2021-07-05,calma,sin_evento,ssrc_recurrente_log_cv,2.9019516624592425e-05,1.2846823666559068e-05,1.2846823666559068e-05,False,0.12738679645048315,0.4440145105578268,5.888504089130837e-09,150.0
Diesel,229,2021-07-05,calma,sin_evento,naive,2.9019516624592425e-05,4.0731247206526815e-05,4.0731247206526815e-05,False,0.0922493145449041,0.0514901984716456,5.888504089130837e-09,
Diesel,229,2021-07-05,calma,sin_evento,ewma_094,2.9019516624592425e-05,0.00013072539676089876,0.00013072539676089876,False,0.8011025921508855,0.7271186858956513,5.888504089130837e-09,0.94
Diesel,229,2021-07-05,calma,sin_evento,garch_11,2.9019516624592425e-05,5.857794372180555e-05,5.857794372180555e-05,False,0.23282166710268215,0.19778970446185773,5.888504089130837e-09,
Diesel,229,2021-07-05,calma,sin_evento,gjr_garch_11,2.9019516624592425e-05,4.751641420493665e-05,4.751641420493665e-05,False,0.1456937649868839,0.1038327710894642,5.888504089130837e-09,
Diesel,233,2021-08-01,calma,sin_evento,ols_clip_legacy,7.079485215232991e-07,0.0001439554639502977,0.0001439554639502977,False,1.1271582743913142,4.319805701416001,5.888504089130837e-09,
Diesel,233,2021-08-01,calma,sin_evento,ridge_cv_clip,7.079485215232991e-07,0.00012773455412218884,0.00012773455412218884,False,0.9995223242934625,4.200880553861314,5.888504089130837e-09,1.5
Diesel,233,2021-08-01,calma,sin_evento,ridge_log_cv,7.079485215232991e-07,3.663468165280764e-05,3.663468165280764e-05,False,0.28269331164009415,2.965703819627147,5.888504089130837e-09,15000.0
Diesel,233,2021-08-01,calma,sin_evento,nnls_base_no_negativa,7.079485215232991e-07,6.76577799504807e-05,6.76577799504807e-05,False,0.5268018522930318,3.570309916235882,5.888504089130837e-09,
Diesel,233,2021-08-01,calma,sin_evento,ngrc_softplus_cv,7.079485215232991e-07,0.0001277538038690085,0.0001277538038690085,False,0.9996737929688023,4.201030408566034,5.888504089130837e-09,0.021544346900318822
Diesel,233,2021-08-01,calma,sin_evento,ssrc_recurrente_log_cv,7.079485215232991e-07,3.075654278283353e-05,3.075654278283353e-05,False,0.2364405522433219,2.794504461256699,5.888504089130837e-09,15000.0
Diesel,233,2021-08-01,calma,sin_evento,naive,7.079485215232991e-07,3.4515207206759845e-05,3.4515207206759845e-05,False,0.26601600207508763,2.907295119059951,5.888504089130837e-09,
Diesel,233,2021-08-01,calma,sin_evento,ewma_094,7.079485215232991e-07,0.00010610158902926116,0.00010610158902926116,False,0.8293010430996816,4.016453284794399,5.888504089130837e-09,0.94
Diesel,233,2021-08-01,calma,sin_evento,garch_11,7.079485215232991e-07,4.6605086973102445e-05,4.6605086973102445e-05,False,0.36114650381007174,3.202283965471378,5.888504089130837e-09,
Diesel,233,2021-08-01,calma,sin_evento,gjr_garch_11,7.079485215232991e-07,5.1517308488765486e-05,5.1517308488765486e-05,False,0.3997988400160402,3.3010436907492116,5.888504089130837e-09,
Diesel,237,2021-08-30,calma,sin_evento,ols_clip_legacy,1.419328972598471e-05,1.576806848231768e-05,1.576806848231768e-05,False,0.012419022747834806,0.0053462347369139795,5.71136637919033e-09,
Diesel,237,2021-08-30,calma,sin_evento,ridge_cv_clip,1.419328972598471e-05,4.076349231058363e-05,4.076349231058363e-05,False,0.20953797413491634,0.4032038901273236,5.71136637919033e-09,1.5
Diesel,237,2021-08-30,calma,sin_evento,ridge_log_cv,1.419328972598471e-05,3.422056112898041e-05,3.422056112898041e-05,False,0.15793909978188483,0.29481648487003387,5.71136637919033e-09,15000.0
Diesel,237,2021-08-30,calma,sin_evento,nnls_base_no_negativa,1.419328972598471e-05,3.307163412869676e-05,3.307163412869676e-05,False,0.1488784298339678,0.27507472173253156,5.71136637919033e-09,
Diesel,237,2021-08-30,calma,sin_evento,ngrc_softplus_cv,1.419328972598471e-05,6.26478018685227e-05,6.26478018685227e-05,False,0.3821220511855716,0.7113161635821048,5.71136637919033e-09,0.021544346900318822
Diesel,237,2021-08-30,calma,sin_evento,ssrc_recurrente_log_cv,1.419328972598471e-05,2.8706417434944615e-05,2.8706417434944615e-05,False,0.11445345095936471,0.19878055873237388,5.71136637919033e-09,15000.0
Diesel,237,2021-08-30,calma,sin_evento,naive,1.419328972598471e-05,7.102507819693939e-06,7.102507819693939e-06,False,0.05591933561462217,0.3060276833543305,5.71136637919033e-09,
Diesel,237,2021-08-30,calma,sin_evento,ewma_094,1.419328972598471e-05,8.492402519815395e-05,8.492402519815395e-05,False,0.5577968392496068,0.9561169999929109,5.71136637919033e-09,0.94
Diesel,237,2021-08-30,calma,sin_evento,garch_11,1.419328972598471e-05,2.6055875379273165e-05,2.6055875379273165e-05,False,0.0935507419590684,0.15219910227037126,5.71136637919033e-09,
Diesel,237,2021-08-30,calma,sin_evento,gjr_garch_11,1.419328972598471e-05,2.794475838438169e-05,2.794475838438169e-05,False,0.10844685413616295,0.1853656064842919,5.71136637919033e-09,
Diesel,241,2021-09-27,calma,sin_evento,ols_clip_legacy,0.0002210034053161249,4.3728089255826294e-05,4.3728089255826294e-05,False,1.4117694440652488,2.4338501154748666,5.627569150533497e-09,
Diesel,241,2021-09-27,calma,sin_evento,ridge_cv_clip,0.0002210034053161249,6.462991622983025e-05,6.462991622983025e-05,False,1.2453133276536412,1.1900210595725227,5.627569150533497e-09,1.5
Diesel,241,2021-09-27,calma,sin_evento,ridge_log_cv,0.0002210034053161249,2.381852390862586e-05,2.381852390862586e-05,False,1.570323475311411,6.050921143743478,5.627569150533497e-09,15.0
Diesel,241,2021-09-27,calma,sin_evento,nnls_base_no_negativa,0.0002210034053161249,8.789527022764045e-05,8.789527022764045e-05,False,1.0600347642901007,0.5923626267181095,5.627569150533497e-09,
Diesel,241,2021-09-27,calma,sin_evento,ngrc_softplus_cv,0.0002210034053161249,5.018921385114746e-05,5.018921385114746e-05,False,1.3603149128835346,1.9210264342318437,5.627569150533497e-09,2.1544346900318822e-06
Diesel,241,2021-09-27,calma,sin_evento,ssrc_recurrente_log_cv,0.0002210034053161249,2.076341838580703e-05,2.076341838580703e-05,False,1.5946534537955197,7.278898046513914,5.627569150533497e-09,1500.0
Diesel,241,2021-09-27,calma,sin_evento,naive,0.0002210034053161249,4.696426085923387e-05,4.696426085923387e-05,False,1.3859975075826283,2.156987216273172,5.627569150533497e-09,
Diesel,241,2021-09-27,calma,sin_evento,ewma_094,0.0002210034053161249,7.225673817425685e-05,7.225673817425685e-05,False,1.1845755192787553,0.9406328867461808,5.627569150533497e-09,0.94
Diesel,241,2021-09-27,calma,sin_evento,garch_11,0.0002210034053161249,6.471799774892266e-05,6.471799774892266e-05,False,1.2446118718615715,1.186729005338039,5.627569150533497e-09,
Diesel,241,2021-09-27,calma,sin_evento,gjr_garch_11,0.0002210034053161249,5.2873801107093734e-05,5.2873801107093734e-05,False,1.3389356349214365,1.749558060649667,5.627569150533497e-09,
Diesel,245,2021-11-01,calma,sin_evento,ols_clip_legacy,0.0,0.0002621722852224082,0.0002621722852224082,False,2.074068412915817,9.771287451543904,5.5040857849097425e-09,
Diesel,245,2021-11-01,calma,sin_evento,ridge_cv_clip,0.0,0.00012867336116226757,0.00012867336116226757,False,1.0179464764704949,9.059584477396417,5.5040857849097425e-09,1.5
Diesel,245,2021-11-01,calma,sin_evento,ridge_log_cv,0.0,3.246633608754932e-05,3.246633608754932e-05,False,0.25684409053829127,7.682637864460837,5.5040857849097425e-09,15000.0
Diesel,245,2021-11-01,calma,sin_evento,nnls_base_no_negativa,0.0,2.0501232579509473e-05,2.0501232579509473e-05,False,0.16218708580477725,7.223018078565236,5.5040857849097425e-09,
Diesel,245,2021-11-01,calma,sin_evento,ngrc_softplus_cv,0.0,0.00024817720441029927,0.00024817720441029927,False,1.9633520760460552,9.716429795518442,5.5040857849097425e-09,0.001
Diesel,245,2021-11-01,calma,sin_evento,ssrc_recurrente_log_cv,0.0,3.406727265638951e-05,3.406727265638951e-05,False,0.26950924301883067,7.730763335044664,5.5040857849097425e-09,15000.0
Diesel,245,2021-11-01,calma,sin_evento,naive,0.0,0.0,5.5040857849097425e-09,False,4.354331526223631e-05,0.0,5.5040857849097425e-09,
Diesel,245,2021-11-01,calma,sin_evento,ewma_094,0.0,9.77478640372566e-05,9.77478640372566e-05,False,0.77329210087053,8.784712248910312,5.5040857849097425e-09,0.94
Diesel,245,2021-11-01,calma,sin_evento,garch_11,0.0,7.743112004660562e-05,7.743112004660562e-05,False,0.6125645208040127,8.551724443764146,5.5040857849097425e-09,
Diesel,245,2021-11-01,calma,sin_evento,gjr_garch_11,0.0,7.01982417481998e-05,7.01982417481998e-05,False,0.5553445732399075,8.453666264691849,5.5040857849097425e-09,
Diesel,249,2021-11-29,calma,sin_evento,ols_clip_legacy,0.0,1.4284471609809135e-05,1.4284471609809135e-05,False,0.11916370723397557,6.931471116363171,5.133648398014948e-09,
Diesel,249,2021-11-29,calma,sin_evento,ridge_cv_clip,0.0,4.085874839132979e-05,4.085874839132979e-05,False,0.3408512449216279,7.982185284960858,5.133648398014948e-09,1.5
Diesel,249,2021-11-29,calma,sin_evento,ridge_log_cv,0.0,1.2218777274565672e-05,1.2218777274565672e-05,False,0.10193130258340391,6.775332717449687,5.133648398014948e-09,15.0
Diesel,249,2021-11-29,calma,sin_evento,nnls_base_no_negativa,0.0,1.542002618158401e-05,1.542002618158401e-05,False,0.1286367137431041,7.00793867077029,5.133648398014948e-09,
Diesel,249,2021-11-29,calma,sin_evento,ngrc_softplus_cv,0.0,2.7236492031844028e-05,2.7236492031844028e-05,False,0.22721185992868076,7.576684861030293,5.133648398014948e-09,1e-07
Diesel,249,2021-11-29,calma,sin_evento,ssrc_recurrente_log_cv,0.0,1.981907399765719e-05,1.981907399765719e-05,False,0.16533438519934693,7.258842516728878,5.133648398014948e-09,15000.0
Diesel,249,2021-11-29,calma,sin_evento,naive,0.0,0.0,5.133648398014948e-09,False,4.2825845537271144e-05,0.0,5.133648398014948e-09,
Diesel,249,2021-11-29,calma,sin_evento,ewma_094,0.0,7.631137599559797e-05,7.631137599559797e-05,False,0.6366036291826669,8.606827979058199,5.133648398014948e-09,0.94
Diesel,249,2021-11-29,calma,sin_evento,garch_11,0.0,1.4980013675940912e-05,1.4980013675940912e-05,False,0.12496604794362602,6.978998274759957,5.133648398014948e-09,
Diesel,249,2021-11-29,calma,sin_evento,gjr_garch_11,0.0,1.4938854277847231e-05,1.4938854277847231e-05,False,0.12462268862321588,6.976247816462415,5.133648398014948e-09,
Diesel,253,2021-12-27,calma,sin_evento,ols_clip_legacy,0.0,2.3417567427748746e-05,2.3417567427748746e-05,False,0.20209897245046335,7.494773424688978,4.790682646557369e-09,
Diesel,253,2021-12-27,calma,sin_evento,ridge_cv_clip,0.0,2.3429340940969137e-05,2.3429340940969137e-05,False,0.20220058056716098,7.495275959686479,4.790682646557369e-09,0.00015
Diesel,253,2021-12-27,calma,sin_evento,ridge_log_cv,0.0,8.933817136196908e-06,8.933817136196908e-06,False,0.07710088884579375,6.531462358598189,4.790682646557369e-09,15.0
Diesel,253,2021-12-27,calma,sin_evento,nnls_base_no_negativa,0.0,2.857259997491032e-05,2.857259997491032e-05,False,0.246588084479048,7.693698245567267,4.790682646557369e-09,
Diesel,253,2021-12-27,calma,sin_evento,ngrc_softplus_cv,0.0,2.8386045257500878e-05,2.8386045257500878e-05,False,0.244978074523464,7.6871487919461075,4.790682646557369e-09,1e-07
Diesel,253,2021-12-27,calma,sin_evento,ssrc_recurrente_log_cv,0.0,7.502254037428241e-06,7.502254037428241e-06,False,0.06474617129659516,6.3569244422608495,4.790682646557369e-09,150.0
Diesel,253,2021-12-27,calma,sin_evento,naive,0.0,2.940456971516926e-06,2.940456971516926e-06,False,0.02537681739625087,5.421276595193668,4.790682646557369e-09,
Diesel,253,2021-12-27,calma,sin_evento,ewma_094,0.0,5.975728220500795e-05,5.975728220500795e-05,False,0.5157190373135815,8.43145359308612,4.790682646557369e-09,0.94
Diesel,253,2021-12-27,calma,sin_evento,garch_11,0.0,1.7084833896127766e-05,1.7084833896127766e-05,False,0.14744603108531357,7.179553931663186,4.790682646557369e-09,
Diesel,253,2021-12-27,calma,sin_evento,gjr_garch_11,0.0,1.7936565185367883e-05,1.7936565185367883e-05,False,0.15479666726434577,7.228190830138967,4.790682646557369e-09,
Diesel,257,2022-01-24,calma,sin_evento,ols_clip_legacy,0.0,5.3730590409079904e-06,5.3730590409079904e-06,False,0.04735362464477822,6.120400398969211,4.3473278869992175e-09,
Diesel,257,2022-01-24,calma,sin_evento,ridge_cv_clip,0.0,1.0554845863859039e-05,1.0554845863859039e-05,False,0.09302153678478994,6.7951908593405905,4.3473278869992175e-09,0.15
Diesel,257,2022-01-24,calma,sin_evento,ridge_log_cv,0.0,6.326576138241565e-06,6.326576138241565e-06,False,0.05575712261041424,6.283640250200286,4.3473278869992175e-09,1.5
Diesel,257,2022-01-24,calma,sin_evento,nnls_base_no_negativa,0.0,9.660492320722371e-06,9.660492320722371e-06,False,0.0851394566403171,6.706688524290702,4.3473278869992175e-09,
Diesel,257,2022-01-24,calma,sin_evento,ngrc_softplus_cv,0.0,1.784162996015064e-05,1.784162996015064e-05,False,0.1572411249814276,7.319972051972741,4.3473278869992175e-09,1e-07
Diesel,257,2022-01-24,calma,sin_evento,ssrc_recurrente_log_cv,0.0,4.171390428753046e-06,4.171390428753046e-06,False,0.03676312787670609,5.867485495037486,4.3473278869992175e-09,150.0
Diesel,257,2022-01-24,calma,sin_evento,naive,0.0,0.0,4.3473278869992175e-09,False,3.8313692703058275e-05,0.0,4.3473278869992175e-09,
Diesel,257,2022-01-24,calma,sin_evento,ewma_094,0.0,4.781732558967112e-05,4.781732558967112e-05,False,0.42142170228373066,8.305672850667433,4.3473278869992175e-09,0.94
Diesel,257,2022-01-24,calma,sin_evento,garch_11,0.0,1.1633575817896005e-05,1.1633575817896005e-05,False,0.10252855558872125,6.8924629737648795,4.3473278869992175e-09,
Diesel,257,2022-01-24,calma,sin_evento,gjr_garch_11,0.0,1.1555761023425166e-05,1.1555761023425166e-05,False,0.10184276141800244,6.88575420837716,4.3473278869992175e-09,
Diesel,261,2022-02-14,calma,sin_evento,ols_clip_legacy,0.006590441482986338,0.0007618555022328192,0.0007618555022328192,False,36.385500413844674,5.4928950208174125,4.3702710132778395e-09,
Diesel,261,2022-02-14,calma,sin_evento,ridge_cv_clip,0.006590441482986338,0.00030356724463779573,0.00030356724463779573,False,39.24640829809761,17.632216337823934,4.3702710132778395e-09,1500.0
Diesel,261,2022-02-14,calma,sin_evento,ridge_log_cv,0.006590441482986338,1.8862451061824244e-05,1.8862451061824244e-05,False,41.0237049561016,342.5385534354025,4.3702710132778395e-09,15000.0
Diesel,261,2022-02-14,calma,sin_evento,nnls_base_no_negativa,0.006590441482986338,0.0004858324173845512,0.0004858324173845512,False,38.10860068227015,9.957744883720192,4.3702710132778395e-09,
Diesel,261,2022-02-14,calma,sin_evento,ngrc_softplus_cv,0.006590441482986338,0.00030378549746038375,0.00030378549746038375,False,39.245045834166774,17.617337631922194,4.3702710132778395e-09,10.0
Diesel,261,2022-02-14,calma,sin_evento,ssrc_recurrente_log_cv,0.006590441482986338,2.0169775391582487e-05,2.0169775391582487e-05,False,41.01554386006586,319.95919201861557,4.3702710132778395e-09,15000.0
Diesel,261,2022-02-14,calma,sin_evento,naive,0.006590441482986338,0.0005877830241037379,0.0005877830241037379,False,37.472164357023885,7.795353508945887,4.3702710132778395e-09,
Diesel,261,2022-02-14,calma,sin_evento,ewma_094,0.006590441482986338,0.0003100563675244996,0.0003100563675244996,False,39.205899333443185,17.199002222894418,4.3702710132778395e-09,0.94
Diesel,261,2022-02-14,calma,sin_evento,garch_11,0.006590441482986338,0.00042037499601469574,0.00042037499601469574,False,38.51722483917659,11.925301237296067,4.3702710132778395e-09,
Diesel,261,2022-02-14,calma,sin_evento,gjr_garch_11,0.006590441482986338,0.00032949088512585536,0.00032949088512585536,False,39.08457751532777,16.006066237265507,4.3702710132778395e-09,
Diesel,265,2022-03-14,ucrania_2022,calendario_externo,ols_clip_legacy,0.0007479379966039411,0.0011190561554870102,0.0011190561554870102,False,1.4762500916109818,0.07128583452009729,5.1211905530421895e-09,
Diesel,265,2022-03-14,ucrania_2022,calendario_externo,ridge_cv_clip,0.0007479379966039411,0.00031416305304137463,0.00031416305304137463,False,1.7254889981671586,0.5133239282949682,5.1211905530421895e-09,1500.0
Diesel,265,2022-03-14,ucrania_2022,calendario_externo,ridge_log_cv,0.0007479379966039411,5.9132541372515484e-05,5.9132541372515484e-05,False,2.739960554471069,9.110962101753582,5.1211905530421895e-09,150.0
Diesel,265,2022-03-14,ucrania_2022,calendario_externo,nnls_base_no_negativa,0.0007479379966039411,0.0006612466346807484,0.0006612466346807484,False,0.3448447021998649,0.007909727412945156,5.1211905530421895e-09,
Diesel,265,2022-03-14,ucrania_2022,calendario_externo,ngrc_softplus_cv,0.0007479379966039411,0.00031464977888718274,0.00031464977888718274,False,1.7235528787473324,0.5111892976799766,5.1211905530421895e-09,10.0
Diesel,265,2022-03-14,ucrania_2022,calendario_externo,ssrc_recurrente_log_cv,0.0007479379966039411,2.8514314402504633e-05,2.8514314402504633e-05,False,2.8617550807898033,21.96335021042041,5.1211905530421895e-09,15000.0
Diesel,265,2022-03-14,ucrania_2022,calendario_externo,naive,0.0007479379966039411,0.001215835002267552,0.001215835002267552,False,1.861221233566865,0.10103034235913078,5.1211905530421895e-09,
Diesel,265,2022-03-14,ucrania_2022,calendario_externo,ewma_094,0.0007479379966039411,0.0006661933335587191,0.0006661933335587191,False,0.3251675064146889,0.006963951192526352,5.1211905530421895e-09,0.94
Diesel,265,2022-03-14,ucrania_2022,calendario_externo,garch_11,0.0007479379966039411,0.000817489797295774,0.000817489797295774,False,0.2766662037019263,0.003838622916320089,5.1211905530421895e-09,
Diesel,265,2022-03-14,ucrania_2022,calendario_externo,gjr_garch_11,0.0007479379966039411,0.0007904379134795523,0.0007904379134795523,False,0.1690580336190128,0.0014994717898775267,5.1211905530421895e-09,
Diesel,269,2022-04-11,ucrania_2022,calendario_externo,ols_clip_legacy,0.0001797885385855956,0.0013963896310461678,0.0013963896310461678,False,4.60735416527128,1.1786163909968432,5.584850481504675e-09,
Diesel,269,2022-04-11,ucrania_2022,calendario_externo,ridge_cv_clip,0.0001797885385855956,0.0005229351521048156,0.0005229351521048156,False,1.2995204335210226,0.4114826549986359,5.584850481504675e-09,1500.0
Diesel,269,2022-04-11,ucrania_2022,calendario_externo,ridge_log_cv,0.0001797885385855956,0.0008407525046542364,0.0008407525046542364,False,2.5031171688342617,0.7563583612005187,5.584850481504675e-09,150.0
Diesel,269,2022-04-11,ucrania_2022,calendario_externo,nnls_base_no_negativa,0.0001797885385855956,0.000928211280314517,0.000928211280314517,False,2.8343297222546666,0.8351715555664248,5.584850481504675e-09,
Diesel,269,2022-04-11,ucrania_2022,calendario_externo,ngrc_softplus_cv,0.0001797885385855956,0.0005232477714356994,0.0005232477714356994,False,1.300704344981581,0.4118748825236307,5.584850481504675e-09,10.0
Diesel,269,2022-04-11,ucrania_2022,calendario_externo,ssrc_recurrente_log_cv,0.0001797885385855956,0.0005156472716948131,0.0005156472716948131,False,1.2719207162668544,0.40230731707332157,5.584850481504675e-09,1500.0
Diesel,269,2022-04-11,ucrania_2022,calendario_externo,naive,0.0001797885385855956,0.0014256477202425192,0.0014256477202425192,False,4.718156613141889,1.1967102286587146,5.584850481504675e-09,
Diesel,269,2022-04-11,ucrania_2022,calendario_externo,ewma_094,0.0001797885385855956,0.0007890876568661956,0.0007890876568661956,False,2.307458745436906,0.706939595788092,5.584850481504675e-09,0.94
Diesel,269,2022-04-11,ucrania_2022,calendario_externo,garch_11,0.0001797885385855956,0.0011258490968830308,0.0011258490968830308,False,3.5827980764465925,0.9942029147766343,5.584850481504675e-09,
Diesel,269,2022-04-11,ucrania_2022,calendario_externo,gjr_garch_11,0.0001797885385855956,0.0011210654870243881,0.0011210654870243881,False,3.564682208440363,0.9906263787958394,5.584850481504675e-09,
Diesel,273,2022-05-09,ucrania_2022,calendario_externo,ols_clip_legacy,0.0007893692882409519,0.0004744349611712029,0.0004744349611712029,False,1.15867366149305,0.1546995571055234,5.875001481611293e-09,
Diesel,273,2022-05-09,ucrania_2022,calendario_externo,ridge_cv_clip,0.0007893692882409519,0.00032218689695094784,0.00032218689695094784,False,1.7188089241893993,0.5539328995557029,5.875001481611293e-09,1500.0
Diesel,273,2022-05-09,ucrania_2022,calendario_externo,ridge_log_cv,0.0007893692882409519,3.818051157196735e-05,3.818051157196735e-05,False,2.7636957153380495,16.645756011264954,5.875001481611293e-09,150.0
Diesel,273,2022-05-09,ucrania_2022,calendario_externo,nnls_base_no_negativa,0.0007893692882409519,0.000358197541933033,0.000358197541933033,False,1.586322299875251,0.413576515072017,5.875001481611293e-09,
Diesel,273,2022-05-09,ucrania_2022,calendario_externo,ngrc_softplus_cv,0.0007893692882409519,0.0003229251208069311,0.0003229251208069311,False,1.7160929276634818,0.5506206592741258,5.875001481611293e-09,10.0
Diesel,273,2022-05-09,ucrania_2022,calendario_externo,ssrc_recurrente_log_cv,0.0007893692882409519,8.41829263131049e-05,8.41829263131049e-05,False,2.5944484096487246,6.138591423386464,5.875001481611293e-09,1500.0
Diesel,273,2022-05-09,ucrania_2022,calendario_externo,naive,0.0007893692882409519,0.00032405742926004227,0.00032405742926004227,False,1.7119270560244233,0.5455796932905046,5.875001481611293e-09,
Diesel,273,2022-05-09,ucrania_2022,calendario_externo,ewma_094,0.0007893692882409519,0.000683378153370835,0.000683378153370835,False,0.3899515732959883,0.010912919214624228,5.875001481611293e-09,0.94
Diesel,273,2022-05-09,ucrania_2022,calendario_externo,garch_11,0.0007893692882409519,0.0002799460705254553,0.0002799460705254553,False,1.8742169848930468,0.7830818442571306,5.875001481611293e-09,
Diesel,273,2022-05-09,ucrania_2022,calendario_externo,gjr_garch_11,0.0007893692882409519,0.00027706854178572587,0.00027706854178572587,False,1.884803689721115,0.8020343165972705,5.875001481611293e-09,
Diesel,277,2022-06-06,ucrania_2022,calendario_externo,ols_clip_legacy,0.00018379368694096412,0.000554905450342896,0.000554905450342896,False,1.3365384489946632,0.4362000997973239,6.077803225828268e-09,
Diesel,277,2022-06-06,ucrania_2022,calendario_externo,ridge_cv_clip,0.00018379368694096412,0.000278747456291915,0.000278747456291915,False,0.3419707380093687,0.0758479018824374,6.077803225828268e-09,1500.0
Diesel,277,2022-06-06,ucrania_2022,calendario_externo,ridge_log_cv,0.00018379368694096412,1.4114537117214623e-05,1.4114537117214623e-05,False,0.6110900545250318,9.454979390707967,6.077803225828268e-09,150.0
Diesel,277,2022-06-06,ucrania_2022,calendario_externo,nnls_base_no_negativa,0.00018379368694096412,0.0003333673573308854,0.0003333673573308854,False,0.5386812845834564,0.14675598120700384,6.077803225828268e-09,
Diesel,277,2022-06-06,ucrania_2022,calendario_externo,ngrc_softplus_cv,0.00018379368694096412,0.00027994532151953444,0.00027994532151953444,False,0.3462847832413254,0.07731467490096922,6.077803225828268e-09,10.0
Diesel,277,2022-06-06,ucrania_2022,calendario_externo,ssrc_recurrente_log_cv,0.00018379368694096412,2.299607711308042e-05,2.299607711308042e-05,False,0.5791036804420788,4.913902831149068,6.077803225828268e-09,1500.0
Diesel,277,2022-06-06,ucrania_2022,calendario_externo,naive,0.00018379368694096412,7.379901494210601e-05,7.379901494210601e-05,False,0.3961397153337049,0.5779941261668786,6.077803225828268e-09,
Diesel,277,2022-06-06,ucrania_2022,calendario_externo,ewma_094,0.00018379368694096412,0.0006061596163871577,0.0006061596163871577,False,1.521127487513284,0.496539531796204,6.077803225828268e-09,0.94
Diesel,277,2022-06-06,ucrania_2022,calendario_externo,garch_11,0.00018379368694096412,0.0001835681422930118,0.0001835681422930118,False,0.0008122865499867408,7.541971311919582e-07,6.077803225828268e-09,
Diesel,277,2022-06-06,ucrania_2022,calendario_externo,gjr_garch_11,0.00018379368694096412,0.00018684908488941028,0.00018684908488941028,False,0.011003846382133968,0.00013517321660438952,6.077803225828268e-09,
Diesel,281,2022-07-04,calma,sin_evento,ols_clip_legacy,0.0,-1.7185334756730764e-05,6.7002381518880516e-09,True,2.3804113968882377e-05,0.0,6.7002381518880516e-09,
Diesel,281,2022-07-04,calma,sin_evento,ridge_cv_clip,0.0,0.0002694917139117488,0.0002694917139117488,False,0.9574303668321155,9.60217471438386,6.7002381518880516e-09,1500.0
Diesel,281,2022-07-04,calma,sin_evento,ridge_log_cv,0.0,1.4053803553460024e-05,1.4053803553460024e-05,False,0.04992932100310157,6.648982039063073,6.7002381518880516e-09,150.0
Diesel,281,2022-07-04,calma,sin_evento,nnls_base_no_negativa,0.0,5.2420604290504507e-05,5.2420604290504507e-05,False,0.1862360725935138,7.965039750730629,6.7002381518880516e-09,
Diesel,281,2022-07-04,calma,sin_evento,ngrc_softplus_cv,0.0,0.00027138352642542494,0.00027138352642542494,False,0.9641514593757612,9.609169944396605,6.7002381518880516e-09,10.0
Diesel,281,2022-07-04,calma,sin_evento,ssrc_recurrente_log_cv,0.0,1.0578452011606055e-05,1.0578452011606055e-05,False,0.03758234731218713,6.36506469668511,6.7002381518880516e-09,1500.0
Diesel,281,2022-07-04,calma,sin_evento,naive,0.0,0.0,6.7002381518880516e-09,False,2.3804113968882377e-05,0.0,6.7002381518880516e-09,
Diesel,281,2022-07-04,calma,sin_evento,ewma_094,0.0,0.0004943930492824034,0.0004943930492824034,False,1.756443311977703,10.208956607761015,6.7002381518880516e-09,0.94
Diesel,281,2022-07-04,calma,sin_evento,garch_11,0.0,0.00010832142884028575,0.00010832142884028575,False,0.38483641609959096,8.690777063303704,6.7002381518880516e-09,
Diesel,281,2022-07-04,calma,sin_evento,gjr_garch_11,0.0,0.0001078581829771108,0.0001078581829771108,False,0.38319063022263333,8.68649157261688,6.7002381518880516e-09,
Diesel,285,2022-08-01,calma,sin_evento,ols_clip_legacy,0.0011604199342024214,0.0002640190187054256,0.0002640190187054256,False,3.1777539226815232,1.914697330470256,7.057914148683597e-09,
Diesel,285,2022-08-01,calma,sin_evento,ridge_cv_clip,0.0011604199342024214,0.00028086932073867417,0.00028086932073867417,False,3.1180193636702396,1.7128819573327392,7.057914148683597e-09,1500.0
Diesel,285,2022-08-01,calma,sin_evento,ridge_log_cv,0.0011604199342024214,1.19181407347688e-05,1.19181407347688e-05,False,4.071455100394561,91.78737705300544,7.057914148683597e-09,150.0
Diesel,285,2022-08-01,calma,sin_evento,nnls_base_no_negativa,0.0011604199342024214,0.0003365151671560306,0.0003365151671560306,False,2.9207540511558627,1.2104496238999993,7.057914148683597e-09,
Diesel,285,2022-08-01,calma,sin_evento,ngrc_softplus_cv,0.0011604199342024214,0.0002829085762675885,0.0002829085762675885,False,3.1107901739803063,1.6903354367428758,7.057914148683597e-09,10.0
Diesel,285,2022-08-01,calma,sin_evento,ssrc_recurrente_log_cv,0.0011604199342024214,1.3517865844146341e-05,1.3517865844146341e-05,False,4.065784052257893,80.39090230213637,7.057914148683597e-09,1500.0
Diesel,285,2022-08-01,calma,sin_evento,naive,0.0011604199342024214,0.0002838537723975907,0.0002838537723975907,False,3.107439440332123,1.680012572913741,7.057914148683597e-09,
Diesel,285,2022-08-01,calma,sin_evento,ewma_094,0.0011604199342024214,0.00040303385097398444,0.00040303385097398444,False,2.6849443762885428,0.8216954095784859,7.057914148683597e-09,0.94
Diesel,285,2022-08-01,calma,sin_evento,garch_11,0.0011604199342024214,0.00029970531271495136,0.00029970531271495136,False,3.0512455057285326,1.5181322200658531,7.057914148683597e-09,
Diesel,285,2022-08-01,calma,sin_evento,gjr_garch_11,0.0011604199342024214,0.0003156682471408514,0.0003156682471408514,False,2.994656677434791,1.3742288917378271,7.057914148683597e-09,
Diesel,289,2022-08-29,calma,sin_evento,ols_clip_legacy,0.00010270445989984775,1.1669715789900015e-05,1.1669715789900015e-05,False,0.3098490031646036,5.626080814030387,7.317715043115612e-09,
Diesel,289,2022-08-29,calma,sin_evento,ridge_cv_clip,0.00010270445989984775,0.00034834772363924574,0.00034834772363924574,False,0.8360799071597015,0.5161788035978738,7.317715043115612e-09,1500.0
Diesel,289,2022-08-29,calma,sin_evento,ridge_log_cv,0.00010270445989984775,2.7105230839996307e-05,2.7105230839996307e-05,False,0.25731215035785254,1.4569722833262881,7.317715043115612e-09,150.0
Diesel,289,2022-08-29,calma,sin_evento,nnls_base_no_negativa,0.00010270445989984775,0.0004697652265991438,0.0004697652265991438,False,1.249340719025363,0.7390068462622783,7.317715043115612e-09,
Diesel,289,2022-08-29,calma,sin_evento,ngrc_softplus_cv,0.00010270445989984775,9.65172856565276e-13,7.317715043115612e-09,False,0.34954354455463466,14024.495683553105,7.317715043115612e-09,2.1544346900318822e-06
Diesel,289,2022-08-29,calma,sin_evento,ssrc_recurrente_log_cv,0.00010270445989984775,9.62861214615902e-05,9.62861214615902e-05,False,0.021845678663799824,0.0021276676004977624,7.317715043115612e-09,1500.0
Diesel,289,2022-08-29,calma,sin_evento,naive,0.00010270445989984775,0.00011186163698495482,0.00011186163698495482,False,0.03116768459518445,0.0035455407870224054,7.317715043115612e-09,
Diesel,289,2022-08-29,calma,sin_evento,ewma_094,0.00010270445989984775,0.0004349455390966113,0.0004349455390966113,False,1.1308272265270216,0.6794970530653521,7.317715043115612e-09,0.94
Diesel,289,2022-08-29,calma,sin_evento,garch_11,0.00010270445989984775,0.0003061844657250803,0.0003061844657250803,False,0.6925715844571316,0.42776548791925895,7.317715043115612e-09,
Diesel,289,2022-08-29,calma,sin_evento,gjr_garch_11,0.00010270445989984775,0.0003275358735430147,0.0003275358735430147,False,0.7652439744685513,0.47330910104898005,7.317715043115612e-09,
Diesel,293,2022-09-26,calma,sin_evento,ols_clip_legacy,0.00018760922392239464,0.00013652428282621515,0.00013652428282621515,False,0.17330957542786093,0.05632337873466664,7.677392025233767e-09,
Diesel,293,2022-09-26,calma,sin_evento,ridge_cv_clip,0.00018760922392239464,0.00020624738927316498,0.00020624738927316498,False,0.06323140350920073,0.004347157480666164,7.677392025233767e-09,150.0
Diesel,293,2022-09-26,calma,sin_evento,ridge_log_cv,0.00018760922392239464,1.4121949272252715e-05,1.4121949272252715e-05,False,0.588568867196001,9.698307310443731,7.677392025233767e-09,150.0
Diesel,293,2022-09-26,calma,sin_evento,nnls_base_no_negativa,0.00018760922392239464,3.588263927018668e-05,3.588263927018668e-05,False,0.5147440596571452,2.5743044498352914,7.677392025233767e-09,
Diesel,293,2022-09-26,calma,sin_evento,ngrc_softplus_cv,0.00018760922392239464,0.00018112639055763754,0.00018112639055763754,False,0.02199350873088605,0.0006256404307320995,7.677392025233767e-09,0.46415888336127725
Diesel,293,2022-09-26,calma,sin_evento,ssrc_recurrente_log_cv,0.00018760922392239464,1.5035024150264985e-05,1.5035024150264985e-05,False,0.5854711907370183,8.954167050500656,7.677392025233767e-09,1500.0
Diesel,293,2022-09-26,calma,sin_evento,naive,0.00018760922392239464,1.145808382362994e-05,1.145808382362994e-05,False,0.5976062347644308,12.577859461457088,7.677392025233767e-09,
Diesel,293,2022-09-26,calma,sin_evento,ewma_094,0.00018760922392239464,0.0003536734636228468,0.0003536734636228468,False,0.5633856525751836,0.1644717294205078,7.677392025233767e-09,0.94
Diesel,293,2022-09-26,calma,sin_evento,garch_11,0.00018760922392239464,9.754607368476619e-05,9.754607368476619e-05,False,0.30554613540596565,0.269251930968168,7.677392025233767e-09,
Diesel,293,2022-09-26,calma,sin_evento,gjr_garch_11,0.00018760922392239464,9.677245548380675e-05,9.677245548380675e-05,False,0.3081706944066136,0.27666466520512234,7.677392025233767e-09,
Diesel,297,2022-10-24,calma,sin_evento,ols_clip_legacy,0.00025334578342216995,-0.00029032300369185736,9.118880714475535e-09,True,0.8154228332940001,27771.32047149678,9.118880714475535e-09,
Diesel,297,2022-10-24,calma,sin_evento,ridge_cv_clip,0.00025334578342216995,0.00028434969860019336,0.00028434969860019336,False,0.09979329444251735,0.006415067620537673,9.118880714475535e-09,1500.0
Diesel,297,2022-10-24,calma,sin_evento,ridge_log_cv,0.00025334578342216995,2.4107689999206366e-05,2.4107689999206366e-05,False,0.7378559908657814,7.156695498435035,9.118880714475535e-09,150.0
Diesel,297,2022-10-24,calma,sin_evento,nnls_base_no_negativa,0.00025334578342216995,0.0007698484194524232,0.0007698484194524232,False,1.6624835715664434,0.4405236300955473,9.118880714475535e-09,
Diesel,297,2022-10-24,calma,sin_evento,ngrc_softplus_cv,0.00025334578342216995,0.00028849688800780256,0.00028849688800780256,False,0.11314198577024334,0.008086779200537464,9.118880714475535e-09,10.0
Diesel,297,2022-10-24,calma,sin_evento,ssrc_recurrente_log_cv,0.00025334578342216995,2.7765210462735502e-05,2.7765210462735502e-05,False,0.7260834126462016,5.9136049008494425,9.118880714475535e-09,1500.0
Diesel,297,2022-10-24,calma,sin_evento,naive,0.00025334578342216995,0.0007692363878016947,0.0007692363878016947,False,1.6605136056966945,0.4399901429886486,9.118880714475535e-09,
Diesel,297,2022-10-24,calma,sin_evento,ewma_094,0.00025334578342216995,0.00037699194990695856,0.00037699194990695856,False,0.3979838748704666,0.06948762590356061,9.118880714475535e-09,0.94
Diesel,297,2022-10-24,calma,sin_evento,garch_11,0.00025334578342216995,0.0005425584009007313,0.0005425584009007313,False,0.930897911660756,0.22848701089379264,9.118880714475535e-09,
Diesel,297,2022-10-24,calma,sin_evento,gjr_garch_11,0.00025334578342216995,0.000508244248561325,0.000508244248561325,False,0.8204498508823211,0.1946793521815149,9.118880714475535e-09,
Diesel,301,2022-11-21,calma,sin_evento,ols_clip_legacy,0.0011774637888932802,0.0002648714709512755,0.0002648714709512755,False,2.8793099469761714,1.953542295414434,1.0234452420783486e-08,
Diesel,301,2022-11-21,calma,sin_evento,ridge_cv_clip,0.0011774637888932802,0.00032446162180282896,0.00032446162180282896,False,2.6912977199221273,1.3400262676481147,1.0234452420783486e-08,1500.0
Diesel,301,2022-11-21,calma,sin_evento,ridge_log_cv,0.0011774637888932802,3.165059657236783e-05,3.165059657236783e-05,False,3.6151425528828356,32.5855850617057,1.0234452420783486e-08,15000.0
Diesel,301,2022-11-21,calma,sin_evento,nnls_base_no_negativa,0.0011774637888932802,0.00014691363944996087,0.00014691363944996087,False,3.2514773988471153,4.933393112205225,1.0234452420783486e-08,
Diesel,301,2022-11-21,calma,sin_evento,ngrc_softplus_cv,0.0011774637888932802,0.000328549489243419,0.000328549489243419,False,2.6784001344919166,1.307394149009248,1.0234452420783486e-08,10.0
Diesel,301,2022-11-21,calma,sin_evento,ssrc_recurrente_log_cv,0.0011774637888932802,3.4866680280517784e-05,3.4866680280517784e-05,False,3.6049955226820263,29.25087235148636,1.0234452420783486e-08,15000.0
Diesel,301,2022-11-21,calma,sin_evento,naive,0.0011774637888932802,8.360227119755366e-07,8.360227119755366e-07,False,3.7123652746652676,1400.1610277530808,1.0234452420783486e-08,
Diesel,301,2022-11-21,calma,sin_evento,ewma_094,0.0011774637888932802,0.0003443329568419773,0.0003443329568419773,False,2.6286018901271277,1.1900410906234677,1.0234452420783486e-08,0.94
Diesel,301,2022-11-21,calma,sin_evento,garch_11,0.0011774637888932802,0.00014827201705681475,0.00014827201705681475,False,3.2471915966567306,4.8691712504280495,1.0234452420783486e-08,
Diesel,301,2022-11-21,calma,sin_evento,gjr_garch_11,0.0011774637888932802,0.0001434645029794889,0.0001434645029794889,False,3.2623597312453367,5.10232235640495,1.0234452420783486e-08,
Diesel,305,2022-12-19,calma,sin_evento,ols_clip_legacy,0.001078706959204021,0.001854343901621423,0.001854343901621423,False,2.2661734027525364,0.1234868125958326,1.0942394356917935e-08,
Diesel,305,2022-12-19,calma,sin_evento,ridge_cv_clip,0.001078706959204021,0.0010157407524520599,0.0010157407524520599,False,0.18396795615328326,0.0018455185627546111,1.0942394356917935e-08,150.0
Diesel,305,2022-12-19,calma,sin_evento,ridge_log_cv,0.001078706959204021,8.336406411814094e-05,8.336406411814094e-05,False,2.908086853666761,9.379410728284055,1.0942394356917935e-08,1500.0
Diesel,305,2022-12-19,calma,sin_evento,nnls_base_no_negativa,0.001078706959204021,0.0010637700883765482,0.0010637700883765482,False,0.043640958209225145,9.766790654608393e-05,1.0942394356917935e-08,
Diesel,305,2022-12-19,calma,sin_evento,ngrc_softplus_cv,0.001078706959204021,0.0005612820120200483,0.0005612820120200483,False,1.5117570980753312,0.26856782469337315,1.0942394356917935e-08,10.0
Diesel,305,2022-12-19,calma,sin_evento,ssrc_recurrente_log_cv,0.001078706959204021,0.000518991970391958,0.000518991970391958,False,1.635315637254996,0.34683567289098005,1.0942394356917935e-08,1500.0
Diesel,305,2022-12-19,calma,sin_evento,naive,0.001078706959204021,0.0027353009504669915,0.0027353009504669915,False,4.840059874481276,0.3248434026562492,1.0942394356917935e-08,
Diesel,305,2022-12-19,calma,sin_evento,ewma_094,0.001078706959204021,0.0005576346802176992,0.0005576346802176992,False,1.5224134836463128,0.2746187673008569,1.0942394356917935e-08,0.94
Diesel,305,2022-12-19,calma,sin_evento,garch_11,0.001078706959204021,0.0018173933966554362,0.0018173933966554362,False,2.158215353060864,0.11518641911537397,1.0942394356917935e-08,
Diesel,305,2022-12-19,calma,sin_evento,gjr_garch_11,0.001078706959204021,0.0020058481894978885,0.0020058481894978885,False,2.7088224938576464,0.15808490173725875,1.0942394356917935e-08,
Diesel,309,2023-01-16,calma,sin_evento,ols_clip_legacy,0.0004471970088567906,6.299080574736529e-05,6.299080574736529e-05,False,1.0881598102314336,4.139390852261376,1.0627409098111558e-08,
Diesel,309,2023-01-16,calma,sin_evento,ridge_cv_clip,0.0004471970088567906,0.00033579242875109746,0.00033579242875109746,False,0.3155232418571789,0.04526017031987761,1.0627409098111558e-08,1500.0
Diesel,309,2023-01-16,calma,sin_evento,ridge_log_cv,0.0004471970088567906,2.827502830539404e-05,2.827502830539404e-05,False,1.1864828291925125,12.054950123354118,1.0627409098111558e-08,1500.0
Diesel,309,2023-01-16,calma,sin_evento,nnls_base_no_negativa,0.0004471970088567906,0.00023055977559350768,0.00023055977559350768,False,0.6135661754781639,0.277125100424378,1.0627409098111558e-08,
Diesel,309,2023-01-16,calma,sin_evento,ngrc_softplus_cv,0.0004471970088567906,0.00034025347002995533,0.00034025347002995533,False,0.30288855300481277,0.04099711203255163,1.0627409098111558e-08,10.0
Diesel,309,2023-01-16,calma,sin_evento,ssrc_recurrente_log_cv,0.0004471970088567906,3.208656019337507e-05,3.208656019337507e-05,False,1.1756876994357572,10.302644323194812,1.0627409098111558e-08,1500.0
Diesel,309,2023-01-16,calma,sin_evento,naive,0.0004471970088567906,9.984020840881702e-07,9.984020840881702e-07,False,1.2637364710455472,440.808137317191,1.0627409098111558e-08,
Diesel,309,2023-01-16,calma,sin_evento,ewma_094,0.0004471970088567906,0.0005201155798144118,0.0005201155798144118,False,0.20652206469710135,0.010854962861409412,1.0627409098111558e-08,0.94
Diesel,309,2023-01-16,calma,sin_evento,garch_11,0.0004471970088567906,0.00019602115613874774,0.00019602115613874774,False,0.7113874425149253,0.45659450177718464,1.0627409098111558e-08,
Diesel,309,2023-01-16,calma,sin_evento,gjr_garch_11,0.0004471970088567906,0.00020438890871990765,0.00020438890871990765,False,0.6876880540430915,0.4049963798848053,1.0627409098111558e-08,
Diesel,313,2023-02-13,calma,sin_evento,ols_clip_legacy,0.00019099713480994136,-6.31664787300264e-05,1.0627409098111558e-08,True,0.5543663959335897,17961.329370510997,1.0627409098111558e-08,
Diesel,313,2023-02-13,calma,sin_evento,ridge_cv_clip,0.00019099713480994136,0.00031485672507735257,0.00031485672507735257,False,0.35952065720666043,0.10647529175237214,1.0627409098111558e-08,1500.0
Diesel,313,2023-02-13,calma,sin_evento,ridge_log_cv,0.00019099713480994136,2.7303623678907204e-05,2.7303623678907204e-05,False,0.4751444645928203,4.050064521206529,1.0627409098111558e-08,1500.0
Diesel,313,2023-02-13,calma,sin_evento,nnls_base_no_negativa,0.00019099713480994136,0.00033732594754691097,0.00033732594754691097,False,0.424740876422126,0.13500067626980772,1.0627409098111558e-08,
Diesel,313,2023-02-13,calma,sin_evento,ngrc_softplus_cv,0.00019099713480994136,0.0003202850120129327,0.0003202850120129327,False,0.37527705751746937,0.11328774810303788,1.0627409098111558e-08,10.0
Diesel,313,2023-02-13,calma,sin_evento,ssrc_recurrente_log_cv,0.00019099713480994136,3.309025495688164e-05,3.309025495688164e-05,False,0.4583479171831412,3.018985936254933,1.0627409098111558e-08,1500.0
Diesel,313,2023-02-13,calma,sin_evento,naive,0.00019099713480994136,0.0003107588846538728,0.0003107588846538728,False,0.34762607335573115,0.10137409651201024,1.0627409098111558e-08,
Diesel,313,2023-02-13,calma,sin_evento,ewma_094,0.00019099713480994136,0.00047385851618409494,0.00047385851618409494,False,0.8210467151591768,0.31171821427518687,1.0627409098111558e-08,0.94
Diesel,313,2023-02-13,calma,sin_evento,garch_11,0.00019099713480994136,0.0003503016991944175,0.0003503016991944175,False,0.4624049018721551,0.1517724611236284,1.0627409098111558e-08,
Diesel,313,2023-02-13,calma,sin_evento,gjr_garch_11,0.00019099713480994136,0.0003503628776521552,0.0003503628776521552,False,0.46258248133358615,0.151851884764997,1.0627409098111558e-08,
Diesel,317,2023-03-13,calma,sin_evento,ols_clip_legacy,1.0687557357871952e-05,0.0003761194034451962,0.0003761194034451962,False,1.0833172990326445,2.589241785300753,1.0627409098111558e-08,
Diesel,317,2023-03-13,calma,sin_evento,ridge_cv_clip,1.0687557357871952e-05,0.00038246283048322735,0.00038246283048322735,False,1.102122294598927,2.605495314164491,1.0627409098111558e-08,1500.0
Diesel,317,2023-03-13,calma,sin_evento,ridge_log_cv,1.0687557357871952e-05,4.431534725976837e-05,4.431534725976837e-05,False,0.09968908544509936,0.6634214207356646,1.0627409098111558e-08,1500.0
Diesel,317,2023-03-13,calma,sin_evento,nnls_base_no_negativa,1.0687557357871952e-05,0.0005857918233824822,0.0005857918233824822,False,1.7048880846116903,3.0221289090909513,1.0627409098111558e-08,
Diesel,317,2023-03-13,calma,sin_evento,ngrc_softplus_cv,1.0687557357871952e-05,0.00038330807292334413,0.00038330807292334413,False,1.1046280033023668,2.607641254501313,1.0627409098111558e-08,10.0
Diesel,317,2023-03-13,calma,sin_evento,ssrc_recurrente_log_cv,1.0687557357871952e-05,0.0001668691297532601,0.0001668691297532601,False,0.4629979597498253,1.812177190531027,1.0627409098111558e-08,1500.0
Diesel,317,2023-03-13,calma,sin_evento,naive,1.0687557357871952e-05,0.0004918642821535633,0.0004918642821535633,False,1.4264412788437697,2.850851299485656,1.0627409098111558e-08,
Diesel,317,2023-03-13,calma,sin_evento,ewma_094,1.0687557357871952e-05,0.00047921329890755445,0.00047921329890755445,False,1.3889376262559805,2.825367894742483,1.0627409098111558e-08,0.94
Diesel,317,2023-03-13,calma,sin_evento,garch_11,1.0687557357871952e-05,0.0006574872426417896,0.0006574872426417896,False,1.9174280938544699,3.1356003154545755,1.0627409098111558e-08,
Diesel,317,2023-03-13,calma,sin_evento,gjr_garch_11,1.0687557357871952e-05,0.0006575708464947523,0.0006575708464947523,False,1.9176759362391718,3.135725397299275,1.0627409098111558e-08,
Diesel,321,2023-04-10,calma,sin_evento,ols_clip_legacy,0.00015661135688364736,9.307632834837082e-05,9.307632834837082e-05,False,0.19705049475396158,0.1622646951724751,9.489248718902524e-09,
Diesel,321,2023-04-10,calma,sin_evento,ridge_cv_clip,0.00015661135688364736,0.0002878387002638223,0.0002878387002638223,False,0.4069945907705718,0.15272711581782072,9.489248718902524e-09,1500.0
Diesel,321,2023-04-10,calma,sin_evento,ridge_log_cv,0.00015661135688364736,2.65401942827521e-05,2.65401942827521e-05,False,0.40340875788697456,3.1258052712163042,9.489248718902524e-09,1500.0
Diesel,321,2023-04-10,calma,sin_evento,nnls_base_no_negativa,0.00015661135688364736,0.00020474324447679364,0.00020474324447679364,False,0.14927847649278242,0.03290529519738916,9.489248718902524e-09,
Diesel,321,2023-04-10,calma,sin_evento,ngrc_softplus_cv,0.00015661135688364736,0.0002917071196347612,0.0002917071196347612,False,0.4189922866642012,0.15886174215185567,9.489248718902524e-09,10.0
Diesel,321,2023-04-10,calma,sin_evento,ssrc_recurrente_log_cv,0.00015661135688364736,2.456980200874761e-05,2.456980200874761e-05,False,0.409519824198,3.5218907893938596,9.489248718902524e-09,1500.0
Diesel,321,2023-04-10,calma,sin_evento,naive,0.00015661135688364736,4.9066051754495737e-05,4.9066051754495737e-05,False,0.3335460150521336,1.0312476288193588,9.489248718902524e-09,
Diesel,321,2023-04-10,calma,sin_evento,ewma_094,0.00015661135688364736,0.00038521703214045537,0.00038521703214045537,False,0.7090082817528937,0.3065931556094612,9.489248718902524e-09,0.94
Diesel,321,2023-04-10,calma,sin_evento,garch_11,0.00015661135688364736,0.00019797114679092037,0.00019797114679092037,False,0.12827517752074272,0.025435722193617227,9.489248718902524e-09,
Diesel,321,2023-04-10,calma,sin_evento,gjr_garch_11,0.00015661135688364736,0.00019800210980400103,0.00019800210980400103,False,0.1283712076506927,0.025468404473640183,9.489248718902524e-09,
Diesel,325,2023-05-08,calma,sin_evento,ols_clip_legacy,0.0005119789083445465,0.0002518780805514111,0.0002518780805514111,False,0.8179861556965253,0.3233074771739588,8.781645223348046e-09,
Diesel,325,2023-05-08,calma,sin_evento,ridge_cv_clip,0.0005119789083445465,0.00028480646375877,0.00028480646375877,False,0.7144303084444298,0.21116439792139063,8.781645223348046e-09,1500.0
Diesel,325,2023-05-08,calma,sin_evento,ridge_log_cv,0.0005119789083445465,2.0935119446022333e-05,2.0935119446022333e-05,False,1.544274289965796,20.258649200513823,8.781645223348046e-09,150.0
Diesel,325,2023-05-08,calma,sin_evento,nnls_base_no_negativa,0.0005119789083445465,0.0002367183121680674,0.0002367183121680674,False,0.8656618234994877,0.39140663912641327,8.781645223348046e-09,
Diesel,325,2023-05-08,calma,sin_evento,ngrc_softplus_cv,0.0005119789083445465,0.0002878503332643458,0.0002878503332643458,False,0.704857701019712,0.2027860932261767,8.781645223348046e-09,10.0
Diesel,325,2023-05-08,calma,sin_evento,ssrc_recurrente_log_cv,0.0005119789083445465,6.46912316341416e-05,6.46912316341416e-05,False,1.4066665233905518,4.845535483335833,8.781645223348046e-09,15.0
Diesel,325,2023-05-08,calma,sin_evento,naive,0.0005119789083445465,0.0003290437657902888,0.0003290437657902888,False,0.575309257065357,0.11386724950861371,8.781645223348046e-09,
Diesel,325,2023-05-08,calma,sin_evento,ewma_094,0.0005119789083445465,0.0003334649160731385,0.0003334649160731385,False,0.5614052654698319,0.10658488708040759,8.781645223348046e-09,0.94
Diesel,325,2023-05-08,calma,sin_evento,garch_11,0.0005119789083445465,0.000329051232868585,0.000329051232868585,False,0.5752857739925747,0.11385463350526703,8.781645223348046e-09,
Diesel,325,2023-05-08,calma,sin_evento,gjr_garch_11,0.0005119789083445465,0.00032905405174415536,0.00032905405174415536,False,0.5752769089643057,0.11384987115636003,8.781645223348046e-09,
Diesel,329,2023-06-05,calma,sin_evento,ols_clip_legacy,3.2625394771360636e-06,5.494455795195484e-05,5.494455795195484e-05,False,0.16095093979079514,1.8831975223178774,8.590278688475495e-09,
Diesel,329,2023-06-05,calma,sin_evento,ridge_cv_clip,3.2625394771360636e-06,0.00028761733791503026,0.00028761733791503026,False,0.8855531071198488,3.490468369828011,8.590278688475495e-09,1500.0
Diesel,329,2023-06-05,calma,sin_evento,ridge_log_cv,3.2625394771360636e-06,2.287178541638397e-05,2.287178541638397e-05,False,0.06106817526967441,1.0900429224025174,8.590278688475495e-09,150.0
Diesel,329,2023-06-05,calma,sin_evento,nnls_base_no_negativa,3.2625394771360636e-06,0.0002606522595150023,0.0002606522595150023,False,0.8015770001856433,3.393198135011403,8.590278688475495e-09,
Diesel,329,2023-06-05,calma,sin_evento,ngrc_softplus_cv,3.2625394771360636e-06,0.00029033964558854874,0.00029033964558854874,False,0.894031065051503,3.499782531983847,8.590278688475495e-09,10.0
Diesel,329,2023-06-05,calma,sin_evento,ssrc_recurrente_log_cv,3.2625394771360636e-06,9.345770981708358e-05,9.345770981708358e-05,False,0.2808906822762461,2.389912419558297,8.590278688475495e-09,15.0
Diesel,329,2023-06-05,calma,sin_evento,naive,3.2625394771360636e-06,6.0677889577445854e-05,6.0677889577445854e-05,False,0.17880599151840282,1.9768416779985571,8.590278688475495e-09,
Diesel,329,2023-06-05,calma,sin_evento,ewma_094,3.2625394771360636e-06,0.00031902701097083464,0.00031902701097083464,False,0.9833708113435431,3.592996430802711,8.590278688475495e-09,0.94
Diesel,329,2023-06-05,calma,sin_evento,garch_11,3.2625394771360636e-06,0.00024709341806674283,0.00024709341806674283,False,0.7593513221263576,3.340464271154568,8.590278688475495e-09,
Diesel,329,2023-06-05,calma,sin_evento,gjr_garch_11,3.2625394771360636e-06,0.0002471104162715534,0.0002471104162715534,False,0.759404258855993,3.3405321531608054,8.590278688475495e-09,
Diesel,333,2023-07-10,calma,sin_evento,ols_clip_legacy,5.731121416553573e-05,0.00013985473559261635,0.00013985473559261635,False,0.25684520439174224,0.3018989825681704,8.590278688475495e-09,
Diesel,333,2023-07-10,calma,sin_evento,ridge_cv_clip,5.731121416553573e-05,0.00019030176985949528,0.00019030176985949528,False,0.4138178971388053,0.5012744090970422,8.590278688475495e-09,150.0
Diesel,333,2023-07-10,calma,sin_evento,ridge_log_cv,5.731121416553573e-05,1.544274191784529e-05,1.544274191784529e-05,False,0.1302793499248506,1.3998499463167589,8.590278688475495e-09,150.0
Diesel,333,2023-07-10,calma,sin_evento,nnls_base_no_negativa,5.731121416553573e-05,9.73215611043931e-05,9.73215611043931e-05,False,0.12449754456348974,0.11840931283775147,8.590278688475495e-09,
Diesel,333,2023-07-10,calma,sin_evento,ngrc_softplus_cv,5.731121416553573e-05,0.00027502775026689284,0.00027502775026689284,False,0.6774541144796533,0.7767590755366618,8.590278688475495e-09,10.0
Diesel,333,2023-07-10,calma,sin_evento,ssrc_recurrente_log_cv,5.731121416553573e-05,1.1423761690271086e-05,1.1423761690271086e-05,False,0.142784944308894,2.4040418188963484,8.590278688475495e-09,15.0
Diesel,333,2023-07-10,calma,sin_evento,naive,5.731121416553573e-05,7.4784670247655826e-06,7.4784670247655826e-06,False,0.15506125621354894,4.627029122804348,8.590278688475495e-09,
Diesel,333,2023-07-10,calma,sin_evento,ewma_094,5.731121416553573e-05,0.00025384111483958536,0.00025384111483958536,False,0.6115290653344296,0.7139881564347454,8.590278688475495e-09,0.94
Diesel,333,2023-07-10,calma,sin_evento,garch_11,5.731121416553573e-05,0.00011679117199075927,0.00011679117199075927,False,0.18507984225421803,0.2026064638477325,8.590278688475495e-09,
Diesel,333,2023-07-10,calma,sin_evento,gjr_garch_11,5.731121416553573e-05,0.00011679703102177971,0.00011679703102177971,False,0.18509807341269013,0.2026320129719963,8.590278688475495e-09,
Diesel,337,2023-08-07,calma,sin_evento,ols_clip_legacy,0.0013325137744761347,0.0004218650109893992,0.0004218650109893992,False,2.8142699301519203,1.0084888483707788,9.8011722459549e-09,
Diesel,337,2023-08-07,calma,sin_evento,ridge_cv_clip,0.0013325137744761347,0.0003913929252367478,0.0003913929252367478,False,2.9084408971385205,1.1794317976814446,9.8011722459549e-09,150.0
Diesel,337,2023-08-07,calma,sin_evento,ridge_log_cv,0.0013325137744761347,3.193821704140579e-05,3.193821704140579e-05,False,4.0193001187031685,36.990588915214424,9.8011722459549e-09,15000.0
Diesel,337,2023-08-07,calma,sin_evento,nnls_base_no_negativa,0.0013325137744761347,0.0002784320760540009,0.0002784320760540009,False,3.257535228439462,2.2201284604677345,9.8011722459549e-09,
Diesel,337,2023-08-07,calma,sin_evento,ngrc_softplus_cv,0.0013325137744761347,0.00033056734373858234,0.00033056734373858234,False,3.0964163404245486,1.6369782640018533,9.8011722459549e-09,10.0
Diesel,337,2023-08-07,calma,sin_evento,ssrc_recurrente_log_cv,0.0013325137744761347,0.0006679849131032454,0.0006679849131032454,False,2.0536607166952545,0.3042692478148177,9.8011722459549e-09,1.5
Diesel,337,2023-08-07,calma,sin_evento,naive,0.0013325137744761347,0.0004382443478242576,0.0004382443478242576,False,2.7636512097644053,0.9285267751970736,9.8011722459549e-09,
Diesel,337,2023-08-07,calma,sin_evento,ewma_094,0.0013325137744761347,0.00025255093431696954,0.00025255093431696954,False,3.337518337041781,2.6130084112476766,9.8011722459549e-09,0.94
Diesel,337,2023-08-07,calma,sin_evento,garch_11,0.0013325137744761347,0.0003114123212000448,0.0003114123212000448,False,3.1556130429327522,1.8252325605426156,9.8011722459549e-09,
Diesel,337,2023-08-07,calma,sin_evento,gjr_garch_11,0.0013325137744761347,0.0003114510977319402,0.0003114510977319402,False,3.1554932078963653,1.8248243314471297,9.8011722459549e-09,
Diesel,341,2023-09-04,calma,sin_evento,ols_clip_legacy,0.00044377725624816816,0.0005751195945746811,0.0005751195945746811,False,0.3900717367109311,0.030881289969946657,9.837165815156188e-09,
Diesel,341,2023-09-04,calma,sin_evento,ridge_cv_clip,0.00044377725624816816,0.0005297427287002934,0.0005297427287002934,False,0.2553076301505685,0.01479093260480635,9.837165815156188e-09,150.0
Diesel,341,2023-09-04,calma,sin_evento,ridge_log_cv,0.00044377725624816816,4.1397343223099014e-05,4.1397343223099014e-05,False,1.1950223628659016,7.347839276139714,9.837165815156188e-09,1500.0
Diesel,341,2023-09-04,calma,sin_evento,nnls_base_no_negativa,0.00044377725624816816,0.0003891284435230296,0.0003891284435230296,False,0.1623007292278591,0.009025725028531273,9.837165815156188e-09,
Diesel,341,2023-09-04,calma,sin_evento,ngrc_softplus_cv,0.00044377725624816816,0.0005574559260189956,0.0005574559260189956,False,0.3376126594781662,0.024136632951388792,9.837165815156188e-09,0.46415888336127725
Diesel,341,2023-09-04,calma,sin_evento,ssrc_recurrente_log_cv,0.00044377725624816816,0.000576274912563262,0.000576274912563262,False,0.3935028991220863,0.03134114720018433,9.837165815156188e-09,15.0
Diesel,341,2023-09-04,calma,sin_evento,naive,0.00044377725624816816,0.0006317249314219398,0.0006317249314219398,False,0.55818311901499,0.055616251903925384,9.837165815156188e-09,
Diesel,341,2023-09-04,calma,sin_evento,ewma_094,0.00044377725624816816,0.0003529859197544968,0.0003529859197544968,False,0.26963989491607815,0.028314920259318033,9.837165815156188e-09,0.94
Diesel,341,2023-09-04,calma,sin_evento,garch_11,0.00044377725624816816,0.0004748198904655467,0.0004748198904655467,False,0.0921930764712959,0.0022350888000766123,9.837165815156188e-09,
Diesel,341,2023-09-04,calma,sin_evento,gjr_garch_11,0.00044377725624816816,0.0004747917070204751,0.0004747917070204751,False,0.09210937485987614,0.00223120976753588,9.837165815156188e-09,
Diesel,345,2023-10-02,calma,sin_evento,ols_clip_legacy,7.726078320575192e-05,0.0003399213248529196,0.0003399213248529196,False,0.7739396953233164,0.7088178909262315,1.301145767884868e-08,
Diesel,345,2023-10-02,calma,sin_evento,ridge_cv_clip,7.726078320575192e-05,0.0003352546941416565,0.0003352546941416565,False,0.760189282991825,0.6981580233192743,1.301145767884868e-08,15.0
Diesel,345,2023-10-02,calma,sin_evento,ridge_log_cv,7.726078320575192e-05,3.564021200065779e-05,3.564021200065779e-05,False,0.12263666249848494,0.3940861381973302,1.301145767884868e-08,150.0
Diesel,345,2023-10-02,calma,sin_evento,nnls_base_no_negativa,7.726078320575192e-05,0.0002079724230356683,0.0002079724230356683,False,0.3851470269221818,0.3617143214262848,1.301145767884868e-08,
Diesel,345,2023-10-02,calma,sin_evento,ngrc_softplus_cv,7.726078320575192e-05,0.00031244063397627587,0.00031244063397627587,False,0.6929667505826718,0.6445094680306134,1.301145767884868e-08,0.46415888336127725
Diesel,345,2023-10-02,calma,sin_evento,ssrc_recurrente_log_cv,7.726078320575192e-05,9.358684483807071e-05,9.358684483807071e-05,False,0.048105387609074624,0.017255079046626376,1.301145767884868e-08,1.5
Diesel,345,2023-10-02,calma,sin_evento,naive,7.726078320575192e-05,0.00014712390676369566,0.00014712390676369566,False,0.20585446227169626,0.16922955671745443,1.301145767884868e-08,
Diesel,345,2023-10-02,calma,sin_evento,ewma_094,7.726078320575192e-05,0.00032761730185176276,0.00032761730185176276,False,0.7376854039362298,0.6804859917328752,1.301145767884868e-08,0.94
Diesel,345,2023-10-02,calma,sin_evento,garch_11,7.726078320575192e-05,0.00017894855643723048,0.00017894855643723048,False,0.29962705376049636,0.27166044508940157,1.301145767884868e-08,
Diesel,345,2023-10-02,calma,sin_evento,gjr_garch_11,7.726078320575192e-05,0.0001789449237734515,0.0001789449237734515,False,0.2996163499727075,0.2716489095315633,1.301145767884868e-08,
Diesel,349,2023-10-30,calma,sin_evento,ols_clip_legacy,0.00024079702213013898,0.0001902273007935627,0.0001902273007935627,False,0.14922990200579817,0.030103730618273206,1.2070304018474618e-08,
Diesel,349,2023-10-30,calma,sin_evento,ridge_cv_clip,0.00024079702213013898,0.00016711103629559276,0.00016711103629559276,False,0.21744538341635317,0.07564440490162805,1.2070304018474618e-08,15.0
Diesel,349,2023-10-30,calma,sin_evento,ridge_log_cv,0.00024079702213013898,2.497707711570705e-05,2.497707711570705e-05,False,0.6368789147767315,6.374724752210861,1.2070304018474618e-08,150.0
Diesel,349,2023-10-30,calma,sin_evento,nnls_base_no_negativa,0.00024079702213013898,0.00014685731243338444,0.00014685731243338444,False,0.2772135835828774,0.14517365017521144,1.2070304018474618e-08,
Diesel,349,2023-10-30,calma,sin_evento,ngrc_softplus_cv,0.00024079702213013898,0.00016415787944558242,0.00016415787944558242,False,0.2261600706973377,0.08373670425030144,1.2070304018474618e-08,0.46415888336127725
Diesel,349,2023-10-30,calma,sin_evento,ssrc_recurrente_log_cv,0.00024079702213013898,1.2963309965380055e-05,1.2963309965380055e-05,False,0.6723312219514412,14.653441751713665,1.2070304018474618e-08,1.5
Diesel,349,2023-10-30,calma,sin_evento,naive,0.00024079702213013898,0.00011554555228513008,0.00011554555228513008,False,0.36961375457558165,0.34971128652129924,1.2070304018474618e-08,
Diesel,349,2023-10-30,calma,sin_evento,ewma_094,0.00024079702213013898,0.00027326896881239295,0.00027326896881239295,False,0.09582385058201583,0.007674410619910255,1.2070304018474618e-08,0.94
Diesel,349,2023-10-30,calma,sin_evento,garch_11,0.00024079702213013898,0.00023873886576135142,0.00023873886576135142,False,0.006073564676826262,3.69482084598971e-05,1.2070304018474618e-08,
Diesel,349,2023-10-30,calma,sin_evento,gjr_garch_11,0.00024079702213013898,0.00023874305499569444,0.00023874305499569444,False,0.00606120235775538,3.6797090201989846e-05,1.2070304018474618e-08,
Diesel,353,2023-11-27,calma,sin_evento,ols_clip_legacy,0.00033948486142294115,0.000530829104645336,0.000530829104645336,False,0.5593954405689991,0.08654779309576721,1.2070304018474618e-08,
Diesel,353,2023-11-27,calma,sin_evento,ridge_cv_clip,0.00033948486142294115,0.0004054565086190333,0.0004054565086190333,False,0.19286829865807675,0.014874706089186729,1.2070304018474618e-08,150.0
Diesel,353,2023-11-27,calma,sin_evento,ridge_log_cv,0.00033948486142294115,4.772085502620686e-05,4.772085502620686e-05,False,0.8529729044985203,4.15191189182465,1.2070304018474618e-08,1500.0
Diesel,353,2023-11-27,calma,sin_evento,nnls_base_no_negativa,0.00033948486142294115,0.0006015905105919061,0.0006015905105919061,False,0.7662666125893473,0.13645983852404342,1.2070304018474618e-08,
Diesel,353,2023-11-27,calma,sin_evento,ngrc_softplus_cv,0.00033948486142294115,0.00041302648919529916,0.00041302648919529916,False,0.21499915845424647,0.018026899064718105,1.2070304018474618e-08,0.46415888336127725
Diesel,353,2023-11-27,calma,sin_evento,ssrc_recurrente_log_cv,0.00033948486142294115,0.0002645233176803875,0.0002645233176803875,False,0.21915028684118915,0.0338835503457906,1.2070304018474618e-08,1.5
Diesel,353,2023-11-27,calma,sin_evento,naive,0.00033948486142294115,0.0005436267774224799,0.0005436267774224799,False,0.5968094734182006,0.0953150779589289,1.2070304018474618e-08,
Diesel,353,2023-11-27,calma,sin_evento,ewma_094,0.00033948486142294115,0.0002857033415949193,0.0002857033415949193,False,0.15723042654436908,0.015767180050740626,1.2070304018474618e-08,0.94
Diesel,353,2023-11-27,calma,sin_evento,garch_11,0.00033948486142294115,0.0005005816518176065,0.0005005816518176065,False,0.47096692599387413,0.06652216340527439,1.2070304018474618e-08,
Diesel,353,2023-11-27,calma,sin_evento,gjr_garch_11,0.00033948486142294115,0.0005005405079162076,0.0005005405079162076,False,0.47084664168083645,0.06649571358427986,1.2070304018474618e-08,
Diesel,357,2023-12-25,calma,sin_evento,ols_clip_legacy,4.932321395592453e-05,0.00027845983212861195,0.00027845983212861195,False,0.659919661310443,0.9080076274080988,1.407462661281535e-08,
Diesel,357,2023-12-25,calma,sin_evento,ridge_cv_clip,4.932321395592453e-05,0.00029257950943185977,0.00029257950943185977,False,0.7005847140553069,0.948922163045157,1.407462661281535e-08,15.0
Diesel,357,2023-12-25,calma,sin_evento,ridge_log_cv,4.932321395592453e-05,7.576206784110618e-05,7.576206784110618e-05,False,0.07614461468658035,0.08023072279038135,1.407462661281535e-08,150.0
Diesel,357,2023-12-25,calma,sin_evento,nnls_base_no_negativa,4.932321395592453e-05,0.00039014854554154493,0.00039014854554154493,False,0.9815861784976441,1.194554338214319,1.407462661281535e-08,
Diesel,357,2023-12-25,calma,sin_evento,ngrc_softplus_cv,4.932321395592453e-05,0.0003017245503303825,0.0003017245503303825,False,0.7269226793292599,0.9745906745961588,1.407462661281535e-08,0.46415888336127725
Diesel,357,2023-12-25,calma,sin_evento,ssrc_recurrente_log_cv,4.932321395592453e-05,0.00017927218769781588,0.00017927218769781588,False,0.37425656109997746,0.5656407287191829,1.407462661281535e-08,1500.0
Diesel,357,2023-12-25,calma,sin_evento,naive,4.932321395592453e-05,0.00041382407701796853,0.00041382407701796853,False,1.0497723498650302,1.2462349526774195,1.407462661281535e-08,
Diesel,357,2023-12-25,calma,sin_evento,ewma_094,4.932321395592453e-05,0.00031700560643344483,0.00031700560643344483,False,0.7709325344472175,1.0161156011989676,1.407462661281535e-08,0.94
Diesel,357,2023-12-25,calma,sin_evento,garch_11,4.932321395592453e-05,0.0005078284524370549,0.0005078284524370549,False,1.3205074950503828,1.4288745964026544,1.407462661281535e-08,
Diesel,357,2023-12-25,calma,sin_evento,gjr_garch_11,4.932321395592453e-05,0.0005078639480001248,0.0005078639480001248,False,1.320609723232617,1.4289377024192742,1.407462661281535e-08,
Diesel,361,2024-01-22,calma,sin_evento,ols_clip_legacy,0.00013082022040946192,-4.934525647033755e-05,1.2070304018474618e-08,True,0.3771107208568115,10827.89685742459,1.2070304018474618e-08,
Diesel,361,2024-01-22,calma,sin_evento,ridge_cv_clip,0.00013082022040946192,-9.425155329113963e-08,1.2070304018474618e-08,True,0.3771107208568115,10827.89685742459,1.2070304018474618e-08,15.0
Diesel,361,2024-01-22,calma,sin_evento,ridge_log_cv,0.00013082022040946192,2.1320192567459566e-05,2.1320192567459566e-05,False,0.3156808990881069,3.321808044715821,1.2070304018474618e-08,150.0
Diesel,361,2024-01-22,calma,sin_evento,nnls_base_no_negativa,0.00013082022040946192,0.00016381465421880248,0.00016381465421880248,False,0.09512063818709249,0.02349841356340998,1.2070304018474618e-08,
Diesel,361,2024-01-22,calma,sin_evento,ngrc_softplus_cv,0.00013082022040946192,0.00010888053121918373,0.00010888053121918373,False,0.06325058491577813,0.01792962759269856,1.2070304018474618e-08,0.46415888336127725
Diesel,361,2024-01-22,calma,sin_evento,ssrc_recurrente_log_cv,0.00013082022040946192,3.0080848985996752e-05,3.0080848985996752e-05,False,0.29042454117378513,1.8790184359307638,1.2070304018474618e-08,1500.0
Diesel,361,2024-01-22,calma,sin_evento,naive,0.00013082022040946192,6.463271940714257e-05,6.463271940714257e-05,False,0.19081392248552942,0.3189524001248616,1.2070304018474618e-08,
Diesel,361,2024-01-22,calma,sin_evento,ewma_094,0.00013082022040946192,0.0002609984310916968,0.0002609984310916968,False,0.3752946496885333,0.19192028988522214,1.2070304018474618e-08,0.94
Diesel,361,2024-01-22,calma,sin_evento,garch_11,0.00013082022040946192,0.000170637722369359,0.000170637722369359,False,0.11479106504228008,0.032373459286027195,1.2070304018474618e-08,
Diesel,361,2024-01-22,calma,sin_evento,gjr_garch_11,0.00013082022040946192,0.00017069767093646452,0.00017069767093646452,False,0.11496389255598827,0.03245547120011105,1.2070304018474618e-08,
Diesel,365,2024-02-19,calma,sin_evento,ols_clip_legacy,0.0003638397291426396,0.00013722991907235918,0.00013722991907235918,False,0.6542840941825537,0.6762591942941083,1.1370359463504246e-08,
Diesel,365,2024-02-19,calma,sin_evento,ridge_cv_clip,0.0003638397291426396,0.0002588689245915112,0.0002588689245915112,False,0.30307923452232005,0.06510628193546908,1.1370359463504246e-08,150.0
Diesel,365,2024-02-19,calma,sin_evento,ridge_log_cv,0.0003638397291426396,3.3351815418918944e-05,3.3351815418918944e-05,False,0.9542084043137601,7.519541902860134,1.1370359463504246e-08,150.0
Diesel,365,2024-02-19,calma,sin_evento,nnls_base_no_negativa,0.0003638397291426396,0.00014167437563593504,0.00014167437563593504,False,0.6414517404731928,0.6249585213199329,1.1370359463504246e-08,
Diesel,365,2024-02-19,calma,sin_evento,ngrc_softplus_cv,0.0003638397291426396,0.00021721443005303704,0.00021721443005303704,False,0.4233470782634415,0.15919714775933946,1.1370359463504246e-08,0.46415888336127725
Diesel,365,2024-02-19,calma,sin_evento,ssrc_recurrente_log_cv,0.0003638397291426396,4.512145875027514e-05,4.512145875027514e-05,False,0.9202262460677432,4.976207556504594,1.1370359463504246e-08,1500.0
Diesel,365,2024-02-19,calma,sin_evento,naive,0.0003638397291426396,0.00026826163945007075,0.00026826163945007075,False,0.27595991461625907,0.051536136852337044,1.1370359463504246e-08,
Diesel,365,2024-02-19,calma,sin_evento,ewma_094,0.0003638397291426396,0.00023978438302473768,0.00023978438302473768,False,0.3581814915165477,0.10038872503295493,1.1370359463504246e-08,0.94
Diesel,365,2024-02-19,calma,sin_evento,garch_11,0.0003638397291426396,0.0002631291835316861,0.0002631291835316861,False,0.290778709400345,0.05867346903979653,1.1370359463504246e-08,
Diesel,365,2024-02-19,calma,sin_evento,gjr_garch_11,0.0003638397291426396,0.00026312687834211397,0.00026312687834211397,False,0.2907853651089865,0.05867682218479553,1.1370359463504246e-08,
Diesel,369,2024-03-18,calma,sin_evento,ols_clip_legacy,0.0001385142469689291,0.00014237714282012908,0.00014237714282012908,False,0.011078511586593086,0.00037485307297502324,1.2070304018474618e-08,
Diesel,369,2024-03-18,calma,sin_evento,ridge_cv_clip,0.0001385142469689291,0.0001844498682790731,0.0001844498682790731,False,0.1317401070400841,0.037363297492839065,1.2070304018474618e-08,150.0
Diesel,369,2024-03-18,calma,sin_evento,ridge_log_cv,0.0001385142469689291,2.0997758960264595e-05,2.0997758960264595e-05,False,0.3370289606993386,3.7100630177676734,1.2070304018474618e-08,150.0
Diesel,369,2024-03-18,calma,sin_evento,nnls_base_no_negativa,0.0001385142469689291,0.00010966152234007224,0.00010966152234007224,False,0.08274756980731816,0.029532461185602266,1.2070304018474618e-08,
Diesel,369,2024-03-18,calma,sin_evento,ngrc_softplus_cv,0.0001385142469689291,0.0001613346017102066,0.0001613346017102066,False,0.06544716040761799,0.011059925554343542,1.2070304018474618e-08,0.46415888336127725
Diesel,369,2024-03-18,calma,sin_evento,ssrc_recurrente_log_cv,0.0001385142469689291,1.8228488497141987e-05,1.8228488497141987e-05,False,0.3449710321643467,4.570791012621816,1.2070304018474618e-08,1500.0
Diesel,369,2024-03-18,calma,sin_evento,naive,0.0001385142469689291,7.490314059931576e-06,7.490314059931576e-06,False,0.3757673555714451,14.575086036246429,1.2070304018474618e-08,
Diesel,369,2024-03-18,calma,sin_evento,ewma_094,0.0001385142469689291,0.00020635628621939927,0.00020635628621939927,False,0.19456616146173358,0.06986935347976653,1.2070304018474618e-08,0.94
Diesel,369,2024-03-18,calma,sin_evento,garch_11,0.0001385142469689291,0.000140469255616483,0.000140469255616483,False,0.005606826274409537,9.775927168731435e-05,1.2070304018474618e-08,
Diesel,369,2024-03-18,calma,sin_evento,gjr_garch_11,0.0001385142469689291,0.00014045883131135037,0.00014045883131135037,False,0.005576930105928003,9.672910846703076e-05,1.2070304018474618e-08,
Diesel,373,2024-04-15,calma,sin_evento,ols_clip_legacy,8.929713541322892e-06,2.3691604279884358e-05,2.3691604279884358e-05,False,0.04242726743479459,0.35265110348159734,1.1370359463504246e-08,
Diesel,373,2024-04-15,calma,sin_evento,ridge_cv_clip,8.929713541322892e-06,0.00015477018464187016,0.00015477018464187016,False,0.41916125649378216,1.9102536214831543,1.1370359463504246e-08,150.0
Diesel,373,2024-04-15,calma,sin_evento,ridge_log_cv,8.929713541322892e-06,4.049328745079261e-05,4.049328745079261e-05,False,0.09071711850276681,0.7322752063559079,1.1370359463504246e-08,15000.0
Diesel,373,2024-04-15,calma,sin_evento,nnls_base_no_negativa,8.929713541322892e-06,0.00012079026309738807,0.00012079026309738807,False,0.32149929405863886,1.6785987911413707,1.1370359463504246e-08,
Diesel,373,2024-04-15,calma,sin_evento,ngrc_softplus_cv,8.929713541322892e-06,0.0001232598101367352,0.0001232598101367352,False,0.32859703882161057,1.6973563595049708,1.1370359463504246e-08,0.46415888336127725
Diesel,373,2024-04-15,calma,sin_evento,ssrc_recurrente_log_cv,8.929713541322892e-06,3.127056512292144e-05,3.127056512292144e-05,False,0.06421001899827795,0.5388558364989919,1.1370359463504246e-08,15000.0
Diesel,373,2024-04-15,calma,sin_evento,naive,8.929713541322892e-06,2.0242838089082627e-05,2.0242838089082627e-05,False,0.0325151411300661,0.2595462647745921,1.1370359463504246e-08,
Diesel,373,2024-04-15,calma,sin_evento,ewma_094,8.929713541322892e-06,0.0001705170087757112,0.0001705170087757112,False,0.4644193288239027,2.0018191961038307,1.1370359463504246e-08,0.94
Diesel,373,2024-04-15,calma,sin_evento,garch_11,8.929713541322892e-06,0.00013649829362642898,0.00013649829362642898,False,0.36664586938104105,1.7923477621386827,1.1370359463504246e-08,
Diesel,373,2024-04-15,calma,sin_evento,gjr_garch_11,8.929713541322892e-06,0.00013649635852037677,0.00013649635852037677,False,0.3666403076773646,1.7923345127173396,1.1370359463504246e-08,
Diesel,377,2024-05-13,calma,sin_evento,ols_clip_legacy,0.00036629408087425453,0.00015954529524558168,0.00015954529524558168,False,0.5948726994677564,0.46475398250828404,1.1370359463504246e-08,
Diesel,377,2024-05-13,calma,sin_evento,ridge_cv_clip,0.00036629408087425453,0.0001980003344414505,0.0001980003344414505,False,0.48422705332756294,0.23479919001614746,1.1370359463504246e-08,150.0
Diesel,377,2024-05-13,calma,sin_evento,ridge_log_cv,0.00036629408087425453,4.038122261079317e-05,4.038122261079317e-05,False,0.9377402686884264,5.865829585491657,1.1370359463504246e-08,15000.0
Diesel,377,2024-05-13,calma,sin_evento,nnls_base_no_negativa,0.00036629408087425453,0.00017832955833229204,0.00017832955833229204,False,0.5408252463911846,0.33422575973657764,1.1370359463504246e-08,
Diesel,377,2024-05-13,calma,sin_evento,ngrc_softplus_cv,0.00036629408087425453,0.00017229993071309893,0.00017229993071309893,False,0.5581741311631457,0.37170985472856,1.1370359463504246e-08,0.46415888336127725
Diesel,377,2024-05-13,calma,sin_evento,ssrc_recurrente_log_cv,0.00036629408087425453,3.540281552302293e-05,3.540281552302293e-05,False,0.9520645050042337,7.009822359653192,1.1370359463504246e-08,15000.0
Diesel,377,2024-05-13,calma,sin_evento,naive,0.00036629408087425453,0.00013336155286091265,0.00013336155286091265,False,0.6702104745708777,0.73625166533496,1.1370359463504246e-08,
Diesel,377,2024-05-13,calma,sin_evento,ewma_094,0.00036629408087425453,0.00014922075816877704,0.00014922075816877704,False,0.6245792112760751,0.556702935118988,1.1370359463504246e-08,0.94
Diesel,377,2024-05-13,calma,sin_evento,garch_11,0.00036629408087425453,0.00021379464169396118,0.00021379464169396118,False,0.43878251945543184,0.17487812184167018,1.1370359463504246e-08,
Diesel,377,2024-05-13,calma,sin_evento,gjr_garch_11,0.00036629408087425453,0.00021380643297107667,0.00021380643297107667,False,0.43874859273210653,0.17483878543198372,1.1370359463504246e-08,
Diesel,381,2024-06-10,calma,sin_evento,ols_clip_legacy,1.606423552312816e-05,8.339628138556395e-05,8.339628138556395e-05,False,0.19187275288830136,0.8396336373282864,1.3209088663518727e-08,
Diesel,381,2024-06-10,calma,sin_evento,ridge_cv_clip,1.606423552312816e-05,0.00018509930855748163,0.00018509930855748163,False,0.48169076674188527,1.5310841970573743,1.3209088663518727e-08,150.0
Diesel,381,2024-06-10,calma,sin_evento,ridge_log_cv,1.606423552312816e-05,4.3239745278751735e-05,4.3239745278751735e-05,False,0.07744068669185326,0.3616801954521671,1.3209088663518727e-08,15000.0
Diesel,381,2024-06-10,calma,sin_evento,nnls_base_no_negativa,1.606423552312816e-05,0.0001862045844990862,0.0001862045844990862,False,0.4848404161384023,1.5365225466374062,1.3209088663518727e-08,
Diesel,381,2024-06-10,calma,sin_evento,ngrc_softplus_cv,1.606423552312816e-05,0.0001572828039379046,0.0001572828039379046,False,0.40242346914643207,1.3835860729956067,1.3209088663518727e-08,0.46415888336127725
Diesel,381,2024-06-10,calma,sin_evento,ssrc_recurrente_log_cv,1.606423552312816e-05,3.963293763725615e-05,3.963293763725615e-05,False,0.06716254791784032,0.3083905064796273,1.3209088663518727e-08,15000.0
Diesel,381,2024-06-10,calma,sin_evento,naive,1.606423552312816e-05,1.877882489477203e-05,1.877882489477203e-05,False,0.007735629135089385,0.011578624633199697,1.3209088663518727e-08,
Diesel,381,2024-06-10,calma,sin_evento,ewma_094,1.606423552312816e-05,0.00014640810482554923,0.00014640810482554923,False,0.3714343846949871,1.3195248662765784,1.3209088663518727e-08,0.94
Diesel,381,2024-06-10,calma,sin_evento,garch_11,1.606423552312816e-05,0.00016467923382134807,0.00016467923382134807,False,0.4235007042891317,1.4249527807918225,1.3209088663518727e-08,
Diesel,381,2024-06-10,calma,sin_evento,gjr_garch_11,1.606423552312816e-05,0.0001647031443704275,0.0001647031443704275,False,0.42356884098119535,1.4250838034468103,1.3209088663518727e-08,
Diesel,385,2024-07-08,calma,sin_evento,ols_clip_legacy,8.930159659173662e-05,5.643243298301374e-05,5.643243298301374e-05,False,0.09362113729784831,0.12347632772865036,1.3209088663518727e-08,
Diesel,385,2024-07-08,calma,sin_evento,ridge_cv_clip,8.930159659173662e-05,8.578480005917291e-05,8.578480005917291e-05,False,0.01001688071358065,0.0008180357881133471,1.3209088663518727e-08,15.0
Diesel,385,2024-07-08,calma,sin_evento,ridge_log_cv,8.930159659173662e-05,4.497580316183853e-05,4.497580316183853e-05,False,0.12625302067118196,0.2996528390586284,1.3209088663518727e-08,15000.0
Diesel,385,2024-07-08,calma,sin_evento,nnls_base_no_negativa,8.930159659173662e-05,0.00011673802668441005,0.00011673802668441005,False,0.0781470991853084,0.0328873237910845,1.3209088663518727e-08,
Diesel,385,2024-07-08,calma,sin_evento,ngrc_softplus_cv,8.930159659173662e-05,0.00015335748661442946,0.00015335748661442946,False,0.18245019392458492,0.12306233373742392,1.3209088663518727e-08,0.46415888336127725
Diesel,385,2024-07-08,calma,sin_evento,ssrc_recurrente_log_cv,8.930159659173662e-05,3.85942025665242e-05,3.85942025665242e-05,False,0.14442971395812038,0.4749430956500791,1.3209088663518727e-08,15000.0
Diesel,385,2024-07-08,calma,sin_evento,naive,8.930159659173662e-05,9.993351745943281e-05,9.993351745943281e-05,False,0.030282867405554872,0.006095833386978722,1.3209088663518727e-08,
Diesel,385,2024-07-08,calma,sin_evento,ewma_094,8.930159659173662e-05,0.0001233380609450607,0.0001233380609450607,False,0.09694595640730654,0.0469489270625727,1.3209088663518727e-08,0.94
Diesel,385,2024-07-08,calma,sin_evento,garch_11,8.930159659173662e-05,0.00018214565406168221,0.00018214565406168221,False,0.2644474424465232,0.2030630442739294,1.3209088663518727e-08,
Diesel,385,2024-07-08,calma,sin_evento,gjr_garch_11,8.930159659173662e-05,0.00018214136451255944,0.00018214136451255944,False,0.264435224536991,0.20305104020929265,1.3209088663518727e-08,
Diesel,389,2024-08-05,calma,sin_evento,ols_clip_legacy,0.00017965459385637305,0.0001593859058767835,0.0001593859058767835,False,0.057653064646858716,0.007459637723804313,1.3209088663518727e-08,
Diesel,389,2024-08-05,calma,sin_evento,ridge_cv_clip,0.00017965459385637305,0.00016156413337824492,0.00016156413337824492,False,0.051457227447934926,0.005836860525325616,1.3209088663518727e-08,15.0
Diesel,389,2024-08-05,calma,sin_evento,ridge_log_cv,0.00017965459385637305,4.4956198204112636e-05,4.4956198204112636e-05,False,0.3831414899764609,1.6108666739232493,1.3209088663518727e-08,15000.0
Diesel,389,2024-08-05,calma,sin_evento,nnls_base_no_negativa,0.00017965459385637305,0.00011093606142884892,0.00011093606142884892,False,0.19546573495387815,0.13736061886914386,1.3209088663518727e-08,
Diesel,389,2024-08-05,calma,sin_evento,ngrc_softplus_cv,0.00017965459385637305,0.00017989854584026055,0.00017989854584026055,False,0.000693906754692689,9.202720812062637e-07,1.3209088663518727e-08,0.46415888336127725
Diesel,389,2024-08-05,calma,sin_evento,ssrc_recurrente_log_cv,0.00017965459385637305,3.72454909084285e-05,3.72454909084285e-05,False,0.4050741334035411,2.2500208057438913,1.3209088663518727e-08,15000.0
Diesel,389,2024-08-05,calma,sin_evento,naive,0.00017965459385637305,7.87147085217818e-07,7.87147085217818e-07,False,0.5087777009691183,221.8047239478563,1.3209088663518727e-08,
Diesel,389,2024-08-05,calma,sin_evento,ewma_094,0.00017965459385637305,0.00010357252107365211,0.00010357252107365211,False,0.21641088288626598,0.18381375143357204,1.3209088663518727e-08,0.94
Diesel,389,2024-08-05,calma,sin_evento,garch_11,0.00017965459385637305,0.00014382368708655509,0.00014382368708655509,False,0.10191886058121241,0.02668284577233382,1.3209088663518727e-08,
Diesel,389,2024-08-05,calma,sin_evento,gjr_garch_11,0.00017965459385637305,0.00014374574898003755,0.00014374574898003755,False,0.10214055084049481,0.02681806995985303,1.3209088663518727e-08,
Diesel,393,2024-09-02,calma,sin_evento,ols_clip_legacy,5.0145471316346325e-05,0.00026860905356624107,0.00026860905356624107,False,0.6167400382261518,0.8650144903678378,1.360301815423811e-08,
Diesel,393,2024-09-02,calma,sin_evento,ridge_cv_clip,5.0145471316346325e-05,0.00026860907928901497,0.00026860907928901497,False,0.6167401108435848,0.865014568253146,1.360301815423811e-08,0.00015
Diesel,393,2024-09-02,calma,sin_evento,ridge_log_cv,5.0145471316346325e-05,4.690927435132496e-05,4.690927435132496e-05,False,0.009136040979276746,0.0022756209054832777,1.360301815423811e-08,15000.0
Diesel,393,2024-09-02,calma,sin_evento,nnls_base_no_negativa,5.0145471316346325e-05,0.00038004932102542026,0.00038004932102542026,False,0.9313447613789959,1.157317470145062,1.360301815423811e-08,
Diesel,393,2024-09-02,calma,sin_evento,ngrc_softplus_cv,5.0145471316346325e-05,0.0002675670514605758,0.0002675670514605758,False,0.613798383549151,0.8618547160697441,1.360301815423811e-08,0.46415888336127725
Diesel,393,2024-09-02,calma,sin_evento,ssrc_recurrente_log_cv,5.0145471316346325e-05,4.6938942942251336e-05,4.6938942942251336e-05,False,0.009052284191469794,0.0022322153874607675,1.360301815423811e-08,15000.0
Diesel,393,2024-09-02,calma,sin_evento,naive,5.0145471316346325e-05,0.00015349042500932647,0.00015349042500932647,False,0.2917510096405057,0.4454109535059523,1.360301815423811e-08,
Diesel,393,2024-09-02,calma,sin_evento,ewma_094,5.0145471316346325e-05,0.00012942599780731875,0.00012942599780731875,False,0.22381522098590104,0.3356261852338671,1.360301815423811e-08,0.94
Diesel,393,2024-09-02,calma,sin_evento,garch_11,5.0145471316346325e-05,0.00024532884563889897,0.00024532884563889897,False,0.551018162849238,0.7920723706076889,1.360301815423811e-08,
Diesel,393,2024-09-02,calma,sin_evento,gjr_garch_11,5.0145471316346325e-05,0.0002453308672373955,0.0002453308672373955,False,0.5510238699823041,0.792078926611048,1.360301815423811e-08,
Diesel,397,2024-09-30,calma,sin_evento,ols_clip_legacy,9.993996481366878e-05,0.00019143830537305903,0.00019143830537305903,False,0.25858242566511747,0.1720438351810496,1.3998144014515e-08,
Diesel,397,2024-09-30,calma,sin_evento,ridge_cv_clip,9.993996481366878e-05,0.00019143821587073523,0.00019143821587073523,False,0.2585821727236122,0.172043611726173,1.3998144014515e-08,0.00015
Diesel,397,2024-09-30,calma,sin_evento,ridge_log_cv,9.993996481366878e-05,5.5355882932898846e-05,5.5355882932898846e-05,False,0.12599856968224052,0.21462148297668215,1.3998144014515e-08,15000.0
Diesel,397,2024-09-30,calma,sin_evento,nnls_base_no_negativa,9.993996481366878e-05,0.00017992107105422776,0.00017992107105422776,False,0.22603369998430747,0.14341420189173748,1.3998144014515e-08,
Diesel,397,2024-09-30,calma,sin_evento,ngrc_softplus_cv,9.993996481366878e-05,8.160987796138622e-05,8.160987796138622e-05,False,0.05180245119133001,0.021986882199572122,1.3998144014515e-08,0.021544346900318822
Diesel,397,2024-09-30,calma,sin_evento,ssrc_recurrente_log_cv,9.993996481366878e-05,5.269178464286173e-05,5.269178464286173e-05,False,0.1335275477362298,0.25657959296443833,1.3998144014515e-08,15000.0
Diesel,397,2024-09-30,calma,sin_evento,naive,9.993996481366878e-05,0.000196665984183537,0.000196665984183537,False,0.27335630964101437,0.18510820022517116,1.3998144014515e-08,
Diesel,397,2024-09-30,calma,sin_evento,ewma_094,9.993996481366878e-05,0.00013035685227660363,0.00013035685227660363,False,0.08596082172925705,0.03237050620266624,1.3998144014515e-08,0.94
Diesel,397,2024-09-30,calma,sin_evento,garch_11,9.993996481366878e-05,0.00025135354546658407,0.00025135354546658407,False,0.42790820821999676,0.31989798377043765,1.3998144014515e-08,
Diesel,397,2024-09-30,calma,sin_evento,gjr_garch_11,9.993996481366878e-05,0.00025135362848236007,0.00025135362848236007,False,0.42790844282994267,0.31989818272568904,1.3998144014515e-08,
Diesel,401,2024-10-28,calma,sin_evento,ols_clip_legacy,4.246615067885739e-06,-1.1423842862551894e-05,1.442862700425333e-08,True,0.0118246419879278,287.6340592687447,1.442862700425333e-08,
Diesel,401,2024-10-28,calma,sin_evento,ridge_cv_clip,4.246615067885739e-06,0.0001888571408393565,0.0001888571408393565,False,0.5157980171582639,2.817354508836758,1.442862700425333e-08,150.0
Diesel,401,2024-10-28,calma,sin_evento,ridge_log_cv,4.246615067885739e-06,7.012036886772567e-05,7.012036886772567e-05,False,0.18404991508875218,1.8646528997741272,1.442862700425333e-08,15000.0
Diesel,401,2024-10-28,calma,sin_evento,nnls_base_no_negativa,4.246615067885739e-06,0.00014756166895250314,0.00014756166895250314,False,0.40041931690353844,2.576902550474883,1.442862700425333e-08,
Diesel,401,2024-10-28,calma,sin_evento,ngrc_softplus_cv,4.246615067885739e-06,0.00014531602607034842,0.00014531602607034842,False,0.3941450368156586,2.562011958490223,1.442862700425333e-08,0.46415888336127725
Diesel,401,2024-10-28,calma,sin_evento,ssrc_recurrente_log_cv,4.246615067885739e-06,6.58426837166884e-05,6.58426837166884e-05,False,0.17209815063917958,1.8056424905843866,1.442862700425333e-08,15000.0
Diesel,401,2024-10-28,calma,sin_evento,naive,4.246615067885739e-06,0.00010749216990419169,0.00010749216990419169,False,0.28846595957856874,2.2708020693738886,1.442862700425333e-08,
Diesel,401,2024-10-28,calma,sin_evento,ewma_094,4.246615067885739e-06,0.00013091453050509592,0.00013091453050509592,False,0.3539075540089295,2.46086053317059,1.442862700425333e-08,0.94
Diesel,401,2024-10-28,calma,sin_evento,garch_11,4.246615067885739e-06,0.00024354540660405084,0.00024354540660405084,False,0.6685959084235339,3.066617835030618,1.442862700425333e-08,
Diesel,401,2024-10-28,calma,sin_evento,gjr_garch_11,4.246615067885739e-06,0.00024354552668840812,0.00024354552668840812,False,0.6685962439367616,3.066618319500688,1.442862700425333e-08,
Diesel,405,2024-11-25,calma,sin_evento,ols_clip_legacy,3.540953758420579e-05,0.00017748306357700288,0.00017748306357700288,False,0.396361941475821,0.8114033698292278,1.442862700425333e-08,
Diesel,405,2024-11-25,calma,sin_evento,ridge_cv_clip,3.540953758420579e-05,0.00019575541053602075,0.00019575541053602075,False,0.4473388062040414,0.8907714028414369,1.442862700425333e-08,150.0
Diesel,405,2024-11-25,calma,sin_evento,ridge_log_cv,3.540953758420579e-05,7.643601833179168e-05,7.643601833179168e-05,False,0.11445718297902986,0.23273004500647398,1.442862700425333e-08,15000.0
Diesel,405,2024-11-25,calma,sin_evento,nnls_base_no_negativa,3.540953758420579e-05,0.00012036663738748595,0.00012036663738748595,False,0.23701643768516323,0.5177418555081956,1.442862700425333e-08,
Diesel,405,2024-11-25,calma,sin_evento,ngrc_softplus_cv,3.540953758420579e-05,0.0001773750951736622,0.0001773750951736622,False,0.39606072725827324,0.81091629555222,1.442862700425333e-08,0.46415888336127725
Diesel,405,2024-11-25,calma,sin_evento,ssrc_recurrente_log_cv,3.540953758420579e-05,6.747210759009784e-05,6.747210759009784e-05,False,0.08944933552845089,0.16953568584223255,1.442862700425333e-08,15000.0
Diesel,405,2024-11-25,calma,sin_evento,naive,3.540953758420579e-05,2.987883854326029e-05,2.987883854326029e-05,False,0.015429747338703741,0.015273499588450923,1.442862700425333e-08,
Diesel,405,2024-11-25,calma,sin_evento,ewma_094,3.540953758420579e-05,0.00010519044804559267,0.00010519044804559267,False,0.194677347205615,0.4254144183106807,1.442862700425333e-08,0.94
Diesel,405,2024-11-25,calma,sin_evento,garch_11,3.540953758420579e-05,0.00011866211158866285,0.00011866211158866285,False,0.23226108900076864,0.5077052829429567,1.442862700425333e-08,
Diesel,405,2024-11-25,calma,sin_evento,gjr_garch_11,3.540953758420579e-05,0.00011868127317452191,0.00011868127317452191,False,0.23231454669684382,0.5078185711814176,1.442862700425333e-08,
Diesel,409,2024-12-23,calma,sin_evento,ols_clip_legacy,7.964355138039478e-05,0.00018056595000827448,0.00018056595000827448,False,0.3233899548974522,0.25961236752495065,1.3998144014515e-08,
Diesel,409,2024-12-23,calma,sin_evento,ridge_cv_clip,7.964355138039478e-05,0.00017841369639278644,0.00017841369639278644,False,0.31649339665960347,0.25294211091837093,1.3998144014515e-08,150.0
Diesel,409,2024-12-23,calma,sin_evento,ridge_log_cv,7.964355138039478e-05,5.797858005299813e-05,5.797858005299813e-05,False,0.06942199348882627,0.05618455077203177,1.3998144014515e-08,150.0
Diesel,409,2024-12-23,calma,sin_evento,nnls_base_no_negativa,7.964355138039478e-05,0.00010915142034245945,0.00010915142034245945,False,0.09455332555013118,0.04483617902542614,1.3998144014515e-08,
Diesel,409,2024-12-23,calma,sin_evento,ngrc_softplus_cv,7.964355138039478e-05,0.00016601462576118308,0.00016601462576118308,False,0.27676252475366314,0.21425298206010424,1.3998144014515e-08,0.46415888336127725
Diesel,409,2024-12-23,calma,sin_evento,ssrc_recurrente_log_cv,7.964355138039478e-05,7.595062143003796e-05,7.595062143003796e-05,False,0.011833413259318106,0.0011451146279239932,1.3998144014515e-08,15000.0
Diesel,409,2024-12-23,calma,sin_evento,naive,7.964355138039478e-05,6.534350881213826e-05,6.534350881213826e-05,False,0.045822237521637846,0.02094115266801122,1.3998144014515e-08,
Diesel,409,2024-12-23,calma,sin_evento,ewma_094,7.964355138039478e-05,9.011359492276716e-05,9.011359492276716e-05,False,0.03354960796588531,0.007322799487746945,1.3998144014515e-08,0.94
Diesel,409,2024-12-23,calma,sin_evento,garch_11,7.964355138039478e-05,9.126479706763859e-05,9.126479706763859e-05,False,0.03723845419595279,0.008868599390575937,1.3998144014515e-08,
Diesel,409,2024-12-23,calma,sin_evento,gjr_garch_11,7.964355138039478e-05,9.126192602123328e-05,9.126192602123328e-05,False,0.037229254379260515,0.008864593986623648,1.3998144014515e-08,
Diesel,413,2025-01-20,calma,sin_evento,ols_clip_legacy,0.00011358679375246325,0.00016014010885586377,0.00016014010885586377,False,0.20245866367380383,0.05277820913105735,1.3209088663518727e-08,
Diesel,413,2025-01-20,calma,sin_evento,ridge_cv_clip,0.00011358679375246325,0.00016014029936330167,0.00016014029936330167,False,0.20245949218367923,0.052778554961071755,1.3209088663518727e-08,0.00015
Diesel,413,2025-01-20,calma,sin_evento,ridge_log_cv,0.00011358679375246325,7.659264094438536e-05,7.659264094438536e-05,False,0.16088621668794642,0.08893254237142223,1.3209088663518727e-08,15000.0
Diesel,413,2025-01-20,calma,sin_evento,nnls_base_no_negativa,0.00011358679375246325,0.000203418813952374,0.000203418813952374,False,0.3906761682684888,0.14108856042301787,1.3209088663518727e-08,
Diesel,413,2025-01-20,calma,sin_evento,ngrc_softplus_cv,0.00011358679375246325,0.00013022664753564028,0.00013022664753564028,False,0.07236611513458961,0.008933022702445115,1.3209088663518727e-08,0.021544346900318822
Diesel,413,2025-01-20,calma,sin_evento,ssrc_recurrente_log_cv,0.00011358679375246325,6.957580943599262e-05,6.957580943599262e-05,False,0.19140216012308248,0.142411279316351,1.3209088663518727e-08,15000.0
Diesel,413,2025-01-20,calma,sin_evento,naive,0.00011358679375246325,0.00020249436784359158,0.00020249436784359158,False,0.3866557859733326,0.1390828654112095,1.3209088663518727e-08,
Diesel,413,2025-01-20,calma,sin_evento,ewma_094,0.00011358679375246325,8.773975639663074e-05,8.773975639663074e-05,False,0.11240781953692686,0.036395393254928354,1.3209088663518727e-08,0.94
Diesel,413,2025-01-20,calma,sin_evento,garch_11,0.00011358679375246325,0.00018747931943613683,0.00018747931943613683,False,0.32135588995478437,0.10696435346120703,1.3209088663518727e-08,
Diesel,413,2025-01-20,calma,sin_evento,gjr_garch_11,0.00011358679375246325,0.00018225618686812926,0.00018225618686812926,False,0.29864067756741364,0.09607206701467197,1.3209088663518727e-08,
Diesel,417,2025-02-17,calma,sin_evento,ols_clip_legacy,3.56107955939478e-05,0.00013841119511271577,0.00013841119511271577,False,0.48195264647024183,0.6148627154445958,1.1945297323125903e-08,
Diesel,417,2025-02-17,calma,sin_evento,ridge_cv_clip,3.56107955939478e-05,0.00013841328828846134,0.00013841328828846134,False,0.4819624597744199,0.6148739474140257,1.1945297323125903e-08,0.00015
Diesel,417,2025-02-17,calma,sin_evento,ridge_log_cv,3.56107955939478e-05,7.32807425739948e-05,7.32807425739948e-05,False,0.1766056428225536,0.20759927051479599,1.1945297323125903e-08,15000.0
Diesel,417,2025-02-17,calma,sin_evento,nnls_base_no_negativa,3.56107955939478e-05,0.00016302672662825776,0.00016302672662825776,False,0.5973560944502393,0.7397006379201956,1.1945297323125903e-08,
Diesel,417,2025-02-17,calma,sin_evento,ngrc_softplus_cv,3.56107955939478e-05,0.00017797914804672032,0.00017797914804672032,False,0.66745659121388,0.8091016471319263,1.1945297323125903e-08,0.021544346900318822
Diesel,417,2025-02-17,calma,sin_evento,ssrc_recurrente_log_cv,3.56107955939478e-05,7.1347324988677e-05,7.1347324988677e-05,False,0.1675413227777088,0.19402987405505634,1.1945297323125903e-08,15000.0
Diesel,417,2025-02-17,calma,sin_evento,naive,3.56107955939478e-05,6.85269246311296e-05,6.85269246311296e-05,False,0.15431861719690587,0.17423926028977332,1.1945297323125903e-08,
Diesel,417,2025-02-17,calma,sin_evento,ewma_094,3.56107955939478e-05,9.247547061557767e-05,9.247547061557767e-05,False,0.2665950788677755,0.33937827936591436,1.1945297323125903e-08,0.94
Diesel,417,2025-02-17,calma,sin_evento,garch_11,3.56107955939478e-05,0.00014262270679332384,0.00014262270679332384,False,0.5016972117599792,0.6372392064257895,1.1945297323125903e-08,
Diesel,417,2025-02-17,calma,sin_evento,gjr_garch_11,3.56107955939478e-05,0.00013243996732454814,0.00013243996732454814,False,0.45395811484725296,0.5823631729573233,1.1945297323125903e-08,
Diesel,421,2025-03-17,calma,sin_evento,ols_clip_legacy,0.00021696820242374622,0.00012669894833478804,0.00012669894833478804,False,0.446835681721387,0.17453340578140364,1.0509831490201972e-08,
Diesel,421,2025-03-17,calma,sin_evento,ridge_cv_clip,0.00021696820242374622,0.00012670035913166835,0.00012670035913166835,False,0.44682869823191274,0.17452547255050366,1.0509831490201972e-08,0.00015
Diesel,421,2025-03-17,calma,sin_evento,ridge_log_cv,0.00021696820242374622,6.097844889304548e-05,6.097844889304548e-05,False,0.7721542463589249,1.2888825421670949,1.0509831490201972e-08,1500.0
Diesel,421,2025-03-17,calma,sin_evento,nnls_base_no_negativa,0.00021696820242374622,0.00012243932354295007,0.00012243932354295007,False,0.46792096005837797,0.19991150511093947,1.0509831490201972e-08,
Diesel,421,2025-03-17,calma,sin_evento,ngrc_softplus_cv,0.00021696820242374622,0.00014724406756282682,0.00014724406756282682,False,0.3451366874296991,0.08586835683459637,1.0509831490201972e-08,0.001
Diesel,421,2025-03-17,calma,sin_evento,ssrc_recurrente_log_cv,0.00021696820242374622,6.072059799152209e-05,6.072059799152209e-05,False,0.77343061653089,1.2997545965363946,1.0509831490201972e-08,15000.0
Diesel,421,2025-03-17,calma,sin_evento,naive,0.00021696820242374622,8.905156672337839e-05,8.905156672337839e-05,False,0.6331914193104179,0.545898091358969,1.0509831490201972e-08,
Diesel,421,2025-03-17,calma,sin_evento,ewma_094,0.00021696820242374622,8.196570061965045e-05,8.196570061965045e-05,False,0.6682666821227761,0.6736109787414715,1.0509831490201972e-08,0.94
Diesel,421,2025-03-17,calma,sin_evento,garch_11,0.00021696820242374622,9.545653278621334e-05,9.545653278621334e-05,False,0.6014866333788891,0.45187307335732063,1.0509831490201972e-08,
Diesel,421,2025-03-17,calma,sin_evento,gjr_garch_11,0.00021696820242374622,9.912454811620104e-05,9.912454811620104e-05,False,0.5833298407136438,0.40547061394453676,1.0509831490201972e-08,
Diesel,425,2025-04-14,calma,sin_evento,ols_clip_legacy,4.1189401893731234e-05,4.407377607315856e-05,4.407377607315856e-05,False,0.014729380867286045,0.002239744642098973,9.99367411365508e-09,
Diesel,425,2025-04-14,calma,sin_evento,ridge_cv_clip,4.1189401893731234e-05,4.407524625847135e-05,4.407524625847135e-05,False,0.014736888533792026,0.002241928172971752,9.99367411365508e-09,0.00015
Diesel,425,2025-04-14,calma,sin_evento,ridge_log_cv,4.1189401893731234e-05,6.27215153456657e-05,6.27215153456657e-05,False,0.10995615692764421,0.07722646249238041,9.99367411365508e-09,15000.0
Diesel,425,2025-04-14,calma,sin_evento,nnls_base_no_negativa,4.1189401893731234e-05,0.00010664494620844769,0.00010664494620844769,False,0.33425609234873893,0.3375533597710587,9.99367411365508e-09,
Diesel,425,2025-04-14,calma,sin_evento,ngrc_softplus_cv,4.1189401893731234e-05,3.5042661986144837e-05,3.5042661986144837e-05,False,0.03138901805346294,0.013792579212389189,9.99367411365508e-09,0.001
Diesel,425,2025-04-14,calma,sin_evento,ssrc_recurrente_log_cv,4.1189401893731234e-05,5.901985012388661e-05,5.901985012388661e-05,False,0.0910531875127688,0.05758349797883433,9.99367411365508e-09,15000.0
Diesel,425,2025-04-14,calma,sin_evento,naive,4.1189401893731234e-05,2.7554280644190573e-06,2.7554280644190573e-06,False,0.19626740622384875,11.243850255917172,9.99367411365508e-09,
Diesel,425,2025-04-14,calma,sin_evento,ewma_094,4.1189401893731234e-05,9.08615656803364e-05,9.08615656803364e-05,False,0.253656486087524,0.2444765108432403,9.99367411365508e-09,0.94
Diesel,425,2025-04-14,calma,sin_evento,garch_11,4.1189401893731234e-05,8.575383625443535e-05,8.575383625443535e-05,False,0.2275732918134447,0.2136212258023289,9.99367411365508e-09,
Diesel,425,2025-04-14,calma,sin_evento,gjr_garch_11,4.1189401893731234e-05,8.536884919258692e-05,8.536884919258692e-05,False,0.22560731212073068,0.21128777445984226,9.99367411365508e-09,
Diesel,429,2025-05-12,calma,sin_evento,ols_clip_legacy,0.0002383650834684399,0.0002250594117675078,0.0002250594117675078,False,0.06871698566374547,0.0016816648573880766,9.99367411365508e-09,
Diesel,429,2025-05-12,calma,sin_evento,ridge_cv_clip,0.0002383650834684399,0.0002250593466484123,0.0002250593466484123,False,0.06871732197055151,0.0016816819635268043,9.99367411365508e-09,0.00015
Diesel,429,2025-05-12,calma,sin_evento,ridge_log_cv,0.0002383650834684399,6.38544185983936e-05,6.38544185983936e-05,False,0.9012582848564933,1.415748116461538,9.99367411365508e-09,15000.0
Diesel,429,2025-05-12,calma,sin_evento,nnls_base_no_negativa,0.0002383650834684399,0.00014999553128960074,0.00014999553128960074,False,0.45638351724546866,0.12594993914769526,9.99367411365508e-09,
Diesel,429,2025-05-12,calma,sin_evento,ngrc_softplus_cv,0.0002383650834684399,0.0002346205458136793,0.0002346205458136793,False,0.019338620862072962,0.00012602127856631284,9.99367411365508e-09,0.021544346900318822
Diesel,429,2025-05-12,calma,sin_evento,ssrc_recurrente_log_cv,0.0002383650834684399,6.22427381274232e-05,6.22427381274232e-05,False,0.9095817897728556,1.4868431254314167,9.99367411365508e-09,15000.0
Diesel,429,2025-05-12,calma,sin_evento,naive,0.0002383650834684399,0.00018919191842380864,0.00018919191842380864,False,0.25395423495802927,0.02887003021823742,9.99367411365508e-09,
Diesel,429,2025-05-12,calma,sin_evento,ewma_094,0.0002383650834684399,8.95565906272826e-05,8.95565906272826e-05,False,0.768519718436539,0.6826813505010918,9.99367411365508e-09,0.94
Diesel,429,2025-05-12,calma,sin_evento,garch_11,0.0002383650834684399,0.0001254006899110807,0.0001254006899110807,False,0.5834032874906234,0.25853819580430715,9.99367411365508e-09,
Diesel,429,2025-05-12,calma,sin_evento,gjr_garch_11,0.0002383650834684399,0.0001344178928549272,0.0001344178928549272,False,0.5368340484963999,0.20046373261427397,9.99367411365508e-09,
Diesel,433,2025-06-09,calma,sin_evento,ols_clip_legacy,3.0738995158081296e-05,8.806629819090965e-05,8.806629819090965e-05,False,0.2951983294403942,0.40160166776216233,9.99367411365508e-09,
Diesel,433,2025-06-09,calma,sin_evento,ridge_cv_clip,3.0738995158081296e-05,8.806744528454849e-05,8.806744528454849e-05,False,0.29520423622665454,0.40161014666361305,9.99367411365508e-09,0.00015
Diesel,433,2025-06-09,calma,sin_evento,ridge_log_cv,3.0738995158081296e-05,4.885884730398055e-05,4.885884730398055e-05,False,0.09330545482164647,0.09254219583927759,9.99367411365508e-09,15.0
Diesel,433,2025-06-09,calma,sin_evento,nnls_base_no_negativa,3.0738995158081296e-05,9.089882789939647e-05,9.089882789939647e-05,False,0.30978401538408445,0.42238218102042957,9.99367411365508e-09,
Diesel,433,2025-06-09,calma,sin_evento,ngrc_softplus_cv,3.0738995158081296e-05,0.00011185670156356891,0.00011185670156356891,False,0.4177034353983789,0.5664934683237428,9.99367411365508e-09,0.001
Diesel,433,2025-06-09,calma,sin_evento,ssrc_recurrente_log_cv,3.0738995158081296e-05,3.783811023523484e-05,3.783811023523484e-05,False,0.036555825940054666,0.020166633627992647,9.99367411365508e-09,150.0
Diesel,433,2025-06-09,calma,sin_evento,naive,3.0738995158081296e-05,1.5262298607924076e-08,1.5262298607924076e-08,False,0.15820724392172789,2005.4396508990435,9.99367411365508e-09,
Diesel,433,2025-06-09,calma,sin_evento,ewma_094,3.0738995158081296e-05,8.401344430909248e-05,8.401344430909248e-05,False,0.27432876760712027,0.3713266468572991,9.99367411365508e-09,0.94
Diesel,433,2025-06-09,calma,sin_evento,garch_11,3.0738995158081296e-05,6.871171906906311e-05,6.871171906906311e-05,False,0.19553483366213928,0.2517494726948195,9.99367411365508e-09,
Diesel,433,2025-06-09,calma,sin_evento,gjr_garch_11,3.0738995158081296e-05,6.638131297192632e-05,6.638131297192632e-05,False,0.18353475777511302,0.2329505321102805,9.99367411365508e-09,
Diesel,437,2025-07-07,calma,sin_evento,ols_clip_legacy,0.0004320733696462374,0.00015293152119013137,0.00015293152119013137,False,1.5222956938356116,0.7866683069736722,9.976068238051193e-09,
Diesel,437,2025-07-07,calma,sin_evento,ridge_cv_clip,0.0004320733696462374,0.00016413771364360072,0.00016413771364360072,False,1.4611828989947044,0.6644936413195275,9.976068238051193e-09,1.5
Diesel,437,2025-07-07,calma,sin_evento,ridge_log_cv,0.0004320733696462374,7.573840812754479e-05,7.573840812754479e-05,False,1.9432671255964753,2.9635018629707828,9.976068238051193e-09,150.0
Diesel,437,2025-07-07,calma,sin_evento,nnls_base_no_negativa,0.0004320733696462374,0.0002656378135476226,0.0002656378135476226,False,0.9076536956080848,0.14008905953491535,9.976068238051193e-09,
Diesel,437,2025-07-07,calma,sin_evento,ngrc_softplus_cv,0.0004320733696462374,9.413376365838698e-05,9.413376365838698e-05,False,1.8429483426334126,2.0661149445926945,9.976068238051193e-09,0.001
Diesel,437,2025-07-07,calma,sin_evento,ssrc_recurrente_log_cv,0.0004320733696462374,8.351987364639183e-05,8.351987364639183e-05,False,1.9008310253965661,2.529789287851542,9.976068238051193e-09,150.0
Diesel,437,2025-07-07,calma,sin_evento,naive,0.0004320733696462374,0.0003012429431830478,0.0003012429431830478,False,0.713481679401101,0.07362369409836345,9.976068238051193e-09,
Diesel,437,2025-07-07,calma,sin_evento,ewma_094,0.0004320733696462374,9.479571873281854e-05,9.479571873281854e-05,False,1.8393383810139237,2.0410706443806026,9.976068238051193e-09,0.94
Diesel,437,2025-07-07,calma,sin_evento,garch_11,0.0004320733696462374,0.00028803294707991414,0.00028803294707991414,False,0.7855221860274219,0.094562609037951,9.976068238051193e-09,
Diesel,437,2025-07-07,calma,sin_evento,gjr_garch_11,0.0004320733696462374,0.00028089195069580525,0.00028089195069580525,False,0.8244654978430774,0.10759378886126147,9.976068238051193e-09,
Diesel,441,2025-08-04,calma,sin_evento,ols_clip_legacy,5.119509584400396e-05,0.00020724599506067977,0.00020724599506067977,False,0.8521648143608629,0.6452884691370846,9.99367411365508e-09,
Diesel,441,2025-08-04,calma,sin_evento,ridge_cv_clip,5.119509584400396e-05,0.00022043203967377423,0.00022043203967377423,False,0.9241713411817666,0.6921945809898515,9.99367411365508e-09,1.5
Diesel,441,2025-08-04,calma,sin_evento,ridge_log_cv,5.119509584400396e-05,9.483335981324932e-05,9.483335981324932e-05,False,0.23830040903992725,0.15632018865033692,9.99367411365508e-09,150.0
Diesel,441,2025-08-04,calma,sin_evento,nnls_base_no_negativa,5.119509584400396e-05,0.0003107283004939731,0.0003107283004939731,False,1.4172623565208318,0.9680335495984818,9.99367411365508e-09,
Diesel,441,2025-08-04,calma,sin_evento,ngrc_softplus_cv,5.119509584400396e-05,0.00016027862978075071,0.00016027862978075071,False,0.5956848048530896,0.4606831051530047,9.99367411365508e-09,0.001
Diesel,441,2025-08-04,calma,sin_evento,ssrc_recurrente_log_cv,5.119509584400396e-05,0.00010630950354332587,0.00010630950354332587,False,0.3009694865038154,0.21227744410978078,9.99367411365508e-09,1500.0
Diesel,441,2025-08-04,calma,sin_evento,naive,5.119509584400396e-05,0.00021250874950717706,0.00021250874950717706,False,0.8809037334471229,0.664247597406799,9.99367411365508e-09,
Diesel,441,2025-08-04,calma,sin_evento,ewma_094,5.119509584400396e-05,0.00014412131281597035,0.00014412131281597035,False,0.5074527146762562,0.39023389376354123,9.99367411365508e-09,0.94
Diesel,441,2025-08-04,calma,sin_evento,garch_11,5.119509584400396e-05,0.00030472093514436437,0.00030472093514436437,False,1.3844572563666886,0.9517591414817521,9.99367411365508e-09,
Diesel,441,2025-08-04,calma,sin_evento,gjr_garch_11,5.119509584400396e-05,0.0002970256059766141,0.0002970256059766141,False,1.3424345010695444,0.9305338073965956,9.99367411365508e-09,
Diesel,445,2025-09-01,calma,sin_evento,ols_clip_legacy,1.2402585165520447e-05,0.00037522798655634704,0.00037522798655634704,False,2.059991051902264,2.442682338532703,9.99367411365508e-09,
Diesel,445,2025-09-01,calma,sin_evento,ridge_cv_clip,1.2402585165520447e-05,0.00034293582529150717,0.00034293582529150717,False,1.876647870864893,2.355804306416287,9.99367411365508e-09,1.5
Diesel,445,2025-09-01,calma,sin_evento,ridge_log_cv,1.2402585165520447e-05,6.551345906830176e-05,6.551345906830176e-05,False,0.3015442815719163,0.8536642162764143,9.99367411365508e-09,150.0
Diesel,445,2025-09-01,calma,sin_evento,nnls_base_no_negativa,1.2402585165520447e-05,0.00015346716350764111,0.00015346716350764111,False,0.8009135193159096,1.5963975820960874,9.99367411365508e-09,
Diesel,445,2025-09-01,calma,sin_evento,ngrc_softplus_cv,1.2402585165520447e-05,0.00032959124434113436,0.00032959124434113436,False,1.800882179588107,2.317578503404062,9.99367411365508e-09,0.021544346900318822
Diesel,445,2025-09-01,calma,sin_evento,ssrc_recurrente_log_cv,1.2402585165520447e-05,7.211114912264704e-05,7.211114912264704e-05,False,0.33900357307432066,0.9322963503141515,9.99367411365508e-09,1500.0
Diesel,445,2025-09-01,calma,sin_evento,naive,1.2402585165520447e-05,0.00019813423848972025,0.00019813423848972025,False,1.054516972726316,1.8336367212484848,9.99367411365508e-09,
Diesel,445,2025-09-01,calma,sin_evento,ewma_094,1.2402585165520447e-05,0.00013970632648641185,0.00013970632648641185,False,0.7227844770224159,1.5104137363507735,9.99367411365508e-09,0.94
Diesel,445,2025-09-01,calma,sin_evento,garch_11,1.2402585165520447e-05,0.00014522318468276793,0.00014522318468276793,False,0.7541071971945503,1.5457704482541397,9.99367411365508e-09,
Diesel,445,2025-09-01,calma,sin_evento,gjr_garch_11,1.2402585165520447e-05,0.0001452082363866209,0.0001452082363866209,False,0.7540223261899679,1.5456763014717563,9.99367411365508e-09,
Diesel,449,2025-09-29,calma,sin_evento,ols_clip_legacy,2.9304288340563373e-05,4.8256396412951984e-05,4.8256396412951984e-05,False,0.1127853979895127,0.10605678198725377,9.260762698412101e-09,
Diesel,449,2025-09-29,calma,sin_evento,ridge_cv_clip,2.9304288340563373e-05,0.00011428241092806462,0.00011428241092806462,False,0.5057110976691988,0.6173587433947856,9.260762698412101e-09,150.0
Diesel,449,2025-09-29,calma,sin_evento,ridge_log_cv,2.9304288340563373e-05,3.4674888247040814e-05,3.4674888247040814e-05,False,0.031960837579698115,0.013397459658635702,9.260762698412101e-09,15.0
Diesel,449,2025-09-29,calma,sin_evento,nnls_base_no_negativa,2.9304288340563373e-05,0.00011776190517174198,0.00011776190517174198,False,0.526417825468367,0.6397744995610981,9.260762698412101e-09,
Diesel,449,2025-09-29,calma,sin_evento,ngrc_softplus_cv,2.9304288340563373e-05,5.833536419671264e-05,5.833536419671264e-05,False,0.1727660813242111,0.19081637415827668,9.260762698412101e-09,0.021544346900318822
Diesel,449,2025-09-29,calma,sin_evento,ssrc_recurrente_log_cv,2.9304288340563373e-05,4.292958035056387e-05,4.292958035056387e-05,False,0.08108512130690657,0.0644402118477545,9.260762698412101e-09,1500.0
Diesel,449,2025-09-29,calma,sin_evento,naive,2.9304288340563373e-05,9.109638096832065e-05,9.109638096832065e-05,False,0.36772931712963136,0.4558686529623166,9.260762698412101e-09,
Diesel,449,2025-09-29,calma,sin_evento,ewma_094,2.9304288340563373e-05,0.00011569534611273444,0.00011569534611273444,False,0.5141195795398009,0.6265149379846071,9.260762698412101e-09,0.94
Diesel,449,2025-09-29,calma,sin_evento,garch_11,2.9304288340563373e-05,0.00011907478745404763,0.00011907478745404763,False,0.5342308851110013,0.6481177551267308,9.260762698412101e-09,
Diesel,449,2025-09-29,calma,sin_evento,gjr_garch_11,2.9304288340563373e-05,0.00011905201836036868,0.00011905201836036868,False,0.5340953845491307,0.6479735875088402,9.260762698412101e-09,
Diesel,453,2025-10-27,calma,sin_evento,ols_clip_legacy,2.979282658056701e-05,9.368732568551072e-05,9.368732568551072e-05,False,0.4253433439590745,0.463698012806542,8.817285665205232e-09,
Diesel,453,2025-10-27,calma,sin_evento,ridge_cv_clip,2.979282658056701e-05,0.0001158769670335481,0.0001158769670335481,False,0.5730589749514223,0.6153687609385745,8.817285665205232e-09,150.0
Diesel,453,2025-10-27,calma,sin_evento,ridge_log_cv,2.979282658056701e-05,4.673834758676795e-05,4.673834758676795e-05,False,0.11280571365099833,0.08773592361696947,8.817285665205232e-09,15.0
Diesel,453,2025-10-27,calma,sin_evento,nnls_base_no_negativa,2.979282658056701e-05,6.133265908317389e-05,6.133265908317389e-05,False,0.20995951157757708,0.20780277724085416,8.817285665205232e-09,
Diesel,453,2025-10-27,calma,sin_evento,ngrc_softplus_cv,2.979282658056701e-05,0.00010952718627379592,0.00010952718627379592,False,0.5307887166413292,0.5739182227482289,8.817285665205232e-09,0.021544346900318822
Diesel,453,2025-10-27,calma,sin_evento,ssrc_recurrente_log_cv,2.979282658056701e-05,3.538277691359474e-05,3.538277691359474e-05,False,0.03721209494591986,0.013972462486490533,8.817285665205232e-09,150.0
Diesel,453,2025-10-27,calma,sin_evento,naive,2.979282658056701e-05,4.2980062587597396e-05,4.2980062587597396e-05,False,0.08778694784969095,0.05964653311699175,8.817285665205232e-09,
Diesel,453,2025-10-27,calma,sin_evento,ewma_094,2.979282658056701e-05,9.445884431506958e-05,9.445884431506958e-05,False,0.4304793152620861,0.46930195228515825,8.817285665205232e-09,0.94
Diesel,453,2025-10-27,calma,sin_evento,garch_11,2.979282658056701e-05,7.245914614433075e-05,7.245914614433075e-05,False,0.2840281290549095,0.29992248819250866,8.817285665205232e-09,
Diesel,453,2025-10-27,calma,sin_evento,gjr_garch_11,2.979282658056701e-05,7.281961278382845e-05,7.281961278382845e-05,False,0.2864277422920024,0.30284958014822516,8.817285665205232e-09,
Diesel,457,2025-11-24,calma,sin_evento,ols_clip_legacy,0.00025795632812488804,0.00011868554649022188,0.00011868554649022188,False,1.160276786542152,0.39713071728768234,7.467432032921885e-09,
Diesel,457,2025-11-24,calma,sin_evento,ridge_cv_clip,0.00025795632812488804,0.00012018528227845087,0.00012018528227845087,False,1.147782359494322,0.38256637686135786,7.467432032921885e-09,1.5
Diesel,457,2025-11-24,calma,sin_evento,ridge_log_cv,0.00025795632812488804,4.219773030578067e-05,4.219773030578067e-05,False,1.7975033212858906,3.30261411788395,7.467432032921885e-09,150.0
Diesel,457,2025-11-24,calma,sin_evento,nnls_base_no_negativa,0.00025795632812488804,0.00012496465809077247,0.00012496465809077247,False,1.1079649710650357,0.3394749191283424,7.467432032921885e-09,
Diesel,457,2025-11-24,calma,sin_evento,ngrc_softplus_cv,0.00025795632812488804,0.00011648009044195828,0.00011648009044195828,False,1.1786506294006764,0.41952593883013334,7.467432032921885e-09,1e-07
Diesel,457,2025-11-24,calma,sin_evento,ssrc_recurrente_log_cv,0.00025795632812488804,2.4857359430701286e-05,2.4857359430701286e-05,False,1.9419674332858066,7.037826577375576,7.467432032921885e-09,150.0
Diesel,457,2025-11-24,calma,sin_evento,naive,0.00025795632812488804,5.890533705199297e-05,5.890533705199297e-05,False,1.6583108213316868,1.9023087381186592,7.467432032921885e-09,
Diesel,457,2025-11-24,calma,sin_evento,ewma_094,0.00025795632812488804,8.128581877412964e-05,8.128581877412964e-05,False,1.4718571150407007,1.0186293828026605,7.467432032921885e-09,0.94
Diesel,457,2025-11-24,calma,sin_evento,garch_11,0.00025795632812488804,0.00010029436593494306,0.00010029436593494306,False,1.313495283810095,0.627311433822487,7.467432032921885e-09,
Diesel,457,2025-11-24,calma,sin_evento,gjr_garch_11,0.00025795632812488804,9.979414685547152e-05,9.979414685547152e-05,False,1.3176626517194587,0.6352035800543385,7.467432032921885e-09,
Diesel,461,2025-12-22,calma,sin_evento,ols_clip_legacy,0.0006260518444004182,0.00013365942943191586,0.00013365942943191586,False,4.209507479711245,2.139795047405322,7.467432032921885e-09,
Diesel,461,2025-12-22,calma,sin_evento,ridge_cv_clip,0.0006260518444004182,0.00013412229275656462,0.00013412229275656462,False,4.205550419106814,2.1270875621183887,7.467432032921885e-09,0.15
Diesel,461,2025-12-22,calma,sin_evento,ridge_log_cv,0.0006260518444004182,4.9482415647053754e-05,4.9482415647053754e-05,False,4.929144416380549,9.11419068077032,7.467432032921885e-09,150.0
Diesel,461,2025-12-22,calma,sin_evento,nnls_base_no_negativa,0.0006260518444004182,0.00019632472413751782,0.00019632472413751782,False,3.6737761833662046,1.029195760699602,7.467432032921885e-09,
Diesel,461,2025-12-22,calma,sin_evento,ngrc_softplus_cv,0.0006260518444004182,0.00012830261690627255,0.00012830261690627255,False,4.255303356553802,2.294452443187851,7.467432032921885e-09,1e-07
Diesel,461,2025-12-22,calma,sin_evento,ssrc_recurrente_log_cv,0.0006260518444004182,4.948865137314286e-05,4.948865137314286e-05,False,4.92909110659182,9.112722499156705,7.467432032921885e-09,1500.0
Diesel,461,2025-12-22,calma,sin_evento,naive,0.0006260518444004182,0.00023237529371680145,0.00023237529371680145,False,3.365576589549243,0.7030616882529173,7.467432032921885e-09,
Diesel,461,2025-12-22,calma,sin_evento,ewma_094,0.0006260518444004182,9.393732232776056e-05,9.393732232776056e-05,False,4.5490953813151505,3.767764421027189,7.467432032921885e-09,0.94
Diesel,461,2025-12-22,calma,sin_evento,garch_11,0.0006260518444004182,0.00019133979944184175,0.00019133979944184175,False,3.716392757371692,1.086555108021682,7.467432032921885e-09,
Diesel,461,2025-12-22,calma,sin_evento,gjr_garch_11,0.0006260518444004182,0.00019778585048488853,0.00019778585048488853,False,3.6612848815080037,1.0130531716129245,7.467432032921885e-09,
Diesel,465,2026-01-19,calma,sin_evento,ols_clip_legacy,1.291914353413351e-07,0.00013815340043442207,0.00013815340043442207,False,1.1778389481308587,5.975759775232791,7.467432032921885e-09,
Diesel,465,2026-01-19,calma,sin_evento,ridge_cv_clip,1.291914353413351e-07,0.00015534823693786362,0.00015534823693786362,False,1.3245722515662768,6.092960891293925,7.467432032921885e-09,150.0
Diesel,465,2026-01-19,calma,sin_evento,ridge_log_cv,1.291914353413351e-07,5.412770444164182e-05,5.412770444164182e-05,False,0.46079997285400165,5.040192920898616,7.467432032921885e-09,150.0
Diesel,465,2026-01-19,calma,sin_evento,nnls_base_no_negativa,1.291914353413351e-07,0.00015746543030717184,0.00015746543030717184,False,1.3426394647687971,6.106486366980365,7.467432032921885e-09,
Diesel,465,2026-01-19,calma,sin_evento,ngrc_softplus_cv,1.291914353413351e-07,0.00015118457503347348,0.00015118457503347348,False,1.2890413603305801,6.065815949211901,7.467432032921885e-09,0.46415888336127725
Diesel,465,2026-01-19,calma,sin_evento,ssrc_recurrente_log_cv,1.291914353413351e-07,5.975040128252447e-05,5.975040128252447e-05,False,0.5087816376702662,5.138798071806614,7.467432032921885e-09,1500.0
Diesel,465,2026-01-19,calma,sin_evento,naive,1.291914353413351e-07,0.0001099619298525545,0.0001099619298525545,False,0.937265122008587,5.747769067606694,7.467432032921885e-09,
Diesel,465,2026-01-19,calma,sin_evento,ewma_094,1.291914353413351e-07,0.00015336080346858326,0.00015336080346858326,False,1.3076123532708057,6.080095719503978,7.467432032921885e-09,0.94
Diesel,465,2026-01-19,calma,sin_evento,garch_11,1.291914353413351e-07,0.00010773962521785682,0.00010773962521785682,False,0.918300934694345,5.7273765263218905,7.467432032921885e-09,
Diesel,465,2026-01-19,calma,sin_evento,gjr_garch_11,1.291914353413351e-07,0.00010784713606446281,0.00010784713606446281,False,0.9192183857951146,5.7283727099653765,7.467432032921885e-09,
Diesel,469,2026-02-16,calma,sin_evento,ols_clip_legacy,0.0002910164258734355,0.00019975030042979124,0.00019975030042979124,False,0.8027463151551744,0.08058944401410328,7.845216729307335e-09,
Diesel,469,2026-02-16,calma,sin_evento,ridge_cv_clip,0.0002910164258734355,0.0001894153512084375,0.0001894153512084375,False,0.8936490719494292,0.10695555002457824,7.845216729307335e-09,150.0
Diesel,469,2026-02-16,calma,sin_evento,ridge_log_cv,0.0002910164258734355,7.079082958761359e-05,7.079082958761359e-05,False,1.9370306897761032,1.6972837214035588,7.845216729307335e-09,150.0
Diesel,469,2026-02-16,calma,sin_evento,nnls_base_no_negativa,0.0002910164258734355,0.00023247360864971594,0.00023247360864971594,False,0.5149230404676555,0.027222643876922747,7.845216729307335e-09,
Diesel,469,2026-02-16,calma,sin_evento,ngrc_softplus_cv,0.0002910164258734355,0.00019188410715642834,0.00019188410715642834,False,0.8719347203142129,0.10013786920398515,7.845216729307335e-09,0.46415888336127725
Diesel,469,2026-02-16,calma,sin_evento,ssrc_recurrente_log_cv,0.0002910164258734355,7.603116012444086e-05,7.603116012444086e-05,False,1.890938495019454,1.485357724471367,7.845216729307335e-09,1500.0
Diesel,469,2026-02-16,calma,sin_evento,naive,0.0002910164258734355,0.000254285473451748,0.000254285473451748,False,0.32307317271682234,0.00952553776124132,7.845216729307335e-09,
Diesel,469,2026-02-16,calma,sin_evento,ewma_094,0.0002910164258734355,0.0001471735484165556,0.0001471735484165556,False,1.265193841400976,0.29560187251778913,7.845216729307335e-09,0.94
Diesel,469,2026-02-16,calma,sin_evento,garch_11,0.0002910164258734355,0.00023560049906946764,0.00023560049906946764,False,0.4874199581340063,0.023969273370794353,7.845216729307335e-09,
Diesel,469,2026-02-16,calma,sin_evento,gjr_garch_11,0.0002910164258734355,0.00023256449472960913,0.00023256449472960913,False,0.5141236369060546,0.027124306930527142,7.845216729307335e-09,
Diesel,473,2026-03-16,medio_oriente_2026,exploratoria_ex_post,ols_clip_legacy,0.013093901722333521,0.00026630358848731765,0.00026630358848731765,False,112.30379188307558,44.27381236488449,8.917658165755751e-09,
Diesel,473,2026-03-16,medio_oriente_2026,exploratoria_ex_post,ridge_cv_clip,0.013093901722333521,0.0001312224356482248,0.0001312224356482248,False,113.48640810767807,94.18100877482797,8.917658165755751e-09,150.0
Diesel,473,2026-03-16,medio_oriente_2026,exploratoria_ex_post,ridge_log_cv,0.013093901722333521,4.38933345470205e-05,4.38933345470205e-05,False,114.25096193085473,291.6137081078951,8.917658165755751e-09,150.0
Diesel,473,2026-03-16,medio_oriente_2026,exploratoria_ex_post,nnls_base_no_negativa,0.013093901722333521,0.0002660360491559315,0.0002660360491559315,False,112.30613415175898,44.32225413510833,8.917658165755751e-09,
Diesel,473,2026-03-16,medio_oriente_2026,exploratoria_ex_post,ngrc_softplus_cv,0.013093901722333521,0.0001377715425819801,0.0001377715425819801,False,113.42907161066327,89.4863795191811,8.917658165755751e-09,0.46415888336127725
Diesel,473,2026-03-16,medio_oriente_2026,exploratoria_ex_post,ssrc_recurrente_log_cv,0.013093901722333521,6.356348528720571e-05,6.356348528720571e-05,False,114.07875256695161,199.66936452282502,8.917658165755751e-09,1500.0
Diesel,473,2026-03-16,medio_oriente_2026,exploratoria_ex_post,naive,0.013093901722333521,0.00034621086963191694,0.00034621086963191694,False,111.60421503494159,33.18774299683549,8.917658165755751e-09,
Diesel,473,2026-03-16,medio_oriente_2026,exploratoria_ex_post,ewma_094,0.013093901722333521,0.00017237540528164912,0.00017237540528164912,False,113.12611972875791,70.6313155827576,8.917658165755751e-09,0.94
Diesel,473,2026-03-16,medio_oriente_2026,exploratoria_ex_post,garch_11,0.013093901722333521,0.0002897231285763276,0.0002897231285763276,False,112.09875715025105,40.3835576380674,8.917658165755751e-09,
Diesel,473,2026-03-16,medio_oriente_2026,exploratoria_ex_post,gjr_garch_11,0.013093901722333521,0.0002950932642238343,0.0002950932642238343,False,112.05174237867426,39.57946887726057,8.917658165755751e-09,
Diesel,477,2026-04-13,medio_oriente_2026,exploratoria_ex_post,ols_clip_legacy,0.0029838302765579383,0.0063942161052938234,0.0063942161052938234,False,13.947761543378682,0.22883124894726325,9.019898878002864e-09,
Diesel,477,2026-04-13,medio_oriente_2026,exploratoria_ex_post,ridge_cv_clip,0.0029838302765579383,0.002497509303464629,0.002497509303464629,False,1.9889506076101715,0.01680854073697069,9.019898878002864e-09,1500.0
Diesel,477,2026-04-13,medio_oriente_2026,exploratoria_ex_post,ridge_log_cv,0.0029838302765579383,0.0003734582749764704,0.0003734582749764704,False,10.675873067143831,4.911571845906738,9.019898878002864e-09,1500.0
Diesel,477,2026-04-13,medio_oriente_2026,exploratoria_ex_post,nnls_base_no_negativa,0.0029838302765579383,0.00668234500865853,0.00668234500865853,False,15.126148224446888,0.25278559933314204,9.019898878002864e-09,
Diesel,477,2026-04-13,medio_oriente_2026,exploratoria_ex_post,ngrc_softplus_cv,0.0029838302765579383,0.002497432317316691,0.002497432317316691,False,1.989265464781033,0.016814543747724953,9.019898878002864e-09,10.0
Diesel,477,2026-04-13,medio_oriente_2026,exploratoria_ex_post,ssrc_recurrente_log_cv,0.0029838302765579383,0.0009197892635608297,0.0009197892635608297,False,8.441494103823574,1.067218362901147,9.019898878002864e-09,1500.0
Diesel,477,2026-04-13,medio_oriente_2026,exploratoria_ex_post,naive,0.0029838302765579383,0.007032348108180696,0.007032348108180696,False,16.557587368500606,0.28161356704088325,9.019898878002864e-09,
Diesel,477,2026-04-13,medio_oriente_2026,exploratoria_ex_post,ewma_094,0.0029838302765579383,0.0019948014105183177,0.0019948014105183177,False,4.044920274651766,0.09313987048862571,9.019898878002864e-09,0.94
Diesel,477,2026-04-13,medio_oriente_2026,exploratoria_ex_post,garch_11,0.0029838302765579383,0.006622210286305255,0.006622210286305255,False,14.880209843870267,0.24780060102746937,9.019898878002864e-09,
Diesel,477,2026-04-13,medio_oriente_2026,exploratoria_ex_post,gjr_garch_11,0.0029838302765579383,0.006622210124515643,0.006622210124515643,False,14.880209182184748,0.24780058760437162,9.019898878002864e-09,
Diesel,481,2026-05-11,medio_oriente_2026,exploratoria_ex_post,ols_clip_legacy,0.0003927593255971792,0.0002472084039819699,0.0002472084039819699,False,0.503536286579649,0.1258129105711523,9.260762698412101e-09,
Diesel,481,2026-05-11,medio_oriente_2026,exploratoria_ex_post,ridge_cv_clip,0.0003927593255971792,0.00039206539247849895,0.00039206539247849895,False,0.002400675322679536,1.5645020752241834e-06,9.260762698412101e-09,1500.0
Diesel,481,2026-05-11,medio_oriente_2026,exploratoria_ex_post,ridge_log_cv,0.0003927593255971792,6.275803336606935e-05,6.275803336606935e-05,False,1.1416459848727951,3.4244011287722174,9.260762698412101e-09,1500.0
Diesel,481,2026-05-11,medio_oriente_2026,exploratoria_ex_post,nnls_base_no_negativa,0.0003927593255971792,1.0855620627707353e-05,1.0855620627707353e-05,False,1.321203406322115,31.591759664366748,9.260762698412101e-09,
Diesel,481,2026-05-11,medio_oriente_2026,exploratoria_ex_post,ngrc_softplus_cv,0.0003927593255971792,0.00039364086682519523,0.00039364086682519523,False,0.0030497092804094073,2.5113306463264706e-06,9.260762698412101e-09,10.0
Diesel,481,2026-05-11,medio_oriente_2026,exploratoria_ex_post,ssrc_recurrente_log_cv,0.0003927593255971792,6.937097837878133e-05,6.937097837878133e-05,False,1.1187683710583014,2.9279954703966946,9.260762698412101e-09,1500.0
Diesel,481,2026-05-11,medio_oriente_2026,exploratoria_ex_post,naive,0.0003927593255971792,7.599243468583943e-06,7.599243468583943e-06,False,1.3324689073867022,46.73885512087099,9.260762698412101e-09,
Diesel,481,2026-05-11,medio_oriente_2026,exploratoria_ex_post,ewma_094,0.0003927593255971792,0.0017661347440232724,0.0017661347440232724,False,4.751219371198979,0.7257352125129977,9.260762698412101e-09,0.94
Diesel,481,2026-05-11,medio_oriente_2026,exploratoria_ex_post,garch_11,0.0003927593255971792,4.757904413292125e-05,4.757904413292125e-05,False,1.194157997766111,5.144075935301853,9.260762698412101e-09,
Diesel,481,2026-05-11,medio_oriente_2026,exploratoria_ex_post,gjr_garch_11,0.0003927593255971792,4.717820657979607e-05,4.717820657979607e-05,False,1.195544703193892,5.205751060286739,9.260762698412101e-09,
Diesel,485,2026-06-08,medio_oriente_2026,exploratoria_ex_post,ols_clip_legacy,0.0005250964521814591,0.0011257028048296852,0.0011257028048296852,False,2.0494431846556855,0.22904186739999188,9.685336015075621e-09,
Diesel,485,2026-06-08,medio_oriente_2026,exploratoria_ex_post,ridge_cv_clip,0.0005250964521814591,0.00031190837923436674,0.00031190837923436674,False,0.7274595768506612,0.1626233426784296,9.685336015075621e-09,1500.0
Diesel,485,2026-06-08,medio_oriente_2026,exploratoria_ex_post,ridge_log_cv,0.0005250964521814591,5.6251758798385034e-05,5.6251758798385034e-05,False,1.599834163057389,6.101011508006767,9.685336015075621e-09,1500.0
Diesel,485,2026-06-08,medio_oriente_2026,exploratoria_ex_post,nnls_base_no_negativa,0.0005250964521814591,0.00026798974680613364,0.00026798974680613364,False,0.8773226968669067,0.28675684022503245,9.685336015075621e-09,
Diesel,485,2026-06-08,medio_oriente_2026,exploratoria_ex_post,ngrc_softplus_cv,0.0005250964521814591,0.00031601384197163166,0.00031601384197163166,False,0.7134505464938454,0.15382890033340324,9.685336015075621e-09,10.0
Diesel,485,2026-06-08,medio_oriente_2026,exploratoria_ex_post,ssrc_recurrente_log_cv,0.0005250964521814591,5.595146147859817e-05,5.595146147859817e-05,False,1.600858864665512,6.145759363783698,9.685336015075621e-09,150.0
Diesel,485,2026-06-08,medio_oriente_2026,exploratoria_ex_post,naive,0.0005250964521814591,0.00014102968858587534,0.00014102968858587534,False,1.3105472621678242,1.4086928056626276,9.685336015075621e-09,
Diesel,485,2026-06-08,medio_oriente_2026,exploratoria_ex_post,ewma_094,0.0005250964521814591,0.0014077524429490257,0.0014077524429490257,False,3.0118784070430924,0.35917113860190764,9.685336015075621e-09,0.94
Diesel,485,2026-06-08,medio_oriente_2026,exploratoria_ex_post,garch_11,0.0005250964521814591,0.0002773933342972668,0.0002773933342972668,False,0.8452349272153858,0.25482160195790504,9.685336015075621e-09,
Diesel,485,2026-06-08,medio_oriente_2026,exploratoria_ex_post,gjr_garch_11,0.0005250964521814591,0.0002850432145565868,0.0002850432145565868,False,0.8191313156039416,0.2312231990783733,9.685336015075621e-09,
Diesel,489,2026-07-06,calma,sin_evento,ols_clip_legacy,0.0004100253645173627,0.00019834985166534042,0.00019834985166534042,False,0.7273984550689135,0.34099598896828653,9.685336015075621e-09,
Diesel,489,2026-07-06,calma,sin_evento,ridge_cv_clip,0.0004100253645173627,0.00019838305401585144,0.00019838305401585144,False,0.7272843590256775,0.34081739411518397,9.685336015075621e-09,0.00015
Diesel,489,2026-07-06,calma,sin_evento,ridge_log_cv,0.0004100253645173627,6.255860704875398e-05,6.255860704875398e-05,False,1.194029385662387,3.6741446267647273,9.685336015075621e-09,1500.0
Diesel,489,2026-07-06,calma,sin_evento,nnls_base_no_negativa,0.0004100253645173627,0.0011469732168495378,0.0011469732168495378,False,2.5324361898559427,0.38614743348273284,9.685336015075621e-09,
Diesel,489,2026-07-06,calma,sin_evento,ngrc_softplus_cv,0.0004100253645173627,1.738377727643259e-198,9.685336015075621e-09,False,1.4089715318136016,42323.00223340903,9.685336015075621e-09,1e-07
Diesel,489,2026-07-06,calma,sin_evento,ssrc_recurrente_log_cv,0.0004100253645173627,0.0012238671651353672,0.0012238671651353672,False,2.7966733632240426,0.42857631100742166,9.685336015075621e-09,150.0
Diesel,489,2026-07-06,calma,sin_evento,naive,0.0004100253645173627,0.0009369313389275133,0.0009369313389275133,False,1.8106515325674926,0.26401681985036873,9.685336015075621e-09,
Diesel,489,2026-07-06,calma,sin_evento,ewma_094,0.0004100253645173627,0.0012746503092496183,0.0012746503092496183,False,2.9711837734011133,0.4558848768463126,9.685336015075621e-09,0.94
Diesel,489,2026-07-06,calma,sin_evento,garch_11,0.0004100253645173627,0.0011063368366914376,0.0011063368366914376,False,2.392793962239095,0.3632059725445673,9.685336015075621e-09,
Diesel,489,2026-07-06,calma,sin_evento,gjr_garch_11,0.0004100253645173627,0.001105873985259974,0.001105873985259974,False,2.3912034267461753,0.3629426380443641,9.685336015075621e-09,
Diesel,493,2026-08-03,calma,sin_evento,ols_clip_legacy,0.0016743286803030852,-0.0010598824400998381,9.260762698412101e-09,True,5.59629360161688,180785.03588385944,9.260762698412101e-09,
Diesel,493,2026-08-03,calma,sin_evento,ridge_cv_clip,0.0016743286803030852,0.0004494286510914131,0.0004494286510914131,False,4.094141246942792,1.4102700204062848,9.260762698412101e-09,15.0
Diesel,493,2026-08-03,calma,sin_evento,ridge_log_cv,0.0016743286803030852,6.105970949716809e-05,6.105970949716809e-05,False,5.3922368179224405,23.109854752356114,9.260762698412101e-09,1500.0
Diesel,493,2026-08-03,calma,sin_evento,nnls_base_no_negativa,0.0016743286803030852,0.0006692623197995283,0.0006692623197995283,False,3.3593628413092333,0.5847610124458504,9.260762698412101e-09,
Diesel,493,2026-08-03,calma,sin_evento,ngrc_softplus_cv,0.0016743286803030852,8.674970225293825e-08,8.674970225293825e-08,False,5.596034600346535,19289.817141887692,9.260762698412101e-09,0.021544346900318822
Diesel,493,2026-08-03,calma,sin_evento,ssrc_recurrente_log_cv,0.0016743286803030852,7.57752696692929e-05,7.57752696692929e-05,False,5.343051104447245,18.000582257196324,9.260762698412101e-09,1500.0
Diesel,493,2026-08-03,calma,sin_evento,naive,0.0016743286803030852,0.0008987873599492983,0.0008987873599492983,False,2.5921917157699874,0.2407540980020526,9.260762698412101e-09,
Diesel,493,2026-08-03,calma,sin_evento,ewma_094,0.0016743286803030852,0.0010794050025467533,0.0010794050025467533,False,1.9884900888219283,0.1121565723042135,9.260762698412101e-09,0.94
Diesel,493,2026-08-03,calma,sin_evento,garch_11,0.0016743286803030852,0.0008837699811601815,0.0008837699811601815,False,2.6423862365106365,0.25555918015614565,9.260762698412101e-09,
Diesel,493,2026-08-03,calma,sin_evento,gjr_garch_11,0.0016743286803030852,0.0008837789718781689,0.0008837789718781689,False,2.6423561856750797,0.25555008011999014,9.260762698412101e-09,
Kerosene,153,2020-01-20,calma,sin_evento,ols_clip_legacy,1.723062137871511e-05,0.00015439781186278711,0.00015439781186278711,False,1.2153278538099659,1.3044432222472744,5.6015326144081506e-09,
Kerosene,153,2020-01-20,calma,sin_evento,ridge_cv_clip,1.723062137871511e-05,0.00015439776810306514,0.00015439776810306514,False,1.2153274660903604,1.304442970454903,5.6015326144081506e-09,0.00015
Kerosene,153,2020-01-20,calma,sin_evento,ridge_log_cv,1.723062137871511e-05,2.6324391078296216e-05,2.6324391078296216e-05,False,0.0805725594657956,0.07835747881558364,5.6015326144081506e-09,15000.0
Kerosene,153,2020-01-20,calma,sin_evento,nnls_base_no_negativa,1.723062137871511e-05,0.00012629457694332056,0.00012629457694332056,False,0.9663277535727401,1.1283609741637695,5.6015326144081506e-09,
Kerosene,153,2020-01-20,calma,sin_evento,ngrc_softplus_cv,1.723062137871511e-05,0.00014827600932628736,0.00014827600932628736,False,1.1610874985772284,1.2685937520352448,5.6015326144081506e-09,0.46415888336127725
Kerosene,153,2020-01-20,calma,sin_evento,ssrc_recurrente_log_cv,1.723062137871511e-05,2.656451130215651e-05,2.656451130215651e-05,False,0.08270007111993556,0.0815211521360486,5.6015326144081506e-09,15000.0
Kerosene,153,2020-01-20,calma,sin_evento,naive,1.723062137871511e-05,0.00010998659927381276,0.00010998659927381276,False,0.8218359153195886,1.0103315176686265,5.6015326144081506e-09,
Kerosene,153,2020-01-20,calma,sin_evento,ewma_094,1.723062137871511e-05,8.452757635609839e-05,8.452757635609839e-05,False,0.5962640451552181,0.794235869249367,5.6015326144081506e-09,0.94
Kerosene,153,2020-01-20,calma,sin_evento,garch_11,1.723062137871511e-05,0.00010952484203658014,0.00010952484203658014,False,0.8177446568333087,1.0067848594287039,5.6015326144081506e-09,
Kerosene,153,2020-01-20,calma,sin_evento,gjr_garch_11,1.723062137871511e-05,0.00010950662436157576,0.00010950662436157576,False,0.8175832447070827,1.0066446841063668,5.6015326144081506e-09,
Kerosene,157,2020-02-17,covid_2020,calendario_externo,ols_clip_legacy,0.0009556488629999136,0.001308996100642283,0.001308996100642283,False,2.8240720812602924,0.044687661082525976,6.268404084335664e-09,
Kerosene,157,2020-02-17,covid_2020,calendario_externo,ridge_cv_clip,0.0009556488629999136,0.0013074608472423248,0.0013074608472423248,False,2.8118018105390314,0.04437138245405525,6.268404084335664e-09,0.15
Kerosene,157,2020-02-17,covid_2020,calendario_externo,ridge_log_cv,0.0009556488629999136,0.0018570946871959296,0.0018570946871959296,False,7.20466361040935,0.17897150627778946,6.268404084335664e-09,150.0
Kerosene,157,2020-02-17,covid_2020,calendario_externo,nnls_base_no_negativa,0.0009556488629999136,0.0013493606802081899,0.0013493606802081899,False,3.146679618776298,0.053219081777110766,6.268404084335664e-09,
Kerosene,157,2020-02-17,covid_2020,calendario_externo,ngrc_softplus_cv,0.0009556488629999136,0.0014362800128406845,0.0014362800128406845,False,3.8413686794493773,0.07278507269420453,6.268404084335664e-09,0.021544346900318822
Kerosene,157,2020-02-17,covid_2020,calendario_externo,ssrc_recurrente_log_cv,0.0009556488629999136,0.00011371068532553263,0.00011371068532553263,False,6.729058128717862,5.275480206569664,6.268404084335664e-09,1500.0
Kerosene,157,2020-02-17,covid_2020,calendario_externo,naive,0.0009556488629999136,0.0018041698619970959,0.0018041698619970959,False,6.781670290164738,0.16515427010759343,6.268404084335664e-09,
Kerosene,157,2020-02-17,covid_2020,calendario_externo,ewma_094,0.0009556488629999136,0.000244391915978152,0.000244391915978152,False,5.684608998470731,1.5466955075724007,6.268404084335664e-09,0.94
Kerosene,157,2020-02-17,covid_2020,calendario_externo,garch_11,0.0009556488629999136,0.0013714851102240683,0.0013714851102240683,False,3.3235056371103595,0.058057475868935615,6.268404084335664e-09,
Kerosene,157,2020-02-17,covid_2020,calendario_externo,gjr_garch_11,0.0009556488629999136,0.0014829362629712455,0.0014829362629712455,False,4.214261401886257,0.08381898190656356,6.268404084335664e-09,
Kerosene,161,2020-03-16,covid_2020,calendario_externo,ols_clip_legacy,0.00209695107036857,4.706921366541651e-05,4.706921366541651e-05,False,15.008689596420439,39.75375340304743,6.382896503410009e-09,
Kerosene,161,2020-03-16,covid_2020,calendario_externo,ridge_cv_clip,0.00209695107036857,0.0001700383920623333,0.0001700383920623333,False,14.108341987385797,8.820005790694706,6.382896503410009e-09,1500.0
Kerosene,161,2020-03-16,covid_2020,calendario_externo,ridge_log_cv,0.00209695107036857,3.0254551298896994e-05,3.0254551298896994e-05,False,15.13180208083141,64.07167531599873,6.382896503410009e-09,150.0
Kerosene,161,2020-03-16,covid_2020,calendario_externo,nnls_base_no_negativa,0.00209695107036857,0.000149938994162231,0.000149938994162231,False,14.255504431490138,10.347350535493451,6.382896503410009e-09,
Kerosene,161,2020-03-16,covid_2020,calendario_externo,ngrc_softplus_cv,0.00209695107036857,0.00017145584142865878,0.00017145584142865878,False,14.097963800229179,8.72635509869317,6.382896503410009e-09,10.0
Kerosene,161,2020-03-16,covid_2020,calendario_externo,ssrc_recurrente_log_cv,0.00209695107036857,0.00011852100095373295,0.00011852100095373295,False,14.485538619200437,13.819504544554324,6.382896503410009e-09,150.0
Kerosene,161,2020-03-16,covid_2020,calendario_externo,naive,0.00209695107036857,0.00013403974139710814,0.00013403974139710814,False,14.371914530338735,11.894145487311507,6.382896503410009e-09,
Kerosene,161,2020-03-16,covid_2020,calendario_externo,ewma_094,0.00209695107036857,0.0002831324907723405,0.0002831324907723405,False,13.280297084614977,4.4039290017889705,6.382896503410009e-09,0.94
Kerosene,161,2020-03-16,covid_2020,calendario_externo,garch_11,0.00209695107036857,0.00015538070677963844,0.00015538070677963844,False,14.215661659439387,9.893207714333121,6.382896503410009e-09,
Kerosene,161,2020-03-16,covid_2020,calendario_externo,gjr_garch_11,0.00209695107036857,0.00015596541935162077,0.00015596541935162077,False,14.211380549546487,9.846369013745592,6.382896503410009e-09,
Kerosene,165,2020-04-13,covid_2020,calendario_externo,ols_clip_legacy,0.005653168773544197,0.00519403768763238,0.00519403768763238,False,2.087117442316604,0.003690930475604537,6.431117552839215e-09,
Kerosene,165,2020-04-13,covid_2020,calendario_externo,ridge_cv_clip,0.005653168773544197,0.010566268769092071,0.010566268769092071,False,22.33396302537242,0.16047084883891616,6.431117552839215e-09,150.0
Kerosene,165,2020-04-13,covid_2020,calendario_externo,ridge_log_cv,0.005653168773544197,4.833311966844776,4.833311966844776,False,21945.564550475494,5.752240612555332,6.431117552839215e-09,150.0
Kerosene,165,2020-04-13,covid_2020,calendario_externo,nnls_base_no_negativa,0.005653168773544197,0.01030001049541406,0.01030001049541406,False,21.123606540686,0.1487794593621834,6.431117552839215e-09,
Kerosene,165,2020-04-13,covid_2020,calendario_externo,ngrc_softplus_cv,0.005653168773544197,0.009498033916185943,0.009498033916185943,False,17.47798253874706,0.11406216438902428,6.431117552839215e-09,0.46415888336127725
Kerosene,165,2020-04-13,covid_2020,calendario_externo,ssrc_recurrente_log_cv,0.005653168773544197,0.0032339045828163517,0.0032339045828163517,False,10.997487743641573,0.18956789232711024,6.431117552839215e-09,150.0
Kerosene,165,2020-04-13,covid_2020,calendario_externo,naive,0.005653168773544197,0.00966222240131551,0.00966222240131551,False,18.22435032271209,0.1210870052279649,6.431117552839215e-09,
Kerosene,165,2020-04-13,covid_2020,calendario_externo,ewma_094,0.005653168773544197,0.0019481582831995066,0.0019481582831995066,False,16.84223145772709,0.8364697977999385,6.431117552839215e-09,0.94
Kerosene,165,2020-04-13,covid_2020,calendario_externo,garch_11,0.005653168773544197,0.008052532198244759,0.008052532198244759,False,10.907022869522851,0.05580652679567999,6.431117552839215e-09,
Kerosene,165,2020-04-13,covid_2020,calendario_externo,gjr_garch_11,0.005653168773544197,0.01093526674591148,0.01093526674591148,False,24.011353507591352,0.17674351572687463,6.431117552839215e-09,
Kerosene,169,2020-05-11,covid_2020,calendario_externo,ols_clip_legacy,0.0003429551302052252,0.006345177467647339,0.006345177467647339,False,20.41515347575588,1.9719004567623295,6.943690456113508e-09,
Kerosene,169,2020-05-11,covid_2020,calendario_externo,ridge_cv_clip,0.0003429551302052252,0.0008539842030866489,0.0008539842030866489,False,1.7381457011959804,0.31390730521130394,6.943690456113508e-09,1500.0
Kerosene,169,2020-05-11,covid_2020,calendario_externo,ridge_log_cv,0.0003429551302052252,0.00010453873282917178,0.00010453873282917178,False,0.810917535194667,1.092609333227462,6.943690456113508e-09,150.0
Kerosene,169,2020-05-11,covid_2020,calendario_externo,nnls_base_no_negativa,0.0003429551302052252,0.0020859221945698867,0.0020859221945698867,False,5.9282942419884,0.9697808658142957,6.943690456113508e-09,
Kerosene,169,2020-05-11,covid_2020,calendario_externo,ngrc_softplus_cv,0.0003429551302052252,0.0008546524234931161,0.0008546524234931161,False,1.7404184964019433,0.31437548186286457,6.943690456113508e-09,10.0
Kerosene,169,2020-05-11,covid_2020,calendario_externo,ssrc_recurrente_log_cv,0.0003429551302052252,0.009700298987769362,0.009700298987769362,False,31.82681350971127,2.3776674738398866,6.943690456113508e-09,150.0
Kerosene,169,2020-05-11,covid_2020,calendario_externo,naive,0.0003429551302052252,0.002480937771903476,0.002480937771903476,False,7.271847210073917,1.1170283658482196,6.943690456113508e-09,
Kerosene,169,2020-05-11,covid_2020,calendario_externo,ewma_094,0.0003429551302052252,0.0020478136231326443,0.0020478136231326443,False,5.798676861809068,0.9544021553193682,6.943690456113508e-09,0.94
Kerosene,169,2020-05-11,covid_2020,calendario_externo,garch_11,0.0003429551302052252,0.0017023642297042919,0.0017023642297042919,False,4.623711659178468,0.8036318037049979,6.943690456113508e-09,
Kerosene,169,2020-05-11,covid_2020,calendario_externo,gjr_garch_11,0.0003429551302052252,0.0023120910726468023,0.0023120910726468023,False,6.697554708828659,1.0566391484980806,6.943690456113508e-09,
Kerosene,173,2020-06-08,calma,sin_evento,ols_clip_legacy,0.0037961847363918878,0.003442030019934591,0.003442030019934591,False,1.0837795756651243,0.004956107844889868,7.386295606603008e-09,
Kerosene,173,2020-06-08,calma,sin_evento,ridge_cv_clip,0.0037961847363918878,0.00047133892878588866,0.00047133892878588866,False,10.174649132348026,4.967870166952569,7.386295606603008e-09,1500.0
Kerosene,173,2020-06-08,calma,sin_evento,ridge_log_cv,0.0037961847363918878,9.089818553660871e-05,9.089818553660871e-05,False,11.338868859276737,37.03103017240234,7.386295606603008e-09,150.0
Kerosene,173,2020-06-08,calma,sin_evento,nnls_base_no_negativa,0.0037961847363918878,0.0027071741798260405,0.0027071741798260405,False,3.3325756909186497,0.06417718157046215,7.386295606603008e-09,
Kerosene,173,2020-06-08,calma,sin_evento,ngrc_softplus_cv,0.0037961847363918878,0.00047203542706147596,0.00047203542706147596,False,10.172517717544014,4.957462864371195,7.386295606603008e-09,10.0
Kerosene,173,2020-06-08,calma,sin_evento,ssrc_recurrente_log_cv,0.0037961847363918878,0.010470433294229545,0.010470433294229545,False,20.424447095480232,0.3771211970632158,7.386295606603008e-09,150.0
Kerosene,173,2020-06-08,calma,sin_evento,naive,0.0037961847363918878,0.0027100913151376603,0.0027100913151376603,False,3.32364871204961,0.06374476066007095,7.386295606603008e-09,
Kerosene,173,2020-06-08,calma,sin_evento,ewma_094,0.0037961847363918878,0.0018519499002519633,0.0018519499002519633,False,5.949721711412394,0.33207376553591716,7.386295606603008e-09,0.94
Kerosene,173,2020-06-08,calma,sin_evento,garch_11,0.0037961847363918878,0.002216917209350945,0.002216917209350945,False,4.8328535828620565,0.17449203971833604,7.386295606603008e-09,
Kerosene,173,2020-06-08,calma,sin_evento,gjr_garch_11,0.0037961847363918878,0.0018640993218500487,0.0018640993218500487,False,5.912542212249244,0.325252735815162,7.386295606603008e-09,
Kerosene,177,2020-07-06,calma,sin_evento,ols_clip_legacy,0.00046825389915911323,0.00017091353212791375,0.00017091353212791375,False,0.85529846788567,0.7318593589266855,7.85228050190818e-09,
Kerosene,177,2020-07-06,calma,sin_evento,ridge_cv_clip,0.00046825389915911323,0.00047663192367347406,0.00047663192367347406,False,0.02409935658110463,0.0001563197659515403,7.85228050190818e-09,1500.0
Kerosene,177,2020-07-06,calma,sin_evento,ridge_log_cv,0.00046825389915911323,7.530551270785006e-05,7.530551270785006e-05,False,1.130314582730862,3.3905987272349174,7.85228050190818e-09,150.0
Kerosene,177,2020-07-06,calma,sin_evento,nnls_base_no_negativa,0.00046825389915911323,0.0006884284427272993,0.0006884284427272993,False,0.6333312616162092,0.0655787381744195,7.85228050190818e-09,
Kerosene,177,2020-07-06,calma,sin_evento,ngrc_softplus_cv,0.00046825389915911323,0.00047751190032731223,0.00047751190032731223,False,0.026630606176703504,0.0001904124526215245,7.85228050190818e-09,10.0
Kerosene,177,2020-07-06,calma,sin_evento,ssrc_recurrente_log_cv,0.00046825389915911323,0.000600557035528995,0.000600557035528995,False,0.3805694832607616,0.028546246943553566,7.85228050190818e-09,150.0
Kerosene,177,2020-07-06,calma,sin_evento,naive,0.00046825389915911323,0.0006285695847141501,0.0006285695847141501,False,0.4611474775602073,0.0393876393332977,7.85228050190818e-09,
Kerosene,177,2020-07-06,calma,sin_evento,ewma_094,0.00046825389915911323,0.0018647288472922676,0.0018647288472922676,False,4.016955032054832,0.6329712487733758,7.85228050190818e-09,0.94
Kerosene,177,2020-07-06,calma,sin_evento,garch_11,0.00046825389915911323,0.0010599536236010735,0.0010599536236010735,False,1.7020220726050277,0.25873805586793397,7.85228050190818e-09,
Kerosene,177,2020-07-06,calma,sin_evento,gjr_garch_11,0.00046825389915911323,0.0008382875822505476,0.0008382875822505476,False,1.0644005231250242,0.1409343930546838,7.85228050190818e-09,
Kerosene,181,2020-08-03,calma,sin_evento,ols_clip_legacy,0.00019008376685237003,2.887302077116355e-05,2.887302077116355e-05,False,0.46530246412036846,3.6988816252009515,8.07373245465006e-09,
Kerosene,181,2020-08-03,calma,sin_evento,ridge_cv_clip,0.00019008376685237003,0.0003744886534447552,0.0003744886534447552,False,0.5322476957215492,0.18567883078457115,8.07373245465006e-09,1500.0
Kerosene,181,2020-08-03,calma,sin_evento,ridge_log_cv,0.00019008376685237003,3.9740479525249704e-05,3.9740479525249704e-05,False,0.43393572548834464,2.2180326075162724,8.07373245465006e-09,150.0
Kerosene,181,2020-08-03,calma,sin_evento,nnls_base_no_negativa,0.00019008376685237003,0.00015983275410141155,0.00015983275410141155,False,0.08731347703128456,0.01592979615709833,8.07373245465006e-09,
Kerosene,181,2020-08-03,calma,sin_evento,ngrc_softplus_cv,0.00019008376685237003,0.00037614181831306437,0.00037614181831306437,False,0.5370192243294126,0.18785272201052194,8.07373245465006e-09,10.0
Kerosene,181,2020-08-03,calma,sin_evento,ssrc_recurrente_log_cv,0.00019008376685237003,4.299890261294118e-05,4.299890261294118e-05,False,0.4245309412000453,1.934375277229262,8.07373245465006e-09,150.0
Kerosene,181,2020-08-03,calma,sin_evento,naive,0.00019008376685237003,8.78852136881285e-05,8.78852136881285e-05,False,0.29497561280998064,0.3914307430848636,8.07373245465006e-09,
Kerosene,181,2020-08-03,calma,sin_evento,ewma_094,0.00019008376685237003,0.0014999235184876903,0.0014999235184876903,False,3.780589562756056,1.1924335177934609,8.07373245465006e-09,0.94
Kerosene,181,2020-08-03,calma,sin_evento,garch_11,0.00019008376685237003,0.000177542551945873,0.000177542551945873,False,0.036197699848846784,0.0023832542045751914,8.07373245465006e-09,
Kerosene,181,2020-08-03,calma,sin_evento,gjr_garch_11,0.00019008376685237003,0.00014441210045436012,0.00014441210045436012,False,0.13182209891127628,0.04146544436961408,8.07373245465006e-09,
Kerosene,185,2020-08-31,calma,sin_evento,ols_clip_legacy,0.0,7.724804458450777e-06,7.724804458450777e-06,False,0.022569761925724362,5.919284522895535,7.643814673238263e-09,
Kerosene,185,2020-08-31,calma,sin_evento,ridge_cv_clip,0.0,0.00037951411630492615,0.00037951411630492615,False,1.1088362557945814,9.812770431947262,7.643814673238263e-09,1500.0
Kerosene,185,2020-08-31,calma,sin_evento,ridge_log_cv,0.0,3.3954171510746564e-05,3.3954171510746564e-05,False,0.09920478524791719,7.399095337796648,7.643814673238263e-09,150.0
Kerosene,185,2020-08-31,calma,sin_evento,nnls_base_no_negativa,0.0,6.788876287435006e-05,6.788876287435006e-05,False,0.19835236267110992,8.091841616503492,7.643814673238263e-09,
Kerosene,185,2020-08-31,calma,sin_evento,ngrc_softplus_cv,0.0,0.0003808118705517237,0.0003808118705517237,False,1.1126279381013453,9.816184045149704,7.643814673238263e-09,10.0
Kerosene,185,2020-08-31,calma,sin_evento,ssrc_recurrente_log_cv,0.0,7.657222831153599e-06,7.657222831153599e-06,False,0.022372306929050408,5.910506109920852,7.643814673238263e-09,150.0
Kerosene,185,2020-08-31,calma,sin_evento,naive,0.0,5.939623360384224e-06,5.939623360384224e-06,False,0.01735395192116332,5.656791140742683,7.643814673238263e-09,
Kerosene,185,2020-08-31,calma,sin_evento,ewma_094,0.0,0.0011849676115020613,0.0011849676115020613,False,3.462150663508109,10.951335669416748,7.643814673238263e-09,0.94
Kerosene,185,2020-08-31,calma,sin_evento,garch_11,0.0,6.890560008150892e-05,6.890560008150892e-05,False,0.20132328236315306,8.106706882437129,7.643814673238263e-09,
Kerosene,185,2020-08-31,calma,sin_evento,gjr_garch_11,0.0,6.138616100108098e-05,6.138616100108098e-05,False,0.17935354179909452,7.991167436682234,7.643814673238263e-09,
Kerosene,189,2020-09-27,calma,sin_evento,ols_clip_legacy,0.00040626033299017057,0.00034941428236787906,0.00034941428236787906,False,0.16843528664104254,0.011953650352326317,6.943690456113508e-09,
Kerosene,189,2020-09-27,calma,sin_evento,ridge_cv_clip,0.00040626033299017057,0.0004872638950713601,0.0004872638950713601,False,0.24001417950291817,0.015570020156835618,6.943690456113508e-09,1500.0
Kerosene,189,2020-09-27,calma,sin_evento,ridge_log_cv,0.00040626033299017057,3.3851296478269274e-05,3.3851296478269274e-05,False,1.1034508488440002,8.516305835106905,6.943690456113508e-09,150.0
Kerosene,189,2020-09-27,calma,sin_evento,nnls_base_no_negativa,0.00040626033299017057,0.0002958997679990801,0.0002958997679990801,False,0.32699920565550117,0.05599264793915326,6.943690456113508e-09,
Kerosene,189,2020-09-27,calma,sin_evento,ngrc_softplus_cv,0.00040626033299017057,0.0004878534099254126,0.0004878534099254126,False,0.24176091656441143,0.015771634817403957,6.943690456113508e-09,10.0
Kerosene,189,2020-09-27,calma,sin_evento,ssrc_recurrente_log_cv,0.00040626033299017057,2.35218735007784e-05,2.35218735007784e-05,False,1.1340570088323247,13.422534168299242,6.943690456113508e-09,150.0
Kerosene,189,2020-09-27,calma,sin_evento,naive,0.00040626033299017057,0.00029863338013966,0.00029863338013966,False,0.3188994917893024,0.052620766899465155,6.943690456113508e-09,
Kerosene,189,2020-09-27,calma,sin_evento,ewma_094,0.00040626033299017057,0.0009548647113241823,0.0009548647113241823,False,1.6255190062576652,0.28003926128006706,6.943690456113508e-09,0.94
Kerosene,189,2020-09-27,calma,sin_evento,garch_11,0.00040626033299017057,0.0002294052022371905,0.0002294052022371905,False,0.5240231171070308,0.19942474676450672,6.943690456113508e-09,
Kerosene,189,2020-09-27,calma,sin_evento,gjr_garch_11,0.00040626033299017057,0.00031711552779568127,0.00031711552779568127,False,0.26413674566876066,0.03338342808396377,6.943690456113508e-09,
Kerosene,193,2020-10-26,calma,sin_evento,ols_clip_legacy,4.031269211544631e-05,0.0005646808201564795,0.0005646808201564795,False,1.547126156918566,1.710984518565009,7.2931863761545404e-09,
Kerosene,193,2020-10-26,calma,sin_evento,ridge_cv_clip,4.031269211544631e-05,0.00038408786266076056,0.00038408786266076056,False,1.0142942143275666,1.3591619291818797,7.2931863761545404e-09,1500.0
Kerosene,193,2020-10-26,calma,sin_evento,ridge_log_cv,4.031269211544631e-05,3.6226038169879755e-05,3.6226038169879755e-05,False,0.012057500971847249,0.005921636904284711,7.2931863761545404e-09,150.0
Kerosene,193,2020-10-26,calma,sin_evento,nnls_base_no_negativa,4.031269211544631e-05,0.0002345607489444858,0.0002345607489444858,False,0.5731207401440197,0.9329128635029333,7.2931863761545404e-09,
Kerosene,193,2020-10-26,calma,sin_evento,ngrc_softplus_cv,4.031269211544631e-05,0.000385135785939142,0.000385135785939142,False,1.0173860679848143,1.3616009772421616,7.2931863761545404e-09,10.0
Kerosene,193,2020-10-26,calma,sin_evento,ssrc_recurrente_log_cv,4.031269211544631e-05,6.0525514946809024e-05,6.0525514946809024e-05,False,0.059637085542153585,0.0724432460124591,7.2931863761545404e-09,1500.0
Kerosene,193,2020-10-26,calma,sin_evento,naive,4.031269211544631e-05,0.00013517918639796366,0.00013517918639796366,False,0.27989961035191485,0.5081515539649044,7.2931863761545404e-09,
Kerosene,193,2020-10-26,calma,sin_evento,ewma_094,4.031269211544631e-05,0.0007907026063168821,0.0007907026063168821,False,2.2139939520848846,2.027238945935038,7.2931863761545404e-09,0.94
Kerosene,193,2020-10-26,calma,sin_evento,garch_11,4.031269211544631e-05,0.00018515984981739303,0.00018515984981739303,False,0.42736546035546635,0.7422714685491967,7.2931863761545404e-09,
Kerosene,193,2020-10-26,calma,sin_evento,gjr_garch_11,4.031269211544631e-05,0.00016396919537681813,0.00016396919537681813,False,0.36484332368458444,0.6488674949301738,7.2931863761545404e-09,
Kerosene,197,2020-11-23,eta_iota_2020,calendario_externo,ols_clip_legacy,8.677526832539283e-07,-3.628668786863267e-05,6.943690456113508e-09,True,0.0025525420066943596,119.14188156865578,6.943690456113508e-09,
Kerosene,197,2020-11-23,eta_iota_2020,calendario_externo,ridge_cv_clip,8.677526832539283e-07,0.00037613516687671545,0.00037613516687671545,False,1.1127739678451154,5.0741041207499045,6.943690456113508e-09,1500.0
Kerosene,197,2020-11-23,eta_iota_2020,calendario_externo,ridge_log_cv,8.677526832539283e-07,3.852922087111111e-05,3.852922087111111e-05,False,0.11167689973920635,2.815787406076173,6.943690456113508e-09,1500.0
Kerosene,197,2020-11-23,eta_iota_2020,calendario_externo,nnls_base_no_negativa,8.677526832539283e-07,8.584678119923371e-05,8.584678119923371e-05,False,0.25198684236569574,3.6045207816895557,6.943690456113508e-09,
Kerosene,197,2020-11-23,eta_iota_2020,calendario_externo,ngrc_softplus_cv,8.677526832539283e-07,0.0003770136777770457,0.0003770136777770457,False,1.1153790010118154,5.076431647163858,6.943690456113508e-09,10.0
Kerosene,197,2020-11-23,eta_iota_2020,calendario_externo,ssrc_recurrente_log_cv,8.677526832539283e-07,2.3561268572345506e-05,2.3561268572345506e-05,False,0.06729268986633107,2.3382823585905266,6.943690456113508e-09,1500.0
Kerosene,197,2020-11-23,eta_iota_2020,calendario_externo,naive,8.677526832539283e-07,1.2256969656830711e-05,1.2256969656830711e-05,False,0.03377224795703243,1.7187399326809185,6.943690456113508e-09,
Kerosene,197,2020-11-23,eta_iota_2020,calendario_externo,ewma_094,8.677526832539283e-07,0.0006204438456455202,0.0006204438456455202,False,1.837218264285969,5.573682233912931,6.943690456113508e-09,0.94
Kerosene,197,2020-11-23,eta_iota_2020,calendario_externo,garch_11,8.677526832539283e-07,6.231637720573491e-05,6.231637720573491e-05,False,0.18221254268897089,3.2879977537473746,6.943690456113508e-09,
Kerosene,197,2020-11-23,eta_iota_2020,calendario_externo,gjr_garch_11,8.677526832539283e-07,5.416945264088183e-05,5.416945264088183e-05,False,0.15805460829104107,3.149984902811437,6.943690456113508e-09,
Kerosene,201,2020-12-21,eta_iota_2020,calendario_externo,ols_clip_legacy,0.0006744362794087472,0.0006160320905807341,0.0006160320905807341,False,0.17616868815914888,0.004228912812141772,6.599261921330432e-09,
Kerosene,201,2020-12-21,eta_iota_2020,calendario_externo,ridge_cv_clip,0.0006744362794087472,0.0004653116268599542,0.0004653116268599542,False,0.6307974897099861,0.07825938979553948,6.599261921330432e-09,15000.0
Kerosene,201,2020-12-21,eta_iota_2020,calendario_externo,ridge_log_cv,0.0006744362794087472,4.143944657481314e-05,4.143944657481314e-05,False,1.90935314550184,12.485580138421597,6.599261921330432e-09,15000.0
Kerosene,201,2020-12-21,eta_iota_2020,calendario_externo,nnls_base_no_negativa,0.0006744362794087472,0.0009452624018304193,0.0009452624018304193,False,0.8169120000408397,0.05107642922953448,6.599261921330432e-09,
Kerosene,201,2020-12-21,eta_iota_2020,calendario_externo,ngrc_softplus_cv,0.0006744362794087472,0.00040222592320217723,0.00040222592320217723,False,0.8210873623715986,0.15989658031677623,6.599261921330432e-09,10.0
Kerosene,201,2020-12-21,eta_iota_2020,calendario_externo,ssrc_recurrente_log_cv,0.0006744362794087472,7.305911028523168e-05,7.305911028523168e-05,False,1.8139765160566232,6.008769862400882,6.599261921330432e-09,1500.0
Kerosene,201,2020-12-21,eta_iota_2020,calendario_externo,naive,0.0006744362794087472,0.0008611721708965155,0.0008611721708965155,False,0.5632646852181009,0.027578042305627104,6.599261921330432e-09,
Kerosene,201,2020-12-21,eta_iota_2020,calendario_externo,ewma_094,0.0006744362794087472,0.0005802585217806062,0.0005802585217806062,False,0.2840750355077623,0.011899632389002157,6.599261921330432e-09,0.94
Kerosene,201,2020-12-21,eta_iota_2020,calendario_externo,garch_11,0.0006744362794087472,0.000866636705457222,0.000866636705457222,False,0.5797477475510934,0.028965274439916033,6.599261921330432e-09,
Kerosene,201,2020-12-21,eta_iota_2020,calendario_externo,gjr_garch_11,0.0006744362794087472,0.0006249948722036013,0.0006249948722036013,False,0.14913361563366415,0.0029731454564501103,6.599261921330432e-09,
Kerosene,205,2021-01-18,calma,sin_evento,ols_clip_legacy,0.0003679805607765663,0.00030037230299327937,0.00030037230299327937,False,0.20231701202126035,0.022074133272508956,6.943690456113508e-09,
Kerosene,205,2021-01-18,calma,sin_evento,ridge_cv_clip,0.0003679805607765663,0.00018194705288476936,0.00018194705288476936,False,0.5567033478831359,0.31814519713044076,6.943690456113508e-09,150.0
Kerosene,205,2021-01-18,calma,sin_evento,ridge_log_cv,0.0003679805607765663,4.194312592618228e-05,4.194312592618228e-05,False,0.9756636509913492,5.601606713546403,6.943690456113508e-09,15000.0
Kerosene,205,2021-01-18,calma,sin_evento,nnls_base_no_negativa,0.0003679805607765663,7.16791527904394e-05,7.16791527904394e-05,False,0.8866788982138912,2.4978878904820863,6.943690456113508e-09,
Kerosene,205,2021-01-18,calma,sin_evento,ngrc_softplus_cv,0.0003679805607765663,0.00015494165648792646,0.00015494165648792646,False,0.637516717234736,0.5099806164496719,6.943690456113508e-09,0.46415888336127725
Kerosene,205,2021-01-18,calma,sin_evento,ssrc_recurrente_log_cv,0.0003679805607765663,3.085643023971617e-05,3.085643023971617e-05,False,1.008840473143233,8.446886412712445,6.943690456113508e-09,1500.0
Kerosene,205,2021-01-18,calma,sin_evento,naive,0.0003679805607765663,5.040599722223722e-06,5.040599722223722e-06,False,1.0860940789067213,67.71282413281762,6.943690456113508e-09,
Kerosene,205,2021-01-18,calma,sin_evento,ewma_094,0.0003679805607765663,0.0005255050255305223,0.0005255050255305223,False,0.47139033121405305,0.05657139473554329,6.943690456113508e-09,0.94
Kerosene,205,2021-01-18,calma,sin_evento,garch_11,0.0003679805607765663,0.00014661623165924378,0.00014661623165924378,False,0.6624304649095516,0.589609825161771,6.943690456113508e-09,
Kerosene,205,2021-01-18,calma,sin_evento,gjr_garch_11,0.0003679805607765663,0.0001015296665891661,0.0001015296665891661,False,0.7973515444693801,1.3366858333335667,6.943690456113508e-09,
Kerosene,209,2021-02-15,calma,sin_evento,ols_clip_legacy,0.000257000857085327,9.440687024992746e-05,9.440687024992746e-05,False,0.47979694745833246,0.720803013677787,7.643814673238263e-09,
Kerosene,209,2021-02-15,calma,sin_evento,ridge_cv_clip,0.000257000857085327,0.00012244024788318915,0.00012244024788318915,False,0.3970735375883108,0.35753372839643927,7.643814673238263e-09,1.5
Kerosene,209,2021-02-15,calma,sin_evento,ridge_log_cv,0.000257000857085327,4.375242622816625e-05,4.375242622816625e-05,False,0.6292726328134359,3.1034472016734203,7.643814673238263e-09,15000.0
Kerosene,209,2021-02-15,calma,sin_evento,nnls_base_no_negativa,0.000257000857085327,0.00026394611681675585,0.00026394611681675585,False,0.020494696534000878,0.00035238688603200785,7.643814673238263e-09,
Kerosene,209,2021-02-15,calma,sin_evento,ngrc_softplus_cv,0.000257000857085327,0.00011957022208381778,0.00011957022208381778,False,0.40554266762482977,0.38419615806253393,7.643814673238263e-09,0.021544346900318822
Kerosene,209,2021-02-15,calma,sin_evento,ssrc_recurrente_log_cv,0.000257000857085327,3.864940567618905e-05,3.864940567618905e-05,False,0.6443310844284665,3.7549942565592787,7.643814673238263e-09,15000.0
Kerosene,209,2021-02-15,calma,sin_evento,naive,0.000257000857085327,0.00017764368561759604,0.00017764368561759604,False,0.23417427280192088,0.0774213951033984,7.643814673238263e-09,
Kerosene,209,2021-02-15,calma,sin_evento,ewma_094,0.000257000857085327,0.0004442843878188186,0.0004442843878188186,False,0.5526530722573094,0.12584569847615246,7.643814673238263e-09,0.94
Kerosene,209,2021-02-15,calma,sin_evento,garch_11,0.000257000857085327,0.0002092141554229675,0.0002092141554229675,False,0.14101329349844255,0.022689435473329134,7.643814673238263e-09,
Kerosene,209,2021-02-15,calma,sin_evento,gjr_garch_11,0.000257000857085327,0.0001557377999616679,0.0001557377999616679,False,0.2988161287133924,0.14930942645555456,7.643814673238263e-09,
Kerosene,213,2021-03-15,calma,sin_evento,ols_clip_legacy,0.00040194530242127245,0.000276644574773719,0.000276644574773719,False,0.36801205360747,0.07934790588954255,8.07373245465006e-09,
Kerosene,213,2021-03-15,calma,sin_evento,ridge_cv_clip,0.00040194530242127245,0.0003468224730588667,0.0003468224730588667,False,0.1618974288112139,0.011433757139797995,8.07373245465006e-09,15.0
Kerosene,213,2021-03-15,calma,sin_evento,ridge_log_cv,0.00040194530242127245,4.577806054152137e-05,4.577806054152137e-05,False,1.0460740378185265,5.607793246309164,8.07373245465006e-09,15000.0
Kerosene,213,2021-03-15,calma,sin_evento,nnls_base_no_negativa,0.00040194530242127245,0.0005752891855537449,0.0005752891855537449,False,0.5091162646023153,0.05724074851369143,8.07373245465006e-09,
Kerosene,213,2021-03-15,calma,sin_evento,ngrc_softplus_cv,0.00040194530242127245,0.00030867586512790124,0.00030867586512790124,False,0.27393517820338764,0.03813552920532581,8.07373245465006e-09,0.021544346900318822
Kerosene,213,2021-03-15,calma,sin_evento,ssrc_recurrente_log_cv,0.00040194530242127245,4.9091164483036825e-05,4.9091164483036825e-05,False,1.03634335062921,5.085095136276354,8.07373245465006e-09,15000.0
Kerosene,213,2021-03-15,calma,sin_evento,naive,0.00040194530242127245,0.0005216423934395972,0.0005216423934395972,False,0.351554002147521,0.031204297756766364,8.07373245465006e-09,
Kerosene,213,2021-03-15,calma,sin_evento,ewma_094,0.00040194530242127245,0.0004479146675116558,0.0004479146675116558,False,0.1350134254409802,0.005656985973369721,8.07373245465006e-09,0.94
Kerosene,213,2021-03-15,calma,sin_evento,garch_11,0.00040194530242127245,0.0006249515840639179,0.0006249515840639179,False,0.6549762416824898,0.08452047226746462,8.07373245465006e-09,
Kerosene,213,2021-03-15,calma,sin_evento,gjr_garch_11,0.00040194530242127245,0.0004484929134613918,0.0004484929134613918,False,0.1367117514080178,0.005790139292526364,8.07373245465006e-09,
Kerosene,217,2021-04-12,calma,sin_evento,ols_clip_legacy,5.2818048565646765e-05,0.00019995380121909118,0.00019995380121909118,False,0.4318493207472161,0.595384644922645,7.579389689234094e-09,
Kerosene,217,2021-04-12,calma,sin_evento,ridge_cv_clip,5.2818048565646765e-05,0.0002820247828286851,0.0002820247828286851,False,0.6727309353241929,0.8624235740602368,7.579389689234094e-09,15.0
Kerosene,217,2021-04-12,calma,sin_evento,ridge_log_cv,5.2818048565646765e-05,4.467326691870579e-05,4.467326691870579e-05,False,0.02390525999585127,0.0148412230838888,7.579389689234094e-09,15000.0
Kerosene,217,2021-04-12,calma,sin_evento,nnls_base_no_negativa,5.2818048565646765e-05,0.00011392656819363691,0.00011392656819363691,False,0.1793559499802354,0.23231598873023773,7.579389689234094e-09,
Kerosene,217,2021-04-12,calma,sin_evento,ngrc_softplus_cv,5.2818048565646765e-05,0.00035401297168715273,0.00035401297168715273,False,0.8840191497772407,1.0516786543792533,7.579389689234094e-09,0.46415888336127725
Kerosene,217,2021-04-12,calma,sin_evento,ssrc_recurrente_log_cv,5.2818048565646765e-05,3.863652051549588e-05,3.863652051549588e-05,False,0.04162335221161411,0.054394819191719845,7.579389689234094e-09,15000.0
Kerosene,217,2021-04-12,calma,sin_evento,naive,5.2818048565646765e-05,6.547258141353553e-05,6.547258141353553e-05,False,0.03714156019989047,0.021498606850492763,7.579389689234094e-09,
Kerosene,217,2021-04-12,calma,sin_evento,ewma_094,5.2818048565646765e-05,0.0003844197340827932,0.0003844197340827932,False,0.9732642139433085,1.1222788707944722,7.579389689234094e-09,0.94
Kerosene,217,2021-04-12,calma,sin_evento,garch_11,5.2818048565646765e-05,0.00010885156428585557,0.00010885156428585557,False,0.16446061046661697,0.20836223440082335,7.579389689234094e-09,
Kerosene,217,2021-04-12,calma,sin_evento,gjr_garch_11,5.2818048565646765e-05,0.0001152988226875274,0.0001152988226875274,False,0.18338357182191464,0.23877128802537362,7.579389689234094e-09,
Kerosene,221,2021-05-10,calma,sin_evento,ols_clip_legacy,0.00017451022254012918,0.00023181954738713602,0.00023181954738713602,False,0.16807999682242955,0.036760695057648896,7.85228050190818e-09,
Kerosene,221,2021-05-10,calma,sin_evento,ridge_cv_clip,0.00017451022254012918,0.00024648199496919455,0.00024648199496919455,False,0.21108284408298578,0.05330956206749371,7.85228050190818e-09,15.0
Kerosene,221,2021-05-10,calma,sin_evento,ridge_log_cv,0.00017451022254012918,4.531607313534023e-05,4.531607313534023e-05,False,0.3789078353200587,1.5026348780214853,7.85228050190818e-09,15000.0
Kerosene,221,2021-05-10,calma,sin_evento,nnls_base_no_negativa,0.00017451022254012918,0.00017516933546805522,0.00017516933546805522,False,0.001933083300617819,7.096833724684615e-06,7.85228050190818e-09,
Kerosene,221,2021-05-10,calma,sin_evento,ngrc_softplus_cv,0.00017451022254012918,0.00017512492268178002,0.00017512492268178002,False,0.0018028269942324373,6.174737156028343e-06,7.85228050190818e-09,0.46415888336127725
Kerosene,221,2021-05-10,calma,sin_evento,ssrc_recurrente_log_cv,0.00017451022254012918,4.1187996083755345e-05,4.1187996083755345e-05,False,0.3910148908396522,1.793083004956535,7.85228050190818e-09,15000.0
Kerosene,221,2021-05-10,calma,sin_evento,naive,0.00017451022254012918,8.914371676633691e-05,8.914371676633691e-05,False,0.2503676680453915,0.28589439005364214,7.85228050190818e-09,
Kerosene,221,2021-05-10,calma,sin_evento,ewma_094,0.00017451022254012918,0.0003128217431033549,0.0003128217431033549,False,0.4056477719609106,0.14150854911605526,7.85228050190818e-09,0.94
Kerosene,221,2021-05-10,calma,sin_evento,garch_11,0.00017451022254012918,0.00013337003474649383,0.00013337003474649383,False,0.1206582463166033,0.03961065912169648,7.85228050190818e-09,
Kerosene,221,2021-05-10,calma,sin_evento,gjr_garch_11,0.00017451022254012918,0.00011020927130682487,0.00011020927130682487,False,0.18858543016909143,0.12384182227510854,7.85228050190818e-09,
Kerosene,225,2021-06-07,calma,sin_evento,ols_clip_legacy,2.5845988750002206e-05,-7.077651945749312e-06,8.238376200718423e-09,True,0.07527543024606821,3128.216252092755,8.238376200718423e-09,
Kerosene,225,2021-06-07,calma,sin_evento,ridge_cv_clip,2.5845988750002206e-05,9.186586701236089e-05,9.186586701236089e-05,False,0.19234161910748854,0.5495189829992109,8.238376200718423e-09,15.0
Kerosene,225,2021-06-07,calma,sin_evento,ridge_log_cv,2.5845988750002206e-05,4.796121429401385e-05,4.796121429401385e-05,False,0.06443026555060659,0.1571307779923119,8.238376200718423e-09,15000.0
Kerosene,225,2021-06-07,calma,sin_evento,nnls_base_no_negativa,2.5845988750002206e-05,0.00016251438286465754,0.00016251438286465754,False,0.39816826229776225,0.9976492549607858,8.238376200718423e-09,
Kerosene,225,2021-06-07,calma,sin_evento,ngrc_softplus_cv,2.5845988750002206e-05,5.975998116458852e-05,5.975998116458852e-05,False,0.09880466888318627,0.2706774121506408,8.238376200718423e-09,0.021544346900318822
Kerosene,225,2021-06-07,calma,sin_evento,ssrc_recurrente_log_cv,2.5845988750002206e-05,4.187012301345696e-05,4.187012301345696e-05,False,0.04668454426378334,0.09970663781276468,8.238376200718423e-09,15000.0
Kerosene,225,2021-06-07,calma,sin_evento,naive,2.5845988750002206e-05,8.181567994044949e-05,8.181567994044949e-05,False,0.16306150977340741,0.4682185746810321,8.238376200718423e-09,
Kerosene,225,2021-06-07,calma,sin_evento,ewma_094,2.5845988750002206e-05,0.0002715539516993227,0.0002715539516993227,False,0.7158429955515442,1.4471835203768872,8.238376200718423e-09,0.94
Kerosene,225,2021-06-07,calma,sin_evento,garch_11,2.5845988750002206e-05,0.00014257748134456088,0.00014257748134456088,False,0.3400843030525921,0.8890069600903585,8.238376200718423e-09,
Kerosene,225,2021-06-07,calma,sin_evento,gjr_garch_11,2.5845988750002206e-05,0.00011375854892113724,0.00011375854892113724,False,0.2561235283713246,0.7091232037153088,8.238376200718423e-09,
Kerosene,229,2021-07-05,calma,sin_evento,ols_clip_legacy,0.00011022446754102812,0.00010472876218120867,0.00010472876218120867,False,0.015934373424758383,0.0013304969383491905,8.541852888102374e-09,
Kerosene,229,2021-07-05,calma,sin_evento,ridge_cv_clip,0.00011022446754102812,0.00016786427251784872,0.00016786427251784872,False,0.167122164762683,0.07726536297370279,8.541852888102374e-09,15.0
Kerosene,229,2021-07-05,calma,sin_evento,ridge_log_cv,0.00011022446754102812,5.268917124630313e-05,5.268917124630313e-05,False,0.16681914990697108,0.35386678579694797,8.541852888102374e-09,15000.0
Kerosene,229,2021-07-05,calma,sin_evento,nnls_base_no_negativa,0.00011022446754102812,0.00025348319250871284,0.00025348319250871284,False,0.4153676135332045,0.26761797196567594,8.541852888102374e-09,
Kerosene,229,2021-07-05,calma,sin_evento,ngrc_softplus_cv,0.00011022446754102812,0.00011007276792980446,0.00011007276792980446,False,0.00043984131159968145,9.488124419476662e-07,8.541852888102374e-09,0.021544346900318822
Kerosene,229,2021-07-05,calma,sin_evento,ssrc_recurrente_log_cv,0.00011022446754102812,4.653737402572909e-05,4.653737402572909e-05,False,0.18465581103198417,0.5062518123479562,8.541852888102374e-09,15000.0
Kerosene,229,2021-07-05,calma,sin_evento,naive,0.00011022446754102812,0.00017636922782547014,0.00017636922782547014,False,0.19178162609831995,0.09502506267847499,8.541852888102374e-09,
Kerosene,229,2021-07-05,calma,sin_evento,ewma_094,0.00011022446754102812,0.00022761851608712918,0.00022761851608712918,False,0.3403749809904735,0.20940303560946427,8.541852888102374e-09,0.94
Kerosene,229,2021-07-05,calma,sin_evento,garch_11,0.00011022446754102812,0.0001911762040496364,0.0001911762040496364,False,0.23471331056823397,0.12723619361954475,8.541852888102374e-09,
Kerosene,229,2021-07-05,calma,sin_evento,gjr_garch_11,0.00011022446754102812,0.0001529677287494768,0.0001529677287494768,False,0.1239307861129197,0.04828141747867232,8.541852888102374e-09,
Kerosene,233,2021-08-01,calma,sin_evento,ols_clip_legacy,6.7838998164986014e-06,0.0003445510075510556,0.0003445510075510556,False,0.9814372095009093,2.947379112950787,8.541852888102374e-09,
Kerosene,233,2021-08-01,calma,sin_evento,ridge_cv_clip,6.7838998164986014e-06,0.0003203089534348262,0.0003203089534348262,False,0.9109979825910474,2.8759131175426917,8.541852888102374e-09,15.0
Kerosene,233,2021-08-01,calma,sin_evento,ridge_log_cv,6.7838998164986014e-06,5.414042867849367e-05,5.414042867849367e-05,False,0.13760208875782903,1.2023309941864895,8.541852888102374e-09,15000.0
Kerosene,233,2021-08-01,calma,sin_evento,nnls_base_no_negativa,6.7838998164986014e-06,0.00010988902716568527,0.00010988902716568527,False,0.29958869929497506,1.846652978436519,8.541852888102374e-09,
Kerosene,233,2021-08-01,calma,sin_evento,ngrc_softplus_cv,6.7838998164986014e-06,0.00029904231139377726,0.00029904231139377726,False,0.8492042988892451,2.808718360234576,8.541852888102374e-09,0.021544346900318822
Kerosene,233,2021-08-01,calma,sin_evento,ssrc_recurrente_log_cv,6.7838998164986014e-06,4.579999628800167e-05,4.579999628800167e-05,False,0.1133676073535937,1.0578519746412614,8.541852888102374e-09,15000.0
Kerosene,233,2021-08-01,calma,sin_evento,naive,6.7838998164986014e-06,5.58007881631228e-05,5.58007881631228e-05,False,0.14242653300372463,1.228809411637437,8.541852888102374e-09,
Kerosene,233,2021-08-01,calma,sin_evento,ewma_094,6.7838998164986014e-06,0.00018935551804907222,0.00018935551804907222,False,0.5304914997023855,2.364900424132276,8.541852888102374e-09,0.94
Kerosene,233,2021-08-01,calma,sin_evento,garch_11,6.7838998164986014e-06,9.556672581519581e-05,9.556672581519581e-05,False,0.25797292573628355,1.7162585746587515,8.541852888102374e-09,
Kerosene,233,2021-08-01,calma,sin_evento,gjr_garch_11,6.7838998164986014e-06,0.00010477160834839007,0.00010477160834839007,False,0.28471920747980206,1.8019801016277919,8.541852888102374e-09,
Kerosene,237,2021-08-30,calma,sin_evento,ols_clip_legacy,1.862850994244234e-05,-2.4963014029158394e-05,8.766534720891807e-09,True,0.054059787356075986,2116.2955640199693,8.766534720891807e-09,
Kerosene,237,2021-08-30,calma,sin_evento,ridge_cv_clip,1.862850994244234e-05,0.0001991670014345976,0.0001991670014345976,False,0.5241679353972898,1.4629825864639088,8.766534720891807e-09,15.0
Kerosene,237,2021-08-30,calma,sin_evento,ridge_log_cv,1.862850994244234e-05,5.410534448961457e-05,5.410534448961457e-05,False,0.1030019635443256,0.4105405065069905,8.766534720891807e-09,15000.0
Kerosene,237,2021-08-30,calma,sin_evento,nnls_base_no_negativa,1.862850994244234e-05,7.78953633677027e-05,7.78953633677027e-05,False,0.1720729133197747,0.6698210972767371,8.766534720891807e-09,
Kerosene,237,2021-08-30,calma,sin_evento,ngrc_softplus_cv,1.862850994244234e-05,6.916879643234743e-05,6.916879643234743e-05,False,0.1467365624075362,0.5811762042828703,8.766534720891807e-09,0.021544346900318822
Kerosene,237,2021-08-30,calma,sin_evento,ssrc_recurrente_log_cv,1.862850994244234e-05,4.890576135172845e-05,4.890576135172845e-05,False,0.08790571046396373,0.34610825435233883,8.766534720891807e-09,15000.0
Kerosene,237,2021-08-30,calma,sin_evento,naive,1.862850994244234e-05,2.457233623458766e-05,2.457233623458766e-05,False,0.0172570576510512,0.03503709522033116,8.766534720891807e-09,
Kerosene,237,2021-08-30,calma,sin_evento,ewma_094,1.862850994244234e-05,0.000155618710342977,0.000155618710342977,False,0.3977316411593554,1.242421757824041,8.766534720891807e-09,0.94
Kerosene,237,2021-08-30,calma,sin_evento,garch_11,1.862850994244234e-05,7.554870065022068e-05,7.554870065022068e-05,False,0.16525971054218422,0.6466604693356035,8.766534720891807e-09,
Kerosene,237,2021-08-30,calma,sin_evento,gjr_garch_11,1.862850994244234e-05,8.404978771322895e-05,8.404978771322895e-05,False,0.1899414125860017,0.7283527434128294,8.766534720891807e-09,
Kerosene,241,2021-09-27,calma,sin_evento,ols_clip_legacy,0.0005818056921493386,0.00014902859672884694,0.00014902859672884694,False,1.2597193334022623,1.5419886009360417,8.766534720891807e-09,
Kerosene,241,2021-09-27,calma,sin_evento,ridge_cv_clip,0.0005818056921493386,0.00021827889294210182,0.00021827889294210182,False,1.0581468890497925,0.6850605470446121,8.766534720891807e-09,15.0
Kerosene,241,2021-09-27,calma,sin_evento,ridge_log_cv,0.0005818056921493386,5.556576533354696e-05,5.556576533354696e-05,False,1.5317691643869187,7.122008968169723,8.766534720891807e-09,15000.0
Kerosene,241,2021-09-27,calma,sin_evento,nnls_base_no_negativa,0.0005818056921493386,0.00028124507840693357,0.00028124507840693357,False,0.8748661146743069,0.3417685854455772,8.766534720891807e-09,
Kerosene,241,2021-09-27,calma,sin_evento,ngrc_softplus_cv,0.0005818056921493386,0.00017086754681887938,0.00017086754681887938,False,1.1961509330854874,1.179762067970107,8.766534720891807e-09,0.021544346900318822
Kerosene,241,2021-09-27,calma,sin_evento,ssrc_recurrente_log_cv,0.0005818056921493386,5.147669530348811e-05,5.147669530348811e-05,False,1.5436715516135258,7.877305067074451,8.766534720891807e-09,15000.0
Kerosene,241,2021-09-27,calma,sin_evento,naive,0.0005818056921493386,0.00020068001203603293,0.00020068001203603293,False,1.109373376676358,0.8347462344103735,8.766534720891807e-09,
Kerosene,241,2021-09-27,calma,sin_evento,ewma_094,0.0005818056921493386,0.00014046234336307509,0.00014046234336307509,False,1.284653820679599,1.720878838893431,8.766534720891807e-09,0.94
Kerosene,241,2021-09-27,calma,sin_evento,garch_11,0.0005818056921493386,0.00022094958357519366,0.00022094958357519366,False,1.050373093579463,0.6650036685938707,8.766534720891807e-09,
Kerosene,241,2021-09-27,calma,sin_evento,gjr_garch_11,0.0005818056921493386,0.00017953362273277472,0.00017953362273277472,False,1.1709258842347419,1.0648762950173882,8.766534720891807e-09,
Kerosene,245,2021-11-01,calma,sin_evento,ols_clip_legacy,0.002008243890119154,0.0005372434337346685,0.0005372434337346685,False,4.249980467832949,1.4194873773728283,8.851446522723271e-09,
Kerosene,245,2021-11-01,calma,sin_evento,ridge_cv_clip,0.002008243890119154,0.000534138752144899,0.000534138752144899,False,4.25895044201487,1.4354191324837098,8.851446522723271e-09,15.0
Kerosene,245,2021-11-01,calma,sin_evento,ridge_log_cv,0.002008243890119154,0.00015799625562129573,0.00015799625562129573,False,5.345692636015522,9.168260995250654,8.851446522723271e-09,0.00015
Kerosene,245,2021-11-01,calma,sin_evento,nnls_base_no_negativa,0.002008243890119154,0.0008937910601574348,0.0008937910601574348,False,3.219851318945122,0.4373390474652301,8.851446522723271e-09,
Kerosene,245,2021-11-01,calma,sin_evento,ngrc_softplus_cv,0.002008243890119154,0.0005566767888176324,0.0005566767888176324,False,4.19383406817101,1.3245270240776361,8.851446522723271e-09,0.021544346900318822
Kerosene,245,2021-11-01,calma,sin_evento,ssrc_recurrente_log_cv,0.002008243890119154,7.119456658547496e-05,7.119456658547496e-05,False,5.596478066690279,23.86822578048553,8.851446522723271e-09,15000.0
Kerosene,245,2021-11-01,calma,sin_evento,naive,0.002008243890119154,0.0008867157263070553,0.0008867157263070553,False,3.240293209725644,0.4473199145495719,8.851446522723271e-09,
Kerosene,245,2021-11-01,calma,sin_evento,ewma_094,0.002008243890119154,0.0002568413949083508,0.0002568413949083508,False,5.060111547656968,4.762446805583126,8.851446522723271e-09,0.94
Kerosene,245,2021-11-01,calma,sin_evento,garch_11,0.002008243890119154,0.0008584017786878776,0.0008584017786878776,False,3.322097211775048,0.4895713923228424,8.851446522723271e-09,
Kerosene,245,2021-11-01,calma,sin_evento,gjr_garch_11,0.002008243890119154,0.0006685028046548968,0.0006685028046548968,False,3.870748931765226,0.9041166034898265,8.851446522723271e-09,
Kerosene,249,2021-11-29,calma,sin_evento,ols_clip_legacy,8.068560332868625e-05,0.00031793755648589113,0.00031793755648589113,False,0.6485118553763723,0.6250729833555191,8.463058033507855e-09,
Kerosene,249,2021-11-29,calma,sin_evento,ridge_cv_clip,8.068560332868625e-05,0.0003797254035405937,0.0003797254035405937,False,0.8174046750135869,0.761372288096891,8.463058033507855e-09,150.0
Kerosene,249,2021-11-29,calma,sin_evento,ridge_log_cv,8.068560332868625e-05,2.4239677303810967e-05,2.4239677303810967e-05,False,0.15429104682891284,1.1260889982515367,8.463058033507855e-09,0.015000000000000001
Kerosene,249,2021-11-29,calma,sin_evento,nnls_base_no_negativa,8.068560332868625e-05,0.00015021271877831577,0.00015021271877831577,False,0.19004757617034276,0.15863453993183518,8.463058033507855e-09,
Kerosene,249,2021-11-29,calma,sin_evento,ngrc_softplus_cv,8.068560332868625e-05,0.00030421736834437265,0.00030421736834437265,False,0.6110086671017815,0.5924058381400665,8.463058033507855e-09,0.021544346900318822
Kerosene,249,2021-11-29,calma,sin_evento,ssrc_recurrente_log_cv,8.068560332868625e-05,4.1394044623270286e-05,4.1394044623270286e-05,False,0.10740076655889545,0.2817848684396229,8.463058033507855e-09,1500.0
Kerosene,249,2021-11-29,calma,sin_evento,naive,8.068560332868625e-05,6.969670645838005e-05,6.969670645838005e-05,False,0.030037391907917644,0.011260278271788104,8.463058033507855e-09,
Kerosene,249,2021-11-29,calma,sin_evento,ewma_094,8.068560332868625e-05,0.0003072704496223484,0.0003072704496223484,False,0.6193540542644448,0.599756370682589,8.463058033507855e-09,0.94
Kerosene,249,2021-11-29,calma,sin_evento,garch_11,8.068560332868625e-05,0.00012898821210550478,0.00012898821210550478,False,0.13203185061501932,0.09468781250215996,8.463058033507855e-09,
Kerosene,249,2021-11-29,calma,sin_evento,gjr_garch_11,8.068560332868625e-05,0.00013901624915611945,0.00013901624915611945,False,0.1594427984573243,0.12443478167279443,8.463058033507855e-09,
Kerosene,253,2021-12-27,calma,sin_evento,ols_clip_legacy,3.5231334631575845e-07,0.00014307774465118633,0.00014307774465118633,False,0.3875916674119611,5.009084853353795,8.766534720891807e-09,
Kerosene,253,2021-12-27,calma,sin_evento,ridge_cv_clip,3.5231334631575845e-07,0.0005006622618357958,0.0005006622618357958,False,1.35866443271496,6.259869751288242,8.766534720891807e-09,150.0
Kerosene,253,2021-12-27,calma,sin_evento,ridge_log_cv,3.5231334631575845e-07,5.333710259480365e-05,5.333710259480365e-05,False,0.14388790157813983,4.02647191710581,8.766534720891807e-09,15.0
Kerosene,253,2021-12-27,calma,sin_evento,nnls_base_no_negativa,3.5231334631575845e-07,0.00023750332724204872,0.00023750332724204872,False,0.6440180706684441,5.5148993476208865,8.766534720891807e-09,
Kerosene,253,2021-12-27,calma,sin_evento,ngrc_softplus_cv,3.5231334631575845e-07,0.0002491011781362074,0.0002491011781362074,False,0.6755137216212177,5.562507801136092,8.766534720891807e-09,0.021544346900318822
Kerosene,253,2021-12-27,calma,sin_evento,ssrc_recurrente_log_cv,3.5231334631575845e-07,8.696321427867789e-05,8.696321427867789e-05,False,0.23520449860627493,4.512770807504033,8.766534720891807e-09,150.0
Kerosene,253,2021-12-27,calma,sin_evento,naive,3.5231334631575845e-07,0.0001535459685466434,0.0001535459685466434,False,0.4160196519511361,5.079528816340817,8.766534720891807e-09,
Kerosene,253,2021-12-27,calma,sin_evento,ewma_094,3.5231334631575845e-07,0.000295974000906748,0.000295974000906748,False,0.802803689273389,5.7346962790075064,8.766534720891807e-09,0.94
Kerosene,253,2021-12-27,calma,sin_evento,garch_11,3.5231334631575845e-07,0.0002446679355225496,0.0002446679355225496,False,0.6634746065107577,5.544576202299493,8.766534720891807e-09,
Kerosene,253,2021-12-27,calma,sin_evento,gjr_garch_11,3.5231334631575845e-07,0.00029840468024627044,0.00029840468024627044,False,0.8094045525500737,5.742865519882829,8.766534720891807e-09,
Kerosene,257,2022-01-24,calma,sin_evento,ols_clip_legacy,0.000660992695071213,0.000651201795035,0.000651201795035,False,0.026437913021150176,0.00011190718567499758,8.766534720891807e-09,
Kerosene,257,2022-01-24,calma,sin_evento,ridge_cv_clip,0.000660992695071213,0.00040777937463027525,0.00040777937463027525,False,0.6837401788246038,0.13794015602154897,8.766534720891807e-09,150.0
Kerosene,257,2022-01-24,calma,sin_evento,ridge_log_cv,0.000660992695071213,0.00011867581090037605,0.00011867581090037605,False,1.4643931161159442,2.852386676224401,8.766534720891807e-09,15.0
Kerosene,257,2022-01-24,calma,sin_evento,nnls_base_no_negativa,0.000660992695071213,0.0006723245616340327,0.0006723245616340327,False,0.030598913424406776,0.00014365790350390206,8.766534720891807e-09,
Kerosene,257,2022-01-24,calma,sin_evento,ngrc_softplus_cv,0.000660992695071213,0.0007154975285394592,0.0007154975285394592,False,0.14717687251795458,0.00305782772221308,8.766534720891807e-09,0.021544346900318822
Kerosene,257,2022-01-24,calma,sin_evento,ssrc_recurrente_log_cv,0.000660992695071213,0.00012443877189551584,0.00012443877189551584,False,1.448831659970926,2.641861584263302,8.766534720891807e-09,150.0
Kerosene,257,2022-01-24,calma,sin_evento,naive,0.000660992695071213,0.0006887738973399774,0.0006887738973399774,False,0.07501629129988083,0.0008359836774927132,8.766534720891807e-09,
Kerosene,257,2022-01-24,calma,sin_evento,ewma_094,0.000660992695071213,0.0003106621939524386,0.0003106621939524386,False,0.9459811950869924,0.3726528626807648,8.766534720891807e-09,0.94
Kerosene,257,2022-01-24,calma,sin_evento,garch_11,0.000660992695071213,0.0006634068215436767,0.0006634068215436767,False,0.006518753686074391,6.637207113469046e-06,8.766534720891807e-09,
Kerosene,257,2022-01-24,calma,sin_evento,gjr_garch_11,0.000660992695071213,0.000522056390338608,0.000522056390338608,False,0.3751632563313705,0.030165574727027522,8.766534720891807e-09,
Kerosene,261,2022-02-14,calma,sin_evento,ols_clip_legacy,0.0008591487926987624,0.0009225399922506603,0.0009225399922506603,False,0.16667522209666003,0.0024748352438632715,9.421723321758628e-09,
Kerosene,261,2022-02-14,calma,sin_evento,ridge_cv_clip,0.0008591487926987624,0.00047556043269084575,0.00047556043269084575,False,1.0085733595508044,0.21515460883858895,9.421723321758628e-09,150.0
Kerosene,261,2022-02-14,calma,sin_evento,ridge_log_cv,0.0008591487926987624,0.00015332250775374194,0.00015332250775374194,False,1.8558373029139115,2.880141392679427,9.421723321758628e-09,1.5
Kerosene,261,2022-02-14,calma,sin_evento,nnls_base_no_negativa,0.0008591487926987624,0.0007502891871957291,0.0007502891871957291,False,0.28622583344109714,0.009606788343794026,9.421723321758628e-09,
Kerosene,261,2022-02-14,calma,sin_evento,ngrc_softplus_cv,0.0008591487926987624,0.0010219244224447515,0.0010219244224447515,False,0.42798786632243424,0.014217261740027132,9.421723321758628e-09,0.021544346900318822
Kerosene,261,2022-02-14,calma,sin_evento,ssrc_recurrente_log_cv,0.0008591487926987624,0.00032853649252559354,0.00032853649252559354,False,1.3951451243035315,0.6537845241064884,9.421723321758628e-09,150.0
Kerosene,261,2022-02-14,calma,sin_evento,naive,0.0008591487926987624,0.0008182516319754363,0.0008182516319754363,False,0.10753138282392871,0.0012089385569546973,9.421723321758628e-09,
Kerosene,261,2022-02-14,calma,sin_evento,ewma_094,0.0008591487926987624,0.000373504075367211,0.000373504075367211,False,1.2769113330161392,0.4672261992760698,9.421723321758628e-09,0.94
Kerosene,261,2022-02-14,calma,sin_evento,garch_11,0.0008591487926987624,0.0007836013642624663,0.0007836013642624663,False,0.1986377368224797,0.0043688410688624835,9.421723321758628e-09,
Kerosene,261,2022-02-14,calma,sin_evento,gjr_garch_11,0.0008591487926987624,0.0006422236381181763,0.0006422236381181763,False,0.5703638450392602,0.04676645321180373,9.421723321758628e-09,
Kerosene,265,2022-03-14,ucrania_2022,calendario_externo,ols_clip_legacy,0.0023142466949214835,0.0012687941640349286,0.0012687941640349286,False,2.6594963083074847,0.22295605249685813,1.1759899512937006e-08,
Kerosene,265,2022-03-14,ucrania_2022,calendario_externo,ridge_cv_clip,0.0023142466949214835,0.0010175173290772669,0.0010175173290772669,False,3.2987121456505637,0.4526866271422203,1.1759899512937006e-08,1.5
Kerosene,265,2022-03-14,ucrania_2022,calendario_externo,ridge_log_cv,0.0023142466949214835,0.00032595856242265966,0.00032595856242265966,False,5.057948392690824,4.13974944623949,1.1759899512937006e-08,1.5
Kerosene,265,2022-03-14,ucrania_2022,calendario_externo,nnls_base_no_negativa,0.0023142466949214835,0.0010657785969276517,0.0010657785969276517,False,3.175941709030649,0.39603549687256967,1.1759899512937006e-08,
Kerosene,265,2022-03-14,ucrania_2022,calendario_externo,ngrc_softplus_cv,0.0023142466949214835,0.000893962279299486,0.000893962279299486,False,3.6130202457783662,0.6375761324595861,1.1759899512937006e-08,0.021544346900318822
Kerosene,265,2022-03-14,ucrania_2022,calendario_externo,ssrc_recurrente_log_cv,0.0023142466949214835,0.00015910286924354162,0.00015910286924354162,False,5.482407741078115,10.868311457922562,1.1759899512937006e-08,1500.0
Kerosene,265,2022-03-14,ucrania_2022,calendario_externo,naive,0.0023142466949214835,0.0012556984671084743,0.0012556984671084743,False,2.692810071105576,0.2316032887339612,1.1759899512937006e-08,
Kerosene,265,2022-03-14,ucrania_2022,calendario_externo,ewma_094,0.0023142466949214835,0.0004290894549401129,0.0004290894549401129,False,4.795596712610205,2.708215717552198,1.1759899512937006e-08,0.94
Kerosene,265,2022-03-14,ucrania_2022,calendario_externo,garch_11,0.0023142466949214835,0.000838399956124258,0.000838399956124258,False,3.7543636248414,0.7449692227511047,1.1759899512937006e-08,
Kerosene,265,2022-03-14,ucrania_2022,calendario_externo,gjr_garch_11,0.0023142466949214835,0.0007078777796878441,0.0007078777796878441,False,4.086395195983646,1.084706327363015,1.1759899512937006e-08,
Kerosene,269,2022-04-11,ucrania_2022,calendario_externo,ols_clip_legacy,7.248791194335049e-05,0.0017791245277558754,0.0017791245277558754,False,3.9522353956323086,2.2412004531040273,1.3303808500642143e-08,
Kerosene,269,2022-04-11,ucrania_2022,calendario_externo,ridge_cv_clip,7.248791194335049e-05,0.0006456209269759987,0.0006456209269759987,False,1.3272635588795578,1.2990689888192284,1.3303808500642143e-08,15000.0
Kerosene,269,2022-04-11,ucrania_2022,calendario_externo,ridge_log_cv,7.248791194335049e-05,0.0004123991364566571,0.0004123991364566571,False,0.7871676726299568,0.9143430926074652,1.3303808500642143e-08,1.5
Kerosene,269,2022-04-11,ucrania_2022,calendario_externo,nnls_base_no_negativa,7.248791194335049e-05,0.0021450383052784563,0.0021450383052784563,False,4.79961987682472,2.421286167861162,1.3303808500642143e-08,
Kerosene,269,2022-04-11,ucrania_2022,calendario_externo,ngrc_softplus_cv,7.248791194335049e-05,0.0008249157221435093,0.0008249157221435093,False,1.742475109568285,1.519734522360194,1.3303808500642143e-08,10.0
Kerosene,269,2022-04-11,ucrania_2022,calendario_externo,ssrc_recurrente_log_cv,7.248791194335049e-05,0.00032440054000360474,0.00032440054000360474,False,0.5833801970506081,0.7220110550548771,1.3303808500642143e-08,1.5
Kerosene,269,2022-04-11,ucrania_2022,calendario_externo,naive,7.248791194335049e-05,0.0026773807953874313,0.0026773807953874313,False,6.032420587013427,2.6362486526752646,1.3303808500642143e-08,
Kerosene,269,2022-04-11,ucrania_2022,calendario_externo,ewma_094,7.248791194335049e-05,0.0008758521506454896,0.0008758521506454896,False,1.860433879342351,1.5745402091836347,1.3303808500642143e-08,0.94
Kerosene,269,2022-04-11,ucrania_2022,calendario_externo,garch_11,7.248791194335049e-05,0.0025370704608230804,0.0025370704608230804,False,5.7074893945731295,2.583917017644406,1.3303808500642143e-08,
Kerosene,269,2022-04-11,ucrania_2022,calendario_externo,gjr_garch_11,7.248791194335049e-05,0.0022826328765825706,0.0022826328765825706,False,5.118261894648807,2.4814212826316067,1.3303808500642143e-08,
Kerosene,273,2022-05-09,ucrania_2022,calendario_externo,ols_clip_legacy,0.0011220633027465656,0.0004594995544024555,0.0004594995544024555,False,1.4371281242762974,0.5491381488748655,1.3303808500642143e-08,
Kerosene,273,2022-05-09,ucrania_2022,calendario_externo,ridge_cv_clip,0.0011220633027465656,0.0006172939517722849,0.0006172939517722849,False,1.0948655617981045,0.22013392752244898,1.3303808500642143e-08,15000.0
Kerosene,273,2022-05-09,ucrania_2022,calendario_externo,ridge_log_cv,0.0011220633027465656,7.52508959937738e-05,7.52508959937738e-05,False,2.270579328171252,11.208865998983246,1.3303808500642143e-08,15.0
Kerosene,273,2022-05-09,ucrania_2022,calendario_externo,nnls_base_no_negativa,0.0011220633027465656,0.00019179537040178021,0.00019179537040178021,False,2.0177895516111293,3.0838193659040742,1.3303808500642143e-08,
Kerosene,273,2022-05-09,ucrania_2022,calendario_externo,ngrc_softplus_cv,0.0011220633027465656,0.0005404727942423861,0.0005404727942423861,False,1.2614938240620686,0.3455971035371135,1.3303808500642143e-08,10.0
Kerosene,273,2022-05-09,ucrania_2022,calendario_externo,ssrc_recurrente_log_cv,0.0011220633027465656,7.30479338852309e-05,7.30479338852309e-05,False,2.2753576439345493,11.628835287203259,1.3303808500642143e-08,150.0
Kerosene,273,2022-05-09,ucrania_2022,calendario_externo,naive,0.0011220633027465656,0.00012565001459033325,0.00012565001459033325,False,2.1612615591945006,5.740644896780406,1.3303808500642143e-08,
Kerosene,273,2022-05-09,ucrania_2022,calendario_externo,ewma_094,0.0011220633027465656,0.0008143052551297642,0.0008143052551297642,False,0.6675399111524617,0.057350207873752,1.3303808500642143e-08,0.94
Kerosene,273,2022-05-09,ucrania_2022,calendario_externo,garch_11,0.0011220633027465656,0.00033718593408882256,0.00033718593408882256,False,1.7024314164864243,1.1254386855343057,1.3303808500642143e-08,
Kerosene,273,2022-05-09,ucrania_2022,calendario_externo,gjr_garch_11,0.0011220633027465656,0.0003060252300053543,0.0003060252300053543,False,1.7700202701212984,1.367314271431094,1.3303808500642143e-08,
Kerosene,277,2022-06-06,ucrania_2022,calendario_externo,ols_clip_legacy,0.00029948144123953334,0.0009947710144315963,0.0009947710144315963,False,1.4713199714729532,0.5015157815241076,1.3303808500642143e-08,
Kerosene,277,2022-06-06,ucrania_2022,calendario_externo,ridge_cv_clip,0.00029948144123953334,0.0006333916839096276,0.0006333916839096276,False,0.7065959675828175,0.2218584261873724,1.3303808500642143e-08,15000.0
Kerosene,277,2022-06-06,ucrania_2022,calendario_externo,ridge_log_cv,0.00029948144123953334,7.626348219795122e-05,7.626348219795122e-05,False,0.4723572074028343,1.5590728815064878,1.3303808500642143e-08,0.015000000000000001
Kerosene,277,2022-06-06,ucrania_2022,calendario_externo,nnls_base_no_negativa,0.00029948144123953334,0.0004992027179993589,0.0004992027179993589,False,0.4226352796802775,0.11087930443183014,1.3303808500642143e-08,
Kerosene,277,2022-06-06,ucrania_2022,calendario_externo,ngrc_softplus_cv,0.00029948144123953334,0.0005981672366212647,0.0005981672366212647,False,0.6320566176806892,0.1924829946711779,1.3303808500642143e-08,10.0
Kerosene,277,2022-06-06,ucrania_2022,calendario_externo,ssrc_recurrente_log_cv,0.00029948144123953334,0.0001340534541604619,0.0001340534541604619,False,0.3500663761036622,0.4302311243375905,1.3303808500642143e-08,150.0
Kerosene,277,2022-06-06,ucrania_2022,calendario_externo,naive,0.00029948144123953334,0.0002557920075755314,0.0002557920075755314,False,0.0924523231336192,0.01311281471422343,1.3303808500642143e-08,
Kerosene,277,2022-06-06,ucrania_2022,calendario_externo,ewma_094,0.00029948144123953334,0.0007471327667902308,0.0007471327667902308,False,0.947286369498228,0.3150314473036848,1.3303808500642143e-08,0.94
Kerosene,277,2022-06-06,ucrania_2022,calendario_externo,garch_11,0.00029948144123953334,0.0004073358794966235,0.0004073358794966235,False,0.2282335233234083,0.042805543804513846,1.3303808500642143e-08,
Kerosene,277,2022-06-06,ucrania_2022,calendario_externo,gjr_garch_11,0.00029948144123953334,0.0004333482501488764,0.0004333482501488764,False,0.28327896326911045,0.06057645644404097,1.3303808500642143e-08,
Kerosene,281,2022-07-04,calma,sin_evento,ols_clip_legacy,0.0002860078173294592,0.0007930944655982772,0.0007930944655982772,False,1.066464957953148,0.3805458318012658,1.4256410340422266e-08,
Kerosene,281,2022-07-04,calma,sin_evento,ridge_cv_clip,0.0002860078173294592,0.0006291319849692127,0.0006291319849692127,False,0.721631899131864,0.2429289446665781,1.4256410340422266e-08,15000.0
Kerosene,281,2022-07-04,calma,sin_evento,ridge_log_cv,0.0002860078173294592,0.0001342598478907776,0.0001342598478907776,False,0.31914445469900704,0.3740137243177388,1.4256410340422266e-08,15.0
Kerosene,281,2022-07-04,calma,sin_evento,nnls_base_no_negativa,0.0002860078173294592,0.0005038944892813525,0.0005038944892813525,False,0.45824219832059837,0.13394240780677147,1.4256410340422266e-08,
Kerosene,281,2022-07-04,calma,sin_evento,ngrc_softplus_cv,0.0002860078173294592,0.0005354012194311072,0.0005354012194311072,False,0.5245046876981274,0.16119070145367553,1.4256410340422266e-08,10.0
Kerosene,281,2022-07-04,calma,sin_evento,ssrc_recurrente_log_cv,0.0002860078173294592,0.00010896304163232902,0.00010896304163232902,False,0.37234671808903735,0.6598045326789703,1.4256410340422266e-08,1500.0
Kerosene,281,2022-07-04,calma,sin_evento,naive,0.0002860078173294592,0.0005865921956831765,0.0005865921956831765,False,0.6321655431409284,0.20588592575405995,1.4256410340422266e-08,
Kerosene,281,2022-07-04,calma,sin_evento,ewma_094,0.0002860078173294592,0.0006477999206677874,0.0006477999206677874,False,0.7608928406845952,0.25906915044091505,1.4256410340422266e-08,0.94
Kerosene,281,2022-07-04,calma,sin_evento,garch_11,0.0002860078173294592,0.00035972050050440713,0.00035972050050440713,False,0.1550267470681078,0.024391650743879056,1.4256410340422266e-08,
Kerosene,281,2022-07-04,calma,sin_evento,gjr_garch_11,0.0002860078173294592,0.00033665693619168874,0.00033665693619168874,False,0.10652126338206565,0.012597998981466407,1.4256410340422266e-08,
Kerosene,285,2022-08-01,calma,sin_evento,ols_clip_legacy,0.001357183418057806,0.001900221120742094,0.001900221120742094,False,1.1198590049309605,0.050782663870515776,1.5543104243678156e-08,
Kerosene,285,2022-08-01,calma,sin_evento,ridge_cv_clip,0.001357183418057806,0.0006973784519359763,0.0006973784519359763,False,1.3606578864732604,0.28028323516477993,1.5543104243678156e-08,15000.0
Kerosene,285,2022-08-01,calma,sin_evento,ridge_log_cv,0.001357183418057806,0.00011401536730507625,0.00011401536730507625,False,2.5636763882070577,8.426679522878873,1.5543104243678156e-08,150.0
Kerosene,285,2022-08-01,calma,sin_evento,nnls_base_no_negativa,0.001357183418057806,0.0016654834480578282,0.0016654834480578282,False,0.6357800998151569,0.019592470009357266,1.5543104243678156e-08,
Kerosene,285,2022-08-01,calma,sin_evento,ngrc_softplus_cv,0.001357183418057806,0.0009034112710836638,0.0009034112710836638,False,0.9357744820736388,0.0952985380348883,1.5543104243678156e-08,10.0
Kerosene,285,2022-08-01,calma,sin_evento,ssrc_recurrente_log_cv,0.001357183418057806,0.00021781044748610918,0.00021781044748610918,False,2.349628901939169,3.4014882957650503,1.5543104243678156e-08,1500.0
Kerosene,285,2022-08-01,calma,sin_evento,naive,0.001357183418057806,0.0015769611183343959,0.0015769611183343959,False,0.45322826669522515,0.01072025363896456,1.5543104243678156e-08,
Kerosene,285,2022-08-01,calma,sin_evento,ewma_094,0.001357183418057806,0.0006659862666575014,0.0006659862666575014,False,1.4253952356384978,0.32595719650555344,1.5543104243678156e-08,0.94
Kerosene,285,2022-08-01,calma,sin_evento,garch_11,0.001357183418057806,0.0015856980414279903,0.0015856980414279903,False,0.4712456565622402,0.011503381645606492,1.5543104243678156e-08,
Kerosene,285,2022-08-01,calma,sin_evento,gjr_garch_11,0.001357183418057806,0.0017683338985572217,0.0017683338985572217,False,0.8478795591779521,0.03211900073009155,1.5543104243678156e-08,
Kerosene,289,2022-08-29,calma,sin_evento,ols_clip_legacy,4.570859492306744e-05,0.000142229175919769,0.000142229175919769,False,0.19579614853326116,0.4565261637471263,1.7830453586015215e-08,
Kerosene,289,2022-08-29,calma,sin_evento,ridge_cv_clip,4.570859492306744e-05,0.0006870921233060433,0.0006870921233060433,False,1.301074064135107,1.776706721791629,1.7830453586015215e-08,15000.0
Kerosene,289,2022-08-29,calma,sin_evento,ridge_log_cv,4.570859492306744e-05,9.206097728103188e-05,9.206097728103188e-05,False,0.0940278005717834,0.19666827382912988,1.7830453586015215e-08,150.0
Kerosene,289,2022-08-29,calma,sin_evento,nnls_base_no_negativa,4.570859492306744e-05,0.00038228214995992453,0.00038228214995992453,False,0.682753927647993,1.2434402889593819,1.7830453586015215e-08,
Kerosene,289,2022-08-29,calma,sin_evento,ngrc_softplus_cv,4.570859492306744e-05,0.0007224186741628451,0.0007224186741628451,False,1.372735491442124,1.8235901122113143,1.7830453586015215e-08,10.0
Kerosene,289,2022-08-29,calma,sin_evento,ssrc_recurrente_log_cv,4.570859492306744e-05,0.0001768640725522663,0.0001768640725522663,False,0.2660545255080365,0.6115342509725323,1.7830453586015215e-08,1500.0
Kerosene,289,2022-08-29,calma,sin_evento,naive,4.570859492306744e-05,0.0001789653861027083,0.0001789653861027083,False,0.2703171303928056,0.6203107279347146,1.7830453586015215e-08,
Kerosene,289,2022-08-29,calma,sin_evento,ewma_094,4.570859492306744e-05,0.0006618941209044794,0.0006618941209044794,False,1.2499588328547786,1.7418765127938483,1.7830453586015215e-08,0.94
Kerosene,289,2022-08-29,calma,sin_evento,garch_11,4.570859492306744e-05,0.000462893955691007,0.000462893955691007,False,0.8462784415441204,1.4139569211191305,1.7830453586015215e-08,
Kerosene,289,2022-08-29,calma,sin_evento,gjr_garch_11,4.570859492306744e-05,0.000512634966914508,0.000512634966914508,False,0.9471802214665188,1.5064416944247054,1.7830453586015215e-08,
Kerosene,293,2022-09-26,calma,sin_evento,ols_clip_legacy,0.00010492657599378493,0.00012403806450079504,0.00012403806450079504,False,0.03865704694747199,0.013250051142909669,1.7830453586015215e-08,
Kerosene,293,2022-09-26,calma,sin_evento,ridge_cv_clip,0.00010492657599378493,0.0006622999041624828,0.0006622999041624828,False,1.1274060053659776,1.0008852389501786,1.7830453586015215e-08,15000.0
Kerosene,293,2022-09-26,calma,sin_evento,ridge_log_cv,0.00010492657599378493,8.585249815392268e-05,8.585249815392268e-05,False,0.038581375922907835,0.021542516178864046,1.7830453586015215e-08,150.0
Kerosene,293,2022-09-26,calma,sin_evento,nnls_base_no_negativa,0.00010492657599378493,0.0001625129710189033,0.0001625129710189033,False,0.11648072180275885,0.08314746016555263,1.7830453586015215e-08,
Kerosene,293,2022-09-26,calma,sin_evento,ngrc_softplus_cv,0.00010492657599378493,0.0005743653674843335,0.0005743653674843335,False,0.9495397176917052,0.8826875233799885,1.7830453586015215e-08,10.0
Kerosene,293,2022-09-26,calma,sin_evento,ssrc_recurrente_log_cv,0.00010492657599378493,6.5133479046451e-05,6.5133479046451e-05,False,0.0804899951311562,0.1341247562971697,1.7830453586015215e-08,1500.0
Kerosene,293,2022-09-26,calma,sin_evento,naive,0.00010492657599378493,1.88463040125377e-06,1.88463040125377e-06,False,0.20842423272620833,50.65535331814536,1.7830453586015215e-08,
Kerosene,293,2022-09-26,calma,sin_evento,ewma_094,0.00010492657599378493,0.0005223412902815215,0.0005223412902815215,False,0.844309965750074,0.8059377877764955,1.7830453586015215e-08,0.94
Kerosene,293,2022-09-26,calma,sin_evento,garch_11,0.00010492657599378493,5.7426384565662466e-05,5.7426384565662466e-05,False,0.09607923157724267,0.2243922886199048,1.7830453586015215e-08,
Kerosene,293,2022-09-26,calma,sin_evento,gjr_garch_11,0.00010492657599378493,5.816254696624109e-05,5.816254696624109e-05,False,0.09459018667790409,0.21400385603005434,1.7830453586015215e-08,
Kerosene,297,2022-10-24,calma,sin_evento,ols_clip_legacy,0.00048112234828333344,0.0008933457660910507,0.0008933457660910507,False,0.8272028123035803,0.15741439944916102,1.8700529610048347e-08,
Kerosene,297,2022-10-24,calma,sin_evento,ridge_cv_clip,0.00048112234828333344,0.0005609976555476048,0.0005609976555476048,False,0.1602846319454803,0.011214304487412674,1.8700529610048347e-08,1500.0
Kerosene,297,2022-10-24,calma,sin_evento,ridge_log_cv,0.00048112234828333344,0.00011012145029577949,0.00011012145029577949,False,0.7444821738041322,1.894477977784935,1.8700529610048347e-08,150.0
Kerosene,297,2022-10-24,calma,sin_evento,nnls_base_no_negativa,0.00048112234828333344,0.0004461479680506697,0.0004461479680506697,False,0.07018258652284787,0.0029209488941028816,1.8700529610048347e-08,
Kerosene,297,2022-10-24,calma,sin_evento,ngrc_softplus_cv,0.00048112234828333344,0.0005709959382336263,0.0005709959382336263,False,0.1803480422196172,0.013862546433684564,1.8700529610048347e-08,10.0
Kerosene,297,2022-10-24,calma,sin_evento,ssrc_recurrente_log_cv,0.00048112234828333344,0.0001284105455349385,0.0001284105455349385,False,0.707781709049417,1.425861983456623,1.8700529610048347e-08,1500.0
Kerosene,297,2022-10-24,calma,sin_evento,naive,0.00048112234828333344,0.0004808895411920003,0.0004808895411920003,False,0.0004671706466826968,1.1714711889432294e-07,1.8700529610048347e-08,
Kerosene,297,2022-10-24,calma,sin_evento,ewma_094,0.00048112234828333344,0.00045967551125276695,0.00045967551125276695,False,0.043037059857129356,0.0010557008656262301,1.8700529610048347e-08,0.94
Kerosene,297,2022-10-24,calma,sin_evento,garch_11,0.00048112234828333344,0.0003334393639735511,0.0003334393639735511,False,0.296353323642135,0.07624749900911043,1.8700529610048347e-08,
Kerosene,297,2022-10-24,calma,sin_evento,gjr_garch_11,0.00048112234828333344,0.0003097178816260929,0.0003097178816260929,False,0.34395488158899606,0.11296150430175556,1.8700529610048347e-08,
Kerosene,301,2022-11-21,calma,sin_evento,ols_clip_legacy,0.000595232179413138,0.0015508058365225107,0.0015508058365225107,False,1.917770709125728,0.3413996367755594,1.8878436906137254e-08,
Kerosene,301,2022-11-21,calma,sin_evento,ridge_cv_clip,0.000595232179413138,0.0015298861547375785,0.0015298861547375785,False,1.8757863443696554,0.33306664630749183,1.8878436906137254e-08,0.15
Kerosene,301,2022-11-21,calma,sin_evento,ridge_log_cv,0.000595232179413138,0.00013618397369833323,0.00013618397369833323,False,0.9212782253328814,1.8958497912888657,1.8878436906137254e-08,15000.0
Kerosene,301,2022-11-21,calma,sin_evento,nnls_base_no_negativa,0.000595232179413138,0.0006691188332712757,0.0006691188332712757,False,0.14828544038466465,0.006586311228577113,1.8878436906137254e-08,
Kerosene,301,2022-11-21,calma,sin_evento,ngrc_softplus_cv,0.000595232179413138,0.0012930949289919958,0.0012930949289919958,False,1.400562615110991,0.2361581648599027,1.8878436906137254e-08,0.021544346900318822
Kerosene,301,2022-11-21,calma,sin_evento,ssrc_recurrente_log_cv,0.000595232179413138,0.00012818254216427624,0.00012818254216427624,False,0.9373365489512908,2.1081328844671354,1.8878436906137254e-08,15000.0
Kerosene,301,2022-11-21,calma,sin_evento,naive,0.000595232179413138,0.00048546102134681637,0.00048546102134681637,False,0.2203031760871437,0.0222647986740363,1.8878436906137254e-08,
Kerosene,301,2022-11-21,calma,sin_evento,ewma_094,0.000595232179413138,0.0004204000937212364,0.0004204000937212364,False,0.3508759899990754,0.06812602555641956,1.8878436906137254e-08,0.94
Kerosene,301,2022-11-21,calma,sin_evento,garch_11,0.000595232179413138,0.0005137568432021667,0.0005137568432021667,False,0.1635154047404714,0.011385888703154157,1.8878436906137254e-08,
Kerosene,301,2022-11-21,calma,sin_evento,gjr_garch_11,0.000595232179413138,0.000551736265388143,0.000551736265388143,False,0.08729331251775893,0.0029532163836714087,1.8878436906137254e-08,
Kerosene,305,2022-12-19,calma,sin_evento,ols_clip_legacy,0.0004424733978268896,0.002612576743358911,0.002612576743358911,False,4.293511304692376,0.9450747592259849,2.201799006398578e-08,
Kerosene,305,2022-12-19,calma,sin_evento,ridge_cv_clip,0.0004424733978268896,0.0026125684762257763,0.0026125684762257763,False,4.293494948314859,0.9450721307877137,2.201799006398578e-08,0.00015
Kerosene,305,2022-12-19,calma,sin_evento,ridge_log_cv,0.0004424733978268896,0.00015141271029279379,0.00015141271029279379,False,0.5758584515581247,0.8499291725865912,2.201799006398578e-08,15000.0
Kerosene,305,2022-12-19,calma,sin_evento,nnls_base_no_negativa,0.0004424733978268896,0.0019929763223832907,0.0019929763223832907,False,3.0676427683721426,0.7270204796862241,2.201799006398578e-08,
Kerosene,305,2022-12-19,calma,sin_evento,ngrc_softplus_cv,0.0004424733978268896,0.0025989655512404144,0.0025989655512404144,False,4.266581800458661,0.9407382477104804,2.201799006398578e-08,1e-07
Kerosene,305,2022-12-19,calma,sin_evento,ssrc_recurrente_log_cv,0.0004424733978268896,0.00017835391095472733,0.00017835391095472733,False,0.5225557598489244,0.5722624712288882,2.201799006398578e-08,15000.0
Kerosene,305,2022-12-19,calma,sin_evento,naive,0.0004424733978268896,0.002140002178842213,0.002140002178842213,False,3.3585308397112996,0.7829448409270883,2.201799006398578e-08,
Kerosene,305,2022-12-19,calma,sin_evento,ewma_094,0.0004424733978268896,0.000547899456500584,0.000547899456500584,False,0.20858360301439816,0.021292829366842625,2.201799006398578e-08,0.94
Kerosene,305,2022-12-19,calma,sin_evento,garch_11,0.0004424733978268896,0.0018848945840212682,0.0018848945840212682,False,2.8538049497984006,0.6839938559359637,2.201799006398578e-08,
Kerosene,305,2022-12-19,calma,sin_evento,gjr_garch_11,0.0004424733978268896,0.002012502541430896,0.002012502541430896,False,3.106275049360696,0.7346162076585334,2.201799006398578e-08,
Kerosene,309,2023-01-16,calma,sin_evento,ols_clip_legacy,0.0025174866741595864,0.0006190080369034856,0.0006190080369034856,False,3.7851671122119654,1.6640712114557337,2.201799006398578e-08,
Kerosene,309,2023-01-16,calma,sin_evento,ridge_cv_clip,0.0025174866741595864,0.0005302697971850205,0.0005302697971850205,False,3.9620924986695036,2.189927703335161,2.201799006398578e-08,15.0
Kerosene,309,2023-01-16,calma,sin_evento,ridge_log_cv,0.0025174866741595864,0.00014228738114767657,0.00014228738114767657,False,4.735647835285592,13.819804657641772,2.201799006398578e-08,15000.0
Kerosene,309,2023-01-16,calma,sin_evento,nnls_base_no_negativa,0.0025174866741595864,0.00033374952513837516,0.00033374952513837516,False,4.3539125887333165,4.522416421336651,2.201799006398578e-08,
Kerosene,309,2023-01-16,calma,sin_evento,ngrc_softplus_cv,0.0025174866741595864,0.0003669941095334996,0.0003669941095334996,False,4.287629879493325,3.93407628175804,2.201799006398578e-08,0.46415888336127725
Kerosene,309,2023-01-16,calma,sin_evento,ssrc_recurrente_log_cv,0.0025174866741595864,0.00014329960973001596,0.00014329960973001596,False,4.733629664385628,13.701915211841339,2.201799006398578e-08,15000.0
Kerosene,309,2023-01-16,calma,sin_evento,naive,0.0025174866741595864,0.0002917079708894807,0.0002917079708894807,False,4.4377346056716735,5.47489759797036,2.201799006398578e-08,
Kerosene,309,2023-01-16,calma,sin_evento,ewma_094,0.0025174866741595864,0.0005062885272430832,0.0005062885272430832,False,4.009906107162088,2.3685251527722384,2.201799006398578e-08,0.94
Kerosene,309,2023-01-16,calma,sin_evento,garch_11,0.0025174866741595864,0.0003062734670954173,0.0003062734670954173,False,4.408694069670993,5.113196849519198,2.201799006398578e-08,
Kerosene,309,2023-01-16,calma,sin_evento,gjr_garch_11,0.0025174866741595864,0.00030301934721421264,0.00030301934721421264,False,4.415182100303423,5.190786718361565,2.201799006398578e-08,
Kerosene,313,2023-02-13,calma,sin_evento,ols_clip_legacy,0.0005731131718906886,0.0016987986947414008,0.0016987986947414008,False,2.3901597068990057,0.42395721862773006,2.201799006398578e-08,
Kerosene,313,2023-02-13,calma,sin_evento,ridge_cv_clip,0.0005731131718906886,0.0005507966643305227,0.0005507966643305227,False,0.04738447469230681,0.0007992864366710428,2.201799006398578e-08,15.0
Kerosene,313,2023-02-13,calma,sin_evento,ridge_log_cv,0.0005731131718906886,0.00014303972930352252,0.00014303972930352252,False,0.9131717452277414,1.6187104702646007,2.201799006398578e-08,15000.0
Kerosene,313,2023-02-13,calma,sin_evento,nnls_base_no_negativa,0.0005731131718906886,0.0003729459824274498,0.0003729459824274498,False,0.4250135061581511,0.10706937089633217,2.201799006398578e-08,
Kerosene,313,2023-02-13,calma,sin_evento,ngrc_softplus_cv,0.0005731131718906886,0.00043983971391013666,0.00043983971391013666,False,0.28297854311701787,0.0383317722906813,2.201799006398578e-08,0.46415888336127725
Kerosene,313,2023-02-13,calma,sin_evento,ssrc_recurrente_log_cv,0.0005731131718906886,0.00014518850312064544,0.00014518850312064544,False,0.9086092697470933,1.5743226786922841,2.201799006398578e-08,1500.0
Kerosene,313,2023-02-13,calma,sin_evento,naive,0.0005731131718906886,0.0001603887844926938,0.0001603887844926938,False,0.8763346252469207,1.2997921793276292,2.201799006398578e-08,
Kerosene,313,2023-02-13,calma,sin_evento,ewma_094,0.0005731131718906886,0.0007122441434969623,0.0007122441434969623,False,0.295415758277569,0.021995860250606736,2.201799006398578e-08,0.94
Kerosene,313,2023-02-13,calma,sin_evento,garch_11,0.0005731131718906886,0.0007966985396395391,0.0007966985396395391,False,0.4747371501164551,0.048753297089018766,2.201799006398578e-08,
Kerosene,313,2023-02-13,calma,sin_evento,gjr_garch_11,0.0005731131718906886,0.0007967838221068426,0.0007967838221068426,False,0.47491822974563747,0.04878334065102585,2.201799006398578e-08,
Kerosene,317,2023-03-13,calma,sin_evento,ols_clip_legacy,2.5683243152932204e-05,0.0005727219069210075,0.0005727219069210075,False,1.3256940925886922,2.149405686844787,2.201799006398578e-08,
Kerosene,317,2023-03-13,calma,sin_evento,ridge_cv_clip,2.5683243152932204e-05,0.0007697217886725403,0.0007697217886725403,False,1.8031038202298104,2.433557291448538,2.201799006398578e-08,15.0
Kerosene,317,2023-03-13,calma,sin_evento,ridge_log_cv,2.5683243152932204e-05,0.00042353549053293985,0.00042353549053293985,False,0.9641555688985499,1.863438672073896,2.201799006398578e-08,150.0
Kerosene,317,2023-03-13,calma,sin_evento,nnls_base_no_negativa,2.5683243152932204e-05,0.0014316344841746082,0.0014316344841746082,False,3.4071837662289752,3.0386731093813584,2.201799006398578e-08,
Kerosene,317,2023-03-13,calma,sin_evento,ngrc_softplus_cv,2.5683243152932204e-05,0.0008908644972456315,0.0008908644972456315,False,2.0966811919082926,2.575183147754042,2.201799006398578e-08,0.46415888336127725
Kerosene,317,2023-03-13,calma,sin_evento,ssrc_recurrente_log_cv,2.5683243152932204e-05,0.0005975614209551183,0.0005975614209551183,False,1.3858901979077776,2.1899984024131607,2.201799006398578e-08,150.0
Kerosene,317,2023-03-13,calma,sin_evento,naive,2.5683243152932204e-05,0.0016660665354389832,0.0016660665354389832,False,3.9753066541687447,3.1877974940021767,2.201799006398578e-08,
Kerosene,317,2023-03-13,calma,sin_evento,ewma_094,2.5683243152932204e-05,0.0009144454999911448,0.0009144454999911448,False,2.15382741960217,2.600565247495484,2.201799006398578e-08,0.94
Kerosene,317,2023-03-13,calma,sin_evento,garch_11,2.5683243152932204e-05,0.002346176727721898,0.002346176727721898,False,5.623486433653351,3.525650445371694,2.201799006398578e-08,
Kerosene,317,2023-03-13,calma,sin_evento,gjr_garch_11,2.5683243152932204e-05,0.0023461571299947435,0.0023461571299947435,False,5.623438940500055,3.525642183728989,2.201799006398578e-08,
Kerosene,321,2023-04-10,calma,sin_evento,ols_clip_legacy,0.0006666469381002098,0.00033964829747916154,0.00033964829747916154,False,0.8425920809225194,0.2884066870664146,2.1827297202113185e-08,
Kerosene,321,2023-04-10,calma,sin_evento,ridge_cv_clip,0.0006666469381002098,0.00036528611363396794,0.00036528611363396794,False,0.7765299687890881,0.22341974159645317,2.1827297202113185e-08,15.0
Kerosene,321,2023-04-10,calma,sin_evento,ridge_log_cv,0.0006666469381002098,0.00011208107082979706,0.00011208107082979706,False,1.4289747725694408,3.164861315671323,2.1827297202113185e-08,15.0
Kerosene,321,2023-04-10,calma,sin_evento,nnls_base_no_negativa,0.0006666469381002098,0.0007915920121552352,0.0007915920121552352,False,0.32195158288454845,0.013945304227604538,2.1827297202113185e-08,
Kerosene,321,2023-04-10,calma,sin_evento,ngrc_softplus_cv,0.0006666469381002098,0.00043171120148643326,0.00043171120148643326,False,0.6053694621497608,0.10969279925084008,2.1827297202113185e-08,0.46415888336127725
Kerosene,321,2023-04-10,calma,sin_evento,ssrc_recurrente_log_cv,0.0006666469381002098,0.0001059389539813725,0.0001059389539813725,False,1.4448014408600314,3.45334853153774,2.1827297202113185e-08,150.0
Kerosene,321,2023-04-10,calma,sin_evento,naive,0.0006666469381002098,0.000527651094018685,0.000527651094018685,False,0.35815683295135853,0.029598457826418345,2.1827297202113185e-08,
Kerosene,321,2023-04-10,calma,sin_evento,ewma_094,0.0006666469381002098,0.0007730291404259811,0.0007730291404259811,False,0.27411979774763123,0.010438843288755661,2.1827297202113185e-08,0.94
Kerosene,321,2023-04-10,calma,sin_evento,garch_11,0.0006666469381002098,0.0007889117471019363,0.0007889117471019363,False,0.31504522356637565,0.013414812729725112,2.1827297202113185e-08,
Kerosene,321,2023-04-10,calma,sin_evento,gjr_garch_11,0.0006666469381002098,0.0007888829593675956,0.0007888829593675956,False,0.314971044918608,0.013409157935180271,2.1827297202113185e-08,
Kerosene,325,2023-05-08,calma,sin_evento,ols_clip_legacy,0.0010490383958022492,0.00042368743898232934,0.00042368743898232934,False,1.7270541896579503,0.5693391791033389,2.0602038586755228e-08,
Kerosene,325,2023-05-08,calma,sin_evento,ridge_cv_clip,0.0010490383958022492,0.000450387078515765,0.000450387078515765,False,1.6533168365513555,0.4836711002954308,2.0602038586755228e-08,1500.0
Kerosene,325,2023-05-08,calma,sin_evento,ridge_log_cv,0.0010490383958022492,0.0001293218332809484,0.0001293218332809484,False,2.540014251641461,5.018517824368338,2.0602038586755228e-08,15.0
Kerosene,325,2023-05-08,calma,sin_evento,nnls_base_no_negativa,0.0010490383958022492,0.0007157151412192983,0.0007157151412192983,False,0.9205507996107245,0.08337358782712312,2.0602038586755228e-08,
Kerosene,325,2023-05-08,calma,sin_evento,ngrc_softplus_cv,0.0010490383958022492,0.00045622211194240397,0.00045622211194240397,False,1.6372020152396278,0.46675335574523036,2.0602038586755228e-08,10.0
Kerosene,325,2023-05-08,calma,sin_evento,ssrc_recurrente_log_cv,0.0010490383958022492,0.00011010607066168906,0.00011010607066168906,False,2.593083113177754,6.273340468703484,2.0602038586755228e-08,150.0
Kerosene,325,2023-05-08,calma,sin_evento,naive,0.0010490383958022492,0.0005713293829339496,0.0005713293829339496,False,1.3193061322030426,0.2284725949761115,2.0602038586755228e-08,
Kerosene,325,2023-05-08,calma,sin_evento,ewma_094,0.0010490383958022492,0.0006907558940320639,0.0006907558940320639,False,0.98948164868886,0.10083907394631098,2.0602038586755228e-08,0.94
Kerosene,325,2023-05-08,calma,sin_evento,garch_11,0.0010490383958022492,0.0006914291165673814,0.0006914291165673814,False,0.9876223858421143,0.1003345243128193,2.0602038586755228e-08,
Kerosene,325,2023-05-08,calma,sin_evento,gjr_garch_11,0.0010490383958022492,0.0006914272980266999,0.0006914272980266999,False,0.9876274081712062,0.10033588462541254,2.0602038586755228e-08,
Kerosene,329,2023-06-05,calma,sin_evento,ols_clip_legacy,1.896998300708451e-08,0.00012257048659705322,0.00012257048659705322,False,0.33587563569637613,7.691219596049892,2.0602038586755228e-08,
Kerosene,329,2023-06-05,calma,sin_evento,ridge_cv_clip,1.896998300708451e-08,0.00041099636507729745,0.00041099636507729745,False,1.126361367430964,8.900999744981625,2.0602038586755228e-08,1500.0
Kerosene,329,2023-06-05,calma,sin_evento,ridge_log_cv,1.896998300708451e-08,8.205249313595608e-05,8.205249313595608e-05,False,0.2248284027702695,7.289975533843737,2.0602038586755228e-08,15.0
Kerosene,329,2023-06-05,calma,sin_evento,nnls_base_no_negativa,1.896998300708451e-08,0.00032185580699616923,0.00032185580699616923,False,0.8820547897643675,8.656532898601462,2.0602038586755228e-08,
Kerosene,329,2023-06-05,calma,sin_evento,ngrc_softplus_cv,1.896998300708451e-08,0.0004224248894237838,0.0004224248894237838,False,1.1576834023270028,8.928425672933956,2.0602038586755228e-08,10.0
Kerosene,329,2023-06-05,calma,sin_evento,ssrc_recurrente_log_cv,1.896998300708451e-08,8.273127254162045e-05,8.273127254162045e-05,False,0.226688726254418,7.298211946099832,2.0602038586755228e-08,150.0
Kerosene,329,2023-06-05,calma,sin_evento,naive,1.896998300708451e-08,3.4864099158703265e-05,3.4864099158703265e-05,False,0.0954996742281678,6.434413794078598,2.0602038586755228e-08,
Kerosene,329,2023-06-05,calma,sin_evento,ewma_094,1.896998300708451e-08,0.0006274512116705926,0.0006274512116705926,False,1.7195968589838442,9.324063999705144,2.0602038586755228e-08,0.94
Kerosene,329,2023-06-05,calma,sin_evento,garch_11,1.896998300708451e-08,0.0003232567786952983,0.0003232567786952983,False,0.8858944179716586,8.660875968169538,2.0602038586755228e-08,
Kerosene,329,2023-06-05,calma,sin_evento,gjr_garch_11,1.896998300708451e-08,0.00032328472499477685,0.00032328472499477685,False,0.8859710100968485,8.660962411246492,2.0602038586755228e-08,
Kerosene,333,2023-07-10,calma,sin_evento,ols_clip_legacy,6.269330275654395e-05,0.00019341980825368692,0.00019341980825368692,False,0.35846292237791305,0.45073909650064303,2.0602038586755228e-08,
Kerosene,333,2023-07-10,calma,sin_evento,ridge_cv_clip,6.269330275654395e-05,0.0004001908865497203,0.0004001908865497203,False,0.9254463715824685,1.0103455186985961,2.0602038586755228e-08,1500.0
Kerosene,333,2023-07-10,calma,sin_evento,ridge_log_cv,6.269330275654395e-05,6.155973119398551e-05,6.155973119398551e-05,False,0.0031083472589885364,0.00016748791387866113,2.0602038586755228e-08,15.0
Kerosene,333,2023-07-10,calma,sin_evento,nnls_base_no_negativa,6.269330275654395e-05,6.624660911437549e-05,6.624660911437549e-05,False,0.009743460794644672,0.0014920942443938934,2.0602038586755228e-08,
Kerosene,333,2023-07-10,calma,sin_evento,ngrc_softplus_cv,6.269330275654395e-05,0.0004128927164873733,0.0004128927164873733,False,0.960275842940883,1.0367723722619222,2.0602038586755228e-08,10.0
Kerosene,333,2023-07-10,calma,sin_evento,ssrc_recurrente_log_cv,6.269330275654395e-05,7.359585606120763e-05,7.359585606120763e-05,False,0.029895705573313364,0.012193234212252158,2.0602038586755228e-08,1500.0
Kerosene,333,2023-07-10,calma,sin_evento,naive,6.269330275654395e-05,9.632995248538554e-06,9.632995248538554e-06,False,0.14549576475909104,3.6351232928388697,2.0602038586755228e-08,
Kerosene,333,2023-07-10,calma,sin_evento,ewma_094,6.269330275654395e-05,0.0005007956025621666,0.0005007956025621666,False,1.2013128484662223,1.2031308177474496,2.0602038586755228e-08,0.94
Kerosene,333,2023-07-10,calma,sin_evento,garch_11,6.269330275654395e-05,6.933920154723571e-05,6.933920154723571e-05,False,0.018223605788890863,0.004909600029129324,2.0602038586755228e-08,
Kerosene,333,2023-07-10,calma,sin_evento,gjr_garch_11,6.269330275654395e-05,6.934264541266406e-05,6.934264541266406e-05,False,0.01823304915357828,0.00491436141261814,2.0602038586755228e-08,
Kerosene,337,2023-08-07,calma,sin_evento,ols_clip_legacy,0.0019361026157280643,0.0005225448952798226,0.0005225448952798226,False,3.837629320442764,1.3954198248577248,2.1827297202113185e-08,
Kerosene,337,2023-08-07,calma,sin_evento,ridge_cv_clip,0.0019361026157280643,0.00045865954255022316,0.00045865954255022316,False,4.011069922998559,1.7810954507148793,2.1827297202113185e-08,1500.0
Kerosene,337,2023-08-07,calma,sin_evento,ridge_log_cv,0.0019361026157280643,0.0001656835077154503,0.0001656835077154503,False,4.806462573192184,8.227195320326235,2.1827297202113185e-08,15.0
Kerosene,337,2023-08-07,calma,sin_evento,nnls_base_no_negativa,0.0019361026157280643,0.0005383800795017439,0.0005383800795017439,False,3.794638810479445,1.3162956821704839,2.1827297202113185e-08,
Kerosene,337,2023-08-07,calma,sin_evento,ngrc_softplus_cv,0.0019361026157280643,0.0004628058489277774,0.0004628058489277774,False,3.999813228846024,1.752276718427634,2.1827297202113185e-08,10.0
Kerosene,337,2023-08-07,calma,sin_evento,ssrc_recurrente_log_cv,0.0019361026157280643,0.00016701376414700862,0.00016701376414700862,False,4.802851096270083,8.142117343190879,2.1827297202113185e-08,1500.0
Kerosene,337,2023-08-07,calma,sin_evento,naive,0.0019361026157280643,0.0007586109364835133,0.0007586109364835133,False,3.1967400605426732,0.6152248534114966,2.1827297202113185e-08,
Kerosene,337,2023-08-07,calma,sin_evento,ewma_094,0.0019361026157280643,0.0004644741711029399,0.0004644741711029399,False,3.9952839464525765,1.7408488801807485,2.1827297202113185e-08,0.94
Kerosene,337,2023-08-07,calma,sin_evento,garch_11,0.0019361026157280643,0.00046260152338307927,0.00046260152338307927,False,4.000367946697235,1.753682886141875,2.1827297202113185e-08,
Kerosene,337,2023-08-07,calma,sin_evento,gjr_garch_11,0.0019361026157280643,0.0004623178621175734,0.0004623178621175734,False,4.001138050934106,1.7556374261998542,2.1827297202113185e-08,
Kerosene,341,2023-09-04,calma,sin_evento,ols_clip_legacy,0.0003621358206675692,0.0007746884748610923,0.0007746884748610923,False,1.0921595413959044,0.22790157451383886,2.201799006398578e-08,
Kerosene,341,2023-09-04,calma,sin_evento,ridge_cv_clip,0.0003621358206675692,0.0008880111795635789,0.0008880111795635789,False,1.3921611822520412,0.30477047059225093,2.201799006398578e-08,15.0
Kerosene,341,2023-09-04,calma,sin_evento,ridge_log_cv,0.0003621358206675692,0.00023292372025012458,0.00023292372025012458,False,0.3420659809123908,0.11343166455755993,2.201799006398578e-08,15.0
Kerosene,341,2023-09-04,calma,sin_evento,nnls_base_no_negativa,0.0003621358206675692,0.0008055347601635114,0.0008055347601635114,False,1.173819577920246,0.24904653921467834,2.201799006398578e-08,
Kerosene,341,2023-09-04,calma,sin_evento,ngrc_softplus_cv,0.0003621358206675692,0.0008135073235538276,0.0008135073235538276,False,1.194925516974593,0.25448932395289114,2.201799006398578e-08,0.021544346900318822
Kerosene,341,2023-09-04,calma,sin_evento,ssrc_recurrente_log_cv,0.0003621358206675692,0.0002971889360232543,0.0002971889360232543,False,0.1719352888103205,0.020886105222349904,2.201799006398578e-08,1500.0
Kerosene,341,2023-09-04,calma,sin_evento,naive,0.0003621358206675692,0.0010908027962078309,0.0010908027962078309,False,1.9290158037938199,0.4346400614192947,2.201799006398578e-08,
Kerosene,341,2023-09-04,calma,sin_evento,ewma_094,0.0003621358206675692,0.0007020294281353709,0.0007020294281353709,False,0.89980767953392,0.17779735501275384,2.201799006398578e-08,0.94
Kerosene,341,2023-09-04,calma,sin_evento,garch_11,0.0003621358206675692,0.0009703383701329291,0.0009703383701329291,False,1.610107729880982,0.3588312194963339,2.201799006398578e-08,
Kerosene,341,2023-09-04,calma,sin_evento,gjr_garch_11,0.0003621358206675692,0.0009703401601375099,0.0009703401601375099,False,1.6101124685987243,0.3588323757571452,2.201799006398578e-08,
Kerosene,345,2023-10-02,calma,sin_evento,ols_clip_legacy,1.5521355876664406e-06,0.00020858041814535345,0.00020858041814535345,False,0.5390529316107185,3.9081343095205856,2.249735635268301e-08,
Kerosene,345,2023-10-02,calma,sin_evento,ridge_cv_clip,1.5521355876664406e-06,0.00020858100975192849,0.00020858100975192849,False,0.539054472015028,3.9081371247577854,2.249735635268301e-08,0.00015
Kerosene,345,2023-10-02,calma,sin_evento,ridge_log_cv,1.5521355876664406e-06,7.429555175176191e-05,7.429555175176191e-05,False,0.18940673831706006,2.889310666368755,2.249735635268301e-08,15.0
Kerosene,345,2023-10-02,calma,sin_evento,nnls_base_no_negativa,1.5521355876664406e-06,0.00010571108741670019,0.00010571108741670019,False,0.27120540074661165,3.2357608092698875,2.249735635268301e-08,
Kerosene,345,2023-10-02,calma,sin_evento,ngrc_softplus_cv,1.5521355876664406e-06,0.0002486423005497507,0.0002486423005497507,False,0.6433646463635894,4.082625982337765,2.249735635268301e-08,1e-07
Kerosene,345,2023-10-02,calma,sin_evento,ssrc_recurrente_log_cv,1.5521355876664406e-06,0.00010642388104416401,0.00010642388104416401,False,0.27306134762387346,3.242382683556598,2.249735635268301e-08,1500.0
Kerosene,345,2023-10-02,calma,sin_evento,naive,1.5521355876664406e-06,1.907307555887119e-05,1.907307555887119e-05,False,0.045620404803491686,1.5900242616904725,2.249735635268301e-08,
Kerosene,345,2023-10-02,calma,sin_evento,ewma_094,1.5521355876664406e-06,0.000574983885849071,0.000574983885849071,False,1.4930813425018108,4.917409676552344,2.249735635268301e-08,0.94
Kerosene,345,2023-10-02,calma,sin_evento,garch_11,1.5521355876664406e-06,8.16276999103777e-05,8.16276999103777e-05,False,0.20849792678211754,2.9815516976141048,2.249735635268301e-08,
Kerosene,345,2023-10-02,calma,sin_evento,gjr_garch_11,1.5521355876664406e-06,8.159538514629513e-05,8.159538514629513e-05,False,0.2084137867404874,2.9811632699162867,2.249735635268301e-08,
Kerosene,349,2023-10-30,calma,sin_evento,ols_clip_legacy,0.00022369347843147785,0.0002572846050710712,0.0002572846050710712,False,0.08802743334833152,0.009345981110728152,2.249735635268301e-08,
Kerosene,349,2023-10-30,calma,sin_evento,ridge_cv_clip,0.00022369347843147785,0.0002572851082461246,0.0002572851082461246,False,0.0880287519468099,0.009346236450504808,2.249735635268301e-08,0.00015
Kerosene,349,2023-10-30,calma,sin_evento,ridge_log_cv,0.00022369347843147785,0.00010927082213943268,0.00010927082213943268,False,0.2998509951260447,0.33070008338244894,2.249735635268301e-08,15.0
Kerosene,349,2023-10-30,calma,sin_evento,nnls_base_no_negativa,0.00022369347843147785,0.0005170554937887889,0.0005170554937887889,False,0.7687716321893077,0.2705030280797114,2.249735635268301e-08,
Kerosene,349,2023-10-30,calma,sin_evento,ngrc_softplus_cv,0.00022369347843147785,0.0002797445466383001,0.0002797445466383001,False,0.1468849712490192,0.023234952112128227,2.249735635268301e-08,0.001
Kerosene,349,2023-10-30,calma,sin_evento,ssrc_recurrente_log_cv,0.00022369347843147785,0.00013014761733733847,0.00013014761733733847,False,0.24514218117265038,0.17715998294288893,2.249735635268301e-08,1500.0
Kerosene,349,2023-10-30,calma,sin_evento,naive,0.00022369347843147785,0.0002171492466263418,0.0002171492466263418,False,0.017149526874267976,0.00044519756289918,2.249735635268301e-08,
Kerosene,349,2023-10-30,calma,sin_evento,ewma_094,0.00022369347843147785,0.00047560485976441257,0.00047560485976441257,False,0.6601479184634901,0.22464538781388343,2.249735635268301e-08,0.94
Kerosene,349,2023-10-30,calma,sin_evento,garch_11,0.00022369347843147785,0.0004181721755918439,0.0004181721755918439,False,0.5096423450047677,0.16054805836522412,2.249735635268301e-08,
Kerosene,349,2023-10-30,calma,sin_evento,gjr_garch_11,0.00022369347843147785,0.00041835503850187186,0.00041835503850187186,False,0.5101215475274183,0.16075143526690772,2.249735635268301e-08,
Kerosene,353,2023-11-27,calma,sin_evento,ols_clip_legacy,0.00012634771607583135,0.00018948394593502345,0.00018948394593502345,False,0.16761899233214958,0.07206560035289433,2.1401865015615594e-08,
Kerosene,353,2023-11-27,calma,sin_evento,ridge_cv_clip,0.00012634771607583135,0.00018948402095262073,0.00018948402095262073,False,0.16761919149472376,0.07206573226876278,2.1401865015615594e-08,0.00015
Kerosene,353,2023-11-27,calma,sin_evento,ridge_log_cv,0.00012634771607583135,7.681569269793385e-05,7.681569269793385e-05,False,0.13150148282993934,0.1471876582106728,2.1401865015615594e-08,15.0
Kerosene,353,2023-11-27,calma,sin_evento,nnls_base_no_negativa,0.00012634771607583135,0.0002862378792956616,0.0002862378792956616,False,0.42448888859062794,0.25919354511276094,2.1401865015615594e-08,
Kerosene,353,2023-11-27,calma,sin_evento,ngrc_softplus_cv,0.00012634771607583135,0.00022933209479686662,0.00022933209479686662,False,0.2734109690374421,0.14707117501753864,2.1401865015615594e-08,1e-07
Kerosene,353,2023-11-27,calma,sin_evento,ssrc_recurrente_log_cv,0.00012634771607583135,4.718378004052923e-05,4.718378004052923e-05,False,0.2101705980366228,0.6927910246891469,2.1401865015615594e-08,150.0
Kerosene,353,2023-11-27,calma,sin_evento,naive,0.00012634771607583135,2.3596219541166167e-05,2.3596219541166167e-05,False,0.27279269522700833,2.676623279223871,2.1401865015615594e-08,
Kerosene,353,2023-11-27,calma,sin_evento,ewma_094,0.00012634771607583135,0.00038841292025609293,0.00038841292025609293,False,0.6957511645529316,0.4483235022377108,2.1401865015615594e-08,0.94
Kerosene,353,2023-11-27,calma,sin_evento,garch_11,0.00012634771607583135,0.00014593152213322012,0.00014593152213322012,False,0.05199261730845702,0.009901127070858218,2.1401865015615594e-08,
Kerosene,353,2023-11-27,calma,sin_evento,gjr_garch_11,0.00012634771607583135,0.00014593383922299866,0.00014593383922299866,False,0.05199876889930569,0.009903257958407519,2.1401865015615594e-08,
Kerosene,357,2023-12-25,calma,sin_evento,ols_clip_legacy,0.00029555477942114997,0.0006263486744028664,0.0006263486744028664,False,0.8743037690136728,0.2229224154488263,2.175095574063869e-08,
Kerosene,357,2023-12-25,calma,sin_evento,ridge_cv_clip,0.00029555477942114997,0.0006263481263874377,0.0006263481263874377,False,0.8743023205832088,0.22292195336798049,2.175095574063869e-08,0.00015
Kerosene,357,2023-12-25,calma,sin_evento,ridge_log_cv,0.00029555477942114997,0.00024284429719293666,0.00024284429719293666,False,0.1393162751120371,0.0206209302464484,2.175095574063869e-08,15.0
Kerosene,357,2023-12-25,calma,sin_evento,nnls_base_no_negativa,0.00029555477942114997,0.0008231661128518756,0.0008231661128518756,False,1.3945014838266874,0.38335015936773864,2.175095574063869e-08,
Kerosene,357,2023-12-25,calma,sin_evento,ngrc_softplus_cv,0.00029555477942114997,0.0005975692395843406,0.0005975692395843406,False,0.7982383738729577,0.19861099658372106,2.175095574063869e-08,1e-07
Kerosene,357,2023-12-25,calma,sin_evento,ssrc_recurrente_log_cv,0.00029555477942114997,0.00023834485327542553,0.00023834485327542553,False,0.15120851627858903,0.024894436072187887,2.175095574063869e-08,150.0
Kerosene,357,2023-12-25,calma,sin_evento,naive,0.00029555477942114997,0.0008468510323998578,0.0008468510323998578,False,1.4571018363233108,0.4016750547647123,2.175095574063869e-08,
Kerosene,357,2023-12-25,calma,sin_evento,ewma_094,0.00029555477942114997,0.00041946715859813216,0.00041946715859813216,False,0.3275062260380435,0.05472679267707292,2.175095574063869e-08,0.94
Kerosene,357,2023-12-25,calma,sin_evento,garch_11,0.00029555477942114997,0.0010746940618104822,0.0010746940618104822,False,2.0593016422423784,0.5659500534485074,2.175095574063869e-08,
Kerosene,357,2023-12-25,calma,sin_evento,gjr_garch_11,0.00029555477942114997,0.001074744270450424,0.001074744270450424,False,2.0594343460310642,0.5659839236330848,2.175095574063869e-08,
Kerosene,361,2024-01-22,calma,sin_evento,ols_clip_legacy,3.805403478705829e-06,0.0005296286993262303,0.0005296286993262303,False,1.3795689772265114,3.9429392091194773,2.175095574063869e-08,
Kerosene,361,2024-01-22,calma,sin_evento,ridge_cv_clip,3.805403478705829e-06,0.0005296262094463105,0.0005296262094463105,False,1.3795624446876882,3.9429345417066193,2.175095574063869e-08,0.00015
Kerosene,361,2024-01-22,calma,sin_evento,ridge_log_cv,3.805403478705829e-06,0.00012045999018809468,0.00012045999018809468,False,0.3060591840383571,2.4864862423236698,2.175095574063869e-08,150.0
Kerosene,361,2024-01-22,calma,sin_evento,nnls_base_no_negativa,3.805403478705829e-06,0.0005052110982348115,0.0005052110982348115,False,1.3155060777124863,3.896086637271112,2.175095574063869e-08,
Kerosene,361,2024-01-22,calma,sin_evento,ngrc_softplus_cv,3.805403478705829e-06,0.0005010919283580565,0.0005010919283580565,False,1.3046988749529778,3.887961771479846,2.175095574063869e-08,1e-07
Kerosene,361,2024-01-22,calma,sin_evento,ssrc_recurrente_log_cv,3.805403478705829e-06,0.00012874454193499335,0.00012874454193499335,False,0.32779483301113155,2.5509659060426118,2.175095574063869e-08,1500.0
Kerosene,361,2024-01-22,calma,sin_evento,naive,3.805403478705829e-06,0.000510153681550455,0.000510153681550455,False,1.328473617689255,3.9057493196072244,2.175095574063869e-08,
Kerosene,361,2024-01-22,calma,sin_evento,ewma_094,3.805403478705829e-06,0.0003860492855286596,0.0003860492855286596,False,1.0028688450571406,3.6294003188854216,2.175095574063869e-08,0.94
Kerosene,361,2024-01-22,calma,sin_evento,garch_11,3.805403478705829e-06,0.0004042458278535221,0.0004042458278535221,False,1.0506099502580954,3.6750147404382663,2.175095574063869e-08,
Kerosene,361,2024-01-22,calma,sin_evento,gjr_garch_11,3.805403478705829e-06,0.0004041803177490894,0.0004041803177490894,False,1.050438075583687,3.6748541979574183,2.175095574063869e-08,
Kerosene,365,2024-02-19,calma,sin_evento,ols_clip_legacy,0.00019065331045498083,0.00037551232220154983,0.00037551232220154983,False,0.4828396212185691,0.18554982709380274,2.1401865015615594e-08,
Kerosene,365,2024-02-19,calma,sin_evento,ridge_cv_clip,0.00019065331045498083,0.00037870275497315807,0.00037870275497315807,False,0.491172822485914,0.18973283512101502,2.1401865015615594e-08,1.5
Kerosene,365,2024-02-19,calma,sin_evento,ridge_log_cv,0.00019065331045498083,0.00011650325888301909,0.00011650325888301909,False,0.19367507418803387,0.14392592109118607,2.1401865015615594e-08,150.0
Kerosene,365,2024-02-19,calma,sin_evento,nnls_base_no_negativa,0.00019065331045498083,0.00032154274049474497,0.00032154274049474497,False,0.34187461149341064,0.1156068526039753,2.1401865015615594e-08,
Kerosene,365,2024-02-19,calma,sin_evento,ngrc_softplus_cv,0.00019065331045498083,0.0003763680289578519,0.0003763680289578519,False,0.4850746711746593,0.1866716696648174,2.1401865015615594e-08,1e-07
Kerosene,365,2024-02-19,calma,sin_evento,ssrc_recurrente_log_cv,0.00019065331045498083,0.0001368076605792305,0.0001368076605792305,False,0.14064130790614554,0.06170586332385919,2.1401865015615594e-08,1500.0
Kerosene,365,2024-02-19,calma,sin_evento,naive,0.00019065331045498083,0.00028387885694607036,0.00028387885694607036,False,0.2434990165227215,0.06969188848063457,2.1401865015615594e-08,
Kerosene,365,2024-02-19,calma,sin_evento,ewma_094,0.00019065331045498083,0.00034050766027839125,0.00034050766027839125,False,0.39140973882239394,0.1398899925388597,2.1401865015615594e-08,0.94
Kerosene,365,2024-02-19,calma,sin_evento,garch_11,0.00019065331045498083,0.00027065370545321444,0.00027065370545321444,False,0.20895578772886061,0.05480139775641635,2.1401865015615594e-08,
Kerosene,365,2024-02-19,calma,sin_evento,gjr_garch_11,0.00019065331045498083,0.00027065208212286333,0.00027065208212286333,False,0.20895154769639243,0.054799624917469814,2.1401865015615594e-08,
Kerosene,369,2024-03-18,calma,sin_evento,ols_clip_legacy,8.882500390441054e-05,0.00019509495782490076,0.00019509495782490076,False,0.2767523068138552,0.24210934788445249,2.1401865015615594e-08,
Kerosene,369,2024-03-18,calma,sin_evento,ridge_cv_clip,8.882500390441054e-05,0.0001950955637543222,0.0001950955637543222,False,0.2767538847985909,0.2421110396506041,2.1401865015615594e-08,0.00015
Kerosene,369,2024-03-18,calma,sin_evento,ridge_log_cv,8.882500390441054e-05,0.00010059284336676064,0.00010059284336676064,False,0.030646260747014004,0.00742807212160157,2.1401865015615594e-08,150.0
Kerosene,369,2024-03-18,calma,sin_evento,nnls_base_no_negativa,8.882500390441054e-05,0.00015802371174584106,0.00015802371174584106,False,0.18020994003613064,0.13817612259092238,2.1401865015615594e-08,
Kerosene,369,2024-03-18,calma,sin_evento,ngrc_softplus_cv,8.882500390441054e-05,0.00023020148819900377,0.00023020148819900377,False,0.3681780852849076,0.33814441931085004,2.1401865015615594e-08,1e-07
Kerosene,369,2024-03-18,calma,sin_evento,ssrc_recurrente_log_cv,8.882500390441054e-05,0.00010497275289973358,0.00010497275289973358,False,0.04205258983786098,0.013204630975227394,2.1401865015615594e-08,1500.0
Kerosene,369,2024-03-18,calma,sin_evento,naive,8.882500390441054e-05,1.6362665684184015e-05,1.6362665684184015e-05,False,0.1887092119619974,2.73685077002641,2.1401865015615594e-08,
Kerosene,369,2024-03-18,calma,sin_evento,ewma_094,8.882500390441054e-05,0.00027957746070987854,0.00027957746070987854,False,0.4967648945328537,0.464322814123735,2.1401865015615594e-08,0.94
Kerosene,369,2024-03-18,calma,sin_evento,garch_11,8.882500390441054e-05,0.00012883535830647444,0.00012883535830647444,False,0.10419650586746007,0.06131296725257407,2.1401865015615594e-08,
Kerosene,369,2024-03-18,calma,sin_evento,gjr_garch_11,8.882500390441054e-05,0.00012881316501693976,0.00012881316501693976,False,0.10413870924811547,0.06125947655227648,2.1401865015615594e-08,
Kerosene,373,2024-04-15,calma,sin_evento,ols_clip_legacy,3.776475048765677e-05,0.00019642193032034605,0.00019642193032034605,False,0.4143927009332365,0.8411523222859094,2.1046765717911163e-08,
Kerosene,373,2024-04-15,calma,sin_evento,ridge_cv_clip,3.776475048765677e-05,0.00019642239735076955,0.00019642239735076955,False,0.4143939207582631,0.8411542428312297,2.1046765717911163e-08,0.00015
Kerosene,373,2024-04-15,calma,sin_evento,ridge_log_cv,3.776475048765677e-05,9.036544506146936e-05,9.036544506146936e-05,False,0.1373864322963049,0.2903972178476002,2.1046765717911163e-08,150.0
Kerosene,373,2024-04-15,calma,sin_evento,nnls_base_no_negativa,3.776475048765677e-05,0.00017951371013709956,0.00017951371013709956,False,0.37023054554198237,0.7692479577718156,2.1046765717911163e-08,
Kerosene,373,2024-04-15,calma,sin_evento,ngrc_softplus_cv,3.776475048765677e-05,0.00022768430619544123,0.00022768430619544123,False,0.49604611485457456,0.9624484369886477,2.1046765717911163e-08,1e-07
Kerosene,373,2024-04-15,calma,sin_evento,ssrc_recurrente_log_cv,3.776475048765677e-05,9.099902175997498e-05,9.099902175997498e-05,False,0.13904125535328207,0.29447433512741905,2.1046765717911163e-08,1500.0
Kerosene,373,2024-04-15,calma,sin_evento,naive,3.776475048765677e-05,9.409589690549261e-05,9.409589690549261e-05,False,0.14712990572105855,0.31428152381100904,2.1046765717911163e-08,
Kerosene,373,2024-04-15,calma,sin_evento,ewma_094,3.776475048765677e-05,0.00022904815885517335,0.00022904815885517335,False,0.49960832734276683,0.9674330418094066,2.1046765717911163e-08,0.94
Kerosene,373,2024-04-15,calma,sin_evento,garch_11,3.776475048765677e-05,0.0001205150652692921,0.0001205150652692921,False,0.21613346765396207,0.4737598689552218,2.1046765717911163e-08,
Kerosene,373,2024-04-15,calma,sin_evento,gjr_garch_11,3.776475048765677e-05,0.0001204879544146541,0.0001204879544146541,False,0.21606265749403175,0.4736053944766405,2.1046765717911163e-08,
Kerosene,377,2024-05-13,calma,sin_evento,ols_clip_legacy,0.0005635532103447046,0.00024024286115114797,0.00024024286115114797,False,0.8436104198545544,0.4931532226828308,2.1046765717911163e-08,
Kerosene,377,2024-05-13,calma,sin_evento,ridge_cv_clip,0.0005635532103447046,0.00024024336269382485,0.00024024336269382485,False,0.843609111184327,0.4931504132071709,2.1046765717911163e-08,0.00015
Kerosene,377,2024-05-13,calma,sin_evento,ridge_log_cv,0.0005635532103447046,0.00010482207342800746,0.00010482207342800746,False,1.1969625097988186,2.6942863698753063,2.1046765717911163e-08,150.0
Kerosene,377,2024-05-13,calma,sin_evento,nnls_base_no_negativa,0.0005635532103447046,0.0003560609589960787,0.0003560609589960787,False,0.5414074300850421,0.12358380965886306,2.1046765717911163e-08,
Kerosene,377,2024-05-13,calma,sin_evento,ngrc_softplus_cv,0.0005635532103447046,0.00026243588298379783,0.00026243588298379783,False,0.7857023927444339,0.38313892465803745,2.1046765717911163e-08,1e-07
Kerosene,377,2024-05-13,calma,sin_evento,ssrc_recurrente_log_cv,0.0005635532103447046,0.00013073690485791115,0.00013073690485791115,False,1.1293432025988723,1.8495153061391658,2.1046765717911163e-08,15000.0
Kerosene,377,2024-05-13,calma,sin_evento,naive,0.0005635532103447046,0.00015286869282723887,0.00015286869282723887,False,1.0715949523881778,1.3818357266238523,2.1046765717911163e-08,
Kerosene,377,2024-05-13,calma,sin_evento,ewma_094,0.0005635532103447046,0.00019488232434079867,0.00019488232434079867,False,0.9619692091690829,0.8298956941185216,2.1046765717911163e-08,0.94
Kerosene,377,2024-05-13,calma,sin_evento,garch_11,0.0005635532103447046,0.00025778439839102774,0.00025778439839102774,False,0.7978394643848612,0.40400346426127376,2.1046765717911163e-08,
Kerosene,377,2024-05-13,calma,sin_evento,gjr_garch_11,0.0005635532103447046,0.00025778546999547945,0.00025778546999547945,False,0.797836668258218,0.4039985335239189,2.1046765717911163e-08,
Kerosene,381,2024-06-10,calma,sin_evento,ols_clip_legacy,3.6472824579847754e-05,0.00017871417078978418,0.00017871417078978418,False,0.367497967138213,0.7933049483671941,2.175095574063869e-08,
Kerosene,381,2024-06-10,calma,sin_evento,ridge_cv_clip,3.6472824579847754e-05,0.00017871459517596137,0.00017871459517596137,False,0.3674990635919626,0.7933068383972897,2.175095574063869e-08,0.00015
Kerosene,381,2024-06-10,calma,sin_evento,ridge_log_cv,3.6472824579847754e-05,9.918605147206768e-05,9.918605147206768e-05,False,0.16202731490992006,0.3681512509874514,2.175095574063869e-08,150.0
Kerosene,381,2024-06-10,calma,sin_evento,nnls_base_no_negativa,3.6472824579847754e-05,0.0002734483106028612,0.0002734483106028612,False,0.6122552386878621,1.1479262170109688,2.175095574063869e-08,
Kerosene,381,2024-06-10,calma,sin_evento,ngrc_softplus_cv,3.6472824579847754e-05,0.00021768837991296665,0.00021768837991296665,False,0.46819261749992763,0.9540431724199838,2.175095574063869e-08,1e-07
Kerosene,381,2024-06-10,calma,sin_evento,ssrc_recurrente_log_cv,3.6472824579847754e-05,0.00013722484601085832,0.00013722484601085832,False,0.2603052069425335,0.5908421223023466,2.175095574063869e-08,15000.0
Kerosene,381,2024-06-10,calma,sin_evento,naive,3.6472824579847754e-05,3.310404954792377e-05,3.310404954792377e-05,False,0.008703643553477212,0.004851397229852283,2.175095574063869e-08,
Kerosene,381,2024-06-10,calma,sin_evento,ewma_094,3.6472824579847754e-05,0.000206472235269055,0.000206472235269055,False,0.4392143318917326,0.9102460970340245,2.175095574063869e-08,0.94
Kerosene,381,2024-06-10,calma,sin_evento,garch_11,3.6472824579847754e-05,0.0001721750095775873,0.0001721750095775873,False,0.35060324196649967,0.7637797691578201,2.175095574063869e-08,
Kerosene,381,2024-06-10,calma,sin_evento,gjr_garch_11,3.6472824579847754e-05,0.00017219022374105863,0.00017219022374105863,False,0.35064254962419833,0.7638494126686699,2.175095574063869e-08,
Kerosene,385,2024-07-08,calma,sin_evento,ols_clip_legacy,0.00012834114905967028,0.00025197057408997165,0.00025197057408997165,False,0.3193138780855675,0.18397011623417514,2.175095574063869e-08,
Kerosene,385,2024-07-08,calma,sin_evento,ridge_cv_clip,0.00012834114905967028,0.0002519712005063015,0.0002519712005063015,False,0.31931549601291387,0.18397133602479632,2.175095574063869e-08,0.00015
Kerosene,385,2024-07-08,calma,sin_evento,ridge_log_cv,0.00012834114905967028,9.968814664844943e-05,9.968814664844943e-05,False,0.07400585513100597,0.03478120707413246,2.175095574063869e-08,150.0
Kerosene,385,2024-07-08,calma,sin_evento,nnls_base_no_negativa,0.00012834114905967028,0.0002035731810458394,0.0002035731810458394,False,0.1943116040851376,0.09177592923958944,2.175095574063869e-08,
Kerosene,385,2024-07-08,calma,sin_evento,ngrc_softplus_cv,0.00012834114905967028,0.0002740165502822626,0.0002740165502822626,False,0.3762549028652033,0.2268666250393121,2.175095574063869e-08,1e-07
Kerosene,385,2024-07-08,calma,sin_evento,ssrc_recurrente_log_cv,0.00012834114905967028,0.00013505894121890492,0.00013505894121890492,False,0.017350920025813215,0.001279632283266885,2.175095574063869e-08,15000.0
Kerosene,385,2024-07-08,calma,sin_evento,naive,0.00012834114905967028,0.00011734205002451577,0.00011734205002451577,False,0.028408810988982486,0.004136586347722515,2.175095574063869e-08,
Kerosene,385,2024-07-08,calma,sin_evento,ewma_094,0.00012834114905967028,0.0001732898915463764,0.0001732898915463764,False,0.11609499336409444,0.04088924361548041,2.175095574063869e-08,0.94
Kerosene,385,2024-07-08,calma,sin_evento,garch_11,0.00012834114905967028,0.00015852036510243862,0.00015852036510243862,False,0.07794780659892744,0.02081043878944011,2.175095574063869e-08,
Kerosene,385,2024-07-08,calma,sin_evento,gjr_garch_11,0.00012834114905967028,0.00015851903746856957,0.00015851903746856957,False,0.07794437754537242,0.020808844341903665,2.175095574063869e-08,
Kerosene,389,2024-08-05,calma,sin_evento,ols_clip_legacy,0.00029782593482796714,0.0003215640094553676,0.0003215640094553676,False,0.06132451602137643,0.0028667331705201082,2.175095574063869e-08,
Kerosene,389,2024-08-05,calma,sin_evento,ridge_cv_clip,0.00029782593482796714,0.0003215642267243025,0.0003215642267243025,False,0.06132507731004414,0.002866783048625754,2.175095574063869e-08,0.00015
Kerosene,389,2024-08-05,calma,sin_evento,ridge_log_cv,0.00029782593482796714,0.00010146377479613175,0.00010146377479613175,False,0.5072784805792431,0.8584858969578257,2.175095574063869e-08,15.0
Kerosene,389,2024-08-05,calma,sin_evento,nnls_base_no_negativa,0.00029782593482796714,0.00025227927521293323,0.00025227927521293323,False,0.1176644231313634,0.014568135630535606,2.175095574063869e-08,
Kerosene,389,2024-08-05,calma,sin_evento,ngrc_softplus_cv,0.00029782593482796714,0.0003374321607102998,0.0003374321607102998,False,0.10231801322520934,0.007479906810528458,2.175095574063869e-08,1e-07
Kerosene,389,2024-08-05,calma,sin_evento,ssrc_recurrente_log_cv,0.00029782593482796714,0.00012193978583978157,0.00012193978583978157,False,0.4543811210835924,0.5494198153492591,2.175095574063869e-08,1500.0
Kerosene,389,2024-08-05,calma,sin_evento,naive,0.00029782593482796714,5.984642758046555e-05,5.984642758046555e-05,False,0.6147919885681509,2.371775677078349,2.175095574063869e-08,
Kerosene,389,2024-08-05,calma,sin_evento,ewma_094,0.00029782593482796714,0.0001532428875741771,0.0001532428875741771,False,0.3735132497856439,0.2790044055983183,2.175095574063869e-08,0.94
Kerosene,389,2024-08-05,calma,sin_evento,garch_11,0.00029782593482796714,0.0001663678176840027,0.0001663678176840027,False,0.33960654086198133,0.2078574456878859,2.175095574063869e-08,
Kerosene,389,2024-08-05,calma,sin_evento,gjr_garch_11,0.00029782593482796714,0.00016637839480932386,0.00016637839480932386,False,0.33957921610622926,0.2078072147443244,2.175095574063869e-08,
Kerosene,393,2024-09-02,calma,sin_evento,ols_clip_legacy,0.00021380542580633593,0.0003192399354603916,0.0003192399354603916,False,0.2709565547003514,0.07060929851670972,2.226886019276809e-08,
Kerosene,393,2024-09-02,calma,sin_evento,ridge_cv_clip,0.00021380542580633593,0.00031924036290175095,0.00031924036290175095,False,0.2709576531835563,0.07060974072328419,2.226886019276809e-08,0.00015
Kerosene,393,2024-09-02,calma,sin_evento,ridge_log_cv,0.00021380542580633593,0.0001273244967621952,0.0001273244967621952,False,0.22224767448505475,0.16088927968551126,2.226886019276809e-08,15.0
Kerosene,393,2024-09-02,calma,sin_evento,nnls_base_no_negativa,0.00021380542580633593,0.0006531392458406489,0.0006531392458406489,False,1.1290456856149722,0.4440744201512703,2.226886019276809e-08,
Kerosene,393,2024-09-02,calma,sin_evento,ngrc_softplus_cv,0.00021380542580633593,0.0003199093887761718,0.0003199093887761718,False,0.2726769853693203,0.07130261975732699,2.226886019276809e-08,1e-07
Kerosene,393,2024-09-02,calma,sin_evento,ssrc_recurrente_log_cv,0.00021380542580633593,0.0001305523699049876,0.0001305523699049876,False,0.21395235079406838,0.14440661367525998,2.226886019276809e-08,150.0
Kerosene,393,2024-09-02,calma,sin_evento,naive,0.00021380542580633593,0.00046954718088338846,0.00046954718088338846,False,0.6572317268422346,0.2420462691648555,2.226886019276809e-08,
Kerosene,393,2024-09-02,calma,sin_evento,ewma_094,0.00021380542580633593,0.00021909847237040766,0.00021909847237040766,False,0.013602620864602682,0.00029659833974937655,2.226886019276809e-08,0.94
Kerosene,393,2024-09-02,calma,sin_evento,garch_11,0.00021380542580633593,0.0005521441633080175,0.0005521441633080175,False,0.8694980318675559,0.33597034086927,2.226886019276809e-08,
Kerosene,393,2024-09-02,calma,sin_evento,gjr_garch_11,0.00021380542580633593,0.0005522542368680558,0.0005522542368680558,False,0.8697809103358056,0.3360924965956207,2.226886019276809e-08,
Kerosene,397,2024-09-30,calma,sin_evento,ols_clip_legacy,8.475433745746247e-05,0.00029661209485429393,0.00029661209485429393,False,0.5699782949176526,0.5384096228636599,2.1977679680515796e-08,
Kerosene,397,2024-09-30,calma,sin_evento,ridge_cv_clip,8.475433745746247e-05,0.00029661257950976274,0.00029661257950976274,False,0.5699795988259972,0.5384107899408017,2.1977679680515796e-08,0.00015
Kerosene,397,2024-09-30,calma,sin_evento,ridge_log_cv,8.475433745746247e-05,0.00012591496147076366,0.00012591496147076366,False,0.11073780153777307,0.06895760408893348,2.1977679680515796e-08,15.0
Kerosene,397,2024-09-30,calma,sin_evento,nnls_base_no_negativa,8.475433745746247e-05,0.0004639795354107213,0.0004639795354107213,False,1.0202606426836485,0.8827517887153877,2.1977679680515796e-08,
Kerosene,397,2024-09-30,calma,sin_evento,ngrc_softplus_cv,8.475433745746247e-05,0.0002947985690037414,0.0002947985690037414,False,0.565099217631137,0.5340345299140878,2.1977679680515796e-08,1e-07
Kerosene,397,2024-09-30,calma,sin_evento,ssrc_recurrente_log_cv,8.475433745746247e-05,9.839968239986778e-05,9.839968239986778e-05,False,0.036711190278802194,0.010607999734214335,2.1977679680515796e-08,150.0
Kerosene,397,2024-09-30,calma,sin_evento,naive,8.475433745746247e-05,0.0003554729581523855,0.0003554729581523855,False,0.7283365014438633,0.6721192167994621,2.1977679680515796e-08,
Kerosene,397,2024-09-30,calma,sin_evento,ewma_094,8.475433745746247e-05,0.0002350605559921519,0.0002350605559921519,False,0.40438114331329955,0.3806500848499099,2.1977679680515796e-08,0.94
Kerosene,397,2024-09-30,calma,sin_evento,garch_11,8.475433745746247e-05,0.00041767104510481343,0.00041767104510481343,False,0.8956731143859153,0.7978584913856914,2.1977679680515796e-08,
Kerosene,397,2024-09-30,calma,sin_evento,gjr_garch_11,8.475433745746247e-05,0.0004177220472683107,0.0004177220472683107,False,0.8958103296880336,0.7979558189124123,2.1977679680515796e-08,
Kerosene,401,2024-10-28,calma,sin_evento,ols_clip_legacy,3.749555170757639e-06,0.00044103640203585107,0.00044103640203585107,False,1.176483282436475,3.7759918954355927,2.1977679680515796e-08,
Kerosene,401,2024-10-28,calma,sin_evento,ridge_cv_clip,3.749555170757639e-06,0.00044103524441690273,0.00044103524441690273,False,1.1764801679605883,3.7759892929775694,2.1977679680515796e-08,0.00015
Kerosene,401,2024-10-28,calma,sin_evento,ridge_log_cv,3.749555170757639e-06,0.00015005532167000773,0.00015005532167000773,False,0.39362329245527156,2.714354644106539,2.1977679680515796e-08,15000.0
Kerosene,401,2024-10-28,calma,sin_evento,nnls_base_no_negativa,3.749555170757639e-06,0.0003025462774075463,0.0003025462774075463,False,0.8038873135071601,3.4029903648551034,2.1977679680515796e-08,
Kerosene,401,2024-10-28,calma,sin_evento,ngrc_softplus_cv,3.749555170757639e-06,0.00043305109451694657,0.00043305109451694657,False,1.1549994878324181,3.7578769694751566,2.1977679680515796e-08,1e-07
Kerosene,401,2024-10-28,calma,sin_evento,ssrc_recurrente_log_cv,3.749555170757639e-06,0.00014566264482605127,0.00014566264482605127,False,0.38180516687223764,2.685397448403919,2.1977679680515796e-08,15000.0
Kerosene,401,2024-10-28,calma,sin_evento,naive,3.749555170757639e-06,0.0001982969282607699,0.0001982969282607699,False,0.5234132554481866,2.9870371242181384,2.1977679680515796e-08,
Kerosene,401,2024-10-28,calma,sin_evento,ewma_094,3.749555170757639e-06,0.00022252127884152633,0.00022252127884152633,False,0.5885868221594959,3.100235842328468,2.1977679680515796e-08,0.94
Kerosene,401,2024-10-28,calma,sin_evento,garch_11,3.749555170757639e-06,0.00028570202255483054,0.00028570202255483054,False,0.7585692702561742,3.3464361830864533,2.1977679680515796e-08,
Kerosene,401,2024-10-28,calma,sin_evento,gjr_garch_11,3.749555170757639e-06,0.0002856382357887403,0.0002856382357887403,False,0.7583976573561205,3.3462158256583256,2.1977679680515796e-08,
Kerosene,405,2024-11-25,calma,sin_evento,ols_clip_legacy,2.370616213968716e-05,0.00022073585653760837,0.00022073585653760837,False,0.5362351688618398,1.3386278109836658,2.175095574063869e-08,
Kerosene,405,2024-11-25,calma,sin_evento,ridge_cv_clip,2.370616213968716e-05,0.00022073639627915199,0.00022073639627915199,False,0.5362366378201034,1.3386299935692945,2.175095574063869e-08,0.00015
Kerosene,405,2024-11-25,calma,sin_evento,ridge_log_cv,2.370616213968716e-05,0.00014441700817449242,0.00014441700817449242,False,0.3285261193990477,0.9711207478244399,2.175095574063869e-08,15000.0
Kerosene,405,2024-11-25,calma,sin_evento,nnls_base_no_negativa,2.370616213968716e-05,0.00016278121405623208,0.00016278121405623208,False,0.3785060631435686,1.0723040853406283,2.175095574063869e-08,
Kerosene,405,2024-11-25,calma,sin_evento,ngrc_softplus_cv,2.370616213968716e-05,0.00024860630055322625,0.00024860630055322625,False,0.612087249425829,1.4454917429724081,2.175095574063869e-08,1e-07
Kerosene,405,2024-11-25,calma,sin_evento,ssrc_recurrente_log_cv,2.370616213968716e-05,0.00013592064641597176,0.00013592064641597176,False,0.3054024577793417,0.920747994878562,2.175095574063869e-08,15000.0
Kerosene,405,2024-11-25,calma,sin_evento,naive,2.370616213968716e-05,6.489267714545019e-05,6.489267714545019e-05,False,0.11209304209923726,0.3723131274860869,2.175095574063869e-08,
Kerosene,405,2024-11-25,calma,sin_evento,ewma_094,2.370616213968716e-05,0.00017839692463184227,0.00017839692463184227,False,0.4210057138840222,1.151160326663072,2.175095574063869e-08,0.94
Kerosene,405,2024-11-25,calma,sin_evento,garch_11,2.370616213968716e-05,0.00011893639296110467,0.00011893639296110467,False,0.25917818662471404,0.8121718016296067,2.175095574063869e-08,
Kerosene,405,2024-11-25,calma,sin_evento,gjr_garch_11,2.370616213968716e-05,0.00011893901127449023,0.00011893901127449023,False,0.25918531261516303,0.8121894280184268,2.175095574063869e-08,
Kerosene,409,2024-12-23,calma,sin_evento,ols_clip_legacy,0.00020607448616882012,0.00021100071701208472,0.00021100071701208472,False,0.013773819362552875,0.00027685858290871224,2.1046765717911163e-08,
Kerosene,409,2024-12-23,calma,sin_evento,ridge_cv_clip,0.00020607448616882012,0.0002110014466688543,0.0002110014466688543,False,0.013775859494422563,0.00027693932428962675,2.1046765717911163e-08,0.00015
Kerosene,409,2024-12-23,calma,sin_evento,ridge_log_cv,0.00020607448616882012,7.872966259009837e-05,7.872966259009837e-05,False,0.35605814110958095,0.6552771521722831,2.1046765717911163e-08,15.0
Kerosene,409,2024-12-23,calma,sin_evento,nnls_base_no_negativa,0.00020607448616882012,0.00010725419417342048,0.00010725419417342048,False,0.2763030995919275,0.2683292693611876,2.1046765717911163e-08,
Kerosene,409,2024-12-23,calma,sin_evento,ngrc_softplus_cv,0.00020607448616882012,0.00024124998097473888,0.00024124998097473888,False,0.0983512398952186,0.011790803264392968,2.1046765717911163e-08,1e-07
Kerosene,409,2024-12-23,calma,sin_evento,ssrc_recurrente_log_cv,0.00020607448616882012,9.525058279739048e-05,9.525058279739048e-05,False,0.3098653868764906,0.39177187403408364,2.1046765717911163e-08,1500.0
Kerosene,409,2024-12-23,calma,sin_evento,naive,0.00020607448616882012,9.14995269531504e-06,9.14995269531504e-06,False,0.5506041106107713,18.407429225980408,2.1046765717911163e-08,
Kerosene,409,2024-12-23,calma,sin_evento,ewma_094,0.00020607448616882012,0.00014492204722269924,0.00014492204722269924,False,0.170983186623309,0.06992611612646371,2.1046765717911163e-08,0.94
Kerosene,409,2024-12-23,calma,sin_evento,garch_11,0.00020607448616882012,6.980156747054181e-05,6.980156747054181e-05,False,0.38102123629148826,0.8697090163111618,2.1046765717911163e-08,
Kerosene,409,2024-12-23,calma,sin_evento,gjr_garch_11,0.00020607448616882012,6.976428674059851e-05,6.976428674059851e-05,False,0.3811254738021289,0.870752426428453,2.1046765717911163e-08,
Kerosene,413,2025-01-20,calma,sin_evento,ols_clip_legacy,0.00036955709144663457,0.00034485358795172317,0.00034485358795172317,False,0.06919018174128806,0.002449464261627954,2.0014521966181065e-08,
Kerosene,413,2025-01-20,calma,sin_evento,ridge_cv_clip,0.00036955709144663457,0.00034485420740088245,0.00034485420740088245,False,0.06918844677280801,0.0024493355883115075,2.0014521966181065e-08,0.00015
Kerosene,413,2025-01-20,calma,sin_evento,ridge_log_cv,0.00036955709144663457,0.00013498758215561529,0.00013498758215561529,False,0.6569880657678185,0.730589314127331,2.0014521966181065e-08,15000.0
Kerosene,413,2025-01-20,calma,sin_evento,nnls_base_no_negativa,0.00036955709144663457,0.0004292460613544115,0.0004292460613544115,False,0.1671783387615471,0.010669715574847638,2.0014521966181065e-08,
Kerosene,413,2025-01-20,calma,sin_evento,ngrc_softplus_cv,0.00036955709144663457,0.00034026682682684585,0.00034026682682684585,False,0.08203689540275347,0.003505138776197736,2.0014521966181065e-08,1e-07
Kerosene,413,2025-01-20,calma,sin_evento,ssrc_recurrente_log_cv,0.00036955709144663457,0.00013186437687929276,0.00013186437687929276,False,0.6657356161194768,0.7720231218630325,2.0014521966181065e-08,15000.0
Kerosene,413,2025-01-20,calma,sin_evento,naive,0.00036955709144663457,0.00040545034278620303,0.00040545034278620303,False,0.10053070342763464,0.004166294550741689,2.0014521966181065e-08,
Kerosene,413,2025-01-20,calma,sin_evento,ewma_094,0.00036955709144663457,0.000154319936021237,0.000154319936021237,False,0.6028415323530424,0.5214689873250613,2.0014521966181065e-08,0.94
Kerosene,413,2025-01-20,calma,sin_evento,garch_11,0.00036955709144663457,0.0003992164324982149,0.0003992164324982149,False,0.08307061377380755,0.0029045803854330643,2.0014521966181065e-08,
Kerosene,413,2025-01-20,calma,sin_evento,gjr_garch_11,0.00036955709144663457,0.0003991974289370286,0.0003991974289370286,False,0.08301738813103653,0.0029010448011888013,2.0014521966181065e-08,
Kerosene,417,2025-02-17,calma,sin_evento,ols_clip_legacy,1.5717202986172925e-08,0.00017889054250145176,0.00017889054250145176,False,0.5701829332605186,8.155107413387427,1.8906914086267795e-08,
Kerosene,417,2025-02-17,calma,sin_evento,ridge_cv_clip,1.5717202986172925e-08,0.0001788914247418343,0.0001788914247418343,False,0.5701857454975582,8.155112344586982,1.8906914086267795e-08,0.00015
Kerosene,417,2025-02-17,calma,sin_evento,ridge_log_cv,1.5717202986172925e-08,0.00012738537245615193,0.00012738537245615193,False,0.4060046097568658,7.815592942764612,1.8906914086267795e-08,15000.0
Kerosene,417,2025-02-17,calma,sin_evento,nnls_base_no_negativa,1.5717202986172925e-08,0.00012153099195022321,0.00012153099195022321,False,0.3873431360490714,7.7685524799556855,1.8906914086267795e-08,
Kerosene,417,2025-02-17,calma,sin_evento,ngrc_softplus_cv,1.5717202986172925e-08,0.00020517679738746793,0.00020517679738746793,False,0.6539732256637889,8.292191782263847,1.8906914086267795e-08,1e-07
Kerosene,417,2025-02-17,calma,sin_evento,ssrc_recurrente_log_cv,1.5717202986172925e-08,0.00012146493625273731,0.00012146493625273731,False,0.3871325763390159,7.768008887144573,1.8906914086267795e-08,15000.0
Kerosene,417,2025-02-17,calma,sin_evento,naive,1.5717202986172925e-08,1.2367234946027496e-05,1.2367234946027496e-05,False,0.03937180430614265,5.484807022267831,1.8906914086267795e-08,
Kerosene,417,2025-02-17,calma,sin_evento,ewma_094,1.5717202986172925e-08,0.0001533257341542205,0.0001533257341542205,False,0.48869233005604207,8.000915550939698,1.8906914086267795e-08,0.94
Kerosene,417,2025-02-17,calma,sin_evento,garch_11,1.5717202986172925e-08,0.00011184433811738933,0.00011184433811738933,False,0.35646587488798476,7.685504712160778,1.8906914086267795e-08,
Kerosene,417,2025-02-17,calma,sin_evento,gjr_garch_11,1.5717202986172925e-08,0.00010878772496846064,0.00010878772496846064,False,0.34672258849656107,7.657799901611654,1.8906914086267795e-08,
Kerosene,421,2025-03-17,calma,sin_evento,ols_clip_legacy,0.00037587749673894847,0.0001943560035933443,0.0001943560035933443,False,0.6446303131458803,0.2743921741921187,1.6969972005687492e-08,
Kerosene,421,2025-03-17,calma,sin_evento,ridge_cv_clip,0.00037587749673894847,0.0001943564592611677,0.0001943564592611677,False,0.6446286949502242,0.27438998452078156,1.6969972005687492e-08,0.00015
Kerosene,421,2025-03-17,calma,sin_evento,ridge_log_cv,0.00037587749673894847,0.00010694861035397451,0.00010694861035397451,False,0.9550368347028817,1.25764692297823,1.6969972005687492e-08,1500.0
Kerosene,421,2025-03-17,calma,sin_evento,nnls_base_no_negativa,0.00037587749673894847,0.00027133962483187027,0.00027133962483187027,False,0.37124133310764174,0.05937375954783275,1.6969972005687492e-08,
Kerosene,421,2025-03-17,calma,sin_evento,ngrc_softplus_cv,0.00037587749673894847,0.00019011539371259717,0.00019011539371259717,False,0.6596898282919066,0.2954697899901251,1.6969972005687492e-08,1e-07
Kerosene,421,2025-03-17,calma,sin_evento,ssrc_recurrente_log_cv,0.00037587749673894847,0.00011113361834815668,0.00011113361834815668,False,0.9401747764030214,1.1636823148618802,1.6969972005687492e-08,15000.0
Kerosene,421,2025-03-17,calma,sin_evento,naive,0.00037587749673894847,0.00019718053550942481,0.00019718053550942481,False,0.6345996613370997,0.26111710405066235,1.6969972005687492e-08,
Kerosene,421,2025-03-17,calma,sin_evento,ewma_094,0.00037587749673894847,0.00014311272155269556,0.00014311272155269556,False,0.82660861431592,0.6608129344960989,1.6969972005687492e-08,0.94
Kerosene,421,2025-03-17,calma,sin_evento,garch_11,0.00037587749673894847,0.00019897575639379203,0.00019897575639379203,False,0.6282243622978427,0.2529814873271119,1.6969972005687492e-08,
Kerosene,421,2025-03-17,calma,sin_evento,gjr_garch_11,0.00037587749673894847,0.0002073291362985245,0.0002073291362985245,False,0.5985593247835532,0.2179949480239305,1.6969972005687492e-08,
Kerosene,425,2025-04-14,calma,sin_evento,ols_clip_legacy,1.3055593695319736e-05,0.00032016205686437327,0.00032016205686437327,False,1.1549295872884144,2.2403886968653346,1.6041141925186768e-08,
Kerosene,425,2025-04-14,calma,sin_evento,ridge_cv_clip,1.3055593695319736e-05,0.0002599080966312029,0.0002599080966312029,False,0.9283336351664915,2.0413429939325325,1.6041141925186768e-08,15.0
Kerosene,425,2025-04-14,calma,sin_evento,ridge_log_cv,1.3055593695319736e-05,0.00010900037601399892,0.00010900037601399892,False,0.36081776561241363,1.2419103300669079,1.6041141925186768e-08,15000.0
Kerosene,425,2025-04-14,calma,sin_evento,nnls_base_no_negativa,1.3055593695319736e-05,0.0002705951265666443,0.0002705951265666443,False,0.9685241506812493,2.0796547327171377,1.6041141925186768e-08,
Kerosene,425,2025-04-14,calma,sin_evento,ngrc_softplus_cv,1.3055593695319736e-05,0.0002953314749616718,0.0002953314749616718,False,1.0615496778814544,2.1630882692369475,1.6041141925186768e-08,0.001
Kerosene,425,2025-04-14,calma,sin_evento,ssrc_recurrente_log_cv,1.3055593695319736e-05,0.0001058701224593997,0.0001058701224593997,False,0.34904587905354545,1.2163134791760997,1.6041141925186768e-08,15000.0
Kerosene,425,2025-04-14,calma,sin_evento,naive,1.3055593695319736e-05,9.340265213422399e-05,9.340265213422399e-05,False,0.30215969434547735,1.107480610720999,1.6041141925186768e-08,
Kerosene,425,2025-04-14,calma,sin_evento,ewma_094,1.3055593695319736e-05,0.000149983503731036,0.000149983503731036,False,0.5149422548582514,1.5283554996267918,1.6041141925186768e-08,0.94
Kerosene,425,2025-04-14,calma,sin_evento,garch_11,1.3055593695319736e-05,0.00021990000007991812,0.00021990000007991812,False,0.7778759275645027,1.8833268146549913,1.6041141925186768e-08,
Kerosene,425,2025-04-14,calma,sin_evento,gjr_garch_11,1.3055593695319736e-05,0.00021168332588174466,0.00021168332588174466,False,0.746975633110732,1.8475498505702568,1.6041141925186768e-08,
Kerosene,429,2025-05-12,calma,sin_evento,ols_clip_legacy,0.0004926963894548566,0.0003123455265138836,0.0003123455265138836,False,0.6830339529619306,0.12162507339099782,1.6028117426247464e-08,
Kerosene,429,2025-05-12,calma,sin_evento,ridge_cv_clip,0.0004926963894548566,0.00031086969063235894,0.00031086969063235894,False,0.6886233136095188,0.12437751891753712,1.6028117426247464e-08,15.0
Kerosene,429,2025-05-12,calma,sin_evento,ridge_log_cv,0.0004926963894548566,0.00010116242421976361,0.00010116242421976361,False,1.482837329594104,2.2871840135282637,1.6028117426247464e-08,1500.0
Kerosene,429,2025-05-12,calma,sin_evento,nnls_base_no_negativa,0.0004926963894548566,0.0003241076533903325,0.0003241076533903325,False,0.6384878283432195,0.10134535671995848,1.6028117426247464e-08,
Kerosene,429,2025-05-12,calma,sin_evento,ngrc_softplus_cv,0.0004926963894548566,0.00028058866044277725,0.00028058866044277725,False,0.8033051699248881,0.1929349636165052,1.6028117426247464e-08,0.001
Kerosene,429,2025-05-12,calma,sin_evento,ssrc_recurrente_log_cv,0.0004926963894548566,9.93901206408163e-05,9.93901206408163e-05,False,1.4895494877708748,2.356356392064417,1.6028117426247464e-08,1500.0
Kerosene,429,2025-05-12,calma,sin_evento,naive,0.0004926963894548566,0.00031645541585203395,0.00031645541585203395,False,0.6674687712095612,0.11421119399885304,1.6028117426247464e-08,
Kerosene,429,2025-05-12,calma,sin_evento,ewma_094,0.0004926963894548566,0.00014077558525650086,0.00014077558525650086,False,1.332812353106491,1.2471448949465431,1.6028117426247464e-08,0.94
Kerosene,429,2025-05-12,calma,sin_evento,garch_11,0.0004926963894548566,0.0002613700370034396,0.0002613700370034396,False,0.8760909172409623,0.2510970934865022,1.6028117426247464e-08,
Kerosene,429,2025-05-12,calma,sin_evento,gjr_garch_11,0.0004926963894548566,0.00028356947776570044,0.00028356947776570044,False,0.792016067084277,0.18504435194456614,1.6028117426247464e-08,
Kerosene,433,2025-06-09,calma,sin_evento,ols_clip_legacy,1.7934393835246782e-05,8.034442280834572e-05,8.034442280834572e-05,False,0.24026221694501282,0.7228212679343751,1.4738505113259674e-08,
Kerosene,433,2025-06-09,calma,sin_evento,ridge_cv_clip,1.7934393835246782e-05,0.00013366626803627306,0.00013366626803627306,False,0.4455373138622533,1.142798766414526,1.4738505113259674e-08,15.0
Kerosene,433,2025-06-09,calma,sin_evento,ridge_log_cv,1.7934393835246782e-05,6.677306931188866e-05,6.677306931188866e-05,False,0.18801607106662038,0.583166764344818,1.4738505113259674e-08,150.0
Kerosene,433,2025-06-09,calma,sin_evento,nnls_base_no_negativa,1.7934393835246782e-05,1.6631329991461667e-06,1.6631329991461667e-06,False,0.06264007989256312,7.4054823421757465,1.4738505113259674e-08,
Kerosene,433,2025-06-09,calma,sin_evento,ngrc_softplus_cv,1.7934393835246782e-05,9.290446497238193e-05,9.290446497238193e-05,False,0.28861507985675605,0.8378926419555048,1.4738505113259674e-08,0.001
Kerosene,433,2025-06-09,calma,sin_evento,ssrc_recurrente_log_cv,1.7934393835246782e-05,2.4248800963204028e-05,2.4248800963204028e-05,False,0.024308808699805794,0.0412460605271181,1.4738505113259674e-08,15.0
Kerosene,433,2025-06-09,calma,sin_evento,naive,1.7934393835246782e-05,9.655606205228168e-06,9.655606205228168e-06,False,0.03187115760613713,0.23822572776829953,1.4738505113259674e-08,
Kerosene,433,2025-06-09,calma,sin_evento,ewma_094,1.7934393835246782e-05,0.0001356536066076192,0.0001356536066076192,False,0.45318804530443507,1.1555915899957636,1.4738505113259674e-08,0.94
Kerosene,433,2025-06-09,calma,sin_evento,garch_11,1.7934393835246782e-05,8.836683616916283e-05,8.836683616916283e-05,False,0.2711464009621365,0.7977303280343535,1.4738505113259674e-08,
Kerosene,433,2025-06-09,calma,sin_evento,gjr_garch_11,1.7934393835246782e-05,8.675118524521756e-05,8.675118524521756e-05,False,0.26492656932315956,0.7830574727624429,1.4738505113259674e-08,
Kerosene,437,2025-07-07,calma,sin_evento,ols_clip_legacy,0.0004511663349710997,0.0005524149058305132,0.0005524149058305132,False,0.40518519773226025,0.01917975916058956,1.3710775096928093e-08,
Kerosene,437,2025-07-07,calma,sin_evento,ridge_cv_clip,0.0004511663349710997,0.000506413456462527,0.000506413456462527,False,0.22109265993220595,0.006422465780667963,1.3710775096928093e-08,15.0
Kerosene,437,2025-07-07,calma,sin_evento,ridge_log_cv,0.0004511663349710997,9.503141345732412e-05,9.503141345732412e-05,False,1.4252112140258015,2.1899208726594726,1.3710775096928093e-08,15000.0
Kerosene,437,2025-07-07,calma,sin_evento,nnls_base_no_negativa,0.0004511663349710997,0.0005799101733213843,0.0005799101733213843,False,0.5152181127692448,0.02903061473993862,1.3710775096928093e-08,
Kerosene,437,2025-07-07,calma,sin_evento,ngrc_softplus_cv,0.0004511663349710997,0.0005208246970644569,0.0005208246970644569,False,0.2787647961736947,0.009831153026656825,1.3710775096928093e-08,0.021544346900318822
Kerosene,437,2025-07-07,calma,sin_evento,ssrc_recurrente_log_cv,0.0004511663349710997,0.00020562626684777845,0.00020562626684777845,False,0.9826232628200167,0.4083326732335504,1.3710775096928093e-08,1.5
Kerosene,437,2025-07-07,calma,sin_evento,naive,0.0004511663349710997,0.0005073619844657741,0.0005073619844657741,False,0.2248885604894979,0.006628171609136757,1.3710775096928093e-08,
Kerosene,437,2025-07-07,calma,sin_evento,ewma_094,0.0004511663349710997,0.00015885472080890222,0.00015885472080890222,False,1.1697976393978329,0.7962731458431527,1.3710775096928093e-08,0.94
Kerosene,437,2025-07-07,calma,sin_evento,garch_11,0.0004511663349710997,0.0005837639721057442,0.0005837639721057442,False,0.5306405746292685,0.03051810874070826,1.3710775096928093e-08,
Kerosene,437,2025-07-07,calma,sin_evento,gjr_garch_11,0.0004511663349710997,0.0005511675128205941,0.0005511675128205941,False,0.40019327360845497,0.018767512042019874,1.3710775096928093e-08,
Kerosene,441,2025-08-04,calma,sin_evento,ols_clip_legacy,1.2932670121972138e-05,0.0002377138628041484,0.0002377138628041484,False,0.9004694680493674,1.9657153739573587,1.3960757866279058e-08,
Kerosene,441,2025-08-04,calma,sin_evento,ridge_cv_clip,1.2932670121972138e-05,0.00021450802031265542,0.00021450802031265542,False,0.8075072749289773,1.868880365103312,1.3960757866279058e-08,15.0
Kerosene,441,2025-08-04,calma,sin_evento,ridge_log_cv,1.2932670121972138e-05,9.563591850787249e-05,9.563591850787249e-05,False,0.3313077450625679,1.1360199573879508,1.3960757866279058e-08,15000.0
Kerosene,441,2025-08-04,calma,sin_evento,nnls_base_no_negativa,1.2932670121972138e-05,0.00013340503470222968,0.00013340503470222968,False,0.4826101541405154,1.4305760906263467,1.3960757866279058e-08,
Kerosene,441,2025-08-04,calma,sin_evento,ngrc_softplus_cv,1.2932670121972138e-05,0.00021758530503281036,0.00021758530503281036,False,0.8198348228965351,1.882271543846024,1.3960757866279058e-08,0.021544346900318822
Kerosene,441,2025-08-04,calma,sin_evento,ssrc_recurrente_log_cv,1.2932670121972138e-05,9.030205250845253e-05,9.030205250845253e-05,False,0.3099403725442836,1.0866191955825548,1.3960757866279058e-08,15000.0
Kerosene,441,2025-08-04,calma,sin_evento,naive,1.2932670121972138e-05,6.112185686007481e-05,6.112185686007481e-05,False,0.1930450267213647,0.7647011530424437,1.3960757866279058e-08,
Kerosene,441,2025-08-04,calma,sin_evento,ewma_094,1.2932670121972138e-05,0.000172412165513039,0.000172412165513039,False,0.63887202779738,1.6651414387490031,1.3960757866279058e-08,0.94
Kerosene,441,2025-08-04,calma,sin_evento,garch_11,1.2932670121972138e-05,0.00011340947728871864,0.00011340947728871864,False,0.4025083060603998,1.2852834640558881,1.3960757866279058e-08,
Kerosene,441,2025-08-04,calma,sin_evento,gjr_garch_11,1.2932670121972138e-05,0.00011472105782748526,0.00011472105782748526,False,0.40776247441832364,1.295478360993982,1.3960757866279058e-08,
Kerosene,445,2025-09-01,calma,sin_evento,ols_clip_legacy,8.663686157260166e-07,0.000179358041229946,0.000179358041229946,False,0.7093255835859766,4.337659232347047,1.4738505113259674e-08,
Kerosene,445,2025-09-01,calma,sin_evento,ridge_cv_clip,8.663686157260166e-07,0.000190846919367164,0.000190846919367164,False,0.7549823644882644,4.399456044826186,1.4738505113259674e-08,15.0
Kerosene,445,2025-09-01,calma,sin_evento,ridge_log_cv,8.663686157260166e-07,9.757399369136568e-05,9.757399369136568e-05,False,0.38431592684020244,3.73293490107993,1.4738505113259674e-08,15000.0
Kerosene,445,2025-09-01,calma,sin_evento,nnls_base_no_negativa,8.663686157260166e-07,0.00025297740205414485,0.00025297740205414485,False,1.0018887901211995,4.68016966028848,1.4738505113259674e-08,
Kerosene,445,2025-09-01,calma,sin_evento,ngrc_softplus_cv,8.663686157260166e-07,0.00018015323684752622,0.00018015323684752622,False,0.7124856895295418,4.342061677210264,1.4738505113259674e-08,0.021544346900318822
Kerosene,445,2025-09-01,calma,sin_evento,ssrc_recurrente_log_cv,8.663686157260166e-07,0.0001163304785088237,0.0001163304785088237,False,0.4588541635226514,3.9073273783679365,1.4738505113259674e-08,15.0
Kerosene,445,2025-09-01,calma,sin_evento,naive,8.663686157260166e-07,0.000206871879268298,0.000206871879268298,False,0.8186655261020919,4.479732416353635,1.4738505113259674e-08,
Kerosene,445,2025-09-01,calma,sin_evento,ewma_094,8.663686157260166e-07,0.00016279649407210126,0.00016279649407210126,False,0.6435100251861445,4.241267515023435,1.4738505113259674e-08,0.94
Kerosene,445,2025-09-01,calma,sin_evento,garch_11,8.663686157260166e-07,0.0002082630416683647,0.0002082630416683647,False,0.8241940029595134,4.486406684795631,1.4738505113259674e-08,
Kerosene,445,2025-09-01,calma,sin_evento,gjr_garch_11,8.663686157260166e-07,0.00021914903716413,0.00021914903716413,False,0.867454929336943,4.537150171771132,1.4738505113259674e-08,
Kerosene,449,2025-09-29,calma,sin_evento,ols_clip_legacy,7.201634646789994e-05,0.00025445162786343506,0.00025445162786343506,False,0.7343226747297402,0.5452433088236615,1.3710775096928093e-08,
Kerosene,449,2025-09-29,calma,sin_evento,ridge_cv_clip,7.201634646789994e-05,0.0002452069810423476,0.0002452069810423476,False,0.6971119239985011,0.5189056976864679,1.3710775096928093e-08,15.0
Kerosene,449,2025-09-29,calma,sin_evento,ridge_log_cv,7.201634646789994e-05,8.82944349760907e-05,8.82944349760907e-05,False,0.06552115030264442,0.01942252161187641,1.3710775096928093e-08,15000.0
Kerosene,449,2025-09-29,calma,sin_evento,nnls_base_no_negativa,7.201634646789994e-05,0.00030990381385092127,0.00030990381385092127,False,0.9575240052095498,0.6917517422442212,1.3710775096928093e-08,
Kerosene,449,2025-09-29,calma,sin_evento,ngrc_softplus_cv,7.201634646789994e-05,0.00023408911202966513,0.00023408911202966513,False,0.6523612417388156,0.48645374280392595,1.3710775096928093e-08,0.021544346900318822
Kerosene,449,2025-09-29,calma,sin_evento,ssrc_recurrente_log_cv,7.201634646789994e-05,8.523217307575438e-05,8.523217307575438e-05,False,0.05319519924659516,0.013429069791255799,1.3710775096928093e-08,15000.0
Kerosene,449,2025-09-29,calma,sin_evento,naive,7.201634646789994e-05,0.0001706989519241914,0.0001706989519241914,False,0.39720866618367323,0.28489933275432766,1.3710775096928093e-08,
Kerosene,449,2025-09-29,calma,sin_evento,ewma_094,7.201634646789994e-05,0.00013798454584594062,0.00013798454584594062,False,0.2655294756794404,0.17216459545337015,1.3710775096928093e-08,0.94
Kerosene,449,2025-09-29,calma,sin_evento,garch_11,7.201634646789994e-05,0.0002677852733768261,0.0002677852733768261,False,0.7879921084181909,0.5822254981059338,1.3710775096928093e-08,
Kerosene,449,2025-09-29,calma,sin_evento,gjr_garch_11,7.201634646789994e-05,0.00025635260796202784,0.00025635260796202784,False,0.7419743349783966,0.55058765582343,1.3710775096928093e-08,
Kerosene,453,2025-10-27,calma,sin_evento,ols_clip_legacy,4.141464057490492e-07,0.00010663265164251868,0.00010663265164251868,False,0.4428600795735873,4.554809357096118,1.242382916338077e-08,
Kerosene,453,2025-10-27,calma,sin_evento,ridge_cv_clip,4.141464057490492e-07,0.00013160146346386545,0.00013160146346386545,False,0.5469633143669134,4.7644608441383065,1.242382916338077e-08,15.0
Kerosene,453,2025-10-27,calma,sin_evento,ridge_log_cv,4.141464057490492e-07,8.262358397798532e-05,8.262358397798532e-05,False,0.34275833560061547,4.300843338533573,1.242382916338077e-08,15000.0
Kerosene,453,2025-10-27,calma,sin_evento,nnls_base_no_negativa,4.141464057490492e-07,4.5207771962690145e-05,4.5207771962690145e-05,False,0.18675944021540733,3.701965704641256,1.242382916338077e-08,
Kerosene,453,2025-10-27,calma,sin_evento,ngrc_softplus_cv,4.141464057490492e-07,0.00012468322908170133,0.00012468322908170133,False,0.5181189070561114,4.71063367282301,1.242382916338077e-08,0.021544346900318822
Kerosene,453,2025-10-27,calma,sin_evento,ssrc_recurrente_log_cv,4.141464057490492e-07,4.033110670576556e-05,4.033110670576556e-05,False,0.16642700982654743,3.5889274399517133,1.242382916338077e-08,15.0
Kerosene,453,2025-10-27,calma,sin_evento,naive,4.141464057490492e-07,1.657865553501437e-08,1.657865553501437e-08,False,0.0016575914441952675,20.762595629357527,1.242382916338077e-08,
Kerosene,453,2025-10-27,calma,sin_evento,ewma_094,4.141464057490492e-07,0.00011385518690029946,0.00011385518690029946,False,0.4729732178808339,4.620100565009198,1.242382916338077e-08,0.94
Kerosene,453,2025-10-27,calma,sin_evento,garch_11,4.141464057490492e-07,7.190290721776858e-05,7.190290721776858e-05,False,0.2980602883768369,4.1626122292562115,1.242382916338077e-08,
Kerosene,453,2025-10-27,calma,sin_evento,gjr_garch_11,4.141464057490492e-07,6.998941721939728e-05,6.998941721939728e-05,False,0.2900823156963418,4.135797050450165,1.242382916338077e-08,
Kerosene,457,2025-11-24,calma,sin_evento,ols_clip_legacy,0.00029839732724531873,0.00015215378997963838,0.00015215378997963838,False,0.6667041791021959,0.28762193402503744,1.0478484831102827e-08,
Kerosene,457,2025-11-24,calma,sin_evento,ridge_cv_clip,0.00029839732724531873,0.00016825217023849211,0.00016825217023849211,False,0.593313876897896,0.20055045703776653,1.0478484831102827e-08,15.0
Kerosene,457,2025-11-24,calma,sin_evento,ridge_log_cv,0.00029839732724531873,7.409620164093442e-05,7.409620164093442e-05,False,1.0225579920574268,1.6340992753791417,1.0478484831102827e-08,15000.0
Kerosene,457,2025-11-24,calma,sin_evento,nnls_base_no_negativa,0.00029839732724531873,0.00019247311120413506,0.00019247311120413506,False,0.4828939372171064,0.1118630899053723,1.0478484831102827e-08,
Kerosene,457,2025-11-24,calma,sin_evento,ngrc_softplus_cv,0.00029839732724531873,0.00014378119044757367,0.00014378119044757367,False,0.7048737092048202,0.34522391087960846,1.0478484831102827e-08,0.021544346900318822
Kerosene,457,2025-11-24,calma,sin_evento,ssrc_recurrente_log_cv,0.00029839732724531873,4.6635064394830854e-05,4.6635064394830854e-05,False,1.1477495410803098,3.542488294345185,1.0478484831102827e-08,15.0
Kerosene,457,2025-11-24,calma,sin_evento,naive,0.00029839732724531873,8.574598285971598e-05,8.574598285971598e-05,False,0.9694482412307786,1.232978567949493,1.0478484831102827e-08,
Kerosene,457,2025-11-24,calma,sin_evento,ewma_094,0.00029839732724531873,9.676400996143636e-05,9.676400996143636e-05,False,0.9192185705627806,0.9576127697619483,1.0478484831102827e-08,0.94
Kerosene,457,2025-11-24,calma,sin_evento,garch_11,0.00029839732724531873,0.00014899953244626771,0.00014899953244626771,False,0.681084005512182,0.3081901667431928,1.0478484831102827e-08,
Kerosene,457,2025-11-24,calma,sin_evento,gjr_garch_11,0.00029839732724531873,0.00013935640084452623,0.00013935640084452623,False,0.7250457166326791,0.3798618889820329,1.0478484831102827e-08,
Kerosene,461,2025-12-22,calma,sin_evento,ols_clip_legacy,0.0006666952196564089,0.0003226312013258918,0.0003226312013258918,False,1.7962705433869326,0.34060820120454105,1.0396561736536317e-08,
Kerosene,461,2025-12-22,calma,sin_evento,ridge_cv_clip,0.0006666952196564089,0.00031285906561724376,0.00031285906561724376,False,1.8472883731634884,0.3743960101047854,1.0396561736536317e-08,15.0
Kerosene,461,2025-12-22,calma,sin_evento,ridge_log_cv,0.0006666952196564089,7.08366911336186e-05,7.08366911336186e-05,False,3.1108255027795138,6.169765754779126,1.0396561736536317e-08,15000.0
Kerosene,461,2025-12-22,calma,sin_evento,nnls_base_no_negativa,0.0006666952196564089,0.00028849820877499733,0.00028849820877499733,False,1.9744701975510577,0.4732722001876306,1.0396561736536317e-08,
Kerosene,461,2025-12-22,calma,sin_evento,ngrc_softplus_cv,0.0006666952196564089,0.0002994403548371829,0.0002994403548371829,False,1.9173440419352732,0.4260530934719333,1.0396561736536317e-08,0.021544346900318822
Kerosene,461,2025-12-22,calma,sin_evento,ssrc_recurrente_log_cv,0.0006666952196564089,8.347047285826159e-05,8.347047285826159e-05,False,3.0448677485404283,4.909358260311521,1.0396561736536317e-08,150.0
Kerosene,461,2025-12-22,calma,sin_evento,naive,0.0006666952196564089,0.00030262636899280936,0.00030262636899280936,False,1.9007106740918853,0.41319676554917484,1.0396561736536317e-08,
Kerosene,461,2025-12-22,calma,sin_evento,ewma_094,0.0006666952196564089,0.00011607071140342222,0.00011607071140342222,False,2.874670212366198,2.995737815120134,1.0396561736536317e-08,0.94
Kerosene,461,2025-12-22,calma,sin_evento,garch_11,0.0006666952196564089,0.00030484745343754296,0.00030484745343754296,False,1.8891149583241955,0.4044582892382689,1.0396561736536317e-08,
Kerosene,461,2025-12-22,calma,sin_evento,gjr_garch_11,0.0006666952196564089,0.0003012312579168859,0.0003012312579168859,False,1.9079941934281819,0.41877912885956325,1.0396561736536317e-08,
Kerosene,465,2026-01-19,calma,sin_evento,ols_clip_legacy,8.349666184467263e-06,9.072955432390682e-05,9.072955432390682e-05,False,0.48377482465277033,1.4776896653978095,1.0396561736536317e-08,
Kerosene,465,2026-01-19,calma,sin_evento,ridge_cv_clip,8.349666184467263e-06,9.112329456737727e-05,9.112329456737727e-05,False,0.48608705912584027,1.4816223394232515,1.0396561736536317e-08,1.5
Kerosene,465,2026-01-19,calma,sin_evento,ridge_log_cv,8.349666184467263e-06,5.54654523661577e-05,5.54654523661577e-05,False,0.2766868432722756,1.0440769296093273,1.0396561736536317e-08,15.0
Kerosene,465,2026-01-19,calma,sin_evento,nnls_base_no_negativa,8.349666184467263e-06,0.00013094527762020025,0.00013094527762020025,False,0.7199411381226036,1.816322493730008,1.0396561736536317e-08,
Kerosene,465,2026-01-19,calma,sin_evento,ngrc_softplus_cv,8.349666184467263e-06,0.00014875555049509033,0.00014875555049509033,False,0.8245317345857096,1.9362129130169485,1.0396561736536317e-08,0.46415888336127725
Kerosene,465,2026-01-19,calma,sin_evento,ssrc_recurrente_log_cv,8.349666184467263e-06,4.1680588101759085e-05,4.1680588101759085e-05,False,0.19573540666576011,0.8081390040496497,1.0396561736536317e-08,150.0
Kerosene,465,2026-01-19,calma,sin_evento,naive,8.349666184467263e-06,0.00014201805946855982,0.00014201805946855982,False,0.7849659059159454,1.8925256575485303,1.0396561736536317e-08,
Kerosene,465,2026-01-19,calma,sin_evento,ewma_094,8.349666184467263e-06,0.00016763516504547343,0.00016763516504547343,False,0.9354020261690603,2.0493769812402913,1.0396561736536317e-08,0.94
Kerosene,465,2026-01-19,calma,sin_evento,garch_11,8.349666184467263e-06,0.00016043363430938437,0.00016043363430938437,False,0.8931111303233898,2.0077031657742164,1.0396561736536317e-08,
Kerosene,465,2026-01-19,calma,sin_evento,gjr_garch_11,8.349666184467263e-06,0.00017998308606070618,0.00017998308606070618,False,1.007915032181636,2.1170327135772973,1.0396561736536317e-08,
Kerosene,469,2026-02-16,calma,sin_evento,ols_clip_legacy,0.0007764796731511531,0.0009739646468124393,0.0009739646468124393,False,1.2164307005090158,0.023840535180619238,1.0396561736536317e-08,
Kerosene,469,2026-02-16,calma,sin_evento,ridge_cv_clip,0.0007764796731511531,0.0006457389603569447,0.0006457389603569447,False,0.8053119885570503,0.018091689622263818,1.0396561736536317e-08,150.0
Kerosene,469,2026-02-16,calma,sin_evento,ridge_log_cv,0.0007764796731511531,0.00025611548553372955,0.00025611548553372955,False,3.205241196471621,0.9226140449090217,1.0396561736536317e-08,150.0
Kerosene,469,2026-02-16,calma,sin_evento,nnls_base_no_negativa,0.0007764796731511531,0.0008699255958653083,0.0008699255958653083,False,0.5755905733964932,0.006218928082684094,1.0396561736536317e-08,
Kerosene,469,2026-02-16,calma,sin_evento,ngrc_softplus_cv,0.0007764796731511531,0.0007566451682880546,0.0007566451682880546,False,0.12217284281208174,0.0003376915348631826,1.0396561736536317e-08,0.46415888336127725
Kerosene,469,2026-02-16,calma,sin_evento,ssrc_recurrente_log_cv,0.0007764796731511531,0.0001972445465559217,0.0001972445465559217,False,3.5678633049426356,1.56630827750213,1.0396561736536317e-08,1500.0
Kerosene,469,2026-02-16,calma,sin_evento,naive,0.0007764796731511531,0.001064022396952936,0.001064022396952936,False,1.7711514474027104,0.04480002237647329,1.0396561736536317e-08,
Kerosene,469,2026-02-16,calma,sin_evento,ewma_094,0.0007764796731511531,0.00024164780200697965,0.00024164780200697965,False,3.294356505251375,1.0459810049283558,1.0396561736536317e-08,0.94
Kerosene,469,2026-02-16,calma,sin_evento,garch_11,0.0007764796731511531,0.0011692647244639154,0.0011692647244639154,False,2.4194032905882676,0.07343509700995243,1.0396561736536317e-08,
Kerosene,469,2026-02-16,calma,sin_evento,gjr_garch_11,0.0007764796731511531,0.0009932843493550706,0.0009932843493550706,False,1.3354325610650817,0.027976007506108402,1.0396561736536317e-08,
Kerosene,473,2026-03-16,medio_oriente_2026,exploratoria_ex_post,ols_clip_legacy,0.0028833912646427785,0.015610726729077696,0.015610726729077696,False,47.83219884892242,0.8736969326270991,1.0396561736536317e-08,
Kerosene,473,2026-03-16,medio_oriente_2026,exploratoria_ex_post,ridge_cv_clip,0.0028833912646427785,0.004616885221537767,0.004616885221537767,False,6.514861487018081,0.09528487856800982,1.0396561736536317e-08,150.0
Kerosene,473,2026-03-16,medio_oriente_2026,exploratoria_ex_post,ridge_log_cv,0.0028833912646427785,924643061198.6907,924643061198.6907,False,3475017287877832.0,32.40146177532755,1.0396561736536317e-08,0.00015
Kerosene,473,2026-03-16,medio_oriente_2026,exploratoria_ex_post,nnls_base_no_negativa,0.0028833912646427785,0.0030073998367126345,0.0030073998367126345,False,0.4660521988118773,0.0008742587394430235,1.0396561736536317e-08,
Kerosene,473,2026-03-16,medio_oriente_2026,exploratoria_ex_post,ngrc_softplus_cv,0.0028833912646427785,0.00140096421376085,0.00140096421376085,False,5.571295396035534,0.3363412928993488,1.0396561736536317e-08,10.0
Kerosene,473,2026-03-16,medio_oriente_2026,exploratoria_ex_post,ssrc_recurrente_log_cv,0.0028833912646427785,0.0006921664940971852,0.0006921664940971852,False,8.235117180678063,1.7388522323205269,1.0396561736536317e-08,0.15
Kerosene,473,2026-03-16,medio_oriente_2026,exploratoria_ex_post,naive,0.0028833912646427785,0.015765516529920462,0.015765516529920462,False,48.41393385185258,0.881750213019463,1.0396561736536317e-08,
Kerosene,473,2026-03-16,medio_oriente_2026,exploratoria_ex_post,ewma_094,0.0028833912646427785,0.0011970074191752077,0.0011970074191752077,False,6.337811056950614,0.5296907448563091,1.0396561736536317e-08,0.94
Kerosene,473,2026-03-16,medio_oriente_2026,exploratoria_ex_post,garch_11,0.0028833912646427785,0.008376227553030269,0.008376227553030269,False,20.64331833830488,0.4106655850079506,1.0396561736536317e-08,
Kerosene,473,2026-03-16,medio_oriente_2026,exploratoria_ex_post,gjr_garch_11,0.0028833912646427785,0.008378366121012256,0.008378366121012256,False,20.651355559391114,0.410833000807892,1.0396561736536317e-08,
Kerosene,477,2026-04-13,medio_oriente_2026,exploratoria_ex_post,ols_clip_legacy,0.0006829932193745528,0.005806530891779195,0.005806530891779195,False,11.369478988762133,1.2578786510664695,1.0396561736536317e-08,
Kerosene,477,2026-04-13,medio_oriente_2026,exploratoria_ex_post,ridge_cv_clip,0.0006829932193745528,0.014751755996490428,0.014751755996490428,False,31.219542632390933,2.118931586584015,1.0396561736536317e-08,150.0
Kerosene,477,2026-04-13,medio_oriente_2026,exploratoria_ex_post,ridge_log_cv,0.0006829932193745528,0.0017699396917961237,0.0017699396917961237,False,2.4120082392809175,0.3381008441375184,1.0396561736536317e-08,1500.0
Kerosene,477,2026-04-13,medio_oriente_2026,exploratoria_ex_post,nnls_base_no_negativa,0.0006829932193745528,0.018780309872412075,0.018780309872412075,False,40.15917801246823,2.3504468369212987,1.0396561736536317e-08,
Kerosene,477,2026-04-13,medio_oriente_2026,exploratoria_ex_post,ngrc_softplus_cv,0.0006829932193745528,0.015634560510634443,0.015634560510634443,False,33.17854596495237,2.174439064837197,1.0396561736536317e-08,0.46415888336127725
Kerosene,477,2026-04-13,medio_oriente_2026,exploratoria_ex_post,ssrc_recurrente_log_cv,0.0006829932193745528,0.0010322151189125536,0.0010322151189125536,False,0.7749471757761917,0.07465465045783959,1.0396561736536317e-08,15.0
Kerosene,477,2026-04-13,medio_oriente_2026,exploratoria_ex_post,naive,0.0006829932193745528,0.010134572575310129,0.010134572575310129,False,20.973698207920705,1.7646153580407615,1.0396561736536317e-08,
Kerosene,477,2026-04-13,medio_oriente_2026,exploratoria_ex_post,ewma_094,0.0006829932193745528,0.003231008892483111,0.003231008892483111,False,5.654220288937191,0.7654517684877553,1.0396561736536317e-08,0.94
Kerosene,477,2026-04-13,medio_oriente_2026,exploratoria_ex_post,garch_11,0.0006829932193745528,0.010123176493730247,0.010123176493730247,False,20.94840952686454,1.7635661159842373,1.0396561736536317e-08,
Kerosene,477,2026-04-13,medio_oriente_2026,exploratoria_ex_post,gjr_garch_11,0.0006829932193745528,0.010123642986661251,0.010123642986661251,False,20.949444706444858,1.7636090876899875,1.0396561736536317e-08,
Kerosene,481,2026-05-11,medio_oriente_2026,exploratoria_ex_post,ols_clip_legacy,0.0019336756736289549,0.0008980424934020507,0.0008980424934020507,False,2.0106962711580096,0.386251200127973,1.1110117708015532e-08,
Kerosene,481,2026-05-11,medio_oriente_2026,exploratoria_ex_post,ridge_cv_clip,0.0019336756736289549,0.0004236696695948137,0.0004236696695948137,False,2.9316977282172827,2.045887753044135,1.1110117708015532e-08,1500.0
Kerosene,481,2026-05-11,medio_oriente_2026,exploratoria_ex_post,ridge_log_cv,0.0019336756736289549,7.437588671802539e-05,7.437588671802539e-05,False,3.6098564818940977,21.74064451200261,1.1110117708015532e-08,1500.0
Kerosene,481,2026-05-11,medio_oriente_2026,exploratoria_ex_post,nnls_base_no_negativa,0.0019336756736289549,0.0005202008282927856,0.0005202008282927856,False,2.7442811365607187,1.404208442879737,1.1110117708015532e-08,
Kerosene,481,2026-05-11,medio_oriente_2026,exploratoria_ex_post,ngrc_softplus_cv,0.0019336756736289549,0.00042795809285761503,0.00042795809285761503,False,2.9233716946097337,2.010223540802588,1.1110117708015532e-08,10.0
Kerosene,481,2026-05-11,medio_oriente_2026,exploratoria_ex_post,ssrc_recurrente_log_cv,0.0019336756736289549,0.0003239300479992212,0.0003239300479992212,False,3.1253435953620854,3.182773227578304,1.1110117708015532e-08,15.0
Kerosene,481,2026-05-11,medio_oriente_2026,exploratoria_ex_post,naive,0.0019336756736289549,0.0003196188862219516,0.0003196188862219516,False,3.133713776112779,3.2498931838918956,1.1110117708015532e-08,
Kerosene,481,2026-05-11,medio_oriente_2026,exploratoria_ex_post,ewma_094,0.0019336756736289549,0.0025952438630626675,0.0025952438630626675,False,1.284443871641575,0.039342184088713594,1.1110117708015532e-08,0.94
Kerosene,481,2026-05-11,medio_oriente_2026,exploratoria_ex_post,garch_11,0.0019336756736289549,0.0011596351232362257,0.0011596351232362257,False,1.5028105299395296,0.15616901457539933,1.1110117708015532e-08,
Kerosene,481,2026-05-11,medio_oriente_2026,exploratoria_ex_post,gjr_garch_11,0.0019336756736289549,0.0011595565717035013,0.0011595565717035013,False,1.5029630388364614,0.15621423421646385,1.1110117708015532e-08,
Kerosene,485,2026-06-08,medio_oriente_2026,exploratoria_ex_post,ols_clip_legacy,0.0011491269813130249,0.0003551175765328441,0.0003551175765328441,False,1.4639922956013778,1.0615968250987668,1.2523625187654916e-08,
Kerosene,485,2026-06-08,medio_oriente_2026,exploratoria_ex_post,ridge_cv_clip,0.0011491269813130249,0.0004683473602068494,0.0004683473602068494,False,1.2552195406020252,0.5560308880957132,1.2523625187654916e-08,1500.0
Kerosene,485,2026-06-08,medio_oriente_2026,exploratoria_ex_post,ridge_log_cv,0.0011491269813130249,8.252008651019186e-05,8.252008651019186e-05,False,1.9666067769801228,10.291705382829921,1.2523625187654916e-08,1500.0
Kerosene,485,2026-06-08,medio_oriente_2026,exploratoria_ex_post,nnls_base_no_negativa,0.0011491269813130249,0.0010044279778864008,0.0010044279778864008,False,0.26679561340513575,0.009476799886876552,1.2523625187654916e-08,
Kerosene,485,2026-06-08,medio_oriente_2026,exploratoria_ex_post,ngrc_softplus_cv,0.0011491269813130249,0.0004732856417961478,0.0004732856417961478,False,1.246114350969864,0.5409190080059636,1.2523625187654916e-08,10.0
Kerosene,485,2026-06-08,medio_oriente_2026,exploratoria_ex_post,ssrc_recurrente_log_cv,0.0011491269813130249,0.0001757558603330326,0.0001757558603330326,False,1.7946989208145396,3.6605381754302773,1.2523625187654916e-08,1500.0
Kerosene,485,2026-06-08,medio_oriente_2026,exploratoria_ex_post,naive,0.0011491269813130249,0.00129431034204588,0.00129431034204588,False,0.26768867003692315,0.00680505136565368,1.2523625187654916e-08,
Kerosene,485,2026-06-08,medio_oriente_2026,exploratoria_ex_post,ewma_094,0.0011491269813130249,0.002240616725314697,0.002240616725314697,False,2.0124857039807376,0.1806105579465025,1.2523625187654916e-08,0.94
Kerosene,485,2026-06-08,medio_oriente_2026,exploratoria_ex_post,garch_11,0.0011491269813130249,0.0012088404834898056,0.0012088404834898056,False,0.11009958648334282,0.001261776479223764,1.2523625187654916e-08,
Kerosene,485,2026-06-08,medio_oriente_2026,exploratoria_ex_post,gjr_garch_11,0.0011491269813130249,0.0012088436609632963,0.0012088436609632963,False,0.11010544509998119,0.0012619063247230056,1.2523625187654916e-08,
Kerosene,489,2026-07-06,calma,sin_evento,ols_clip_legacy,0.000869010912818477,0.0014986558416265942,0.0014986558416265942,False,1.1360949793590556,0.1248284212047639,1.2523625187654916e-08,
Kerosene,489,2026-07-06,calma,sin_evento,ridge_cv_clip,0.000869010912818477,0.0006235095987174238,0.0006235095987174238,False,0.44296840586681685,0.06174951079577129,1.2523625187654916e-08,150.0
Kerosene,489,2026-07-06,calma,sin_evento,ridge_log_cv,0.000869010912818477,9.399948909273778e-05,9.399948909273778e-05,False,1.398385895217862,6.0207808563007985,1.2523625187654916e-08,1500.0
Kerosene,489,2026-07-06,calma,sin_evento,nnls_base_no_negativa,0.000869010912818477,0.0018234702616437043,0.0018234702616437043,False,1.7221713772161729,0.21771084875035163,1.2523625187654916e-08,
Kerosene,489,2026-07-06,calma,sin_evento,ngrc_softplus_cv,0.000869010912818477,0.0005752199281168846,0.0005752199281168846,False,0.5300995012097511,0.09814225940373289,1.2523625187654916e-08,10.0
Kerosene,489,2026-07-06,calma,sin_evento,ssrc_recurrente_log_cv,0.000869010912818477,0.0009853348764270837,0.0009853348764270837,False,0.20988824810365075,0.0075706178071190955,1.2523625187654916e-08,15.0
Kerosene,489,2026-07-06,calma,sin_evento,naive,0.000869010912818477,0.0014896398387503492,0.0014896398387503492,False,1.1198270239877988,0.12230377976413775,1.2523625187654916e-08,
Kerosene,489,2026-07-06,calma,sin_evento,ewma_094,0.000869010912818477,0.0020542154881148422,0.0020542154881148422,False,2.1385147499820913,0.28333146786581964,1.2523625187654916e-08,0.94
Kerosene,489,2026-07-06,calma,sin_evento,garch_11,0.000869010912818477,0.0016583642927215923,0.0016583642927215923,False,1.4242636934209667,0.170248244874442,1.2523625187654916e-08,
Kerosene,489,2026-07-06,calma,sin_evento,gjr_garch_11,0.000869010912818477,0.001658371380895664,0.001658371380895664,False,1.4242764829132777,0.1702502793199634,1.2523625187654916e-08,
Kerosene,493,2026-08-03,calma,sin_evento,ols_clip_legacy,0.0031064319816209284,0.00014974846186343677,0.00014974846186343677,False,5.177727743250177,16.712060041990554,1.2734443256775082e-08,
Kerosene,493,2026-08-03,calma,sin_evento,ridge_cv_clip,0.0031064319816209284,0.0007629168127452759,0.0007629168127452759,False,4.103950735860405,1.6677022829627335,1.2734443256775082e-08,1500.0
Kerosene,493,2026-08-03,calma,sin_evento,ridge_log_cv,0.0031064319816209284,9.257745614801967e-05,9.257745614801967e-05,False,5.277845290638716,29.041766334275486,1.2734443256775082e-08,1500.0
Kerosene,493,2026-08-03,calma,sin_evento,nnls_base_no_negativa,0.0031064319816209284,0.0014164326443024942,0.0014164326443024942,False,2.959517444608268,0.4078044994086829,1.2734443256775082e-08,
Kerosene,493,2026-08-03,calma,sin_evento,ngrc_softplus_cv,0.0031064319816209284,0.0007645607382370779,0.0007645607382370779,False,4.101071902677935,1.661099781907362,1.2734443256775082e-08,10.0
Kerosene,493,2026-08-03,calma,sin_evento,ssrc_recurrente_log_cv,0.0031064319816209284,0.00023273767724306296,0.00023273767724306296,False,5.0323974906241205,9.756035099010356,1.2734443256775082e-08,1500.0
Kerosene,493,2026-08-03,calma,sin_evento,naive,0.0031064319816209284,0.0028947806038465314,0.0028947806038465314,False,0.3706427161637859,0.0025493540414176508,1.2734443256775082e-08,
Kerosene,493,2026-08-03,calma,sin_evento,ewma_094,0.0031064319816209284,0.0018547232930377063,0.0018547232930377063,False,2.1919852970520903,0.15913696539671474,1.2734443256775082e-08,0.94
Kerosene,493,2026-08-03,calma,sin_evento,garch_11,0.0031064319816209284,0.0015779806113624282,0.0015779806113624282,False,2.676615542756936,0.2912834032933327,1.2734443256775082e-08,
Kerosene,493,2026-08-03,calma,sin_evento,gjr_garch_11,0.0031064319816209284,0.0015780151670927087,0.0015780151670927087,False,2.676555028954168,0.29126219264439257,1.2734443256775082e-08,
