entity,t0,mode,history_size,y_test,yhat_original,evaluable,residual_variance,smearing_factor,yhat_smearing,qlike_original,qlike_smearing,qlike_reduction,improved
ARS,500,ssrc_log,0,4.060009138105232e-08,1.3977821817766191e-06,False,,,,,,,False
ARS,520,ssrc_log,1,1.4340948817168924e-06,6.923710697518574e-07,False,,,,,,,False
ARS,540,ssrc_log,2,2.679617174793674e-06,1.2783882914134045e-06,False,,,,,,,False
ARS,560,ssrc_log,3,2.2176884827820942e-06,1.1752147869597252e-06,False,,,,,,,False
ARS,580,ssrc_log,4,5.173839693197534e-06,1.5345887952448222e-06,False,,,,,,,False
ARS,600,ssrc_log,5,1.2450288823793005e-08,1.2416822821621414e-06,False,,,,,,,False
ARS,620,ssrc_log,6,9.148878495006422e-06,1.296795409359904e-06,False,,,,,,,False
ARS,640,ssrc_log,7,5.508124499564346e-06,1.9191196068962474e-06,False,,,,,,,False
ARS,660,ssrc_log,8,1.4482390922929451e-09,1.5935334317367246e-06,False,,,,,,,False
ARS,680,ssrc_log,9,2.9876538847756274e-05,1.7134492094176568e-06,False,,,,,,,False
ARS,700,ssrc_log,10,6.241703898268344e-10,1.5320067520624573e-06,False,,,,,,,False
ARS,720,ssrc_log,11,6.769783272416681e-08,1.86488099102492e-07,False,,,,,,,False
ARS,740,ssrc_log,12,9.462764616361937e-08,1.1780242220530037e-06,False,,,,,,,False
ARS,760,ssrc_log,13,9.602871558976129e-09,1.409835393059939e-07,False,,,,,,,False
ARS,780,ssrc_log,14,7.365616533417422e-05,1.0464110557050783e-06,False,,,,,,,False
ARS,800,ssrc_log,15,5.687726882865312e-10,1.1116763895122263e-06,False,,,,,,,False
ARS,820,ssrc_log,16,8.030230847777673e-08,1.1430151716933977e-06,False,,,,,,,False
ARS,840,ssrc_log,17,3.1101500743419075e-08,1.0334638486838504e-06,False,,,,,,,False
ARS,860,ssrc_log,18,1.3153430125525737e-07,1.1233879361299723e-06,False,,,,,,,False
ARS,880,ssrc_log,19,3.2661959218500235e-06,9.712955006727164e-07,False,,,,,,,False
ARS,900,ssrc_log,20,2.3583767632808557e-07,9.840629840094017e-07,True,11.81224786320458,367.2797912606303,0.0003614630753334121,0.6682032422262352,6.335423869259397,-5.667220627033162,False
ARS,920,ssrc_log,21,1.9910848482195738e-07,9.207739597450624e-07,True,11.221880189455442,273.40114020009173,0.00025176789057487347,0.7476051025553163,6.143203888312697,-5.395598785757381,False
ARS,940,ssrc_log,22,8.008230099223363e-06,8.386533523631988e-07,True,10.687558961623987,209.30227120197904,0.0001755528816278913,6.2924880228831634,2.1330877374372514,4.159400285445912,True
ARS,960,ssrc_log,23,6.718544003913009e-06,8.783544965824255e-07,True,10.814604774523792,223.0291292261235,0.00019592084143755105,4.614435430964238,2.4071313777675654,2.2073040531966726,True
ARS,980,ssrc_log,24,2.937334038578351e-06,8.511078213316839e-07,True,10.817414430821131,223.34266700661848,0.00019011092499311147,1.2124702639051606,3.1855559697025617,-1.9730857057974012,False
ARS,1000,ssrc_log,25,7.0534119857659e-06,8.367815855483257e-07,True,10.603483589582924,200.68605965928697,0.00016795036780510995,5.297511450232892,2.212154038979455,3.0853574112534368,True
ARS,1020,ssrc_log,26,3.4696485267960625e-07,8.864571569406997e-07,True,10.580291144338554,198.37230079375507,0.00017586828300749678,0.329415538987738,5.230239983810132,-4.900824444822394,False
ARS,1040,ssrc_log,27,1.793502014192373e-06,8.337041198257153e-07,True,10.173402510407971,161.85506191067066,0.0001349553174357634,0.38519838081941815,3.334063199376235,-2.948864818556817,False
ARS,1060,ssrc_log,28,1.3761018987837506e-08,8.619071169732525e-07,True,9.904442876535459,141.48892398111232,0.00012196435944460634,3.1532734073248667,8.089757089422283,-4.936483682097417,False
ARS,1080,ssrc_log,29,3.116958003570436e-06,7.932404092103599e-07,True,9.908377714216233,141.76756596872775,0.00011246983879838718,1.5609124489216297,2.6135412821866644,-1.0526288332650346,False
ARS,1100,ssrc_log,30,2.854456168948643e-06,7.41576507965202e-07,True,9.756957985262519,131.43060486030274,9.747889205254365e-05,1.5013145772142957,2.5600373345800853,-1.0587227573657896,False
ARS,1120,ssrc_log,31,2.099709637713608e-06,4.312257649664002e-07,True,9.600707354577668,121.5534005943888,5.242901349564203e-05,2.2862429700992477,2.25770968333234,0.028533286766907917,True
ARS,1140,ssrc_log,32,8.753995639387985e-06,8.603842584244566e-07,True,9.47857122693999,114.3524806215938,9.839840948666918e-05,6.854632180678261,1.508479207857778,5.346152972820484,True
ARS,1160,ssrc_log,33,1.2492860292698082e-07,1.0072934488734286e-06,True,9.475533728712856,114.17893970892658,0.00011502301586208683,1.2113039016755538,5.8262312460211465,-4.614927344345593,False
ARS,1180,ssrc_log,34,0.0008057825708118,1.2192229424742822e-06,True,9.245241032543179,101.76034768192811,0.00012407862656273457,653.4048644834618,3.6232302150004934,649.7816342684613,True
ARS,1200,ssrc_log,35,3.774620165070934e-05,1.2802044367271234e-06,True,10.467149027546812,187.46169173198018,0.00024000793564082652,25.10064581504653,1.0070577758878896,24.09358803915864,True
ARS,1220,ssrc_log,36,2.983148765896939e-05,1.2287312902633315e-06,True,10.593722404626348,199.70897909157043,0.0002454085424542672,20.088702050631376,1.228918346385497,18.859783704245878,True
ARS,1240,ssrc_log,37,7.346023975013896e-06,1.6125477952926207e-06,True,10.65194872433216,205.60860013695486,0.00033157415570406234,2.0391949532115157,2.8318472666257475,-0.7926523134142318,False
ARS,1260,ssrc_log,38,0.0005001391165139,7.601956658176067e-07,True,10.453211727014923,186.1598779746592,0.00014153644837326792,650.4193373469934,1.271312821483007,649.1480245255104,True
ARS,1280,ssrc_log,39,1.928541021110103e-05,2.094210484231477e-06,True,11.35152816431339,291.7111446939484,0.0006109336086997015,5.988744610560516,2.4872065436924853,3.501538066868031,True
ARS,1300,ssrc_log,40,9.277571894391584e-05,2.236410812678465e-06,True,11.19531900014626,269.79421455162907,0.000603397578042812,36.758889771915925,1.026146894131514,35.73274287778441,True
ARS,1320,ssrc_log,41,5.113328455854767e-06,2.33073411856743e-06,True,11.262022812793235,278.9441008570896,0.0006501723274508187,0.4082030780632828,3.8532514676245366,-3.445048389561254,False
ARS,1340,ssrc_log,42,1.5805284583809228e-05,2.463026926497404e-06,True,11.000309009465346,244.7297412465602,0.0006028003153791447,3.55806326358854,2.6674614067741294,0.8906018568144107,True
ARS,1360,ssrc_log,43,4.3656287790098105e-05,1.8070530084327077e-06,True,10.81322407096831,222.87521380427964,0.00040276951313148693,19.974180775855096,1.3304073974656574,18.64377337838944,True
ARS,1380,ssrc_log,44,1.651630016166982e-07,3.23293463194882e-06,True,10.777034784269958,218.8786336898141,0.0007076421029128087,2.025300323975846,7.3629942647191555,-5.33769394074331,False
ARS,1400,ssrc_log,45,6.53801517314817e-05,5.315289584203623e-06,True,10.752666943132786,216.22801406211067,0.0011493360337587776,8.790761948859789,1.9236061197885457,6.867155829071243,True
ARS,1420,ssrc_log,46,6.470790576223418e-05,2.7595659995719173e-06,True,10.639228521059836,204.30505826632344,0.0005638136228381322,19.293770635811903,1.2796086110321898,18.014162024779715,True
ARS,1440,ssrc_log,47,8.325018794115728e-06,3.4052795467980227e-06,True,10.598885143449547,200.22516769151656,0.0006818425908108947,0.5508004716061055,3.417743122988936,-2.8669426513828307,False
ARS,1460,ssrc_log,48,1.7784544460959226e-07,2.7780164371137317e-06,True,10.382760696516161,179.71645309116707,0.0004992731323523501,1.8125964155114151,6.940349908732149,-5.127753493220734,False
ARS,1480,ssrc_log,49,2.455272332826415e-05,4.975031291859209e-06,True,10.348272698920548,176.6439897017257,0.0008788269406839114,2.3387986104958665,2.605703282318085,-0.26690467182221855,False
ARS,1500,ssrc_log,50,1.3923600097761442e-07,5.0248602459354925e-06,True,10.177441015246984,162.1822183305776,0.000814959099708783,2.613692006170461,7.674893714675646,-5.061201708505185,False
ARS,1520,ssrc_log,51,1.76676832354329e-05,5.491146236701008e-06,True,10.255474304457415,168.6350904341865,0.0009260167057224608,1.0488853261035036,2.9782343376888356,-1.929349011585332,False
ARS,1540,ssrc_log,52,0.0001060512448909,6.28503757452812e-06,True,10.075131698727828,154.09446899379446,0.0009685048370998559,13.0478549494402,1.3213310216980787,11.726523927742122,True
ARS,1560,ssrc_log,53,1.828465537034513e-05,6.82736183021128e-06,True,10.016471894343578,149.64052938114386,0.0010216649026023694,0.6930197302160406,3.04102354962842,-2.3480038194123796,False
ARS,1580,ssrc_log,54,5.283041705121321e-06,6.820522967195569e-06,True,9.83888453505851,136.92622368495086,0.0009339220460769337,0.030014288269316625,4.180547793640192,-4.150533505370875,False
ARS,1600,ssrc_log,55,1.1279249473948971e-06,7.184228908146503e-06,True,9.660705864974588,125.25515946968562,0.0008998741630725626,1.0085087196544866,5.683128745069634,-4.674620025415148,False
ARS,1620,ssrc_log,56,1.0588860643309309e-06,6.895823519554376e-06,True,9.560675937064298,119.14461037014937,0.0008216120208796552,1.0272531615855764,5.655339607576968,-4.628086445991391,False
ARS,1640,ssrc_log,57,1.473276778326063e-05,6.0533977383970005e-06,True,9.463194448211798,113.47666534446844,0.000686930637023573,0.5443469924140261,2.8636064504196104,-2.3192594580055843,False
ARS,1660,ssrc_log,58,0.0005931730139018,1.3346355126286902e-05,True,9.307018148107094,104.95262669910578,0.0014007454226255558,39.65032715005855,0.28274323762564,39.36758391243291,True
ARS,1680,ssrc_log,59,3.190761473011146e-07,1.4253254183514698e-05,True,9.372035990175887,108.42058777414178,0.0015453569383296862,2.821696939195717,7.485542163180982,-4.663845223985265,False
ARS,1700,ssrc_log,60,1.1461917287247217e-05,9.158420113214724e-06,True,9.480876750486681,114.48437779834717,0.0010485073767150356,0.02716055866247369,3.5270245375131415,-3.4998639788506676,False
ARS,1720,ssrc_log,61,3.204868326139272e-06,3.2758114816413764e-06,True,9.322973699507038,105.79326396328496,0.00034656926809764204,0.00023794729625614686,3.692659111547756,-3.6924211642515,False
ARS,1740,ssrc_log,62,8.296668741509172e-07,9.205541369729848e-06,True,9.170577744802403,98.03150164754653,0.0009024427471033942,1.4966635372179478,5.992755622081171,-4.496092084863223,False
ARS,1760,ssrc_log,63,8.68509212303309e-05,5.964453309225962e-06,True,9.125634871249984,95.85315985596432,0.0005717211818186571,10.883046233987777,1.0363696515916643,9.846676582396112,True
ARS,1780,ssrc_log,64,8.317137471760241e-06,7.149105157327535e-06,True,9.084647823369522,93.90878245236917,0.0006713730518268272,0.01205066482152306,3.403395055088284,-3.391344390266761,False
ARS,1800,ssrc_log,65,1.2903433871840377e-05,3.923857332961636e-06,True,8.942702036592191,87.47482330438248,0.0003432473743547551,1.0980381446186804,2.318550156608119,-1.2205120119894386,False
ARS,1820,ssrc_log,66,8.107546821367549e-08,1.4774757165281172e-05,True,8.821821021588285,82.34440485102577,0.0012166267200339918,4.210782410903119,8.616278815816715,-4.405496404913596,False
ARS,1840,ssrc_log,67,0.0001130434419174,8.965239771312298e-05,True,9.117045052474651,95.44236202107321,0.008556646042829321,0.029075941550583018,3.3399025742910196,-3.3108266327404365,False
ARS,1860,ssrc_log,68,5.821083460731219e-07,8.768368169425866e-06,True,8.981324702458867,89.18049513141906,0.0007819762328934865,1.778636712992351,6.203667441001882,-4.425030728009531,False
ARS,1880,ssrc_log,69,1.2615231506949472e-05,4.634846370854073e-06,True,8.962127893432779,88.32859962369011,0.00040939822226844497,0.7205211308751174,2.5105974820120927,-1.7900763511369753,False
ARS,1900,ssrc_log,70,6.96731089259214e-05,1.1787438045811356e-05,True,8.845489505092269,83.3246773955825,0.0009821927049553862,3.134013184077099,1.7169093870999652,1.4171037969771336,True
ARS,1920,ssrc_log,71,2.5878353406183405e-08,4.995761373366987e-06,True,8.76102129232362,79.8788128014443,0.000399063375425148,4.268118325091148,8.643533523212291,-4.375415198121143,False
ARS,1940,ssrc_log,72,1.0435098693828605e-07,2.975039920927158e-06,True,9.033003507417927,91.51489571295497,0.00027226951959509796,2.3853281365738193,6.867170907669859,-4.48184277109604,False
ARS,1960,ssrc_log,73,1.4173803308242982e-09,1.2857589539301536e-05,True,9.061423370966846,92.82459950000143,0.0011935097819810228,8.112989448104765,12.643599777989754,-4.53061032988499,False
ARS,1980,ssrc_log,74,0.0002344628679117,2.390568574658758e-05,True,10.032145495101268,150.81783948521138,0.0036054188574966995,6.52464767934789,1.7979266890912449,4.726720990256645,True
ARS,2000,ssrc_log,75,0.0002167197302631,1.2774241298227135e-05,True,9.976509368638776,146.68019671506536,0.0018737427945293397,13.134195804872752,1.2727496590082494,11.861446145864502,True
ARS,2020,ssrc_log,76,3.9081281331396514e-05,5.312972773425949e-06,True,9.959070694911377,145.40680231371448,0.0007725568224439257,4.3603297807699795,2.0346488830405884,2.325680897729391,True
ARS,2040,ssrc_log,77,1.2292651215902952e-06,6.761656103380232e-06,True,9.884711367617944,140.0998921883296,0.0009473212010873501,0.8866507316867307,5.648519306768076,-4.761868575081346,False
ARS,2060,ssrc_log,78,1.397643606808426e-05,7.948684654616769e-06,True,9.790747714719819,133.66997077660366,0.0010625137124921392,0.19396688207201818,3.3441741560416434,-3.150207273969625,False
ARS,2080,ssrc_log,79,3.744342177090635e-06,2.259762959183552e-09,True,9.670604422217435,125.87661877171888,2.969389824047712e-07,1648.5496236524266,9.07532880116591,1639.4742948512608,True
ARS,2100,ssrc_log,80,1.5092529379129702e-05,2.364833264208879e-05,True,10.241737577980771,167.48081191811795,0.003960658599487954,0.08729964602465112,4.573776336169474,-4.486476690144823,False
ARS,2120,ssrc_log,81,1.5825981710602088e-05,4.811518052962468e-06,True,10.116361591106495,157.30408757053064,0.0007568870875591542,1.0985464452234917,2.8884703863428407,-1.789923941119349,False
ARS,2140,ssrc_log,82,1.4756765910597785e-07,4.2113280939156e-06,True,10.008520788912344,149.0468065384094,0.0006276998083642607,2.386287208773732,7.355765635323589,-4.969478426549857,False
ARS,2160,ssrc_log,83,8.084384983779665e-06,3.3760216986421138e-06,True,10.023550741191826,150.1711089950871,0.0005069958395874635,0.5214119900312282,3.1545140396380864,-2.6331020496068582,False
ARS,2180,ssrc_log,84,1.225460054683807e-07,2.629562819614432e-06,True,9.912242695789464,142.04179537135735,0.0003735219281193397,2.1126895548544566,7.022573559823492,-4.909884004969035,False
ARS,2200,ssrc_log,85,2.79531604515739e-06,5.287367456281163e-06,True,9.904243246647669,141.47480197690862,0.0007480433113367264,0.16605352693528874,4.593252540912493,-4.427199013977204,False
ARS,2220,ssrc_log,86,3.462550344942181e-07,3.0147082978070022e-06,True,9.791824102224556,133.74193048214994,0.00040320618178231286,1.278937993206965,6.060886484252203,-4.781948491045238,False
ARS,2240,ssrc_log,87,9.925083654732195e-07,3.682086228167298e-06,True,9.729307359555087,129.62603871882203,0.00047730711458232746,0.580549888471535,5.177759359078701,-4.597209470607166,False
ARS,2260,ssrc_log,88,2.9579126223348007e-06,5.339881455210136e-06,True,9.634843977290755,123.64591895927721,0.0006602668142549556,0.14464814720622354,4.412640067677938,-4.267991920471714,False
ARS,2280,ssrc_log,89,4.194211543829828e-07,7.751606516043709e-06,True,9.528188610611931,117.22489922526455,0.0009086929151670503,1.9708874789544715,6.681348497493338,-4.710461018538867,False
ARS,2300,ssrc_log,90,2.99972496632333e-06,7.207981509736325e-06,True,9.509628769009895,116.14209339138579,0.0008371615758765173,0.292835476867658,4.635079696042022,-4.342244219174365,False
ARS,2320,ssrc_log,91,3.0184601578656395e-06,6.404621152664374e-06,True,9.410163136400742,110.50729846132224,0.0007077683319790258,0.22356706441817709,4.461634762873109,-4.238067698454932,False
ARS,2340,ssrc_log,92,1.474038824793929e-05,5.028131527729842e-06,True,9.310910124842325,105.15706213979345,0.0005287539552147555,0.8560408874348906,2.6078095787780415,-1.751768691343151,False
ARS,2360,ssrc_log,93,1.1521029651389498e-06,3.0711495302114427e-06,True,9.225609497479462,100.7663780333001,0.00030947859119588155,0.35560036602347234,4.597022702428038,-4.2414223364045665,False
ARS,2380,ssrc_log,94,7.75403237470834e-06,3.6002495679119527e-06,True,9.134146465066674,96.26196070702349,0.0003465766086378894,0.3865387275051413,2.8222640857321344,-2.435725358226993,False
ARS,2400,ssrc_log,95,1.2904860926564282e-06,3.1227965274534995e-06,True,9.04557442492039,92.0919203476442,0.00028759343826018237,0.29695689455488994,4.411016035601145,-4.114059141046255,False
ARS,2420,ssrc_log,96,1.1622159230992086e-06,2.799232881023017e-06,True,8.956319347386273,88.0724414113678,0.0002465439811548151,0.2942078128661487,4.36192596952139,-4.067718156655241,False
ARS,2440,ssrc_log,97,3.725614909181434e-06,2.7964407166277598e-06,True,8.868729826728778,84.29857098857171,0.00023574428612307637,0.045385820247323405,3.163319397314347,-3.117933577067024,False
ARS,2460,ssrc_log,98,1.1870728529581156e-06,2.569554221910848e-06,True,8.779182692783182,80.60747171474506,0.0002071332300093539,0.23421812349372417,4.167602682899078,-3.9333845594053543,False
ARS,2480,ssrc_log,99,6.692369148697588e-07,2.1917119863896125e-06,True,8.693657736546706,77.23315766655836,0.00016928046072028138,0.4916490483488922,4.5371274399376045,-4.045478391588713,False
ARS,2500,ssrc_log,100,2.4175849510140483e-07,1.876662369272462e-06,True,8.616689617361837,74.31737760377791,0.00013947595766978244,1.1781345182124419,5.359441579735766,-4.1813070615233245,False
ARS,2520,ssrc_log,101,3.2748126780567604e-07,1.6617014725336618e-06,True,8.566032781695714,72.45867438402774,0.00012041183178921443,0.8212423566316163,4.909961898623894,-4.088719541992278,False
ARS,2540,ssrc_log,102,1.3004523502624598e-08,1.426788106806303e-06,True,8.501834176725,70.16973469462943,0.00010012425989352035,3.7069984035686376,7.948999917682585,-4.242001514113947,False
ARS,2560,ssrc_log,103,1.758496390835599e-06,1.2964933531324498e-06,True,8.615275902368753,74.26486437016825,9.629122951364307e-05,0.05155225169253219,3.0211803890852584,-2.9696281373927262,False
ARS,2580,ssrc_log,104,5.182769293440215e-08,5.103122133198538e-07,True,8.534401028915374,71.32169183478946,3.6403362587111435e-05,1.3886588559042372,5.555915515278468,-4.16725665937423,False
ARS,2600,ssrc_log,105,1.7301135433593292e-06,9.661737858362151e-07,True,8.492704046856584,69.85013535024483,6.749425472605312e-05,0.2080870632105256,2.689488934283407,-2.4814018710728813,False
ARS,2620,ssrc_log,106,3.356480860154384e-07,4.935100798231051e-07,True,8.418301708390162,67.29936856370027,3.3219546688772656e-05,0.06560410972372521,3.604934422656595,-3.53933031293287,False
ARS,2640,ssrc_log,107,2.331658840991961e-06,4.414092622609345e-07,True,8.339085552954934,64.68586944388835,2.8559310496878272e-05,2.61794334059498,1.5870457184884814,1.0308976221064987,True
ARS,2660,ssrc_log,108,3.509490024201003e-07,7.279898558248772e-07,True,8.294716929773003,63.26665827616493,4.60637121028147e-05,0.2117257160995576,3.884758616023621,-3.6730328999240633,False
ARS,2680,ssrc_log,109,1.7118249345665794e-06,7.462570864530861e-07,True,8.220275118974135,60.95510194549152,4.549417229248789e-05,0.4636358441204256,2.3176515670264126,-1.854015722905987,False
ARS,2700,ssrc_log,110,2.286652385204102e-06,7.58190671857026e-07,True,8.155016816550381,58.99828692266905,4.47377506290043e-05,0.9120238686837845,2.0248411390352845,-1.1128172703515,False
ARS,2720,ssrc_log,111,1.9386099898400785e-07,7.020820233347769e-07,True,8.09660271627262,57.300042082030274,4.023495948632788e-05,0.5630318437305137,4.340168356277353,-3.7771365125468392,False
ARS,2740,ssrc_log,112,3.2542032392638144e-08,1.3609176226789909e-06,True,8.034097836865527,55.53696962888977,7.558669437510688e-05,2.7572937467811474,6.750933514158291,-3.9936397673771435,False
ARS,2760,ssrc_log,113,1.0587198367415882e-06,8.39699329159744e-07,True,8.071728005081836,56.5917945758153,4.752565112071573e-05,0.029060192339989577,2.826485920462286,-2.7974257281222963,False
ARS,2780,ssrc_log,114,1.893637016346143e-06,2.3317214617725884e-06,True,8.002299719279787,54.660966350332934,0.0001274595144569356,0.020227227723411456,3.224156225898229,-3.2039289981748174,False
ARS,2800,ssrc_log,115,2.016587555116251e-06,1.1847482744208763e-06,True,7.932114046275159,52.77602539671502,6.253148262209015e-05,0.17024679785546226,2.466512554407154,-2.2962657565516915,False
ARS,2820,ssrc_log,116,4.302985137495708e-05,8.412757940909064e-06,True,7.868296286547981,51.11858569298959,0.000430053299575308,2.482688196437443,1.40207208013334,1.0806161163041033,True
ARS,2840,ssrc_log,117,6.185895503233863e-06,6.281264296320013e-07,True,7.830260861996092,50.15561293107779,3.150898163769563e-05,6.560883837840027,0.8243225124489513,5.736561325391076,True
ARS,2860,ssrc_log,118,3.1122995812155044e-05,4.8087321909804825e-06,True,7.816561630475851,49.81324015386953,0.00023954341278896937,3.60466973385439,1.1707140306761095,2.4339557031782806,True
ARS,2880,ssrc_log,119,5.319142673971151e-06,4.257832718118467e-06,True,7.7861618343166885,49.06180928413321,0.00020890178296099917,0.026708744538525675,2.6960144738350333,-2.6693057292965077,False
ARS,2900,ssrc_log,120,9.885529392733546e-05,1.913959731490277e-05,True,7.7220849023344,47.51485747915757,0.0009094198901118199,2.523064301036184,1.327851296019547,1.1952130050166372,True
ARS,2920,ssrc_log,121,5.341245178091554e-06,7.238045175610725e-06,True,7.685077151972033,46.64373293251654,0.00033761401049796976,0.04183265442630946,3.1622650242536015,-3.120432369827292,False
ARS,2940,ssrc_log,122,4.177142756917226e-06,4.758939534086298e-06,True,7.62172913061761,45.18949124867482,0.00021505847537769027,0.00814394446844302,2.9607057960622467,-2.9525618515938037,False
ARS,2960,ssrc_log,123,1.6290554636496227e-06,3.19355510306098e-06,True,7.559264671793706,43.79993511098108,0.00013988178628092452,0.18324157567034183,3.4644432496016453,-3.2812016739313035,False
ARS,2980,ssrc_log,124,5.055710738738942e-06,2.735829499744597e-06,True,7.499906511555992,42.51909443161996,0.00011632914475789529,0.2338788891043151,2.1793655805696788,-1.9454866914653637,False
ARS,3000,ssrc_log,125,3.1792266552185627e-06,5.564740350608735e-06,True,7.444304079544983,41.35329234788425,0.0002301243698880257,0.1311286108724823,3.295797178532731,-3.164668567660249,False
ARS,3020,ssrc_log,126,4.078188728470181e-06,3.882907648029836e-06,True,7.386013366762177,40.16543032028731,0.00015596257312008508,0.0012238025490178828,2.6701116207046076,-2.6688878181555897,False
ARS,3040,ssrc_log,127,8.764030969361486e-06,4.963869408351271e-06,True,7.327751444401631,39.01225089053067,0.0001936555199715189,0.19709397475760015,2.1406807317178065,-1.9435867569602063,False
ARS,3060,ssrc_log,128,6.328033885955034e-06,4.427272072675074e-06,True,7.274224061722749,37.98198737362006,0.0001681602901626627,0.07212427123672338,2.3175590116285893,-2.245434740391866,False
ARS,3080,ssrc_log,129,3.5536349716992595e-10,7.695191932832807e-06,True,7.219440181018591,36.95570711380325,0.0002843848548249821,8.983011246121066,12.592699049684454,-3.6096878035633875,False
ARS,3100,ssrc_log,130,8.449801634277354e-06,6.267784979429617e-06,True,7.869810530910686,51.15730336325109,0.00032064799333864574,0.0494120749921767,2.662553228924621,-2.6131411539324443,False
ARS,3120,ssrc_log,131,1.2226809040852417e-08,11.934996180312046,True,7.811377452485461,49.68428700347489,592.9817756128687,19.699109774505732,23.604798499752842,-3.90568872524711,False
ARS,3140,ssrc_log,132,1e-10,1.849133192427322e-07,True,10.925745538744868,235.77377608159128,4.3621188903247904e-05,6.523013057563787,11.985885680762513,-5.4628726231987255,False
ARS,3160,ssrc_log,133,1.4685856569787976e-08,1.3104426978257018e-07,True,11.156021264668762,264.54480507848734,3.469343528679059e-05,1.3007182142820692,6.767844174310362,-5.467125960028293,False
ARS,3180,ssrc_log,134,1.352973992371243e-07,9.918648238657432e-08,True,11.095173298804148,256.6175000035091,2.5478548894185142e-05,0.05359737575112433,4.243427091936616,-4.189829716185492,False
ARS,3200,ssrc_log,135,2.37705193120022e-06,2.3594024022951417e-06,True,11.016530865328235,246.72279838544983,0.0005821429354914487,2.7840247847077393e-05,4.5049382545375085,-4.504910414289661,False
ARS,3220,ssrc_log,136,9.645082631886797e-08,2.6144660281708878e-06,True,10.936356038170649,237.02793872084303,0.0006197250963068871,2.3366730674972285,7.768153593852524,-5.431480526355296,False
ARS,3240,ssrc_log,137,3.8399367008582737e-07,2.579915815709109e-06,True,10.916007080424896,234.62853003142257,0.0006053452182976498,1.0537255919326127,6.363562453055913,-5.3098368611233,False
ARS,3260,ssrc_log,138,3.110007377587833e-07,2.447632421263085e-06,True,10.851638578925105,227.19741052901097,0.000556118367778879,1.1901430572237932,6.489500392660425,-5.299357335436632,False
ARS,3280,ssrc_log,139,3.739050924878344e-07,2.3279084211265244e-06,True,10.791447539678211,220.46165286182176,0.0005132364843977935,0.9893419398044592,6.225218523346773,-5.235876583542314,False
ARS,3300,ssrc_log,140,3.240972445731416e-07,2.1898163642936903e-06,True,10.726932294847126,213.46356180998683,0.00046746724718810777,1.0585313786903465,6.274734262145135,-5.216202883454789,False
ARS,3320,ssrc_log,141,3.15415974160331e-07,2.1371538370108346e-06,True,10.664762056557727,206.9300944542808,0.00044226203836542603,1.0609248497419235,6.246478699813546,-5.1855538500716225,False
ARS,3340,ssrc_log,142,1.2949302013190426e-05,1.862680059910656e-06,True,10.603327550838012,200.6704028696261,0.0003738047250797776,4.012947738991106,2.3973335370934734,1.6156142018976327,True
ARS,3360,ssrc_log,143,3.088792024528232e-07,1.6554628985288043e-06,True,10.57035612316182,197.3893277748956,0.0003267903476296584,0.8654674486330072,5.965069026339123,-5.099601577706116,False
ARS,3380,ssrc_log,144,1.0741499321022708e-06,1.5701100797660615e-06,True,10.506316843199011,191.16910858756677,0.0003001755612440901,0.06374010773990224,4.636416325385569,-4.572676217645666,False
ARS,3400,ssrc_log,145,7.595260092713865e-08,1.4529718564338364e-06,True,10.433446855987787,184.3292255365166,0.0002678435099453575,2.0035307860496796,7.168332267930845,-5.164801481881165,False
ARS,3420,ssrc_log,146,3.487342707738468e-07,1.3440826114809552e-06,True,10.402827896336973,181.52873271919515,0.00024400766600531602,0.6086157113932744,5.552073885353805,-4.943458173960531,False
ARS,3440,ssrc_log,147,3.5198278210483638e-09,1.2087398769397013e-06,True,10.336361247999454,175.5950732245697,0.00021226622670800666,4.841833579196086,10.007201060371527,-5.165367481175441,False
ARS,3460,ssrc_log,148,5.234586236818497e-08,1.1608492902856011e-06,True,10.455490849480682,186.37213947423461,0.00021636850305162175,2.144126995597512,7.32710729857245,-5.182980302974938,False
ARS,3480,ssrc_log,149,3.5537882964914826e-08,1.0990889066806447e-06,True,10.428333475146061,183.85855470748706,0.00020209518373280621,2.4639715431127165,7.646070665972074,-5.182099122859357,False
ARS,3500,ssrc_log,150,9.0574387414923e-07,9.97769571769853e-07,True,10.412880883146459,182.44348276353426,0.00018205470001744848,0.004534380012460426,4.3082810234112525,-4.303746643398792,False
ARS,3520,ssrc_log,151,2.2224068980530778e-07,8.796145483636821e-07,True,10.345058792639742,176.36035903936795,0.0001551466736015744,0.6283797208971869,5.549797702279385,-4.921417981382198,False
ARS,3540,ssrc_log,152,1.9683318937033379e-07,1.9405491032460398e-07,True,10.28066269283464,170.77234375205174,3.3156189087102054e-05,0.00010152004197161446,4.132564606496025,-4.132463086454054,False
ARS,3560,ssrc_log,153,1.0176788429362776e-05,7.823815346046733e-07,True,10.215411165588549,165.29067370110084,0.0001293368000134777,9.441927419532922,1.6209947713267487,7.820932648206173,True
ARS,3580,ssrc_log,154,4.388196256138062e-06,8.200473301798351e-07,True,10.213126635338478,165.1019757211166,0.0001354078445950897,2.673838494290993,2.4617802810272607,0.2120582132637323,True
ARS,3600,ssrc_log,155,4.140948013339394e-06,8.57071043927375e-07,True,10.179254231936104,162.3293207551224,0.00013914389333168997,2.256351593836117,2.5443440361935243,-0.2879924423574072,False
ARS,3620,ssrc_log,156,4.116892488057791e-07,8.498762490528083e-07,True,10.142554614567677,159.37777177387912,0.00013546722063475632,0.20923275301604516,4.7992551938371975,-4.590022440821152,False
ARS,3640,ssrc_log,157,3.1548626428213736e-06,4.505806070145234e-07,True,10.077761955109814,154.29725629046183,6.953868112566083e-05,4.055608673318696,2.138306658697399,1.9173020146212973,True
ARS,3660,ssrc_log,158,0.0001627103867218,2.2757844905045934e-06,True,10.052638821811394,152.37116371880487,0.0003467790683077642,66.22674790781278,0.2259207864497288,66.00082712136305,True
ARS,3680,ssrc_log,159,6.254311714505867e-06,1.7070869788746093e-06,True,10.133459103131568,158.65460623744565,0.0002708529779070456,1.3652507746161655,2.7913962248637443,-1.4261454502475788,False
ARS,3700,ssrc_log,160,0.0008724252266987,1.919267492918679e-06,True,10.089775849497062,155.22690112945304,0.00029793736805437394,447.44222720124293,0.8538232076029872,446.58840399363993,True
ARS,3720,ssrc_log,161,6.958363824807175e-05,1.718501399053784e-06,True,10.297331167503327,172.2015483876946,0.00029594572197831983,35.789805687684485,0.6827695825974833,35.107036105087005,True
ARS,3740,ssrc_log,162,2.9275217617644625e-06,1.4670636884883754e-06,True,10.339246241179351,175.84855129558142,0.0002579985091341625,0.30460405258062195,3.4901446054692773,-3.1855405528886553,False
ARS,3760,ssrc_log,163,2.3150233992411747e-05,1.2547044037056375e-06,True,10.282924389681273,170.96557062228874,0.00021452825089889507,14.535642504243606,1.334348833495977,13.20129367074763,True
ARS,3780,ssrc_log,164,0.0002233145573601,3.662901635676616e-06,True,10.28717438083292,171.32925798364033,0.0006275792522333354,55.856246570595424,0.38912344407277377,55.46712312652265,True
ARS,3800,ssrc_log,165,0.0001283264927237,2.716757833445717e-06,True,10.347071844005397,176.53795963496026,0.00047962843853476553,42.38002211065743,0.5859879467356568,41.79403416392177,True
ARS,3820,ssrc_log,166,6.945420289409851e-05,2.847654056302057e-06,True,10.391420839532971,180.4963254172395,0.0005140090428545598,20.195800001523132,1.1366958053294796,19.05910419619365,True
ARS,3840,ssrc_log,167,4.556321395109894e-05,3.23346554226388e-06,True,10.403408138904586,181.58140570858762,0.0005871552766151266,10.445593283315194,1.6337885707571398,8.811804712558054,True
ARS,3860,ssrc_log,168,4.190348260555132e-05,3.704137759501736e-06,True,10.393248353246069,180.66133054797518,0.000669212422297634,7.886696088530229,1.8333487072099386,6.0533473813202905,True
ARS,3880,ssrc_log,169,6.518092229032637e-06,4.556958491958528e-06,True,10.375235270917452,179.04150231216352,0.0008159024985246572,0.07243391049857717,3.8377019431938377,-3.7652680326952606,False
BRL,500,ssrc_log,0,0.0002276820727271,9.810754066952054e-06,False,,,,,,,False
BRL,520,ssrc_log,1,0.0004957671391713,6.193868372056611e-05,False,,,,,,,False
BRL,540,ssrc_log,2,0.0009275087602145,9.803830257071282e-06,False,,,,,,,False
BRL,560,ssrc_log,3,8.171204570761152e-05,5.958288219438431e-06,False,,,,,,,False
BRL,580,ssrc_log,4,5.819913053825549e-05,9.063312453039658e-06,False,,,,,,,False
BRL,600,ssrc_log,5,8.230974883071789e-06,1.13007238266476e-05,False,,,,,,,False
BRL,620,ssrc_log,6,2.801000626042692e-06,6.454494481311206e-06,False,,,,,,,False
BRL,640,ssrc_log,7,4.491157048098248e-05,8.2717340284551e-06,False,,,,,,,False
BRL,660,ssrc_log,8,1.3558436574354718e-06,8.274803313239856e-06,False,,,,,,,False
BRL,680,ssrc_log,9,2.5647789586672504e-05,8.636640407502236e-06,False,,,,,,,False
BRL,700,ssrc_log,10,1.466899014031284e-06,8.452149702424422e-06,False,,,,,,,False
BRL,720,ssrc_log,11,3.2304764380816155e-06,7.749205472583666e-06,False,,,,,,,False
BRL,740,ssrc_log,12,2.45611513427169e-05,8.170746285530924e-06,False,,,,,,,False
BRL,760,ssrc_log,13,7.330249404000741e-08,8.695249446389152e-06,False,,,,,,,False
BRL,780,ssrc_log,14,1.763788722371167e-05,8.869715864458011e-06,False,,,,,,,False
BRL,800,ssrc_log,15,1.1212618435622092e-05,1.089806346557545e-05,False,,,,,,,False
BRL,820,ssrc_log,16,3.013686677017533e-05,1.2078078445334426e-05,False,,,,,,,False
BRL,840,ssrc_log,17,7.843110950820286e-05,1.3420750746524314e-05,False,,,,,,,False
BRL,860,ssrc_log,18,0.0001632330592258,1.1645907346916749e-05,False,,,,,,,False
BRL,880,ssrc_log,19,6.244065126186322e-05,1.318386014307096e-05,False,,,,,,,False
BRL,900,ssrc_log,20,1.4505407650883018e-06,4.337910245152301e-05,True,4.378880819316619,8.93021445447025,0.00038738548075598213,2.431480085815347,4.591228280848051,-2.1597481950327038,False
BRL,920,ssrc_log,21,9.23974156765412e-05,5.275899613447224e-05,True,4.986439086259708,12.100170496579807,0.0006383939584725587,0.1909463935618012,1.0775907368353144,-0.8866443432735132,False
BRL,940,ssrc_log,22,0.0001793983133462,1.890878549905129e-05,True,4.748993617062088,10.745604728817383,0.000203187309435272,6.23758214761896,0.007440569087558302,6.230141578531402,True
BRL,960,ssrc_log,23,0.0003835920588825,1.7601873866940757e-05,True,4.655937765960315,10.257087017217254,0.0001805448776279954,17.71110880974476,0.3710352491684783,17.340073560576283,True
BRL,980,ssrc_log,24,4.2403098216513705e-05,2.109771779615769e-05,True,4.701402912415715,10.492927472971306,0.00022137777197304599,0.31178633775133946,0.8441909927692615,-0.532404655017922,False
BRL,1000,ssrc_log,25,8.999694726790955e-05,1.8307984654805164e-05,True,4.505595691138775,9.51431822540106,0.00017418884350339824,2.323282677908189,0.17702736421952925,2.14625531368866,True
BRL,1020,ssrc_log,26,0.0003921917771108,1.6992317023193588e-05,True,4.353175957710782,8.81617391005295,0.00014980800362861892,18.94154590343672,0.6555663273656347,18.285979576071085,True
BRL,1040,ssrc_log,27,7.712374908480167e-05,1.4812197797235654e-05,True,4.392742760747614,8.992324502159622,0.00013319688841536716,2.5568125868471023,0.12543778614182766,2.4313748007052745,True
BRL,1060,ssrc_log,28,0.000264707454706,2.6047822437556528e-05,True,4.252196990099166,8.382100128170508,0.00021833619400241802,6.843672966182817,0.019795448373735924,6.823877517809081,True
BRL,1080,ssrc_log,29,1.4763440794247022e-05,4.4058952400846905e-05,True,4.170660069167979,8.04724691326874,0.00035455397343426095,0.4284584472118207,2.220346152056405,-1.7918877048445843,False
BRL,1100,ssrc_log,30,1.1287609346882484e-06,1.7645963751667343e-05,True,4.164640345414196,8.023062226112462,0.0001415753675255746,1.8133536505194785,3.839684557312726,-2.0263309067932473,False
BRL,1120,ssrc_log,31,0.0002973660916913,2.406436605116653e-05,True,4.448858301846088,9.248201969212865,0.0002225529423224544,8.842881194221032,0.04635989153807296,8.79652130268296,True
BRL,1140,ssrc_log,32,2.871828800598972e-05,4.664698774141308e-05,True,4.402036086092017,9.03420603006936,0.0004214193013586486,0.10072572186188733,1.7542407598655112,-1.6535150380036239,False
BRL,1160,ssrc_log,33,2.4599116447342427e-06,1.855711616552375e-05,True,4.3153130412271405,8.650840818006571,0.00016053542307328423,1.1532868435528925,3.193712360611185,-2.0404255170582926,False
BRL,1180,ssrc_log,34,0.0005883061269247,2.502584109789952e-05,True,4.413760103355523,9.087320149414435,0.00022741863879700112,19.35060772988831,0.6364312561846406,18.71417647370367,True
BRL,1200,ssrc_log,35,7.145856864472054e-06,2.6703970454502015e-05,True,4.4580419694435225,9.290765823877694,0.0002481011651371094,0.5858748267595719,2.576106047553494,-1.990231220793922,False
BRL,1220,ssrc_log,36,0.0001425864782093,2.7981392737796008e-05,True,4.450574844543899,9.256142843216796,0.0002590005937474733,2.467351648300403,0.14740735472493638,2.3199442935754666,True
BRL,1240,ssrc_log,37,2.625064393939873e-06,2.9078558354263664e-05,True,4.350160107716431,8.80288979927305,0.0002559761250032937,1.4951705648564357,3.590233865855387,-2.095063300998951,False
BRL,1260,ssrc_log,38,0.0001235594211665,3.037650534047517e-05,True,4.490659912405284,9.443530994079444,0.00028686231402769646,1.6645455651479253,0.27300744440961666,1.3915381207383086,True
BRL,1280,ssrc_log,39,2.3778362538948787e-05,3.2168036050267136e-05,True,4.387246304760365,8.967645471569282,0.0002884723395800027,0.04138949748249088,1.5782517448929054,-1.5368622474104146,False
BRL,1300,ssrc_log,40,0.0001055823145946,3.302655232966515e-05,True,4.29807927855966,8.576617793994181,0.0002832568740466655,1.0347127803341296,0.3596073368835371,0.6751054434505925,True
BRL,1320,ssrc_log,41,0.0001730881299675,3.285024486102979e-05,True,4.197287825682376,8.155103379700018,0.0002678978584004951,2.607164089825864,0.08290237129102462,2.5242617185348397,True
BRL,1340,ssrc_log,42,5.384298210306634e-05,3.160238089675984e-05,True,4.119178467058883,7.8427476108224194,0.0002478501815491244,0.17092385947058064,0.7439924198694197,-0.573068560398839,False
BRL,1360,ssrc_log,43,0.0024078637668174,3.224014067543014e-05,True,4.021581996338774,7.469223153111334,0.0002408094521148046,69.37199187878912,6.696552491556346,62.67543938723277,True
BRL,1380,ssrc_log,44,5.470477946362856e-06,6.172992024241769e-05,True,4.229222548449158,8.286364016693463,0.0005115173184865289,1.5120223089398,3.5487100639471985,-2.0366877550073985,False
BRL,1400,ssrc_log,45,2.6168707033485897e-05,2.3385579435878328e-05,True,4.357706026246134,8.83616547831557,0.0002066396333182624,0.006565678677878495,1.1930514066288391,-1.1864857279509606,False
BRL,1420,ssrc_log,46,3.097194150621385e-06,3.101560942750808e-05,True,4.267997922876893,8.448584913088764,0.00026203875473798974,1.403853225381059,3.449815426120807,-2.045962200739748,False
BRL,1440,ssrc_log,47,0.0004525510874161,2.8075987430550423e-05,True,4.363735114857195,8.862842680242162,0.0002488338459736928,12.338809071045377,0.22057256155788796,12.118236509487488,True
BRL,1460,ssrc_log,48,6.668618494087755e-05,2.9559964632328184e-05,True,4.369049041948861,8.886422241301528,0.00026268311580303187,0.44238603799716314,0.6248161304744797,-0.18243009247731656,False
BRL,1480,ssrc_log,49,9.913147813103908e-06,2.8072075802301083e-05,True,4.278543152817913,8.493248692363977,0.00023842387042470535,0.3940453842278875,2.2217659525940463,-1.8277205683661588,False
BRL,1500,ssrc_log,50,4.5716687139533055e-08,1.2882737613718412e-05,True,4.248939122099702,8.368457354887873,0.00010780937718034799,4.644728826154378,6.766080595088551,-2.121351768934173,False
BRL,1520,ssrc_log,51,3.5651868514463995e-06,2.9554238294131123e-05,True,4.93304305697541,11.781394248616252,0.0003481912112001355,1.2356426954563302,3.591774484926889,-2.3561317894705587,False
BRL,1540,ssrc_log,52,0.0003548550708342,3.253915469054697e-05,True,4.967924315661293,11.9886714472174,0.0003901023336222953,7.516213751279263,0.004345755077756586,7.511867996201507,True
BRL,1560,ssrc_log,53,1.919924651955958e-06,2.6641227383203227e-05,True,4.943291073309405,11.841917136429206,0.00031548429127637497,1.7022398994600874,4.107908591942348,-2.4056686924822603,False
BRL,1580,ssrc_log,54,7.276893251934097e-06,1.4546220665490876e-05,True,5.029991702436065,12.366557472855117,0.000179887810528373,0.1928872537809856,2.248081759409619,-2.0551945056286334,False
BRL,1600,ssrc_log,55,5.2138444445288896e-05,2.173870218437208e-05,True,4.959740603822426,11.939715759107617,0.00025955501902487046,0.5236073010291742,0.8059423970288293,-0.2823350959996551,False
BRL,1620,ssrc_log,56,7.208688012653692e-05,2.1879814823432724e-05,True,4.873435152691411,11.435443101924236,0.0002502064210383136,1.1023675101398003,0.5325238342727221,0.5698436758670782,True
BRL,1640,ssrc_log,57,2.2120741336473703e-05,2.0622613143227983e-05,True,4.796941776658585,11.006333593522662,0.00022698036045789148,0.002517434130601348,1.4258044369863487,-1.4232870028557474,False
BRL,1660,ssrc_log,58,1.4712866237002485e-05,2.108142158263928e-05,True,4.7150312620903945,10.564672278541867,0.00022271926665359124,0.05757653493397674,1.783249860618711,-1.7256733256847343,False
BRL,1680,ssrc_log,59,0.0001991716198903,1.84069958293308e-05,True,4.644169526754032,10.196910307530743,0.00018769540519380937,7.438994479645759,0.0017963569825398817,7.437198122663219,True
BRL,1700,ssrc_log,60,7.022429401324171e-06,1.6970736890966112e-05,True,4.630127853674913,10.125570193733893,0.00017183930018588602,0.2961776494168391,2.2383167714142695,-1.9421391219974304,False
BRL,1720,ssrc_log,61,5.011192877646054e-06,1.58675448441333e-05,True,4.5818165737551935,9.8839110320576,0.00015683428992770102,0.46841583669751286,2.475467934455095,-2.0070520977575823,False
BRL,1740,ssrc_log,62,0.0001876739368252,1.604048089558546e-05,True,4.546726654419786,9.712010614180196,0.00015578619191554207,8.24042885227305,0.018467585000806475,8.221961267272244,True
BRL,1760,ssrc_log,63,0.0008613255643293,1.38158260983379e-05,True,4.540904770866565,9.683780624610577,0.00013379029746213615,57.210741585732535,3.5756787122522784,53.63506287348026,True
BRL,1780,ssrc_log,64,8.775835349267474e-06,1.9330240082882217e-05,True,4.683043030111555,10.397043792879469,0.00020097829237297976,0.24366390739002486,2.1748605309506415,-1.9311966235606166,False
BRL,1800,ssrc_log,65,6.46493396684272e-06,1.397125056486456e-05,True,4.63497782489355,10.150154351807242,0.00014181126473658458,0.23334011951781086,2.1336925501162383,-1.9003524305984274,False
BRL,1820,ssrc_log,66,0.0002036847044859,1.9536244147317534e-05,True,4.58692136160962,9.909170889392776,0.00019358887270975783,7.081689122836671,0.0013143543520397483,7.080374768484631,True
BRL,1840,ssrc_log,67,9.234715822633384e-05,2.429274226951434e-05,True,4.5710139471696385,9.830668850308902,0.00023881478778438203,1.466052657346907,0.3368228176130039,1.1292298397339031,True
BRL,1860,ssrc_log,68,0.0001611355406411,1.08491692588533e-05,True,4.513607955643806,9.552510292661761,0.000103637656263055,11.154181719565859,0.11345209075760598,11.040729628808252,True
BRL,1880,ssrc_log,69,9.746276320668316e-05,1.5660289427389227e-05,True,4.517877802929394,9.572925957922441,0.0001499156484606285,3.3952185709688214,0.08071974713566221,3.3144988238331594,True
BRL,1900,ssrc_log,70,7.766137030143863e-06,1.601379074347553e-05,True,4.476769063780112,9.378168910767258,0.0001501808723108858,0.20864295858655524,2.0137793989278387,-1.8051364403412835,False
BRL,1920,ssrc_log,71,0.0003887158507468,1.74148192604979e-05,True,4.435340223742039,9.185903786040576,0.0001599716727685986,18.215453962015992,0.5420524085122755,17.673401553503716,True
BRL,1940,ssrc_log,72,7.015797989044187e-06,1.7357786208901303e-05,True,4.46549124749129,9.325435098012385,0.00016186974127979333,0.3100640886698012,2.1819697288911946,-1.8719056402213934,False
BRL,1960,ssrc_log,73,0.0001977402193222,1.637010512062726e-05,True,4.432865932801494,9.174546513528991,0.00015018910831520528,8.58785205845848,0.041549328235034544,8.546302730223445,True
BRL,1980,ssrc_log,74,0.0003627391996517,1.586316652519949e-05,True,4.423661355640686,9.13241961730377,0.00014486990640925,18.737074338862882,0.5860481660517585,18.151026172811125,True
BRL,2000,ssrc_log,75,1.471226141757034e-05,1.5935362512045246e-05,True,4.451560739959424,9.260706762408416,0.00014757354544740322,0.0031055488077615934,1.4053398448110372,-1.4022342960032756,False
BRL,2020,ssrc_log,76,2.104330022163978e-05,1.6503331638113006e-05,True,4.398279678712933,9.017253875754426,0.0001488155329020227,0.03207411260318227,1.0975305419125476,-1.0654564293093653,False
BRL,2040,ssrc_log,77,2.69188474765516e-05,1.557934350998905e-05,True,4.341976392005259,8.766943219798192,0.00013658399664812743,0.18097426940549632,0.821199489200162,-0.6402252197946656,False
BRL,2060,ssrc_log,78,7.532938167348859e-05,1.5104776969257588e-05,True,4.285606776524365,8.523298282281214,0.00012874327192614226,2.3802638646721697,0.1210631800224875,2.259200684649682,True
BRL,2080,ssrc_log,79,2.800962680620921e-05,1.5339036368691045e-05,True,4.243866062348862,8.347257411307817,0.00012803961973661759,0.22388833150278153,0.7385489772176175,-0.5146606457148359,False
BRL,2100,ssrc_log,80,6.54835946691379e-07,1.6397692943049077e-05,True,4.190146405587219,8.126035796962181,0.00013324895244639065,2.2604458274281507,4.320504118932165,-2.0600582915040144,False
BRL,2120,ssrc_log,81,0.0001749104003239,1.490749006021742e-05,True,4.317819066462813,8.661687224629496,0.00012912478237459888,8.270644899427968,0.05108967709111534,8.219555222336853,True
BRL,2140,ssrc_log,82,1.5926527358646585e-05,1.619833083882975e-05,True,4.309048929968898,8.623788290451433,0.0001396917381915874,0.00014237444294407098,1.2854639677207564,-1.2853215932778124,False
BRL,2160,ssrc_log,83,7.137300000168642e-07,1.6602352132509334e-05,True,4.260716549295091,8.417882185014836,0.0001397573860338119,2.1897846111716794,4.2822654233013235,-2.092480812129644,False
BRL,2180,ssrc_log,84,2.037342239276312e-06,1.509673414052254e-05,True,4.3736146315907805,8.906731291849075,0.00013446334504724753,1.1377848187004846,3.2047971549964043,-2.0670123362959196,False
BRL,2200,ssrc_log,85,2.6354119514451544e-06,1.6222305593769502e-05,True,4.396622886598679,9.009787111343737,0.000146160320833735,0.9798037418169492,3.0336955662737495,-2.0538918244568003,False
BRL,2220,ssrc_log,86,8.246771972907606e-05,1.6465271441964526e-05,True,4.406996455348726,9.056640338107457,0.00014912084718321847,2.3974319567567632,0.14537618589691403,2.252055770859849,True
BRL,2240,ssrc_log,87,4.316674707571721e-06,4.3025097011504016e-05,True,4.370805493484094,8.894229954261288,0.0003826758960477123,1.399627461232415,3.49598328103278,-2.096355819800365,False
BRL,2260,ssrc_log,88,0.0007750859166224,3.6810212357287714e-05,True,4.408337948437304,9.06271708606813,0.0003336013467438962,17.00907541207752,0.48036247522559616,16.528712936851925,True
BRL,2280,ssrc_log,89,0.0003396441798595,4.81946805119144e-05,True,4.434131922000457,9.1803557903512,0.0004424451323372585,4.094687624539641,0.03207057573481187,4.062617048804829,True
BRL,2300,ssrc_log,90,0.0003763242350486,4.45044780484688e-05,True,4.408487623169687,9.063395341324489,0.0004033624853521042,5.321012181364094,0.002352386694458364,5.318659794669635,True
BRL,2320,ssrc_log,91,0.0009051485016776,1.757815755113759e-05,True,4.389094249020597,8.975935155186331,0.00015778119992017548,46.55135524820495,2.9898425153136117,43.56151273289134,True
BRL,2340,ssrc_log,92,6.113147939819351e-05,1.5288890732531953e-05,True,4.468703143229134,9.340423292543043,0.00014280554515761618,1.6125242933253339,0.2765319057588522,1.3359923875664816,True
BRL,2360,ssrc_log,93,1.2956067124812489e-06,1.4951018315205258e-05,True,4.4276572339938065,9.15068387559701,0.0001368128572890919,1.5324570767140009,3.669104816780684,-2.136647740066683,False
BRL,2380,ssrc_log,94,4.889081338176905e-05,1.2945320038213337e-05,True,4.476045496438002,9.374776656059128,0.00012136032157712246,1.4478620636366655,0.3120311278823058,1.1358309357543597,True
BRL,2400,ssrc_log,95,2.924793555410988e-05,0.0001006052984065,True,4.435208329237247,9.185298020899603,0.0009240904668750404,0.5261155667227655,2.4846514939548996,-1.958535927232134,False
BRL,2420,ssrc_log,96,1.754510594063569e-05,1.7666876439095262e-05,True,4.421160459708985,9.121007138612468,0.00016114051821868616,2.386360172090818e-05,1.326382504949681,-1.32635864134796,False
BRL,2440,ssrc_log,97,4.48301811346432e-06,1.927972444692893e-05,True,4.377928716388705,8.925964224550103,0.0001720909232688941,0.6912825009354424,2.6737767431548063,-1.9824942422193639,False
BRL,2460,ssrc_log,98,0.0001387863493498,1.9952924292291045e-05,True,4.372381463882227,8.901241237853398,0.00017760658265043167,4.016129686225462,0.028060905362274458,3.988068780863187,True
BRL,2480,ssrc_log,99,3.696653133769549e-05,2.1107248489603676e-05,True,4.348966600686149,8.797638210949676,0.00018569471560396823,0.19097022926402651,0.8131625975014078,-0.6221923682373813,False
BRL,2500,ssrc_log,100,2.536883344268706e-06,2.2090985989362084e-05,True,4.305067864123241,8.60663942928845,0.00019012991171184535,1.2790712946747278,3.33011418101977,-2.051042886345042,False
BRL,2520,ssrc_log,101,8.31990025953584e-06,2.5805965122065323e-05,True,4.332609382960307,8.725979204036026,0.0002251830875931414,0.4543576175891846,2.3352107968802893,-1.8808531792911047,False
BRL,2540,ssrc_log,102,5.249735613988992e-06,1.93226629467259e-05,True,4.3151718190928126,8.650229994470251,0.00016714624361780674,0.5747889349740316,2.4920994616537673,-1.9173105266797357,False
BRL,2560,ssrc_log,103,0.0001261946788948,2.240897292101166e-05,True,4.303173632359533,8.598491803377584,0.00019268412983260933,2.9030708699544965,0.07815675045385362,2.824914119500643,True
BRL,2580,ssrc_log,104,3.506038507782789e-05,2.19340108708894e-05,True,4.277192894094969,8.487516585971868,0.00018616602981521964,0.1294149997266718,0.8578956317186284,-0.7284806319919566,False
BRL,2600,ssrc_log,105,4.29919954190333e-05,1.910769761676504e-05,True,4.236067015571684,8.31477046876511,0.0001588768513470183,0.4390603571665235,0.5777149299446338,-0.13865457277811033,False
BRL,2620,ssrc_log,106,2.418376829036477e-05,2.3811107081393628e-05,True,4.196891868353432,8.153489003035613,0.00019414431508714666,0.00012120963176531774,1.207486034202745,-1.2073648245709796,False
BRL,2640,ssrc_log,107,6.612551973581766e-07,2.0974355723287672e-05,True,4.1591642037895395,8.00112456075187,0.00016781913283599962,2.488442813337073,4.540442530057138,-2.0519997167200654,False
BRL,2660,ssrc_log,108,0.0001348616307441,2.181143820380036e-05,True,4.262206283226442,8.424154723188629,0.000183743672579554,3.361254378248579,0.043258528866795265,3.3179958493817834,True
BRL,2680,ssrc_log,109,0.0001819037499517,2.3502766182685415e-05,True,4.240720804586219,8.334140589872414,0.00019587609103145822,4.69331449141079,0.0026720198164256193,4.690642471594365,True
BRL,2700,ssrc_log,110,7.752862785256308e-07,2.36537983178644e-05,True,4.225426919873853,8.270652949729117,0.00019563308389523778,2.4508230303989973,4.534726771041208,-2.0839037406422105,False
BRL,2720,ssrc_log,111,5.336849915067954e-05,2.3080299797359663e-05,True,4.321753811878585,8.678744765447766,0.00020030879892577683,0.4740553801121479,0.5890706296069788,-0.11501524949483088,False
BRL,2740,ssrc_log,112,1.3521377003639118e-08,2.331922021982555e-05,True,4.284421862119182,8.518250088391119,0.00019863970152374978,6.453341125137079,8.595044072633545,-2.1417029474964657,False
BRL,2760,ssrc_log,113,2.754477852902773e-06,2.384833019616587e-05,True,4.793409574882969,10.986912452886553,0.00026202051470405055,1.2739861249117985,3.565707354646225,-2.2917212297344265,False
BRL,2780,ssrc_log,114,0.0006067118476278,2.2874758091657732e-05,True,4.806130780260703,11.057018559965025,0.0002529276304760257,22.24518286272385,0.5238061371785845,21.721376725545266,True
BRL,2800,ssrc_log,115,7.973534436812052e-07,2.037501866700564e-05,True,4.839710511073232,11.24423165681011,0.0002291024543268074,2.27990068168111,4.6641068688669876,-2.3842061871858777,False
BRL,2820,ssrc_log,116,0.0001560732024459,2.0411918446833467e-05,True,4.908919943683279,11.64014584474005,0.00023759877170666585,4.611973817153532,0.07713541770444499,4.534838399449088,True
BRL,2840,ssrc_log,117,1.908601708860061e-05,1.766079245870042e-05,True,4.891674766113435,11.54020912950677,0.00020381029238713186,0.0030910150853471485,1.4618796369452762,-1.458788621859929,False
BRL,2860,ssrc_log,118,8.125004358505501e-05,2.8106697927882145e-05,True,4.850431742300091,11.304669507905293,0.000317737961500185,0.829248130984499,0.6194096602807178,0.20983847070378125,True
BRL,2880,ssrc_log,119,0.0003619292140958,2.8338515085103783e-05,True,4.813775537694335,11.099363550117582,0.0003145404913364132,9.224409701829936,0.010324330991785535,9.21408537083815,True
BRL,2900,ssrc_log,120,0.0004039374946099,1.967368212051245e-05,True,4.813922149830023,11.100177230638506,0.00021838236833465524,16.50989221348405,0.23466733948091312,16.275224874003136,True
BRL,2920,ssrc_log,121,4.023763015325002e-06,1.865456721867015e-05,True,4.8324395234301525,11.203427538595346,0.000208996112440981,0.7495720144029601,2.969350925515394,-2.219778911112434,False
BRL,2940,ssrc_log,122,7.656764490819358e-05,2.6172194360262144e-05,True,4.822538123717361,11.148099800006849,0.0002917712495233588,0.8520569832594294,0.6002190484604404,0.25183793479898897,True
BRL,2960,ssrc_log,123,0.0004771142613552,1.855414796516377e-05,True,4.787093139406871,10.95226812704983,0.00020321099861024235,21.467632663737326,0.494365008593312,20.973267655144014,True
BRL,2980,ssrc_log,124,7.027900564166229e-05,4.380955949814103e-05,True,4.814905048764424,11.10563374751567,0.00048653393298972545,0.1315723194250482,1.0792818463052058,-0.9477095268801576,False
BRL,3000,ssrc_log,125,4.813344002880979e-05,2.001640598616656e-05,True,4.776125022213184,10.892369640398075,0.00021802708211056694,0.5272745103103671,0.7314103009474222,-0.20413579063705511,False
BRL,3020,ssrc_log,126,3.9839578695174e-05,1.9860896514917428e-05,True,4.739768371675179,10.696153446322558,0.00021243616632043435,0.30982247274054187,0.8613173969020309,-0.551494924161489,False
BRL,3040,ssrc_log,127,1.52586028043271e-05,1.9629108276383832e-05,True,4.702850219381522,10.500523464584381,0.00020611686209738236,0.029215812808287778,1.677328728781693,-1.6481129159734051,False
BRL,3060,ssrc_log,128,1.0534768765905843e-06,1.9799661503252536e-05,True,4.66914469828918,10.325043471413137,0.00020443329824469474,1.9867756493396058,4.273298904409079,-2.286523255069473,False
BRL,3080,ssrc_log,129,6.721024574851508e-06,1.925693382307657e-05,True,4.718569344637804,10.583378160706228,0.00020380437120312973,0.40164900288281524,2.4448977831084875,-2.0432487802256722,False
BRL,3100,ssrc_log,130,5.30010812168713e-07,1.97619134643366e-05,True,4.697550388859171,10.472734802266547,0.000206962226170818,2.6454342076166695,4.969955072698667,-2.3245208650819977,False
BRL,3120,ssrc_log,131,1.8004963343219393e-05,1.925049842770864e-05,True,4.78215713460913,10.925271230944624,0.000210317909180713,0.002188045570824082,1.5435811003076658,-1.5413930547368417,False
BRL,3140,ssrc_log,132,1.2132638576426958e-05,1.8158113420613072e-05,True,4.746835199899746,10.734014235389099,0.0001949104213460941,0.07138450847825473,1.8388881055221784,-1.7675035970439237,False
BRL,3160,ssrc_log,133,0.000273324505973,1.809930371666142e-05,True,4.7148647765259,10.563792882430068,0.00019119825215829623,11.386596078401675,0.072185646042348,11.314410432359328,True
BRL,3180,ssrc_log,134,6.672518858487165e-06,1.6778551959530817e-05,True,4.722219469635538,10.602711123865419,0.00017789909977478368,0.31978542228952933,2.320726428001778,-2.0009410057122485,False
BRL,3200,ssrc_log,135,9.736293216067255e-06,1.704961043123861e-05,True,4.698735045739208,10.478939938492607,0.00017866279157764027,0.13132352117607038,1.9641350717116244,-1.832811550535554,False
BRL,3220,ssrc_log,136,0.0002057264277736,1.575617444770066e-05,True,4.669735851091463,10.328095761674309,0.00016273221134307437,9.48756179856609,0.02976095922318689,9.457800839342902,True
BRL,3240,ssrc_log,137,4.0918949965791135e-10,1.5905921401531077e-05,True,4.672269484362799,10.341187856090594,0.00016448705535623026,9.56804936557163,11.904166548811558,-2.336117183239928,False
BRL,3260,ssrc_log,138,8.804525412353911e-05,1.4148740719642472e-05,True,5.465884184910195,15.378064216280153,0.00021758168117258142,3.394607936241906,0.3093771920726289,3.085230744169277,True
BRL,3280,ssrc_log,139,4.951417224439563e-07,1.3670624109444756e-05,True,5.443951522428556,15.21034458558746,0.000207936324439153,2.354379948644016,5.042524367771734,-2.688144419127718,False
BRL,3300,ssrc_log,140,4.6751733232709257e-05,1.2992258128746415e-05,True,5.496845644426063,15.617980117869914,0.00020291429093900707,1.3179324616209804,0.6983337310697764,0.6195987305512041,True
BRL,3320,ssrc_log,141,1.3522655765597455e-05,1.200099310075414e-05,True,5.465166215005518,15.372544713398932,0.00018448724030100647,0.007417649810590676,1.6865124155259354,-1.6790947657153448,False
BRL,3340,ssrc_log,142,8.568222618911505e-06,1.160841942171379e-05,True,5.426533331732862,15.078451413080996,0.0001750383960781185,0.04177448757450808,2.065895572670655,-2.024121085096147,False
BRL,3360,ssrc_log,143,1.7134866495041275e-05,1.1333655428354688e-05,True,5.3904837768702025,14.80910047022031,0.0001678426228434094,0.09851830941219042,1.3840002942654137,-1.2854819848532233,False
BRL,3380,ssrc_log,144,4.373645529353234e-05,1.0851544471132685e-05,True,5.352975825412147,14.533959021613793,0.0001577172560605643,1.6365614275524747,0.5599311980063277,1.076630229546147,True
BRL,3400,ssrc_log,145,0.0001953572851106,1.0946424167722767e-05,True,5.32482517626968,14.330821795967157,0.0001568725871328827,13.964858695754359,0.02592837274578952,13.938930323008568,True
BRL,3420,ssrc_log,146,5.3938991713800806e-05,8.434026625982188e-06,True,5.335257477343111,14.405768817311353,0.00012149997834982963,3.5398228015551787,0.2560028575278841,3.283819944027295,True
BRL,3440,ssrc_log,147,7.764288812180953e-05,1.1317886894839037e-05,True,5.315689479370198,14.26551005447355,0.00016145675584472614,3.9344573997187426,0.21300706755069942,3.721450332168043,True
BRL,3460,ssrc_log,148,5.127887436374655e-06,2.0686620843622136e-05,True,5.297680608077475,14.137633778090944,0.00029246118335673034,0.6426776339264384,3.061171748716842,-2.4184941147904038,False
BRL,3480,ssrc_log,149,0.0003830350822553,1.4783521932749286e-05,True,5.281111028744048,14.02099030634706,0.0002072809198117775,21.654982696872533,0.23385162512312774,21.421131071749407,True
BRL,3500,ssrc_log,150,1.0491558323287504e-08,8.392254210382339e-06,True,5.30440323460895,14.18523475012676,0.00011904741458048819,5.685743624833475,8.336794299234716,-2.651050674401241,False
BRL,3520,ssrc_log,151,0.0001131988120689,1.2061738632324233e-05,True,5.591801745008388,16.37737603721125,0.00019754116698173578,6.145842516256019,0.12984042902566673,6.016002087230353,True
BRL,3540,ssrc_log,152,3.770853870721541e-05,1.270676936984708e-05,True,5.5805403586657105,16.285419191141955,0.00020693659429504152,0.879842798233839,0.8847485487484799,-0.0049057505146408165,False
BRL,3560,ssrc_log,153,1.115198200186843e-06,9.614974663956751e-06,True,5.548165411338285,16.023921599657136,0.00015407110259009265,1.2702751547109847,3.9356202586991307,-2.665345103988146,False
BRL,3580,ssrc_log,154,0.0001562160079869,1.2406996563809132e-05,True,5.5503249983024485,16.041233470698522,0.00019902503267356367,9.057981685302511,0.027097223142419358,9.030884462160092,True
BRL,3600,ssrc_log,155,2.6623373089885696e-05,7.48160894595744e-06,True,5.547542742146043,16.018933575010244,0.00011984889863285214,1.2891673939593238,0.7265834114218768,0.562583982537447,True
BRL,3620,ssrc_log,156,3.207127015608469e-05,1.3016983482624031e-05,True,5.5180627917270915,15.784546564291691,0.00020546866036275126,0.562096324633433,1.0134212784484555,-0.4513249538150226,False
BRL,3640,ssrc_log,157,2.5910564043899705e-06,8.48695537113578e-06,True,5.485124876548459,15.526720427627936,0.0001317760360014233,0.49176334737816685,2.948700690531069,-2.456937343152902,False
BRL,3660,ssrc_log,158,4.799598487120029e-05,1.161545557919814e-05,True,5.4639364201413425,15.363095080705188,0.00017845078477843665,1.7132986428906474,0.5821547143247627,1.1311439285658846,True
BRL,3680,ssrc_log,159,0.0007157407701784,1.28500281607042e-05,True,5.437537778171625,15.161645083744732,0.00019482898245323058,50.679576720002736,1.3724914720108479,49.307085247991886,True
BRL,3700,ssrc_log,160,1.2131404556707215e-05,1.2322443012057013e-05,True,5.490513806152712,15.56861304305599,0.00019184480386112926,0.00012143276752585308,1.824124736545523,-1.8240033037779972,False
BRL,3720,ssrc_log,161,0.0005745474769637,1.2277624141632706e-05,True,5.456851094021644,15.308765104499873,0.00018795669490210241,41.95050338009683,0.9394365807769767,41.011066799319856,True
BRL,3740,ssrc_log,162,4.3382257677458464e-05,1.3185840934534398e-05,True,5.500277894118559,15.644805532895424,0.000206291381689036,1.0991568299152803,0.7695351209006775,0.32962170901460275,True
BRL,3760,ssrc_log,163,1.741066914625991e-05,1.3639415678722111e-05,True,5.4708888885438,15.416593730305152,0.00021027477189698612,0.03237732817185979,1.5741315356212642,-1.5417542074494044,False
BRL,3780,ssrc_log,164,0.0004195887455645,1.3174582561681506e-05,True,5.437374131077501,15.160404554917614,0.00019973341751770997,27.387366559413547,0.35845234602975307,27.028914213383793,True
BRL,3800,ssrc_log,165,0.0001854532746597,1.3521702916857964e-05,True,5.463510493175589,15.359823650828947,0.00020769240824420278,10.096723734055894,0.006177958967193975,10.0905457750887,True
BRL,3820,ssrc_log,166,1.1249914073314852e-06,1.4202319125759756e-05,True,5.461340098686219,15.343164253525163,0.00021790994944393918,1.6148416825120746,4.2714691474115325,-2.656627464899458,False
BRL,3840,ssrc_log,167,4.6006374793625625e-05,1.439956382663808e-05,True,5.47884670590079,15.478057146462227,0.00022287871959854915,1.0334018608725106,0.7842666718993783,0.24913518897313236,True
BRL,3860,ssrc_log,168,6.333289084381326e-05,1.427220436403194e-05,True,5.449975000087695,15.256223223545925,0.00021774136129205994,1.94740797560039,0.525766077928334,1.421641897672056,True
BRL,3880,ssrc_log,169,1.0998338518941493e-05,1.3615080843947343e-05,True,5.425181701059567,15.068264606950768,0.00020515704762808583,0.021239444013963826,1.979640916595653,-1.9584014725816892,False
BTC,500,ssrc_log,0,0.0085727710140423,0.0004560995727058,False,,,,,,,False
BTC,520,ssrc_log,1,0.0035253036457648,0.00050522693601,False,,,,,,,False
BTC,540,ssrc_log,2,0.0034513584507062,0.0007146312885921,False,,,,,,,False
BTC,560,ssrc_log,3,0.0012767637989637,0.0002546826142417,False,,,,,,,False
BTC,580,ssrc_log,4,0.0002947646394605,0.0003170912257433,False,,,,,,,False
BTC,600,ssrc_log,5,0.0154074961936748,0.0002241189814049,False,,,,,,,False
BTC,620,ssrc_log,6,0.0001622821560827,0.0002910799545577,False,,,,,,,False
BTC,640,ssrc_log,7,0.0021012571380675,0.0004122737412708,False,,,,,,,False
BTC,660,ssrc_log,8,0.0003118466310629,0.0004485419310982,False,,,,,,,False
BTC,680,ssrc_log,9,8.082168109461933e-06,0.0004411431143128,False,,,,,,,False
BTC,700,ssrc_log,10,7.781579755100262e-05,0.0004604892364321,False,,,,,,,False
BTC,720,ssrc_log,11,0.0036197401109315,0.0004502825706984,False,,,,,,,False
BTC,740,ssrc_log,12,9.661751326314092e-05,0.0004399008888475,False,,,,,,,False
BTC,760,ssrc_log,13,1.82017056849348e-05,0.0004393826382246,False,,,,,,,False
BTC,780,ssrc_log,14,2.0812056990667e-06,0.0003794341403415,False,,,,,,,False
BTC,800,ssrc_log,15,0.0005755461760009,0.0003033858886027,False,,,,,,,False
BTC,820,ssrc_log,16,0.0001533522603013,0.0003043605530192,False,,,,,,,False
BTC,840,ssrc_log,17,0.0002654622775419,0.0007795258422664,False,,,,,,,False
BTC,860,ssrc_log,18,0.0050467222453237,0.0003039149201766,False,,,,,,,False
BTC,880,ssrc_log,19,4.127401497184855e-05,0.0002862843279662,False,,,,,,,False
BTC,900,ssrc_log,20,0.0002337135801966,0.0002461261088124,True,6.0612839236557905,20.71052368838761,0.005097402577942245,0.0013161123624292337,2.128239584445509,-2.12692347208308,False
BTC,920,ssrc_log,21,5.366147460863836e-05,0.0002626445345411,True,5.758220656378693,17.79843137098722,0.004674662402837788,0.7924183823719184,3.4786961198482063,-2.6862777374762876,False
BTC,940,ssrc_log,22,3.263596455994395e-06,0.0002057991091626,True,5.591898565481975,16.378168889054184,0.00337061410489885,3.1599288661801515,5.940988688872071,-2.78105982269192,False
BTC,960,ssrc_log,23,0.0007352823449549,0.0002218992021663,True,6.042612220009861,20.51807305117405,0.004552945991852688,1.1155558164990298,0.9847711563904458,0.13078466010858403,True
BTC,980,ssrc_log,24,4.395765610139299e-06,0.0001807624816685,True,5.872476334480183,18.844821736961247,0.003406438528255782,2.74086010647125,5.6540713169728045,-2.9132112105015544,False
BTC,1000,ssrc_log,25,0.0050525479767449,0.0002119191215773,True,6.113877639545716,21.26236949225732,0.004505904691688103,19.670425950857894,0.0068131233550954295,19.6636128275028,True
BTC,1020,ssrc_log,26,7.966001923879205e-08,0.0001825926755099,True,6.351689236461417,23.947037433498984,0.004372555930222052,6.737681586573184,9.913108676070282,-3.1754270894970977,False
BTC,1040,ssrc_log,27,0.0097748147315652,0.0001850019680759,True,8.191970928725386,60.09853494943099,0.011118353153976489,47.86907633333225,0.007948331138313058,47.86112800219394,True
BTC,1060,ssrc_log,28,0.0194258660585191,0.0003215409447971,True,8.604983981194788,73.8836819212223,0.023756636178406426,55.31367045383692,0.018959151065573998,55.29471130277135,True
BTC,1080,ssrc_log,29,0.0053871801664983,0.0002781564082316,True,8.981395485777753,89.18365143298477,0.024807012973943172,15.403855625425031,0.7442679035122928,14.659587721912738,True
BTC,1100,ssrc_log,30,4.463946592500865e-06,0.0001725893045306,True,9.004903955633287,90.2381221311758,0.015574143664579189,2.680746109954633,7.15762072526689,-4.476874615312257,False
BTC,1120,ssrc_log,31,5.81487697689116e-08,6.733438939231997e-05,True,9.114058474370456,95.29994534785499,0.006416973059113815,6.0552852311084955,10.61146141750125,-4.556176186392754,False
BTC,1140,ssrc_log,32,4.310481964949762e-05,0.0001038576742877,True,10.284278925775215,171.0813993595272,0.017768133259505638,0.2944240349600906,5.023953012046064,-4.729528977085973,False
BTC,1160,ssrc_log,33,7.968652453931496e-06,0.0001382637576227,True,9.969247566093696,146.14858110809166,0.020207066510088807,1.9112814506904687,6.838666598028571,-4.927385147338102,False
BTC,1180,ssrc_log,34,7.050979325516521e-07,0.0001296451918496,True,9.839144003278316,136.9439888390513,0.017754143300087167,4.219658674062933,9.133832481974311,-4.914173807911378,False
BTC,1200,ssrc_log,35,6.335707826092624e-08,0.0001335835218943,True,10.182928624621578,162.62782571167818,0.021724413879360936,6.654169848352415,11.745163532929045,-5.090993684576629,False
BTC,1220,ssrc_log,36,0.0004402115483877,0.0001391128894957,True,11.257413256085584,278.3019368386363,0.03871541431606618,1.012449913699383,3.488108145828445,-2.475658232129062,False
BTC,1240,ssrc_log,37,0.0003646426667407,0.0001300355392877,True,11.05149576098933,251.07404120045263,0.032648573356047185,0.7730669002385591,3.5058072765679507,-2.7327403763293914,False
BTC,1260,ssrc_log,38,2.041659058518185e-05,0.0001333838909298,True,10.839322360179132,225.80260312185504,0.030118452266730746,1.0299499236056096,6.297223337203089,-5.267273413597479,False
BTC,1280,ssrc_log,39,6.531115962399939e-05,0.0001332613130397,True,10.587548256944087,199.09341336366901,0.026531469491739627,0.20324746578122288,5.009385564750121,-4.806138098968899,False
BTC,1300,ssrc_log,40,0.2159741358713361,0.0001579691993835,True,10.31613640562151,173.82832996711838,0.027459539397909547,1358.9709178460519,4.8027319007508495,1354.168185945301,True
BTC,1320,ssrc_log,41,0.0006644951360483,0.0001977770954175,True,11.612540483760814,332.3771246532277,0.06573661543484818,1.1479315168891993,3.6044922510302255,-2.4565607341410263,False
BTC,1340,ssrc_log,42,5.6474123227253364e-08,0.0001588605353695,True,11.404708869845445,299.57189382902055,0.0475901812925226,6.942354917972602,12.644355671970342,-5.70200075399774,False
BTC,1360,ssrc_log,43,0.0003174581967823,0.0003476642326165,True,12.411798635029077,495.6645153404512,0.17232487282751888,0.00400823692349439,5.298632831423685,-5.29462459450019,False
BTC,1380,ssrc_log,44,0.0006242148748733,0.0001507782023721,True,12.131522002396865,430.8504306402434,0.06496289640822413,1.7192695891846914,3.6546856922541053,-1.935416103069414,False
BTC,1400,ssrc_log,45,2.266362725338045e-05,0.0001027213949286,True,11.95423898148973,394.3029374912461,0.04050338709383912,0.7318911083639437,6.488939114728537,-5.7570480063645935,False
BTC,1420,ssrc_log,46,8.193169863413881e-09,0.0001635505114428,True,11.705197937412878,348.13800550534353,0.05693818356687581,8.901626392056118,14.75417601867967,-5.852549626623553,False
BTC,1440,ssrc_log,47,9.362642247241128e-07,0.0001793160320806,True,13.264632503452514,759.2387235511931,0.1361437511330119,4.260228650376771,10.887331028114978,-6.627102377738208,False
BTC,1460,ssrc_log,48,0.000384861490006,0.0001745862874598,True,13.386154583289796,806.8011985546044,0.1408565065538852,0.4139555210758008,4.905345758541303,-4.491390237465502,False
BTC,1480,ssrc_log,49,0.0005393497908584,0.0001703309104513,True,13.168696503976717,723.6792374289886,0.12326501565390588,1.0138609235207077,4.4361031224293646,-3.422242198908657,False
BTC,1500,ssrc_log,50,3.7310438871411015e-05,0.0001644138295738,True,12.984948885363632,660.1548592213572,0.1085386544318221,0.7100435024376597,6.975932253107614,-6.265888750669955,False
BTC,1520,ssrc_log,51,0.0001202902945223,0.0001519879324761,True,12.732675617037717,581.9228090976624,0.08844530270771886,0.02533953444138648,5.6015917019326995,-5.5762521674913135,False
BTC,1540,ssrc_log,52,0.0023209405880811,0.0001467136038023,True,12.491037880690916,515.6967713612094,0.0756597832652909,12.058286862871428,2.5149502394306107,9.543336623440817,True
BTC,1560,ssrc_log,53,6.075210724550241e-06,0.0001361019712791,True,12.499255536840836,517.8200398189026,0.07047637986917869,2.1538249164279035,8.358902421635095,-6.205077505207192,False
BTC,1580,ssrc_log,54,0.0045944574250239,0.0001277602640094,True,12.362260672569915,483.5382083524615,0.06177701741156358,31.379101992314695,1.673052368432495,29.7060496238822,True
BTC,1600,ssrc_log,55,0.0064034929934125,0.0001391563496322,True,12.489201314418928,515.2234330753262,0.0716966636140758,41.18753393101194,1.5049142739473274,39.68261965706461,True
BTC,1620,ssrc_log,56,3.926756167633293e-05,0.0001133465873701,True,12.638380635161523,555.1233368305024,0.06292139121157367,0.4064894644477839,6.379866765645921,-5.973377301198137,False
BTC,1640,ssrc_log,57,0.0002553040233967,0.0001825745590558,True,12.41523896692992,496.5178743116727,0.09065158151756421,0.06305841657932065,4.875139900617088,-4.812081484037767,False
BTC,1660,ssrc_log,58,0.0021012710698491,0.0001221391001591,True,12.21540966966943,449.30629867238906,0.0548779118462913,13.358780898603346,2.3008584241890935,11.057922474414251,True
BTC,1680,ssrc_log,59,0.0002265599637863,0.0001933507719606,True,12.214028919812328,448.9962159175414,0.08681380975466647,0.013252549420786464,4.951121058514412,-4.937868509093625,False
BTC,1700,ssrc_log,60,0.0007776636795751,0.0001427773194788,True,12.016823934542598,406.83673695852224,0.05808709935211314,2.7516812367983614,3.326792623509631,-0.5751113867112694,False
BTC,1720,ssrc_log,61,0.0003259864033751,0.0001646998498646,True,11.902588549409232,384.25034286101425,0.06328601210466442,0.2965447085025077,4.273714935294658,-3.97717022679215,False
BTC,1740,ssrc_log,62,0.0005272335045741,0.0001360005803791,True,11.732311362560234,352.88974861524815,0.047993245810483316,1.5217160217322951,3.5221576117659303,-2.000441590033635,False
BTC,1760,ssrc_log,63,2.170118740475276e-05,0.0002024416880716,True,11.599985558322727,330.2971748784358,0.0668659505773885,1.3402821328580483,7.033402726064759,-5.693120593206711,False
BTC,1780,ssrc_log,64,0.0019958338470393,0.0002149669079162,True,11.462337033949801,308.32934603271207,0.06628063686941078,6.056044035338953,2.532947738711337,3.523096296627616,True
BTC,1800,ssrc_log,65,0.0009228605408107,0.0001644719859784,True,11.400742647900119,298.97839819762095,0.04917360071404342,2.886312151622618,2.994401456018457,-0.1080893043958393,False
BTC,1820,ssrc_log,66,0.0002154361618247,0.0002271237672842,True,11.299854207010394,284.2707427278896,0.06456467034411018,0.0013712747896517108,4.706094758612756,-4.704723483823104,False
BTC,1840,ssrc_log,67,0.0001972375314541,0.0001268771905839,True,11.131109105666225,261.2700515904719,0.03314923615651485,0.11336555774720103,4.130316194696884,-4.016950636949683,False
BTC,1860,ssrc_log,68,0.0008913991884902,0.0013601087434732,True,10.976735325467455,241.86208396582217,0.32895875920277234,0.07791575979300625,4.913605079487222,-4.8356893196942154,False
BTC,1880,ssrc_log,69,0.0005749835600032,0.0002295486982781,True,10.815317166666711,223.10858547593682,0.05121430758152805,0.5866172298703636,3.500659778176976,-2.9140425483066124,False
BTC,1900,ssrc_log,70,0.001279913400053,0.0002417119155905,True,10.684917210554678,209.02599145834685,0.05052409360619966,2.62840080936794,2.700990637711154,-0.07258982834321426,False
BTC,1920,ssrc_log,71,0.0018023857995158,0.0002540473195593,True,10.593629719943811,199.69972432435245,0.05073319955130531,4.135339399431619,2.3729960403566275,1.762343359074992,True
BTC,1940,ssrc_log,72,0.0002189396035164,0.0002977809905172,True,10.521143793302675,192.59160230061897,0.05735013725753319,0.04279938108246473,4.5719522022438035,-4.529152821161339,False
BTC,1960,ssrc_log,73,0.0008628161990363,0.0002966532467068,True,10.375052058749112,179.02510177243892,0.05310839548531947,0.8408630265671935,3.1361349364794586,-2.295271909912265,False
BTC,1980,ssrc_log,74,0.0120131865169941,0.0002807953761568,True,10.260378219964393,169.04908389150663,0.04746821790518643,38.026573758198204,0.6271339913260601,37.39943976687214,True
BTC,2000,ssrc_log,75,0.0003098794726226,0.0002873631842295,True,10.345254366747906,176.3776056425687,0.05068444792198413,0.0029182545506365454,4.103304868112126,-4.100386613561489,False
BTC,2020,ssrc_log,76,9.513497454861688e-05,0.0002988600952347,True,10.209015211493215,164.76292223872173,0.04924107900770406,0.46300500704243674,5.251118849901415,-4.788113842858978,False
BTC,2040,ssrc_log,77,0.0009427228008064,0.0005038229779308,True,10.084417967932623,154.81161396674477,0.0779976637481602,0.24459164304194236,3.427748420231995,-3.183156777190053,False
BTC,2060,ssrc_log,78,0.0043226672929953,0.0002187734660605,True,9.964227751119843,145.78222164666994,0.031893296397864195,15.775054063807989,1.134058496438184,14.640995567369805,True
BTC,2080,ssrc_log,79,0.0003920629762725,0.0003158753478462,True,9.971181463499592,146.2899676347749,0.046209408942040626,0.02512042024014005,3.778000716130549,-3.7528802958904093,False
BTC,2100,ssrc_log,80,6.234928204825266e-05,0.0003069297661635,True,9.847532429404161,137.51956731153268,0.04220886228979115,0.7970053864160507,5.519110488571364,-4.7221051021553135,False
BTC,2120,ssrc_log,81,0.0012070217975673,0.0004336156529295,True,9.747350531918654,130.80076216547926,0.05671727087013674,0.7598686384980413,2.8712041440544285,-2.1113355055563874,False
BTC,2140,ssrc_log,82,0.0002563108705192,0.0003495860281876,True,9.646748266391914,124.38407195941673,0.04348294602450032,0.04354259786633574,4.139627563897394,-4.096084966031058,False
BTC,2160,ssrc_log,83,4.576852145943613e-05,0.000146186129385,True,9.529177358699084,117.28286650027981,0.017145139925140235,0.47436800407534685,4.928542950649368,-4.454174946574021,False
BTC,2180,ssrc_log,84,0.0007546554836778,0.0001988660904421,True,9.424608918639272,111.3083701902642,0.022135471444056847,1.4611625277396234,2.412767898317317,-0.9516053705776937,False
BTC,2200,ssrc_log,85,0.001165197653579,0.0004785823035155,True,9.341723507936504,106.78972926471175,0.05110768520227528,0.5448682283927875,2.803843022471575,-2.2589747940787874,False
BTC,2220,ssrc_log,86,0.0012825570769959,0.0003425887429297,True,9.246305044498472,101.8144991983703,0.03488051137383655,1.4236418313460115,2.3398424776445323,-0.9162006462985208,False
BTC,2240,ssrc_log,87,4.472115046721605e-05,0.000258771093435,True,9.165815301521025,97.79834462380039,0.02530739425426824,0.9283185828956213,5.340172458445225,-4.411853875549603,False
BTC,2260,ssrc_log,88,0.0002292950815177,0.0002281843850018,True,9.088109765704429,94.0714766159952,0.021465651344979735,1.1808168261184804e-05,3.5498815381935476,-3.5498697300252866,False
BTC,2280,ssrc_log,89,1.174881310460995e-06,0.0002508060970017,True,8.985370957245125,89.36110126706005,0.022412317868675122,4.368197409408416,8.856251282663838,-4.488053873255422,False
BTC,2300,ssrc_log,90,0.0002023499943333,0.0002069514062649,True,9.179391633357291,98.4644743553041,0.020377371181411804,0.0002509073527210415,3.622111597448564,-3.6218606900958425,False
BTC,2320,ssrc_log,91,0.0001451602526013,0.0001364766684436,True,9.078061779613561,93.60004739186672,0.012774231894209781,0.0019422270772877503,3.4887104860819464,-3.4867682590046587,False
BTC,2340,ssrc_log,92,0.0001887249494871,0.0001757283909852,True,8.979466333423698,89.09766848265154,0.01565699873275597,0.0026071257780575507,3.430436349744598,-3.4278292239665404,False
BTC,2360,ssrc_log,93,0.0002642083876606,0.0001632086743558,True,8.88305779508861,84.9046530063736,0.013857184254274724,0.13712935386118752,2.978887484589507,-2.8417581307283193,False
BTC,2380,ssrc_log,94,9.62847800713262e-07,0.0001655322347853,True,8.79336741128902,81.18120100478048,0.013438113642996055,4.1528425532274715,8.543781827502139,-4.390939274274667,False
BTC,2400,ssrc_log,95,0.0081777327274548,0.0001572249798293,True,8.952191798714788,87.89086719564624,0.013818648511101884,47.06144300660612,0.11639370006942729,46.94504930653669,True
BTC,2420,ssrc_log,96,2.2669571520356376e-05,0.000146838251612,True,9.046419727717241,92.13085135310523,0.013528342245300173,1.0226927343723693,5.393194335176061,-4.370501600803692,False
BTC,2440,ssrc_log,97,1.6466762354895718e-05,0.0001399647029057,True,8.978928734594845,89.07372230004076,0.01246718588580226,1.257695715302809,5.630832204206753,-4.373136488903944,False
BTC,2460,ssrc_log,98,3.311937246324554e-05,0.0001322472564733,True,8.921882371976698,86.56894824673994,0.011448514458305277,0.6349901763570684,4.848389773902388,-4.213399597545319,False
BTC,2480,ssrc_log,99,0.0026430236448795,0.0001302937474896,True,8.842870303184265,83.21562674057989,0.010842484079288596,16.275227585052377,0.6553140550446415,15.619913530007736,True
BTC,2500,ssrc_log,100,5.029527115923636e-06,0.0001314947471308,True,8.863391383466112,84.073859455259,0.011055279196765647,2.3018898204681513,6.6957923247405,-4.393902504272349,False
BTC,2520,ssrc_log,101,1.592999762162413e-06,0.0001197032513749,True,8.863415105893159,84.07485667917186,0.010064042010861267,3.332704800477477,7.751263557954509,-4.418558757477032,False
BTC,2540,ssrc_log,102,1.2894085557206096e-05,0.0001063970648658,True,8.933973976760825,87.09391231661556,0.009266545247558475,1.2315976261040658,5.578788652162892,-4.347191026058827,False
BTC,2560,ssrc_log,103,0.0001048487069764,9.804071784876629e-05,True,8.876807657668081,84.63973429210077,0.008298148672499828,0.002304880619543148,3.3839044848881237,-3.3815996042685805,False
BTC,2580,ssrc_log,104,0.0002302458136118,9.012011705886692e-05,True,8.792358356558386,81.14025319783744,0.007312377130400531,0.616872913681513,2.4896633317313452,-1.8727904180498323,False
BTC,2600,ssrc_log,105,1.3456550096300117e-05,7.635220317430701e-05,True,8.723698438711661,78.4019829178342,0.005986171869209317,0.9121340186120728,5.099989355500621,-4.187855336888548,False
BTC,2620,ssrc_log,106,0.0096282027126401,7.298198303385702e-05,True,8.658969783518513,75.905177115004,0.005539717838906845,126.04350889191971,0.1852782423014756,125.85823064961824,True
BTC,2640,ssrc_log,107,5.070344700996529e-06,6.753179854515935e-05,True,8.833547271616752,82.82861850636802,0.005593573761607753,1.6642706208433826,6.006871330464628,-4.342600709621246,False
BTC,2660,ssrc_log,108,0.0004061209644593,6.412436735555914e-05,True,8.799288656813717,81.42190405599693,0.005221136128666243,3.4875062647201087,1.6316032705386734,1.8559029941814353,True
BTC,2680,ssrc_log,109,8.588215833076946e-06,6.599339271313759e-05,True,8.7611042993354,79.88212812102009,0.005271700540064463,1.1693011254085581,5.421346377755204,-4.252045252346646,False
BTC,2700,ssrc_log,110,3.1072164370733526e-05,6.867085033801846e-05,True,8.708019048797032,77.78973832886935,0.005341895157589238,0.24549210320165837,4.152840078365032,-3.9073479751633737,False
BTC,2720,ssrc_log,111,7.484936600772768e-05,6.509201218454812e-05,True,8.630851802542589,74.84549344753363,0.004871851155994721,0.010225140485940365,3.1911152570956345,-3.180890116609694,False
BTC,2740,ssrc_log,112,9.447216642031508e-05,6.047384023685325e-05,True,8.555036635454831,72.06138445938153,0.004357835757181544,0.1161045182961069,2.853104260329436,-2.736999742033329,False
BTC,2760,ssrc_log,113,0.0019353223345935,9.335873084423756e-05,True,8.483877766569737,69.54255610825312,0.0064924116321863025,16.698375706500137,0.5084500599762842,16.189925646523854,True
BTC,2780,ssrc_log,114,0.000573739439725,6.084122490935116e-05,True,8.507072079475561,70.35374667184469,0.0042804150598518866,6.186202184085989,1.1436681773652544,5.042534006720734,True
BTC,2800,ssrc_log,115,0.0003191893782649,8.328663822285043e-05,True,8.488111781013263,69.68993414689797,0.005804247202060376,1.488923544392942,1.955552997670531,-0.466629453277589,False
BTC,2820,ssrc_log,116,0.0013290730845894,0.0001178802141516,True,8.43658289630893,67.91734479770267,0.008006117841095726,7.852208563111011,0.9617313940504606,6.890477169060551,True
BTC,2840,ssrc_log,117,0.0001340271583699,5.76261125328604e-05,True,8.424915683339458,67.52229513712172,0.003891054030278302,0.4817393552029017,2.402837854223082,-1.9210984990201803,False
BTC,2860,ssrc_log,118,7.69500673518828e-06,7.502768640198007e-05,True,8.362638092711407,65.45213069396767,0.00491072838126149,1.3798477836322096,5.460172892408732,-4.080325108776522,False
BTC,2880,ssrc_log,119,0.0005170150119653,8.040087439818061e-05,True,8.327390513161564,64.3087213005838,0.00517048375486797,3.569418180486757,1.4026431692732477,2.166775011213509,True
BTC,2900,ssrc_log,120,0.0004520830906799,7.930792848875198e-05,True,8.294047975375662,63.24550056011953,0.005015875860207339,2.9598238845259184,1.496627779856023,1.4631961046698954,True
BTC,2920,ssrc_log,121,0.0002846049276957,0.0001242930577092,True,8.256638710338127,62.07351169366481,0.007715312678504552,0.46132955924940733,2.336748613265476,-1.8754190540160685,False
BTC,2940,ssrc_log,122,1.2481508578449712e-05,0.0004280728147864,True,8.197106034509424,60.25303938091782,0.025792694092529236,2.5642025165209823,6.63408223721578,-4.069879720694797,False
BTC,2960,ssrc_log,123,8.666920419554915e-05,4.361210362638689e-05,True,8.220692063212882,60.967810709446184,0.0026589404753153785,0.3005102017093737,2.456179774686003,-2.1556695729766293,False
BTC,2980,ssrc_log,124,9.944743811870754e-06,0.0002156665438851,True,8.160498796892405,59.1602224777275,0.012758886533267347,2.122800951843951,6.1577185759823205,-4.0349176241383695,False
BTC,3000,ssrc_log,125,0.0075115209810139,0.0001171659924631,True,8.16027428909549,59.15358188484396,0.006930793944643185,58.9494769736183,0.0033257959681110005,58.946151177650194,True
BTC,3020,ssrc_log,126,0.0001456813401992,0.000115881009465,True,8.248428452862896,61.8192142559462,0.00716367903423359,0.02830544503825494,2.9156934311578047,-2.88738798611955,False
BTC,3040,ssrc_log,127,0.0002709502805465,0.0002100173520342,True,8.184422599332136,59.87214067388306,0.01257419433216211,0.035387647739705486,2.8590147090316314,-2.823627061291926,False
BTC,3060,ssrc_log,128,6.418557889035797e-07,9.108963031038742e-05,True,8.121580026024622,58.02012963533629,0.005285037861056499,3.9622820185971133,8.016148138268404,-4.053866119671291,False
BTC,3080,ssrc_log,129,1.0013153462571133e-06,0.0001127301125669,True,8.233812915989498,61.36910042020125,0.006918151635408719,3.7325645080313707,7.840734163685626,-4.1081696556542555,False
BTC,3100,ssrc_log,130,8.314846323258178e-05,7.783320621185213e-05,True,8.325212766142176,64.23873534735743,0.004999913058953,0.002230783218470034,3.113178061268769,-3.110947278050299,False
BTC,3120,ssrc_log,131,5.372789601936589e-05,0.002378165044397,True,8.262014196359008,62.24057375021955,0.14801836296004303,2.812744298527114,6.92152225481424,-4.108777956287126,False
BTC,3140,ssrc_log,132,4.286526526542477e-05,7.561051616831611e-05,True,8.29317078954693,63.217767613889784,0.004779934262071625,0.13445554865000164,3.7230879942301023,-3.5886324455801004,False
BTC,3160,ssrc_log,133,0.000107840490926,0.0001590884029412,True,8.230922250821036,61.28046572843277,0.009749017452275884,0.06667203430751245,3.515330263182128,-3.4486582288746157,False
BTC,3180,ssrc_log,134,2.0891433235250104e-05,0.0001281427653735,True,8.169105216886852,59.415349878225996,0.007613653080564914,0.9768382981028443,4.901103134066504,-3.924264835963659,False
BTC,3200,ssrc_log,135,0.0001317191774003,0.0001294514718252,True,8.125274909740224,58.12741752497388,0.007524685464747546,0.00015166803830579667,3.0627770189183643,-3.0626253508800585,False
BTC,3220,ssrc_log,136,3.419390245634467e-05,0.000128811945002,True,8.065848111077969,56.42566202912033,0.007268304816562691,0.5917622032051968,4.363935553102005,-3.772173349896808,False
BTC,3240,ssrc_log,137,0.0002198078785643,0.0001214165024035,True,8.014200955166165,54.987202568371515,0.006676359211524679,0.216835382796432,2.4464975193434997,-2.2296621365470677,False
BTC,3260,ssrc_log,138,1.0652408116033912e-05,0.0001120188677873,True,7.961610062247193,53.560134451870205,0.0059997508758475055,1.4479761055753677,5.335462720950664,-3.8874866153752965,False
BTC,3280,ssrc_log,139,0.0006784001227575,0.0001010080063589,True,7.934153478251557,52.82986940173636,0.005336244967457383,3.8117630106879776,1.1896708479773115,2.622092162710666,True
BTC,3300,ssrc_log,140,0.0003129850070189,9.900564900372524e-05,True,7.912341961286673,52.25684989093284,0.005173728464027043,1.0103059530993295,1.8656886506920647,-0.8553826975927352,False
BTC,3320,ssrc_log,141,0.0005031288250083,8.922806593542131e-05,True,7.870791030598809,51.18238937195102,0.00456691063185179,2.909032901068228,1.3159143038415073,1.5931185972267206,True
BTC,3340,ssrc_log,142,0.0014906816251032,9.75620224171244e-05,True,7.843733900822828,50.49462779933823,0.00492636295876617,11.552822255874773,0.4979602290838885,11.054862026790884,True
BTC,3360,ssrc_log,143,2.138900787612579e-05,9.809457759255472e-05,True,7.851585878882658,50.69325881060232,0.004972738779141969,0.7410997036723803,4.453150143154604,-3.7120504394822236,False
BTC,3380,ssrc_log,144,0.0003222201081957,0.0001041920610492,True,7.807826175556453,49.596143950646365,0.005167529317925052,0.9635601748632641,1.8372698583990332,-0.8737096835357692,False
BTC,3400,ssrc_log,145,2.824890725050802e-05,8.417464339578588e-05,True,7.7670053326992985,48.594126337505536,0.004090398015001929,0.4274377286144544,3.982248934259351,-3.5548112056448966,False
BTC,3420,ssrc_log,146,0.0001096858099803,5.722947728440513e-05,True,7.7182327386902845,47.42342805443112,0.0027140226409324924,0.2660454940895258,2.2489816552940107,-1.982936161204485,False
BTC,3440,ssrc_log,147,0.0022018857124499,9.00093184544791e-05,True,7.6710211972538405,46.31707106418227,0.0041689725310018275,20.265707748739487,0.1665157579141856,20.0991919908253,True
BTC,3460,ssrc_log,148,4.205433741902399e-06,0.0001607619983382,True,7.699352769750544,46.977858026010196,0.00755225893169545,2.6697069400069164,6.493781401039307,-3.8240744610323905,False
BTC,3480,ssrc_log,149,0.0003591831274989,0.0002005166344748,True,7.7254629764802445,47.595179649420594,0.009543629900043276,0.20835327609026133,2.317432724680604,-2.109079448590343,False
BTC,3500,ssrc_log,150,0.0006768377522042,9.19068070189451e-05,True,7.67828861040837,46.48567986187305,0.004272354956777615,4.36773548587441,1.000911519360466,3.3668239665139437,True
BTC,3520,ssrc_log,151,0.0002800960876976,4.762205652779157e-05,True,7.660492220936227,46.073876102188564,0.002194137239580499,3.1098095092772464,1.1860680708762068,1.9237414384010396,True
BTC,3540,ssrc_log,152,4.82495121042966e-05,7.305916064609826e-05,True,7.63622907258551,45.518304251113925,0.0033255335544505344,0.07530082242222158,3.2475084950830153,-3.172207672660794,False
BTC,3560,ssrc_log,153,8.404736106270093e-05,8.012525355529049e-05,True,7.586237004989423,44.39462939254957,0.0035571352760341247,0.0011603223878049462,2.7689581625722584,-2.7677978401844534,False
BTC,3580,ssrc_log,154,0.0005382063566732,0.0001645719648305,True,7.537126519848758,43.31778370982727,0.00712889700900727,1.0854463706567765,1.6591661966319418,-0.5737198259751652,False
BTC,3600,ssrc_log,155,0.0001025871236796,8.970659009378415e-05,True,7.500922998812257,42.54070998295661,0.003816186186810638,0.009416953075753298,2.6431765043565076,-2.6337595512807543,False
BTC,3620,ssrc_log,156,2.670243096539124e-06,8.576482047071149e-05,True,7.4532946361341175,41.53960535605174,0.0035626408497465177,2.500573869032881,6.196837357194314,-3.6962634881614327,False
BTC,3640,ssrc_log,157,1.4249692088761401e-07,5.597432758558781e-05,True,7.473225405100828,41.955632989441746,0.002348442440575006,4.97587379190134,8.710003160667341,-3.734129368766001,False
CLP,500,ssrc_log,0,1.429377318395877e-05,3.4506867401237736e-06,False,,,,,,,False
CLP,520,ssrc_log,1,9.178765118903616e-05,3.92199997117185e-06,False,,,,,,,False
CLP,540,ssrc_log,2,1.1434067423977167e-05,3.106301712881841e-06,False,,,,,,,False
CLP,560,ssrc_log,3,3.0613370403432074e-05,2.5454268833008123e-06,False,,,,,,,False
CLP,580,ssrc_log,4,3.685458381061914e-06,2.593058863635362e-06,False,,,,,,,False
CLP,600,ssrc_log,5,2.2116261356241627e-05,3.1948632239797755e-06,False,,,,,,,False
CLP,620,ssrc_log,6,4.573929952396555e-05,2.242392272373032e-06,False,,,,,,,False
CLP,640,ssrc_log,7,1.1600835569779954e-06,2.876598170925361e-06,False,,,,,,,False
CLP,660,ssrc_log,8,1.4045460766737395e-05,2.085389345291379e-06,False,,,,,,,False
CLP,680,ssrc_log,9,2.494338221584123e-05,2.2220701421165964e-06,False,,,,,,,False
CLP,700,ssrc_log,10,1.1407669995597858e-05,0.0061802639688558,False,,,,,,,False
CLP,720,ssrc_log,11,5.770482280914324e-05,1.647797762608872e-06,False,,,,,,,False
CLP,740,ssrc_log,12,6.463109498164631e-06,1.6502699825561162e-06,False,,,,,,,False
CLP,760,ssrc_log,13,1.38732870194748e-05,6.092584435078338e-06,False,,,,,,,False
CLP,780,ssrc_log,14,2.39896890709406e-05,4.318708229868926e-06,False,,,,,,,False
CLP,800,ssrc_log,15,5.004614808877993e-05,3.3178824027527213e-06,False,,,,,,,False
CLP,820,ssrc_log,16,1.038673717991326e-06,2.0592742048122084e-06,False,,,,,,,False
CLP,840,ssrc_log,17,3.912246415141506e-05,2.048571972253977e-06,False,,,,,,,False
CLP,860,ssrc_log,18,4.823486811991343e-06,5.243822489275946e-06,False,,,,,,,False
CLP,880,ssrc_log,19,1.0575734154250437e-05,3.0549119595290776e-06,False,,,,,,,False
CLP,900,ssrc_log,20,5.368314053312301e-06,2.105304991023355e-06,True,4.695490055677115,10.461951695908137,2.202654531641024e-05,0.6138449497757619,0.6554546296794452,-0.04160967990368336,False
CLP,920,ssrc_log,21,5.140408895028996e-06,2.827312829478488e-06,True,4.4645340443207235,9.320972997860297,2.6354138637372763e-05,0.22031937020291248,0.8295439947821492,-0.6092246245792368,False
CLP,940,ssrc_log,22,0.0001237168759103,1.3476002186722235e-06,True,4.2687359811909165,8.45170326260274,1.1390262335162458e-05,86.28565459845173,7.476398452943693,78.80925614550803,True
CLP,960,ssrc_log,23,1.5612080908271147e-05,3.303212748253155e-06,True,4.560168525916272,9.777504256250356,3.229805445577128e-05,2.173182763389497,0.21033723666891468,1.9628455267205824,True
CLP,980,ssrc_log,24,7.670979830934628e-06,3.2695289090592025e-06,True,4.3640998942415345,8.864459318814985,2.898339245197672e-05,0.4934049506716671,0.5939467506246736,-0.1005417999530065,False
CLP,1000,ssrc_log,25,1.802044586610728e-06,3.3803161755702285e-06,True,4.191484476214305,8.131474220915445,2.748766698761489e-05,0.16214676468518885,1.7903738243689635,-1.6282270596837747,False
CLP,1020,ssrc_log,26,1.5287940765177753e-05,3.296658316370814e-06,True,4.1689902537747,8.040531008854359,2.6507587471478018e-05,2.1032502966979623,0.12710497293267808,1.9761453237652842,True
CLP,1040,ssrc_log,27,2.269857745179293e-05,4.770481095584756e-06,True,4.01187023962075,7.4330414321571086,3.5459826938946945e-05,2.198276629772404,0.08621909649673598,2.112057533275668,True
CLP,1060,ssrc_log,28,0.0001152992286286,3.422994504343231e-06,True,3.866712308552439,6.912671345218029,2.3662627292146763e-05,29.166716755977756,2.288996201398861,26.877720554578893,True
CLP,1080,ssrc_log,29,2.94895346935891e-05,8.654755098893335e-07,True,3.904113110169484,7.043157337598505,6.096284503722626e-06,29.544705166667487,2.2609403796830594,27.283764786984428,True
CLP,1100,ssrc_log,30,2.2565521270892826e-06,3.81503770648592e-06,True,3.92929977440699,7.132415003202771,2.7211045417024787e-05,0.11660132121781097,1.5727127313185258,-1.4561114101007149,False
CLP,1120,ssrc_log,31,6.166478437380477e-06,3.521225640288594e-06,True,3.9193397395113205,7.096983749398949,2.499069084547e-05,0.19091190141866754,0.646126489289174,-0.4552145878705065,False
CLP,1140,ssrc_log,32,4.714910044665214e-06,3.507996321778391e-06,True,3.8123632944916026,6.727352290121411,2.3600099824282356e-05,0.04836165053200925,0.8103045833794793,-0.7619429328474701,False
CLP,1160,ssrc_log,33,0.0001911150803905,3.073932825465735e-06,True,3.72531144700856,6.44081911310652,1.9799189376576542e-05,57.0429046789635,6.385437207903303,50.6574674710602,True
CLP,1180,ssrc_log,34,6.589096948357628e-05,3.540718123541466e-06,True,3.849048209119752,6.851887108049514,2.426118605264184e-05,14.68582126628735,0.7167769817889231,13.969044284498427,True
CLP,1200,ssrc_log,35,0.0003573468638597,2.6281909099542686e-06,True,3.8041962190539835,6.699936907268547,1.7609283270641034e-05,130.05444819824802,16.282814620142478,113.77163357810555,True
CLP,1220,ssrc_log,36,0.0004698335097348,4.500788938058346e-06,True,4.034090306391661,7.516083214941564,3.38289557996565e-05,98.74101945148443,10.257440407105804,88.48357904437863,True
CLP,1240,ssrc_log,37,2.1976432984491866e-05,4.830171029379176e-06,True,4.186819357640332,8.112529179011007,3.91856146683701e-05,2.0347362423581865,0.13916815490905132,1.8955680874491352,True
CLP,1260,ssrc_log,38,0.0002356764116172,2.0633431620206654e-05,True,4.073863977091535,7.667050479456578,0.0001581982285015879,7.986518629252803,0.0911429276672866,7.895375701585516,True
CLP,1280,ssrc_log,39,1.5344742343707814e-07,5.012285785844628e-06,True,3.984542478182598,7.332167971546711,3.675155452000597e-05,2.5169036053187104,4.482753077061696,-1.965849471742986,False
CLP,1300,ssrc_log,40,7.32991153728167e-05,8.182100539552489e-06,True,4.534521098310285,9.65292085816391,7.898203425392622e-05,5.765871974532051,0.0027198268828361183,5.763152147649215,True
CLP,1320,ssrc_log,41,7.504242625370865e-06,2.609307674119585e-05,True,4.433058160611054,9.175428357397042,0.00023941597380574132,0.5337966379249506,2.4940779225543404,-1.9602812846293898,False
CLP,1340,ssrc_log,42,2.7257865569382518e-06,2.485943804100982e-05,True,4.505953681946855,9.516021397061385,0.00023656379591931092,1.3201284052011477,3.4749833069096727,-2.154854901708525,False
CLP,1360,ssrc_log,43,0.0001198224046725,1.586064752583979e-05,True,4.709500789298504,10.535498816595045,0.00016710078678879787,4.5325285170196645,0.049653128199380614,4.482875388820284,True
CLP,1380,ssrc_log,44,0.0002504947560928,3.1360740379222474e-05,True,4.609928930778411,10.023822053480949,0.0003143553834089461,4.909645676551121,0.023938281266178363,4.885707395284943,True
CLP,1400,ssrc_log,45,1.568906548358249e-07,5.044007493391026e-09,True,4.516121095049541,9.564521232392925,4.9099968890126773e-08,26.667017738549312,1.0336403481373253,25.633377390411987,True
CLP,1420,ssrc_log,46,8.622700868998592e-06,9.880102619931638e-06,True,4.505105413058061,9.511986180410949,9.39802507804498e-05,0.008858475037553992,1.4804364374828949,-1.471577962445341,False
CLP,1440,ssrc_log,47,8.506925253111019e-07,1.2502338910835582e-05,True,4.4596994943324155,9.298468853222486,0.00011625343880172152,1.7556629355920315,3.92479471937693,-2.1691317837848985,False
CLP,1460,ssrc_log,48,1.842939101230345e-05,1.042951762423156e-05,True,4.713186503665269,10.554932137187121,0.0001100838062405749,0.19773484349943748,0.9547075937819318,-0.7569727502824943,False
CLP,1480,ssrc_log,49,0.001445209473339,1.589760149734517e-05,True,4.6263904897008565,10.106666391203074,0.00016067266542059723,85.39754957215669,5.798103483079911,79.59944608907678,True
CLP,1500,ssrc_log,50,0.0004167532080946,1.4529091679197148e-05,True,4.737868765383186,10.685999029241202,0.00015525882817956008,24.32770983797816,0.6968474224154915,23.630862415562667,True
CLP,1520,ssrc_log,51,5.804880680346991e-06,1.5530963757876936e-05,True,4.720828117835938,10.595337638339469,0.00016455676439728354,0.35789841410434753,2.379832378431869,-2.0219339643275216,False
CLP,1540,ssrc_log,52,2.8414415449236458e-06,9.48174989328882e-06,True,4.73798500664721,10.686620124307506,0.0001013288278852833,0.5047321819266346,2.6021012288019207,-2.0973690468752864,False
CLP,1560,ssrc_log,53,6.146138978764987e-06,1.2857418423719774e-05,True,4.770870889123527,10.863792214357366,0.00013968130854756327,0.21611966390827808,2.167540539401935,-1.9514208754936568,False
CLP,1580,ssrc_log,54,1.2398496146080272e-05,1.6521983655130493e-05,True,4.758548537114218,10.797064250893538,0.00017838989878308188,0.03754083678644604,1.735898642738297,-1.698357805951851,False
CLP,1600,ssrc_log,55,1.1287553099917268e-05,1.4873598541223012e-05,True,4.714639499987998,10.562603062097143,0.00015710487375623198,0.03478570756245336,1.7050601947486084,-1.670274487186155,False
CLP,1620,ssrc_log,56,0.0004048927020311,1.5642027367487112e-05,True,4.670165073978622,10.330312527078252,0.00016158796429450566,21.631264048917043,0.5871383336884788,21.044125715228564,True
CLP,1640,ssrc_log,57,1.0318244972095205e-05,2.3463176309434018e-05,True,4.65955655074012,10.275662912882932,0.00024110061818757584,0.2612818900226894,2.194097091325366,-1.9328152013026767,False
CLP,1660,ssrc_log,58,9.834594979136395e-07,2.3951695962132276e-05,True,4.6519750169529255,10.236784007094668,0.00024518926184635036,2.233778077026759,4.5227202551336925,-2.2889421781069337,False
CLP,1680,ssrc_log,59,7.518757837064349e-05,2.375223738994792e-05,True,4.901303488912912,11.595901821687777,0.0002754296724094398,1.0131852611255852,0.5713291425358671,0.44185611858971807,True
CLP,1700,ssrc_log,60,2.3607844218949165e-05,1.8639190866409387e-05,True,4.818232313161427,11.124124814305079,0.00020734569804807467,0.030257588550838044,1.2866658105282984,-1.2564082219774604,False
CLP,1720,ssrc_log,61,0.0003267982355337,1.840838951710493e-05,True,4.751381097981374,10.758439851323839,0.00019804652722349878,13.876142849352604,0.1492674120465738,13.726875437306031,True
CLP,1740,ssrc_log,62,2.984564874134297e-05,2.417466380234169e-05,True,4.722839267525555,10.605997402037701,0.00025639738208251103,0.023849894229754698,1.2670933310196477,-1.243243436789893,False
CLP,1760,ssrc_log,63,3.900696116681162e-05,1.3109158896771044e-05,True,4.660833955567144,10.282228099963056,0.00013479229019806993,0.8851212769203018,0.5293805801639033,0.3557406967563985,True
CLP,1780,ssrc_log,64,7.942292680498652e-06,1.7405339422006367e-05,True,4.586891728952194,9.90902407294725,0.00017247081823288616,0.2408886146323832,2.1240761349080883,-1.8831875202757051,False
CLP,1800,ssrc_log,65,2.338037177592061e-05,1.1016818322064044e-05,True,4.572191963576393,9.83646090052151,0.00010836738631922203,0.36976974981494326,0.7493813204028761,-0.3796115705879328,False
CLP,1820,ssrc_log,66,7.258664000966731e-06,2.194969032836756e-05,True,4.503789127769349,9.505727996287915,0.0002086486364370132,0.4372527497138674,2.3932448175696313,-1.9559920678557638,False
CLP,1840,ssrc_log,67,5.131265932176087e-05,6.053414209006092e-05,True,4.508532244749705,9.528298138851024,0.0005767882062434848,0.012934810666162866,1.5085003869139033,-1.4955655762477404,False
CLP,1860,ssrc_log,68,2.951551954657891e-05,1.786867800654817e-05,True,4.463743584497229,9.317289798428195,0.00016648848303078937,0.14993521944527766,0.9072925751891572,-0.7573573557438795,False
CLP,1880,ssrc_log,69,9.982506333069342e-05,1.6218289641934548e-05,True,4.402511253515223,9.036352665262049,0.00014655498846715366,3.3378122159161467,0.06512550226119918,3.272686713654948,True
CLP,1900,ssrc_log,70,2.196089456250649e-06,1.3932561962147006e-05,True,4.347214637632893,8.78993501681939,0.00012246709325858352,1.0051732309995365,3.0390961865204975,-2.033922955520961,False
CLP,1920,ssrc_log,71,0.0003363955807132,1.3035838020117168e-05,True,4.403896672957466,9.042614403129717,0.0001178788608990178,21.55485798369521,0.8051093660457136,20.749748617649498,True
CLP,1940,ssrc_log,72,2.0615920677716267e-05,1.355359236309217e-05,True,4.411242015022274,9.0758860115428,0.0001230116669229427,0.10165490241079911,0.9538087926478105,-0.8521538902370114,False
CLP,1960,ssrc_log,73,3.703355594420108e-05,1.2358577997952517e-05,True,4.355365363133739,8.825830284002194,0.00010907549454456094,0.8991131214385031,0.41973807124855367,0.4793750501899494,True
CLP,1980,ssrc_log,74,9.50760653822591e-06,1.365753980581438e-05,True,4.2957504173534105,8.566636730019498,0.00011699993880586585,0.05834299445159874,1.5913428821556739,-1.5329998877040751,False
CLP,2000,ssrc_log,75,3.5153168129431826e-07,1.0235940642212057e-05,True,4.263874946235074,8.431186193752232,8.630186454130504e-05,2.405703439457417,4.507379923550022,-2.1016764840926045,False
CLP,2020,ssrc_log,76,5.5303863112828085e-05,1.0230303757604324e-05,True,4.460757119933055,9.303387302930407,9.51773084223476e-05,2.7183982179398987,0.12396022487823832,2.5944379930616606,True
CLP,2040,ssrc_log,77,2.050874071803353e-05,6.671837239616373e-06,True,4.408889583252127,9.065217085954806,6.048245946098849e-05,0.95097111158132,0.4205879847267944,0.5303831268545256,True
CLP,2060,ssrc_log,78,5.39915992823455e-06,5.859921588291307e-06,True,4.351923858338069,8.810656274478923,5.163053597546075e-05,0.003263528278600436,1.3624429051639435,-1.359179376885343,False
CLP,2080,ssrc_log,79,5.1101838850349125e-05,1.079033138579084e-05,True,4.310237765232121,8.628915946096043,9.310962545010582e-05,2.1807215238745297,0.14879227400424844,2.0319292498702812,True
CLP,2100,ssrc_log,80,1.5615213008754344e-05,1.0019641012556344e-05,True,4.260098806123536,8.41528254189408,8.431885161726552e-05,0.11476196298235974,0.871552263225488,-0.7567903002431282,False
CLP,2120,ssrc_log,81,3.143356464818792e-05,1.0167718404631386e-05,True,4.210239868796134,8.20808738258405,8.345824195546078e-05,0.9628477951602243,0.35310838200571704,0.6097394131545073,True
CLP,2140,ssrc_log,82,0.0003057083769747,9.452638924969322e-06,True,4.15860267685685,7.9988784526128445,7.561120970511181e-05,27.86472384017343,1.6461350117739393,26.21858882839949,True
CLP,2160,ssrc_log,83,6.001341021345805e-09,4.99548575434054e-05,True,4.183966737629152,8.100966445453857,0.0004046833348431992,8.027012214936606,10.118892032886464,-2.0918798179498577,False
CLP,2180,ssrc_log,84,0.0001691942154861,2.5147536745587604e-05,True,5.325009538826875,14.332142890332811,0.0003604194231919456,3.8217758478222965,0.2256581661079673,3.596117681714329,True
CLP,2200,ssrc_log,85,0.0002602876517408,1.4120017207703483e-05,True,5.274137790212988,13.972189575644279,0.00019728885445635002,14.51975328345419,0.042204185933321314,14.477549097520868,True
CLP,2220,ssrc_log,86,3.615240248555751e-05,1.0336041682564929e-05,True,5.259884700987033,13.87297010919604,0.0001433928846066385,1.2455964279534717,0.6299662165410842,0.6156302114123875,True
CLP,2240,ssrc_log,87,0.0011298109561862,2.850264508293964e-05,True,5.200065738827519,13.46418058745109,0.0003837660070347829,34.959002106172925,0.864237391759038,34.094764714413884,True
CLP,2260,ssrc_log,88,2.1772453724831527e-07,8.533760677197988e-06,True,5.227205891158574,13.648135864195597,0.00011647118996851439,2.694068063241724,5.284037894245937,-2.5899698310042134,False
CLP,2280,ssrc_log,89,1.8840407769323965e-05,9.04232689905855e-06,True,5.406987970849073,14.931812221906394,0.0001350197204870576,0.3494922184946083,1.1089551253843806,-0.7594629068897722,False
CLP,2300,ssrc_log,90,8.608457404583866e-06,2.2032839463390384e-05,True,5.34651894966377,14.48711269875719,0.00031919357709103127,0.3304992081024787,2.6400219985140727,-2.3095227904115943,False
CLP,2320,ssrc_log,91,4.671450237008647e-06,8.72860771848326e-06,True,5.323989342468296,14.32483395463501,0.00012503718870581369,0.1603247810695696,2.3245021227635436,-2.164177341693974,False
CLP,2340,ssrc_log,92,0.0001585426830106,1.3234968451035133e-05,True,5.289845343860086,14.082356079603601,0.0001863808466654044,8.495913851739996,0.012406573480432392,8.483507278259562,True
CLP,2360,ssrc_log,93,3.596012632771411e-05,8.553433440958116e-06,True,5.2608273647341495,13.879510423397615,0.00011871875655065825,1.7680965012478231,0.4972483936997256,1.2708481075480975,True
CLP,2380,ssrc_log,94,8.362479957213754e-06,7.729053894761497e-06,True,5.207630007755305,13.515200349862003,0.00010446096342261786,0.0031853263022030287,1.6051120532905965,-1.6019267269883934,False
CLP,2400,ssrc_log,95,6.544261668554418e-05,1.0660937743318672e-05,True,5.158973282478781,13.190365031840123,0.00014062287945259833,3.323954948594144,0.2302847521528273,3.093670196441317,True
CLP,2420,ssrc_log,96,3.05263237624717e-06,1.0960347569144378e-05,True,5.113947748769646,12.896731077172301,0.0001413538447847019,0.5567957203702842,2.8568576715039287,-2.300061951133644,False
CLP,2440,ssrc_log,97,7.69262746969832e-05,1.0407112405525176e-05,True,5.108724371381259,12.863092775931854,0.00013386883871109926,4.391344072956462,0.12865215588583823,4.262691917070624,True
CLP,2460,ssrc_log,98,1.8571403843768728e-06,1.146295265490938e-05,True,5.069365627720241,12.612429725620984,0.00014457684605113762,0.9820948424240026,3.367618647208233,-2.3855238047842304,False
CLP,2480,ssrc_log,99,1.9135669420047077e-06,1.9526897657154997e-05,True,5.0907298399743315,12.74787919328452,0.0002489277071409618,1.4208203377740767,3.8758807518647727,-2.455060414090696,False
CLP,2500,ssrc_log,100,2.6799049636401005e-06,1.1667656699619971e-05,True,5.139517106978744,13.062670124029545,0.00015241195685457135,0.7007259451617167,3.058389063365614,-2.3576631182038974,False
CLP,2520,ssrc_log,101,0.0001371466101692,1.4124851547061908e-05,True,5.13968858816187,13.06379017310952,0.00018452530321615547,6.436481838740505,0.03997622704747483,6.39650561169303,True
CLP,2540,ssrc_log,102,0.0001473732341586,1.374280743374509e-05,True,5.110407609010425,12.873923153711376,0.0001769250342106031,7.35121011029516,0.0157276650029905,7.335482445292169,True
CLP,2560,ssrc_log,103,2.164799980310137e-06,1.4670726402163963e-05,True,5.084216608812587,12.706431777062347,0.00018641375479222145,1.0610852920185185,3.467253598858668,-2.4061683068401494,False
CLP,2580,ssrc_log,104,1.0432717804727528e-05,1.495305972497534e-05,True,5.106613708453896,12.84952510985683,0.00019214090135777047,0.05766699427268507,1.9675793786066733,-1.9099123843339882,False
CLP,2600,ssrc_log,105,0.0001905834006863,1.4438744924452646e-05,True,5.070151583208475,12.617387103808248,0.000182180395743676,9.619269012503578,0.0010321227015710477,9.618236889802006,True
CLP,2620,ssrc_log,106,1.8699631561294525e-05,1.5296653151425317e-05,True,5.052398813383974,12.505885915121658,0.0001912993497835027,0.021595788624301004,1.4230862843585288,-1.4014904957342278,False
CLP,2640,ssrc_log,107,1e-10,1.562078293901892e-05,True,5.008067877828718,12.231736651392815,0.00019107042637231446,10.958949040996258,13.462982979890263,-2.504033938894006,False
CLP,2660,ssrc_log,108,9.174566406246816e-05,1.2728291661838745e-05,True,6.307582364977197,23.4247037778523,0.0002981587042470578,4.232817801550224,0.48631316349363485,3.7465046380565896,True
CLP,2680,ssrc_log,109,0.0008877876414154,1.4970076264310934e-05,True,6.264548831771515,22.926063692939813,0.0003432071145301283,54.221470261820286,0.6363417294268077,53.585128532393476,True
CLP,2700,ssrc_log,110,5.518813560077563e-08,1.306053862938836e-05,True,6.311546918803024,23.471184080538375,0.00030654855347976464,4.470828212767602,7.6225634697088775,-3.1517352569412758,False
CLP,2720,ssrc_log,111,4.829362499229319e-05,1.4243844805470942e-05,True,6.599173416638819,27.101435807789265,0.00038603125579516413,1.1695161213502616,1.203721663627281,-0.03420554227701933,False
CLP,2740,ssrc_log,112,8.283594315533298e-05,1.6063901216969177e-05,True,6.542453692356356,26.34363911875865,0.0004231841508631358,2.5163642082246787,0.8266898023846747,1.689674405840004,True
CLP,2760,ssrc_log,113,5.370696390963635e-07,1.4514782016061516e-05,True,6.492323654484936,25.69154186040794,0.0003729095989145269,2.333796654895055,5.544403753285002,-3.2106070983899473,False
CLP,2780,ssrc_log,114,8.304288212029689e-05,1.503944334162097e-05,True,6.573673732952883,26.75809023950068,0.0004024293578959756,2.812991773005046,0.7845163830815123,2.0284753899235337,True
CLP,2800,ssrc_log,115,5.222999878664939e-05,1.459353663713132e-05,True,6.525822536350565,26.12548482938297,0.00038126573256890185,1.3039032936988146,1.1248306386966727,0.17907265500214198,True
CLP,2820,ssrc_log,116,5.975185950453935e-05,1.683793231612939e-05,True,6.472384126541711,25.43667584008225,0.00042830346981021265,1.282079807025156,1.1091399054347941,0.17293990159036188,True
CLP,2840,ssrc_log,117,1e-10,6.710518309381248e-05,True,6.419722280468645,24.775645645365387,0.0016625766148642264,12.4166031474876,15.626464287720811,-3.209861140233212,False
CLP,2860,ssrc_log,118,3.576398703865828e-05,1.7344145692307697e-05,True,7.884186529750513,51.526346783138365,0.0008936855182338001,0.3383342637001756,2.258431042582931,-1.9200967788827552,False
CLP,2880,ssrc_log,119,6.256546014499383e-05,1.505173191312459e-05,True,7.817617144413808,49.839536376905265,0.0007501762241732366,1.7319747812765387,1.5674957906931675,0.16447899058337123,True
CLP,2900,ssrc_log,120,2.5594408602201103e-08,2.1132215671009223e-05,True,7.758239171385531,48.381600461588484,0.0010224151536229334,5.717391206418808,9.595329303744753,-3.877938097325945,False
CLP,2920,ssrc_log,121,0.0001157049210514,8.666545402974973e-06,True,8.130826682017856,58.28899677661446,0.0005051699659580687,9.759181708047002,0.7028933406373539,9.056288367409648,True
CLP,2940,ssrc_log,122,0.0002017020902565,9.82855885819104e-06,True,8.099444509497124,57.38151738799175,0.0005639832591719283,16.500541752779768,0.3858711957783867,16.114670557001382,True
CLP,2960,ssrc_log,123,1e-10,1.2068713837668902e-05,True,8.083994906518742,56.939964208066996,0.000687197727950691,10.700965128692516,14.742962581917569,-4.041997453225052,False
CLP,2980,ssrc_log,124,0.0004441995114871,2.2923794078938703e-05,True,9.093456064249443,94.32328011950777,0.002162256782637661,15.413126417470462,0.7880672342209489,14.625059183249514,True
CLP,3000,ssrc_log,125,0.0018294248567992,2.3939417917754865e-05,True,9.07086350770689,93.26377360660143,0.002232689679332668,71.08270593729657,0.018586968091405698,71.06411896920515,True
CLP,3020,ssrc_log,126,5.989735632920292e-05,2.482450393336797e-05,True,9.117189158112062,95.44923916003636,0.0023694894578892185,0.5320308116409009,2.703076014511108,-2.171045202870207,False
CLP,3040,ssrc_log,127,0.0002061134570699,2.5548041247559564e-05,True,9.045993488529367,92.11121855561701,0.002353270322143733,4.979815266274643,1.5227204536411558,3.457094812633487,True
CLP,3060,ssrc_log,128,1.030850670025731e-06,2.659634555660892e-05,True,8.99447506539172,89.76880507295328,0.0023875310368046405,2.289148576162484,6.748062481672215,-4.458913905509731,False
CLP,3080,ssrc_log,129,0.0003495487973914,2.5467948608678488e-05,True,9.0339287136586,91.55724058294838,0.002331784153643,10.10582479729722,1.0476519674800708,9.058172829817149,True
CLP,3100,ssrc_log,130,2.3789972557559747e-05,2.4662522979120973e-05,True,8.999009632023247,89.97256729302431,0.0022189594056114493,0.0006410232407212391,3.5462506872614394,-3.545609664020718,False
CLP,3120,ssrc_log,131,3.3822904962074717e-09,2.5549497929483048e-05,True,8.931973116835584,87.00682452705277,0.002222989283787282,7.92995218522063,12.395811752245908,-4.465859567025278,False
CLP,3140,ssrc_log,132,0.0001113189504375,2.494901612839504e-05,True,9.532584600513992,117.48284233687775,0.0029310929765566885,1.966292207357423,2.308709802409473,-0.34241759505205005,False
CLP,3160,ssrc_log,133,7.064593268199726e-06,2.229763650368993e-05,True,9.469002708636364,113.80669534978382,0.0025376316052651937,0.4662167261790495,4.886674973413008,-4.420458247233959,False
CLP,3180,ssrc_log,134,0.0001782045410819,2.4833990201039773e-05,True,9.416469048495879,110.85627297786239,0.0027530145824833227,4.2051132698932925,1.802250497048378,2.4028627728449146,True
CLP,3200,ssrc_log,135,0.0001848146483241,2.7282533479989463e-05,True,9.364005490624816,107.98612485569527,0.002946145765362314,3.8609946792716308,1.8316306456270275,2.0293640336446033,True
CLP,3220,ssrc_log,136,8.18842389934969e-07,2.7801161062135705e-05,True,9.310779694930687,105.15020455024312,0.0029233081874382788,2.5543949724860187,7.180614958732935,-4.626219986246916,False
CLP,3240,ssrc_log,137,0.0014654282794565,2.706791764920485e-05,True,9.3572094002755,107.61980586192554,0.0029130547044746,49.14738302846579,0.19011024696196532,48.957272781503825,True
CLP,3260,ssrc_log,138,0.0004530557066265,2.843610327606371e-05,True,9.381674788407103,108.94437100538636,0.0030979641796920676,12.164056262776596,1.0687284102211265,11.095327852555469,True
CLP,3280,ssrc_log,139,0.0002023997444537,3.012702738251437e-05,True,9.352709126064036,107.377918785046,0.0032349881373063636,3.813389601071685,1.8341017033356901,1.9792878977359947,True
CLP,3300,ssrc_log,140,4.643118794650313e-05,3.109829875628502e-05,True,9.300411055106194,104.60648288235913,0.003253094017168107,0.09222764366469871,3.2636633717413206,-3.171435728076622,False
CLP,3320,ssrc_log,141,6.020676943790234e-05,3.086138431455616e-05,True,9.234010263368042,101.19052557639154,0.003122889717857501,0.28259805743870103,2.968008433912935,-2.685410376474234,False
CLP,3340,ssrc_log,142,2.661216208830912e-06,2.170131118511589e-05,True,9.168808514683057,97.944819850531,0.0021255407090284744,1.2212187243215489,5.684250279095732,-4.463031554774183,False
CLP,3360,ssrc_log,143,0.0001302544418243,2.3185535038153053e-05,True,9.150288915983968,97.0420566250779,0.0022499816082608387,2.891957122409333,1.9070788749518268,0.9848782474575062,True
CLP,3380,ssrc_log,144,3.283327566390662e-06,2.7421543980700048e-05,True,9.09761331454051,94.51954677310694,0.0025918812608292643,1.2422068991543482,5.67254861038534,-4.430341711230993,False
CLP,3400,ssrc_log,145,4.0570846711070445e-08,2.526018686596156e-05,True,9.080375345803416,93.70838499384634,0.002367100586690526,5.435541164438632,9.974143775120796,-4.5386026106821635,False
CLP,3420,ssrc_log,146,4.770451697491352e-06,2.552851163082373e-05,True,9.341223649443986,106.76304272318097,0.0027255121542051285,0.8642225347151555,5.349720935541376,-4.485498400826221,False
CLP,3440,ssrc_log,147,4.595902080502227e-05,2.6145563614206034e-05,True,9.306418982431353,104.92118940262966,0.002743234024123554,0.1937427288308009,3.105896247750838,-2.912153518920037,False
CLP,3460,ssrc_log,148,0.0003185699900517,2.5218399223906457e-05,True,9.243340072921919,101.66367247712707,0.0025638051454639093,9.096174628599812,1.209662328049943,7.886512300549869,True
CLP,3480,ssrc_log,149,0.0002101605327765,3.163880457877479e-05,True,9.212066725919618,100.08635496161715,0.003166622534267988,3.749005516459336,1.778916580770133,1.970088935689203,True
CLP,3500,ssrc_log,150,5.255364521932761e-05,1.2327265629180812e-05,True,9.165205340911246,97.76852260263503,0.0012052282251475105,1.8131828284230105,2.1761944897676453,-0.3630116613446348,False
CLP,3520,ssrc_log,151,2.56642072073015e-06,1.670897267134212e-05,True,9.111332731026781,95.17015221779286,0.0015902048895497923,1.0270290112128913,5.430719828870155,-4.403690817657264,False
CLP,3540,ssrc_log,152,8.872458703518163e-05,1.8195997855254383e-05,True,9.085359939716156,93.94222539537084,0.0017093818260345312,2.291714171227577,2.010254521965691,0.28145964926188594,True
CLP,3560,ssrc_log,153,2.7109405218846956e-05,5.141659599346822e-05,True,9.03479993357602,91.5971325167693,0.00470962181648815,0.16733037275652918,4.163238340871321,-3.9959079681147918,False
CLP,3580,ssrc_log,154,6.3279112834659e-07,1.56704137842206e-05,True,8.98283956325908,89.24806873744932,0.0013985629913652671,2.2497706092538117,6.701267894107986,-4.451497284854175,False
CLP,3600,ssrc_log,155,5.359360548631619e-06,2.729802016691768e-05,True,9.008463625862131,90.3988741231884,0.0024677192287688625,0.8242973220348839,5.134376733539045,-4.310079411504161,False
CLP,3620,ssrc_log,156,9.51759500135552e-06,2.701981371969169e-05,True,8.976056947762725,88.94591371036192,0.002403310814173121,0.395673273925067,4.535420582080064,-4.139747308154997,False
CLP,3640,ssrc_log,157,0.000180644111991,2.478275613312794e-05,True,8.931098901684692,86.96880149561942,0.002155335195536498,4.302724244524466,1.5629852075564474,2.7397390369680186,True
CLP,3660,ssrc_log,158,8.945427581176153e-05,2.270747279967764e-05,True,8.89109769817395,85.24665254743822,0.0019357444686497788,1.5683866045857018,2.120731480285989,-0.5523448757002871,False
CLP,3680,ssrc_log,159,1.0956278813283762e-10,2.697398033199134e-05,True,8.841210880070062,83.14661040912505,0.002242803248508526,11.41388953718007,15.834494626953013,-4.420605089772943,False
CLP,3700,ssrc_log,160,2.2688729599109537e-06,1.3262504243958331e-05,True,9.70598142309288,128.12299635255582,0.0016992444951740647,0.9367318586599156,5.619991026437217,-4.683259167777301,False
CLP,3720,ssrc_log,161,1.7668855849564412e-06,1.9285241712121285e-05,True,9.671663770216249,125.94331000456229,0.002428859669793607,1.48174021963491,6.226686169059593,-4.744945949424682,False
CLP,3740,ssrc_log,162,7.88070185706154e-06,1.7511565206360988e-05,True,9.655634728682575,124.93796877645798,0.002187871780776115,0.24847297413531555,4.629869587037813,-4.381396612902497,False
CLP,3760,ssrc_log,163,8.97596857351931e-07,1.659095582387441e-05,True,9.60296471875688,121.69067319456006,0.0020189766522158035,1.9709935383851676,6.718824879707299,-4.747831341322131,False
CLP,3780,ssrc_log,164,0.0001168558696547,1.4680048782135268e-05,True,9.605512400566363,121.84578652567905,0.0017887141746732612,4.885730706690019,1.7936405478684074,3.0920901588216116,True
CLP,3800,ssrc_log,165,6.553368295022157e-05,1.5333590432098687e-05,True,9.567366031288806,119.54382202366018,0.0018330478599807064,1.821345804383701,2.3669223158767148,-0.5455765114930138,False
CLP,3820,ssrc_log,166,8.248844537058953e-06,1.4834867732771264e-05,True,9.518095470397236,116.63480577933797,0.0017302734802545222,0.1429515635851053,4.350728986245964,-4.207777422660859,False
CLP,3840,ssrc_log,167,7.963430842697407e-09,1.485830561464423e-05,True,9.46502284071463,113.58045272033611,0.0016876243364136755,6.5319903293502914,11.263977181187588,-4.731986851837297,False
CLP,3860,ssrc_log,168,2.751842983725018e-05,1.4208845027505908e-05,True,9.767801754474178,132.14514175138882,0.0018776429547974595,0.27571994138931855,3.2375724030701507,-2.961852461680832,False
CLP,3880,ssrc_log,169,4.58422322494831e-08,1.327845806406215e-05,True,9.710886253143512,128.43759271665036,0.0017054659324964078,4.672144915066632,9.524170017390043,-4.852025102323411,False
COP,500,ssrc_log,0,1.1233530591011391e-06,1.5745938279365138e-06,False,,,,,,,False
COP,520,ssrc_log,1,1.6914548148172778e-06,1.390405565432253e-06,False,,,,,,,False
COP,540,ssrc_log,2,7.009814698587422e-06,1.0380637934033642e-06,False,,,,,,,False
COP,560,ssrc_log,3,1.585380990502113e-07,8.809543397568274e-07,False,,,,,,,False
COP,580,ssrc_log,4,1e-10,8.080764269228874e-07,False,,,,,,,False
COP,600,ssrc_log,5,4.322252758138256e-06,7.376346631152474e-07,False,,,,,,,False
COP,620,ssrc_log,6,2.294525993951986e-06,7.085342933452341e-07,False,,,,,,,False
COP,640,ssrc_log,7,0.0106071144221068,7.149838343191962e-07,False,,,,,,,False
COP,660,ssrc_log,8,0.0001081331118659,5.888502098488689e-07,False,,,,,,,False
COP,680,ssrc_log,9,9.664704552670204e-06,1.4904143102644092e-06,False,,,,,,,False
COP,700,ssrc_log,10,2.437597008743409e-06,1.096100462934997e-06,False,,,,,,,False
COP,720,ssrc_log,11,2.821824830379234e-07,4.406208026830437e-07,False,,,,,,,False
COP,740,ssrc_log,12,1.0462017210604072e-05,7.257593604941896e-07,False,,,,,,,False
COP,760,ssrc_log,13,1.683442109383233e-05,6.250539287561227e-07,False,,,,,,,False
COP,780,ssrc_log,14,0.0005460705446583,1.04190833455699e-06,False,,,,,,,False
COP,800,ssrc_log,15,0.0011630694951516,1.1905622777096668e-06,False,,,,,,,False
COP,820,ssrc_log,16,0.0001128904464023,1.4554678500115484e-06,False,,,,,,,False
COP,840,ssrc_log,17,0.0004458389368874,1.9399236044983573e-06,False,,,,,,,False
COP,860,ssrc_log,18,1e-10,1.0951637053738952e-06,False,,,,,,,False
COP,880,ssrc_log,19,8.330973951299978e-05,3.1651279371627786e-06,False,,,,,,,False
COP,900,ssrc_log,20,6.430899873786586e-05,1.0165242525244775e-05,True,19.976053243349327,21764.307180762175,0.22124163721709195,3.4816362140746158,7.143601866676432,-3.6619656526018165,False
COP,920,ssrc_log,21,5.316621334110374,4.605590516144021e-06,True,18.977556763347845,13210.647096569868,0.06084415194479739,1154369.3300756835,81.91069764788644,1154287.4193780357,True
COP,940,ssrc_log,22,5.267996304658974e-05,5.355676590532342e-06,True,24.829015034009693,246349.74109435087,1.3193941763368278,6.550207191773394,9.128487983871311,-2.5782807920979174,False
COP,960,ssrc_log,23,6.472287337627267e-07,4.224071301469412e-06,True,23.700481082881502,140118.04731940763,0.5918826342045748,1.0290788565680162,12.726120251872958,-11.697041395304941,False
COP,980,ssrc_log,24,2.224999351046452e-05,5.723080159451823e-06,True,23.403840502269926,120803.46539728013,0.6913799962547384,1.5299309176910336,9.344135338874917,-7.8142044211838835,False
COP,1000,ssrc_log,25,0.0001319739135322,6.868714159891295e-06,True,22.45353139705934,75114.25989804087,0.5159458918974179,15.258145477350965,7.271408690222204,7.986736787128761,True
COP,1020,ssrc_log,26,0.0113574727693225,1.6714421443720298e-05,True,21.582600480145246,48596.18165694945,0.8122619202880086,671.9800405940313,3.2839294542264525,668.6961111398048,True
COP,1040,ssrc_log,27,1e-10,9.315681239293776e-06,True,21.461250784826696,45735.285584998695,0.4260599153264739,10.442050241523178,21.172675633878914,-10.730625392355735,False
COP,1060,ssrc_log,28,3.726969876168972e-06,7.214153862543456e-06,True,26.755870393082727,645599.8712696243,4.657521364864445,0.17706850049456246,13.03839923097813,-12.861330730483566,False
COP,1080,ssrc_log,29,0.0001724598808172,1.685801491465238e-05,True,26.01633117757347,446040.7474331713,7.51940617674584,6.90480323979212,9.682856027806778,-2.7780527880146586,False
COP,1100,ssrc_log,30,2.4980318835587155e-05,2.11294908888354e-05,True,25.130012900721745,286360.4040115061,6.050678183424743,0.014830438646832311,11.397596780423687,-11.382766341776854,False
COP,1120,ssrc_log,31,5.5349763392457465e-05,1.4554815527873233e-05,True,24.375730025607997,196391.42495105744,2.8584606004612967,1.4670983617343856,9.85214076539308,-8.385042403658694,False
COP,1140,ssrc_log,32,6.83575831584426e-05,2.1513934560715957e-05,True,23.594110347673556,132860.525145805,2.8583659296417205,1.0213115040144731,9.64103207814986,-8.619720574135387,False
COP,1160,ssrc_log,33,0.000315275061298,7.0459698263117e-05,True,22.86613387294558,92324.69502813443,6.505179386286152,1.97614000688091,8.93471224319395,-6.95857223631304,False
COP,1180,ssrc_log,34,0.0001475067043717,2.9151105847999432e-05,True,22.174350399783123,65327.946844731865,1.9043884259979436,2.438691560080091,8.465875306870995,-6.027183746790904,False
COP,1200,ssrc_log,35,1.0705238831646258e-06,4.869908470345728e-05,True,21.52229281343037,47152.69322143219,2.2962977163559843,2.8394945193056373,13.578661022525568,-10.73916650321993,False
COP,1220,ssrc_log,36,2.474375708828967e-05,3.135216119467303e-05,True,21.748907537589233,52809.89031868889,1.6557094748335686,0.025930125297223494,10.111181886797866,-10.085251761500642,False
COP,1240,ssrc_log,37,0.0002933986075785,1.9507717706527643e-05,True,21.229493654363637,40731.08451338649,0.794574571576315,11.329407907211992,6.904399252876236,4.425008654335756,True
COP,1260,ssrc_log,38,8.69016982873203e-05,5.667111122009631e-05,True,20.695198291343065,31182.089225394935,1.7671267646762456,0.10592611237242044,8.920137090528863,-8.814210978156442,False
COP,1280,ssrc_log,39,0.0002278049267058,6.350974934151987e-05,True,20.181089607918114,24113.926218068224,1.5314718210420386,1.3096321980021792,7.813398876411778,-6.503766678409599,False
COP,1300,ssrc_log,40,3.540967471089418e-06,6.589344623135392e-05,True,19.664759202692565,18627.22690270445,1.227414036975275,1.9773767789340129,11.756023003396942,-9.778646224462928,False
COP,1320,ssrc_log,41,0.0003194096309307,6.928855602864192e-05,True,19.64716357824038,18464.066836336464,1.2793503758127718,2.0816522055455744,7.295638265130345,-5.21398605958477,False
COP,1340,ssrc_log,42,0.0002484588980949,7.187681155277957e-05,True,19.168506059239753,14534.102006412819,1.0446663643140102,1.2164085987151072,7.3441685276134265,-6.127759928898319,False
COP,1360,ssrc_log,43,2.6804937385305556e-05,6.94702532482656e-05,True,18.712573055321247,11571.338812915303,0.8038649947885924,0.3381602480835708,9.308633860862043,-8.970473612778473,False
COP,1380,ssrc_log,44,4.152109887005504e-07,6.971459666929025e-05,True,18.40078137616656,9900.996504559153,0.6902449679390442,4.129334067410967,13.323770922545624,-9.194436855134658,False
COP,1400,ssrc_log,45,4.215684211586088e-06,6.037246894908497e-05,True,18.906473370497256,12749.364232792717,0.7697118711012761,1.7315492074984555,11.114965101332572,-9.383415893834117,False
COP,1420,ssrc_log,46,7.230178701044732e-06,6.189810642294684e-05,True,18.807412412524936,12133.265888030503,0.7510273964218114,1.2640335884414653,10.550943284585031,-9.286909696143566,False
COP,1440,ssrc_log,47,1.5072234469250937e-06,7.48227861801547e-05,True,18.622615151277117,11062.403605361233,0.8277209657428765,2.924997195018454,12.216164018276974,-9.29116682325852,False
COP,1460,ssrc_log,48,9.630379055669388e-05,4.964391791980881e-05,True,18.733491153631444,11692.999130922528,0.5804874582918268,0.27725922362804023,7.70428169647505,-7.42702247284701,False
COP,1480,ssrc_log,49,1.055262403041093e-06,0.0001158806351376,True,18.344626483496974,9626.868226242063,1.1155685670297335,3.70787765491377,12.871086245173784,-9.163208590260012,False
COP,1500,ssrc_log,50,3.848285537719158e-06,4.743752035094191e-05,True,18.60179428690887,10947.836583640874,0.5193393154189087,1.592908993911876,10.81269241118115,-9.219783417269273,False
COP,1520,ssrc_log,51,8.854189897080412e-05,4.617747224347453e-05,True,18.445893518102718,10126.861825309712,0.46763389343792355,0.2664424738980431,7.572154455312415,-7.305711981414372,False
COP,1540,ssrc_log,52,0.0002458302946722,3.362438520574584e-05,True,18.08437291487442,8452.237324514947,0.2842021287736056,4.3216819211083894,6.053664530211665,-1.7319826091032757,False
COP,1560,ssrc_log,53,2.5528247990433388e-05,4.417901316236755e-05,True,17.765980950100538,7208.314821768171,0.3184569561208673,0.12630079499120983,8.431537158185687,-8.305236363194478,False
COP,1580,ssrc_log,54,5.465219000204134e-06,4.205899033345744e-05,True,17.462720890755254,6194.149183323222,0.260520279940303,1.1706107251340345,9.772052771242455,-8.60144204610842,False
COP,1600,ssrc_log,55,6.157969613289413e-05,3.940184678013488e-05,True,17.279986507100112,5653.291684657992,0.22275069799147326,0.11634367444733695,7.193752722065858,-7.077409047618521,False
COP,1620,ssrc_log,56,5.5174433580147965e-05,2.8040835577799517e-05,True,16.96686436846141,4834.012679440449,0.13555023802645563,0.2908080187620743,6.807004965195875,-6.516196946433801,False
COP,1640,ssrc_log,57,4.084020121118523e-06,3.4481376679611206e-05,True,16.663886039446048,4154.481955458618,0.1432526725630119,1.2517788749962304,9.465311973138702,-8.213533098142472,False
COP,1660,ssrc_log,58,0.0002304696571802,2.9249142661779245e-05,True,16.50854083505008,3844.0063327448074,0.11243427391986902,4.815266521647648,5.192054700176362,-0.37678817852871394,False
COP,1680,ssrc_log,59,3.514742668204604e-05,2.895836496504635e-05,True,16.258438460172492,3392.1500422461404,0.09823145805456536,0.020030462662923743,6.935888186016106,-6.915857723353183,False
COP,1700,ssrc_log,60,2.3962147631175024e-05,2.6689412775218565e-05,True,15.986514070653863,2960.9251090413363,0.07902564842422417,0.005606277248256797,7.10135555898241,-7.095749281734154,False
COP,1720,ssrc_log,61,1.346193957987447e-07,2.5922538756707165e-05,True,15.729570348290707,2603.950969268797,0.06750128021653251,4.26560972603887,12.125207609783155,-7.859597883744285,False
COP,1740,ssrc_log,62,0.000275175657433,2.7711833515141645e-05,True,16.03327139359511,3030.9630818560263,0.08399384731124303,6.6343470551267885,4.7243653214452825,1.909981733681506,True
COP,1760,ssrc_log,63,1.0284221365138996e-06,2.079020561377741e-05,True,15.823270854827461,2728.8496545405665,0.05673361819194928,2.055922935483941,9.918114633282862,-7.862191697798921,False
COP,1780,ssrc_log,64,2.0424875891470247e-05,4.9694372032901856e-05,True,15.772350033748681,2660.2490278184655,0.13219967081347908,0.3001479633590938,7.775469652111919,-7.4753216887528255,False
COP,1800,ssrc_log,65,9.66804383575003e-06,1.5287527548392833e-05,True,15.55635066409229,2387.9136933500395,0.03650553506164254,0.09062513528565685,7.236658014411539,-7.146032879125882,False
COP,1820,ssrc_log,66,0.000195705614066,2.874826945904113e-05,True,15.330815902432459,2133.2628716416907,0.06132782908721036,3.889527570917547,4.750568578445351,-0.8610410075278034,False
COP,1840,ssrc_log,67,2.489212100486957e-05,2.044373045248096e-05,True,15.129332130288706,1928.8245697459208,0.03943256237646514,0.020716847825684948,6.368427140338063,-6.347710292512378,False
COP,1860,ssrc_log,68,2.7969143477613155e-05,2.936936845793394e-05,True,14.904898595684868,1724.080765462583,0.05063533556018393,0.001173984656498872,6.501855423073177,-6.500681438416678,False
COP,1880,ssrc_log,69,1.0257492341692862e-05,2.8810379588947365e-05,True,14.690049513066112,1548.4732996302046,0.04461225829302599,0.38876193868245545,7.37798547655764,-6.989223537875185,False
COP,1900,ssrc_log,70,6.677971604792765e-06,2.4004683906530985e-05,True,14.510295373760073,1415.3720195713336,0.033975699377160204,0.5576292082704062,7.534783085809794,-6.977153877539388,False
COP,1920,ssrc_log,71,1.0832864142235593e-05,1.6645507279694553e-05,True,14.346048071772525,1303.7813289299659,0.021702231879966477,0.0803539350177056,6.603085055058679,-6.522731120040973,False
COP,1940,ssrc_log,72,2.5291487731212923e-05,1.8420952291926684e-05,True,14.15459210749574,1184.7606543863858,0.02182453786786889,0.055994797923589745,5.761481175827099,-5.70548637790351,False
COP,1960,ssrc_log,73,2.1432999882918992e-05,2.335467417943612e-05,True,13.958181689794941,1073.941543586892,0.02508166213238692,0.003583144275125516,6.065815009569626,-6.0622318652945,False
COP,1980,ssrc_log,74,5.910053269261072e-05,1.719539832608702e-05,True,13.770575395058621,977.7829349817388,0.01681346472175494,1.2023988845552243,4.65421044975571,-3.4518115652004857,False
COP,2000,ssrc_log,75,2.480582070927239e-05,1.736584118259314e-05,True,13.59325995802131,894.8266201543248,0.015539506354218618,0.07185288977845206,5.441658832495852,-5.3698059427174005,False
COP,2020,ssrc_log,76,1.1388964098501518e-05,1.774610954906741e-05,True,13.41209585271927,817.3340836225004,0.014504581819559879,0.08529393066843638,6.150360238746861,-6.065066308078425,False
COP,2040,ssrc_log,77,1.3975052202653952e-05,1.78876906773809e-05,True,13.245603450096112,752.04918323416,0.013452498268787926,0.028105478281810203,5.8706852025856895,-5.84257972430388,False
COP,2060,ssrc_log,78,3.390072314496232e-05,1.7858509609103706e-05,True,13.079314811828295,692.0494453715851,0.012359040775087881,0.2573389817503182,4.901449764767079,-4.644110783016761,False
COP,2080,ssrc_log,79,0.0001177877645472,1.4239082818873431e-05,True,12.912287586017325,636.6014502787344,0.009064684333278865,5.159251573354423,3.3562510390935882,1.8030005342608346,True
COP,2100,ssrc_log,80,1.835497078526793e-05,1.604711669954225e-05,True,12.784828013406921,597.2967190193253,0.009584949784028712,0.00944613112779158,5.259963969445961,-5.250517838318169,False
COP,2120,ssrc_log,81,1.715631109202519e-05,1.2704489130282253e-05,True,12.626150915832335,551.7391928568321,0.007009619652319613,0.05000260627136166,5.015120159151501,-4.965117552880139,False
COP,2140,ssrc_log,82,7.394488923519463e-05,1.4733136113158324e-05,True,12.470488864382697,510.42536759243757,0.007520217358885015,2.405730107002708,3.6318630577147264,-1.2261329507120182,False
COP,2160,ssrc_log,83,1e-10,1.3601988914740927e-05,True,12.335220783206779,477.0447927440805,0.006488805587219141,10.820563749622579,16.988174141198943,-6.167610391576364,False
COP,2180,ssrc_log,84,5.41815824814697e-05,1.23842576195774e-05,True,13.78123311298504,983.0073099546622,0.012173913969137303,1.8991218473153642,4.4191603278263525,-2.5200384805109883,False
COP,2200,ssrc_log,85,0.000841537587211,1.5439495142683283e-05,True,13.633206170687387,912.8787659854149,0.014094478461167122,49.50721013006827,1.8780146195771072,47.629195510491165,True
COP,2220,ssrc_log,86,0.0015312895190716,2.3772210384189323e-05,True,13.62995424537909,911.3956652640958,0.021665980537462798,59.2497606170829,1.7203102489218747,57.52945036816102,True
COP,2240,ssrc_log,87,0.0002638240458346,1.605215405982947e-05,True,13.637481229419732,914.8321581282394,0.014685118124376588,12.635990128445899,3.0372729012707707,9.598717227175129,True
COP,2260,ssrc_log,88,3.566891972703578e-05,1.5727680730947824e-05,True,13.545684385709524,873.7918530216233,0.01374280656881268,0.4490497092589565,4.956586554942884,-4.507536845683928,False
COP,2280,ssrc_log,89,1.513514646387823e-05,1.631461393726458e-05,True,13.393405127422687,809.7313805471798,0.013210535739653563,0.002746496408800425,5.772896020276981,-5.770149523868181,False
COP,2300,ssrc_log,90,1.7057992645825613e-05,1.7396721216027337e-05,True,13.245865616425899,752.14777068269,0.013084980194600285,0.0001920536252169036,5.643905062120119,-5.6437130084949025,False
COP,2320,ssrc_log,91,2.961644711946747e-06,1.6014954055858403e-05,True,13.100954410007255,699.577936264609,0.011203778365563579,0.8727081079808723,7.238525937896638,-6.365817829915765,False
COP,2340,ssrc_log,92,2.3718841171293768e-05,1.6868261423231592e-05,True,13.005706745139642,667.0422402158014,0.011251909492522204,0.06528657093405532,5.164131391104477,-5.098844820170422,False
COP,2360,ssrc_log,93,0.0002418219490412,1.6072235414291103e-05,True,12.864386511444415,621.535640797348,0.009989529190831332,11.334835258864459,2.7452985770488545,8.589536681815604,True
COP,2380,ssrc_log,94,2.8547955370220763e-05,1.501849813449592e-05,True,12.782604082779168,596.6329149176493,0.00896058988296107,0.2585502083786695,4.752191967156488,-4.493641758777819,False
COP,2400,ssrc_log,95,2.548392773662368e-05,1.3998064843090663e-05,True,12.647092629634251,557.5467268597862,0.007804630890308932,0.22140332253193273,4.727689803419845,-4.506286480887912,False
COP,2420,ssrc_log,96,0.0001011108458866,1.375936580314234e-05,True,12.514254903541705,521.7181250819117,0.007178562600944102,4.354012973947897,3.2767221583544064,1.077290815593491,True
COP,2440,ssrc_log,97,5.024334493872719e-05,1.3588988476509024e-05,True,12.408998223811771,494.9709687732704,0.006726204187963357,1.3897389355955143,3.9043579425170787,-2.5146190069215644,False
COP,2460,ssrc_log,98,1.5095723215043365e-07,1.259077706913296e-05,True,12.288571648270423,466.0466908833986,0.005867936493389081,3.4357127891411654,9.568042755528039,-6.132329966386873,False
COP,2480,ssrc_log,99,1.0414607527209975e-05,1.3618403553940848e-05,True,12.403928563565566,493.7178902930588,0.0067236987436002,0.03295780014289784,5.471733240023516,-5.438775439880619,False
COP,2500,ssrc_log,100,1.0654366640936202e-05,1.3273704667364964e-05,True,12.283231384436482,464.80394462585303,0.006169716669584295,0.0224823100690541,5.363165254861906,-5.340682944792852,False
COP,2520,ssrc_log,101,0.0001065677062997,1.2808205101484794e-05,True,12.164238116200625,437.9562668865153,0.00560947738738979,5.201574032596939,2.9824301096558234,2.219143922941116,True
COP,2540,ssrc_log,102,2.4945901321086227e-06,1.2290365414894716e-05,True,12.072870703366155,418.39892845067334,0.00514231745975201,0.7976624089533928,6.631619794593203,-5.833957385639811,False
COP,2560,ssrc_log,103,0.0001746066055993,1.29504959630548e-05,True,11.993665360360733,402.1530269261921,0.005208121267040612,9.881217816316832,2.4289648262702035,7.452252990046629,True
COP,2580,ssrc_log,104,2.988471378268492e-06,1.3042511643064552e-05,True,11.924069728972263,388.3996613421324,0.0050657458451832255,0.7025852561220323,6.4360845857139894,-5.733499329591957,False
COP,2600,ssrc_log,105,5.912965097298503e-06,1.1931679257830877e-05,True,11.843390116394556,373.04350871778905,0.0044510726995873676,0.1976181304248299,5.625081424056931,-5.427463293632101,False
COP,2620,ssrc_log,106,1.2029368168560436e-07,1.1824975798273978e-05,True,11.741998021087,354.6030555671076,0.004193207910380608,3.598205914439972,9.459069197497936,-5.860863283057964,False
COP,2640,ssrc_log,107,9.334630397974187e-06,1.0539326749321246e-05,True,11.862461683096287,376.61778547738857,0.00396933546253052,0.007077614380490704,5.054974472756089,-5.047896858375598,False
COP,2660,ssrc_log,108,3.826792405394471e-05,1.0462132583847908e-05,True,11.7535726459195,356.66120406314593,0.0037314723705438734,1.3609058652454067,3.5902015677867523,-2.2292957025413456,False
COP,2680,ssrc_log,109,2.2807707317078202e-07,1.1265771228099585e-05,True,11.653209693877841,339.20506871065254,0.003821440524012883,2.920085837017279,8.726514081504115,-5.8064282444868365,False
COP,2700,ssrc_log,110,0.0001159946051886,1.1014910832319274e-05,True,11.710073278190508,348.98768641282874,0.0038441030461833507,7.176395642454594,2.5309265804535985,4.645469062000995,True
COP,2720,ssrc_log,111,1.272372014205116e-05,1.0203887307649465e-05,True,11.641399457233268,337.2079251323982,0.0034408652880898024,0.026249097747654382,4.603708102536604,-4.57745900478895,False
COP,2740,ssrc_log,112,1.854606650259063e-07,1.0463981703153229e-05,True,11.536618884273931,319.99630285117973,0.003348467357741709,3.050575232357142,8.801225869510178,-5.750650637153036,False
COP,2760,ssrc_log,113,5.4417478795635285e-05,9.20558603018096e-06,True,11.601551863541673,330.55594928954486,0.003042994184567969,3.1344791812991932,3.041794708247238,0.09268447305195515,True
COP,2780,ssrc_log,114,1e-10,9.582345701664744e-06,True,11.51839635386647,317.0939736950947,0.0030385356852583537,10.47027322388118,16.229471400759962,-5.759198176878781,False
COP,2800,ssrc_log,115,5.40843188310424e-06,9.353197662981736e-06,True,12.484044361350035,513.8966528141254,0.004806628261780497,0.12600324070030755,5.790917139487914,-5.664913898787606,False
COP,2820,ssrc_log,116,0.0003017984688438,9.89735291640124e-06,True,12.38033552487923,487.9279553327876,0.004829243864502193,26.07535493287925,1.8351796501447764,24.240175282734473,True
COP,2840,ssrc_log,117,1.6953113909613688e-06,1.005300292528501e-05,True,12.362325354314553,483.55384665279587,0.004861216490318041,0.9486422649796125,6.961526298993518,-6.012884034013906,False
COP,2860,ssrc_log,118,3.2819943790436558e-06,8.26018070830753e-06,True,12.290671113166885,466.5361720844112,0.003853719641996504,0.32032237351511617,6.069194464907187,-5.748872091392071,False
COP,2880,ssrc_log,119,0.0002004692068057,3.92881434862335e-05,True,12.197228679910312,445.24039062263887,0.01749271277668795,2.472799153562149,3.480339162892796,-1.007540009330647,False
COP,2900,ssrc_log,120,0.0003420029890131,1.848612578843621e-05,True,12.11184249558439,426.6317580347068,0.007886810907547075,14.582723674812335,2.181491574959228,12.401232099853107,True
COP,2920,ssrc_log,121,2.286779646478369e-05,1.268327176832494e-05,True,12.071564319446212,418.1257228721062,0.00530324388908653,0.21354305078203062,4.450656353306706,-4.237113302524675,False
COP,2940,ssrc_log,122,4.3171945763027836e-08,9.537301121868492e-06,True,11.9728518423828,397.98961866636546,0.0037957865355606074,4.402301584267807,10.384222696071516,-5.981921111803709,False
COP,2960,ssrc_log,123,1.4151040132339764e-05,2.4105778356221504e-05,True,12.132367397585602,431.03258857695624,0.010390419047803379,0.11970278511407706,5.600213217754089,-5.480510432640012,False
COP,2980,ssrc_log,124,0.0001094673658836,3.3943547731476884e-05,True,12.037921741622498,411.1511345265499,0.013955969174766275,1.0540553513669746,3.8558798838547244,-2.8018245324877498,False
COP,3000,ssrc_log,125,0.0004718329212712,2.486764772960884e-05,True,11.948658279331513,393.2042274703528,0.009778103434948464,15.030708417657731,2.079529911388445,12.951178506269287,True
COP,3020,ssrc_log,126,0.0001873599675089,1.0081400847773996e-05,True,11.91320624721345,386.29569429888915,0.003894440269565695,14.662376089966902,2.08238311768868,12.579992972278221,True
COP,3040,ssrc_log,127,6.103668821061412e-06,3.209206977842861e-05,True,11.876489585139323,379.26864982737453,0.012171553801895493,0.8499113484402165,6.598468286116898,-5.748556937676681,False
COP,3060,ssrc_log,128,3.5137419225661066e-07,4.2838608332809655e-05,True,11.810977225494774,367.04652559110264,0.0157237989543684,3.811545586798995,9.708856595763896,-5.897311008964901,False
COP,3080,ssrc_log,129,4.668026079596076e-05,1.0913373296932066e-05,True,11.914197709113484,386.48724050417985,0.004217918078847328,1.8240123759774711,3.514842677861636,-1.6908303018841648,False
COP,3100,ssrc_log,130,0.0003299523419452,1.0155054365491758e-05,True,11.834314865753527,371.3546117357034,0.0037711633065133253,28.01046355255142,1.5236840938135252,26.486779458737896,True
COP,3120,ssrc_log,131,8.022420006300476e-06,1.916510162304317e-05,True,11.825975677205331,369.809437286855,0.007087472327706714,0.2894461025374684,5.784975836396176,-5.4955297338587075,False
COP,3140,ssrc_log,132,7.898739291824096e-05,2.177786823959416e-05,True,11.74462922872711,355.0698797120971,0.00773270046320657,1.3385630372546098,3.5941398955183637,-2.255576858263754,False
COP,3160,ssrc_log,133,4.6088699003094654e-05,2.3684120017399453e-05,True,11.664454961341638,341.1176664515652,0.00807910576406075,0.28021173084311735,4.172173371864586,-3.891961641021469,False
COP,3180,ssrc_log,134,1.6460055962987904e-06,2.5534277765617747e-05,True,11.578270872063642,326.7304228791092,0.00834285794531521,1.8061328601950994,7.531006908930793,-5.724874048735694,False
COP,3200,ssrc_log,135,1.2089224961138094e-07,2.482154926431401e-05,True,11.556750930130814,323.23365928943065,0.008023192421303022,4.3294382824583915,10.102962376219219,-5.773524093760828,False
COP,3220,ssrc_log,136,3.924265071819069e-06,2.602784295267657e-05,True,11.695180314891847,346.3986077372455,0.009016043101071616,1.0427595700296228,6.740016998947706,-5.697257428918083,False
COP,3240,ssrc_log,137,6.657702873327545e-06,2.5423870579551944e-05,True,11.639786297064507,336.9360495951276,0.00856625211209698,0.6017821942971344,6.16058827968879,-5.558806085391655,False
COP,3260,ssrc_log,138,1.1084350859467199e-09,2.604094281455283e-05,True,11.570707037588845,325.4970891139732,0.008476283533629295,9.064518679058608,14.849833591833333,-5.785314912774725,False
COP,3280,ssrc_log,139,9.562369067580076e-05,2.4609095524550324e-05,True,12.221901764478666,450.76713791106573,0.011093016532895359,1.52840072089481,3.762270618565508,-2.233869897670698,False
COP,3300,ssrc_log,140,5.348050971531676e-06,2.500248190223116e-05,True,12.146049094559988,433.9913258066267,0.010850903568338071,0.7561437095095502,6.615764310421245,-5.859620600911694,False
COP,3320,ssrc_log,141,1.7801444091372142e-06,2.369961139785885e-05,True,12.077644278823529,419.39875058575154,0.009939629249504896,1.6638769715977664,7.62776960602525,-5.963892634427484,False
COP,3340,ssrc_log,142,1.45917160132703e-05,2.2510028866026515e-05,True,12.041207213941696,411.82710242874197,0.009270281046193284,0.08173874299963546,5.4556890362639345,-5.373950293264299,False
COP,3360,ssrc_log,143,5.624130699873751e-05,2.1534188936660744e-05,True,11.957954021155508,395.03604368666004,0.008506820205143874,0.6517119968651772,4.025583330506301,-3.3738713336411235,False
COP,3380,ssrc_log,144,0.0001129171729922,2.109819441375052e-05,True,11.880298316423954,379.99160417953834,0.008017174639733253,2.6745156669873213,3.2767711916935465,-0.6022555247062251,False
COP,3400,ssrc_log,145,0.0001552820147997,2.034089819657041e-05,True,11.816298314779765,368.0243694801652,0.007485982935890003,4.60137086996631,2.8962877311159785,1.7050831388503314,True
COP,3420,ssrc_log,146,0.0001077315577433,1.8712236824358128e-05,True,11.76170672387884,358.1147128174708,0.006701163027998795,3.0068135748762135,3.1464703663922284,-0.13965679151601496,False
COP,3440,ssrc_log,147,1.7935868902556525e-07,2.094525124076565e-05,True,11.700485691252904,347.3187150691164,0.007274712379614049,3.7688427934260966,9.610551839764483,-5.841709046338386,False
COP,3460,ssrc_log,148,4.000151630724738e-05,2.0074030888626185e-05,True,11.778884254072945,361.203722363484,0.007250850700183571,0.303209371756042,4.205473521039598,-3.902264149283556,False
COP,3480,ssrc_log,149,8.068769805672733e-05,1.9028787149056448e-05,True,11.702100436912149,347.5992439933596,0.006614426687046978,1.795663244093057,3.4186210249791547,-1.6229577808860975,False
COP,3500,ssrc_log,150,4.458496404680127e-05,1.8435146917459405e-05,True,11.63657520551462,336.39551738499125,0.006201534324918822,0.5353385270505195,3.942344683062138,-3.4070061560116183,False
COP,3520,ssrc_log,151,1.4184669164806154e-05,2.007298952875036e-05,True,11.56351947285298,324.32942284026205,0.006510293441480512,0.05386790086155013,5.131156871006925,-5.077288970145375,False
COP,3540,ssrc_log,152,0.0002497302248836,2.1199018879278747e-05,True,11.488043309050212,312.3179234850373,0.00662086468808879,8.313846437962125,2.315318695393841,5.9985277425682835,True
COP,3560,ssrc_log,153,3.198296419822426e-05,1.9628836906272994e-05,True,11.45032441462355,306.482974991091,0.00601593487894697,0.14118298229795778,4.242280023427382,-4.1010970411294245,False
COP,3580,ssrc_log,154,2.335884389497017e-05,1.9010674615397625e-05,True,11.376592413389645,295.3899083032985,0.00561559087041698,0.022747490734596143,4.486486067738079,-4.463738577003483,False
COP,3600,ssrc_log,155,5.751567056635169e-05,1.817125011809336e-05,True,11.302824023145511,284.6931722039859,0.005173259208349273,1.0129848730359852,3.5103186135474944,-2.4973337405115092,False
COP,3620,ssrc_log,156,3.856142086513709e-05,1.808130808093255e-05,True,11.23728760961158,275.51547698134704,0.0049817076719125145,0.37529403756463275,3.869016302923268,-3.4937222653586355,False
COP,3640,ssrc_log,157,2.54173818568652e-08,1.641221652056789e-05,True,11.168126795245566,266.1508884112518,0.0043681525228358095,5.4718966679663525,11.054423267769097,-5.582526599802745,False
COP,3660,ssrc_log,158,2.524112425907758e-05,1.565602718687655e-05,True,11.369062564942535,294.279878582217,0.004607283107621778,0.13461186926122348,4.212397562096493,-4.07778569283527,False
COP,3680,ssrc_log,159,1.81077324381841e-06,1.405571010109668e-05,True,11.298264418795478,284.0448673749594,0.003992480616013621,1.1781030659665288,6.698867610304373,-5.520764544337844,False
COP,3700,ssrc_log,160,0.0003849965750117,1.5739778317509983e-05,True,11.254780651951727,277.9358484182761,0.004374676334177566,20.263058206584077,1.5183591049969953,18.74469910158708,True
COP,3720,ssrc_log,161,1.831874715311588e-05,2.0830369939702283e-05,True,11.246418818585672,276.7762475792173,0.005765379205222483,0.007912000294146182,4.754878608346206,-4.74696660805206,False
COP,3740,ssrc_log,162,1.7343493592202866e-07,1.5618131212025296e-05,True,11.176779322856483,267.30482167663155,0.004174828409034824,3.5114899731221003,9.08882283884104,-5.577332865718939,False
COP,3760,ssrc_log,163,1.5666132389013186e-05,1.615892051958679e-05,True,11.235153002109325,275.22157514843514,0.004447310980256562,0.0004746895470031376,4.6520763165911765,-4.651601627044173,False
COP,3780,ssrc_log,164,1.7665340519263043e-06,2.396975590927808e-05,True,11.166247336330205,265.90089606220835,0.006373606064759062,1.6814718592094677,7.191178389468751,-5.509706530259283,False
COP,3800,ssrc_log,165,3.120949605384544e-05,1.2086294411286883e-05,True,11.140271860971954,262.4697744595456,0.0031723131151595806,0.6335717682444688,3.631331969041068,-2.9977602007965993,False
COP,3820,ssrc_log,166,2.816949238499527e-06,1.8510375334433805e-05,True,11.07803685050215,254.4281366147701,0.004709585647193657,1.03485911298048,6.422298872129697,-5.387439759149217,False
COP,3840,ssrc_log,167,2.0807453739994896e-05,1.8271844612627127e-05,True,11.032931407552784,248.75431031209422,0.004545224880174847,0.008821435847272019,4.3910990797012674,-4.382277643853995,False
COP,3860,ssrc_log,168,2.20466531580989e-06,1.4176584542574509e-05,True,10.96695660147753,240.68241893920595,0.003412078628244883,1.016530475100117,6.345147375355561,-5.328616900255444,False
COP,3880,ssrc_log,169,6.893320501596345e-05,2.0501137932715067e-05,True,10.92233018873527,235.37149467809795,0.004825406914974464,1.1497511240021714,3.2627978222867204,-2.113046698284549,False
ETH,500,ssrc_log,0,0.0001256695826123,0.0004134538288747,False,,,,,,,False
ETH,520,ssrc_log,1,1.6169555646423682e-05,0.0004029789023688,False,,,,,,,False
ETH,540,ssrc_log,2,0.0002779440011118,0.0003637996968483,False,,,,,,,False
ETH,560,ssrc_log,3,0.0004604915670227,0.0003642102261074,False,,,,,,,False
ETH,580,ssrc_log,4,5.739672267266504e-07,0.0003516803293515,False,,,,,,,False
ETH,600,ssrc_log,5,2.4497181837128367e-06,0.0003341380525623,False,,,,,,,False
ETH,620,ssrc_log,6,2.795442996324883e-09,0.0003361794626066,False,,,,,,,False
ETH,640,ssrc_log,7,0.0001020131480787,0.0003393029585469,False,,,,,,,False
ETH,660,ssrc_log,8,0.0003891890321023,0.0003063943029321,False,,,,,,,False
ETH,680,ssrc_log,9,0.0335824616147855,0.0002996762716793,False,,,,,,,False
ETH,700,ssrc_log,10,0.0007011919907924,0.0002946876238952,False,,,,,,,False
ETH,720,ssrc_log,11,6.712117866778431e-05,0.0002714829990916,False,,,,,,,False
ETH,740,ssrc_log,12,0.0004302847371162,0.0002874272050075,False,,,,,,,False
ETH,760,ssrc_log,13,2.0593568631943345e-05,0.0002581908707002,False,,,,,,,False
ETH,780,ssrc_log,14,0.0006902760656709,0.00024513135269,False,,,,,,,False
ETH,800,ssrc_log,15,6.892379117734104e-05,0.0002417393918004,False,,,,,,,False
ETH,820,ssrc_log,16,0.0028824104014369,0.0002476108609849,False,,,,,,,False
ETH,840,ssrc_log,17,0.002664220299055,0.0002481475693289,False,,,,,,,False
ETH,860,ssrc_log,18,0.0055046273312688,0.0008614734743446,False,,,,,,,False
ETH,880,ssrc_log,19,1.539429740342232e-06,0.0005984365436415,False,,,,,,,False
ETH,900,ssrc_log,20,0.0009844720585302,0.0003531774387919,True,14.01074030484546,1102.5380866325054,0.3893916877611988,0.7623366119106589,4.982763739924635,-4.220427128013975,False
ETH,920,ssrc_log,21,0.0024833147158294,0.0002149579577808,True,13.565827307195525,882.6366787605397,0.1897298660924615,8.105652989692635,3.3490957427710875,4.756557246921547,True
ETH,940,ssrc_log,22,0.000105912669621,0.0002234019015215,True,13.51824429069956,861.8852536174004,0.1925468906399929,0.22044779339271003,6.506030169442156,-6.2855823760494465,False
ETH,960,ssrc_log,23,6.842783609272164e-05,0.0001885415371275,True,12.906952208775207,634.9054590277594,0.11970611456628065,0.37647105515219015,6.467586902323885,-6.091115847171695,False
ETH,980,ssrc_log,24,9.675406742355604e-05,0.0002494924383522,True,12.345783568680176,479.5709185068976,0.11964936567818193,0.3350598425915965,6.1209570669875655,-5.785897224395969,False
ETH,1000,ssrc_log,25,5.333769299016564e-05,0.0002734787453057,True,11.83150997082298,370.834171432152,0.10141530090316092,0.8296147823513935,6.550861921835752,-5.721247139484358,False
ETH,1020,ssrc_log,26,0.0001034404257015,0.000276837780616,True,11.373599832017867,294.9482496420712,0.08165284822230987,0.35808581536820094,5.672502963014331,-5.314417147646131,False
ETH,1040,ssrc_log,27,0.0001448980636721,0.0002226401834383,True,10.93622119158557,237.01195805553124,0.052768409419749945,0.08034366803736259,4.900383422570881,-4.820039754533519,False
ETH,1060,ssrc_log,28,0.0006691872016539,0.0001876359175025,True,10.543863131881645,194.79185260825375,0.0365499673653467,1.2948527717281975,3.01868055992977,-1.7238277882015725,False
ETH,1080,ssrc_log,29,0.0014997346513251,0.0002172777279508,True,10.345895176683763,176.43412695801956,0.038335223781834175,3.9705184724851286,2.2802025445053107,1.690315927979818,True
ETH,1100,ssrc_log,30,0.0018869699936442,0.0002104017047236,True,10.26134574379925,169.1308831845657,0.035585442956529,5.774706837671714,1.9899907418012646,3.7847160958704498,True
ETH,1120,ssrc_log,31,0.0002844019141976,0.0002278390498602,True,10.214333558891349,165.20163852099896,0.03763940077613647,0.02650901846467435,3.8929742080009984,-3.8664651895363242,False
ETH,1140,ssrc_log,32,0.0050453568059259,0.0003021652577043,True,9.91332310434597,142.11854768600557,0.04294330169795748,12.882092945001958,1.2589011003308195,11.623191844671139,True
ETH,1160,ssrc_log,33,0.0026332894254715,0.0008046351061404,True,9.978654415289284,146.83759904113978,0.11815070167362893,1.0870502437947112,2.8260146935795003,-1.7389644497847891,False
ETH,1180,ssrc_log,34,0.0055972341762143,0.0009183879525897,True,9.769681306052336,132.2693869284116,0.12147462457841746,3.287221406222142,2.1235102054495885,1.1637112007725534,True
ETH,1200,ssrc_log,35,0.0094754674347719,0.0005037100110412,True,9.640326637751855,123.98533827245818,0.06245266840870065,14.876893571278423,1.0374252602867333,13.83946831099169,True
ETH,1220,ssrc_log,36,8.240178887355238e-05,0.0003979716668096,True,9.688152828846633,126.98594542925841,0.05053682096246941,0.7818280780360722,5.420480860964942,-4.638652782928871,False
ETH,1240,ssrc_log,37,2.465129617084264e-05,0.0004914083653867,True,9.457478810946,113.15283256392348,0.05560425970439586,2.0426105853115786,6.721628943261321,-4.679018357949743,False
ETH,1260,ssrc_log,38,0.0081219521368796,0.0003389740733963,True,9.376775168776494,108.67780466770836,0.036838968903760996,19.783991168006434,0.7324574415518632,19.051533726454572,True
ETH,1280,ssrc_log,39,0.0001962899451421,0.0010204868401731,True,9.473238945509522,114.04800688239457,0.11638450147625551,0.8407915240798909,5.386748342807942,-4.545956818728051,False
ETH,1300,ssrc_log,40,0.0004694507734958,0.000774558853582,True,9.270026553047137,103.02928585689097,0.07980225574161422,0.10681813336721979,4.141626281595058,-4.034808148227838,False
ETH,1320,ssrc_log,41,0.0085111391792521,0.0007382175335913,True,9.038435149693168,91.76377159936666,0.06774163421949701,8.084417990213847,1.199966359487676,6.884451630726171,True
ETH,1340,ssrc_log,42,0.0018139272256242,0.0005728653090107,True,9.013663312354597,90.63420280183004,0.0519211995584291,1.0138124805576636,2.3891691012854053,-1.3753566207277417,False
ETH,1360,ssrc_log,43,0.0072418037203597,0.0003521834619076,True,8.851813872222692,83.58858235908086,0.029438524570027873,16.53911548263925,0.648431377336673,15.890684105302578,True
ETH,1380,ssrc_log,44,0.0020461975227032,0.0003846693449964,True,8.899810293053367,85.61882237434088,0.03293494478398306,2.648012906150723,1.8406795055334202,0.8073334006173027,True
ETH,1400,ssrc_log,45,0.0013860226753125,0.000758366123337,True,8.77895124946087,80.59814422392344,0.061122910143067664,0.22461592418366183,2.809124489315564,-2.5845085651319017,False
ETH,1420,ssrc_log,46,6.132309125116791e-05,0.0005663889680957,True,8.597886138818332,73.62193928370104,0.04169866148229364,1.331394878818545,5.523538468932497,-4.192143590113952,False
ETH,1440,ssrc_log,47,0.0024505456689889,0.0005467998231058,True,8.499560513946891,70.09000886366692,0.03832521135713792,1.9816306462575328,1.8137380437647157,0.16789260249281712,True
ETH,1460,ssrc_log,48,0.0001813138675906,0.0005678002024049,True,8.380786954081408,66.04877452444875,0.03750251404845505,0.460866876800043,4.336768358767505,-3.8759014819674618,False
ETH,1480,ssrc_log,49,0.0002768306455052,0.0005923412613551,True,8.224660913827767,61.08891689930897,0.03618549209984525,0.22802692006890668,3.880657937041277,-3.65263101697237,False
ETH,1500,ssrc_log,50,9.096122328557776e-05,0.0005924213690493,True,8.062885928261792,56.34215232391254,0.033378300549131705,1.0273262842883786,4.907953146121148,-3.8806268618327695,False
ETH,1520,ssrc_log,51,0.0024064331036188,0.0006219521354773,True,7.9552197773198134,53.389275296950196,0.033205579021451166,1.5161234997114912,1.6970430400698784,-0.1809195403583872,False
ETH,1540,ssrc_log,52,0.0010276701125616,0.00057263686997,True,7.848836242531372,50.62361268335772,0.028988952075932824,0.2098302046701379,2.3750709868698747,-2.165240782199737,False
ETH,1560,ssrc_log,53,0.0025101075639721,0.0006698736904156,True,7.710181235771705,47.23289689261082,0.03164007957376242,1.42614390405386,1.6134322136445616,-0.18728830959070164,False
ETH,1580,ssrc_log,54,3.501701649369474e-05,0.0006559525152638,True,7.6079345220807015,44.87887800621191,0.029438417298279736,1.9836377346717255,5.735411182924775,-3.7517734482530494,False
ETH,1600,ssrc_log,55,0.0024900380863466,0.0006136071523972,True,7.604715303247854,44.80669864744613,0.02749371514604876,1.6573346423660458,1.4922269701500213,0.16510767221602451,True
ETH,1620,ssrc_log,56,0.0008860743324325,0.000578562568807,True,7.513851443508847,42.8165933160695,0.024772082398169127,0.10525580679591395,2.3664408138953057,-2.2611850070993915,False
ETH,1640,ssrc_log,57,0.0151495405060914,0.0006588273555979,True,7.386545219955478,40.17611279678973,0.02646912606972321,18.859440764003764,0.13035638759986234,18.729084376403904,True
ETH,1660,ssrc_log,58,0.0007550944821509,0.0005934579582933,True,7.447432127806303,41.41802049999983,0.02457985792428199,0.031487391037075874,2.5135597703482637,-2.482072379311188,False
ETH,1680,ssrc_log,59,1.5497710690937818e-10,0.001332998460921,True,7.321374816625765,38.888065665155025,0.051837735468653,14.96741943115438,18.628106799284634,-3.6606873681302545,False
ETH,1700,ssrc_log,60,0.0016592823055216,0.0004060081509929,True,11.121568545334632,260.026688199102,0.10557298078719356,1.6790529759153956,3.1687342339783857,-1.4896812580629901,False
ETH,1720,ssrc_log,61,0.0003373425255817,0.0008401122756442,True,10.988642757453176,243.30635725345292,0.20440468170153478,0.3139813075281286,5.408408597044083,-5.094427289515955,False
ETH,1740,ssrc_log,62,0.0183545601318702,0.0005815446366533,True,10.813579018847298,222.91477185664687,0.12963491219550416,27.1097935589465,1.096430630881338,26.013362928065163,True
ETH,1760,ssrc_log,63,1.1107841240567168e-05,0.0004490400126943,True,10.869862945492484,229.27713600491523,0.10295463088987349,2.7241975848343274,8.134500307026588,-5.410302722192261,False
ETH,1780,ssrc_log,64,2.981848524200355e-05,0.0005273355854362,True,10.87790561509765,230.20099245443134,0.12139319804405108,1.9292541776445038,7.3119072509660175,-5.382653073321514,False
ETH,1800,ssrc_log,65,0.0002591531543806,0.0004523769673682,True,10.805614565595762,222.0288398786065,0.10044075535544768,0.12996652823821386,4.962484276473076,-4.832517748234863,False
ETH,1820,ssrc_log,66,5.38262465425664e-06,0.0004527447266357,True,10.639788540195472,204.3622736474448,0.09252396205338988,3.4440412133404346,8.752105005482697,-5.308063792142263,False
ETH,1840,ssrc_log,67,8.049783978476927e-05,0.0003187961987935,True,10.7219290036076,212.9302190210803,0.0678813656252097,0.6288273192214915,5.738472348921054,-5.109645029699562,False
ETH,1860,ssrc_log,68,0.0002850065462232,0.0008508232297864,True,10.574395802522934,197.7884254926722,0.16828300667088464,0.4286696288034493,5.382583869943604,-4.953914241140154,False
ETH,1880,ssrc_log,69,0.0002260048635908,0.0002262831922437,True,10.424562220858082,183.5121926835197,0.041525743027287065,7.570726383576698e-07,4.218954832714159,-4.218954075641521,False
ETH,1900,ssrc_log,70,2.8659040643838912e-05,0.0003151287886844,True,10.276717330880468,170.4357964574812,0.05370924302968664,1.4884563588180373,6.53640503706398,-5.047948678245943,False
ETH,1920,ssrc_log,71,0.0052393748094592,0.0002462131983015,True,10.182215996671093,162.56988946697365,0.04002686859017386,17.22206957278033,1.1642452084889765,16.057824364291356,True
ETH,1940,ssrc_log,72,1.2201958789493004e-05,0.0003264591280338,True,10.214357802675828,165.2036410895963,0.053932253038482564,2.3240849446917373,7.394113715223835,-5.070028770532097,False
ETH,1960,ssrc_log,73,0.001190241768304,0.0003229011824445,True,10.182869186004941,162.6229925970035,0.052511172764534854,1.3815213518254206,2.80953595641543,-1.4280146045900093,False
ETH,1980,ssrc_log,74,0.0001709607756168,0.0002882170450524,True,10.086752317716098,154.99241168627043,0.0446714703010031,0.11544645386737074,4.569483249174862,-4.454036795307491,False
ETH,2000,ssrc_log,75,0.0023720762675547,0.0002773567016188,True,9.950492038222567,144.78444050635295,0.04015694924300948,5.406222480942068,1.8881000049243952,3.518122476017673,True
ETH,2020,ssrc_log,76,0.0001565216303506,0.0002606997279253,True,9.907438025785828,141.70097294335295,0.0369414191631797,0.11056552676562381,4.468131480211054,-4.35756595344543,False
ETH,2040,ssrc_log,77,8.185353357230903e-05,0.0002536426805407,True,9.777162058995271,132.76505063773382,0.03367489650238164,0.45370702044167177,5.022007152536149,-4.568300132094477,False
ETH,2060,ssrc_log,78,0.0001833349815012,0.0002303711609472,True,9.656480514462167,124.9908153285471,0.02879429163405601,0.024201130998904752,4.062984519768635,-4.038783388769731,False
ETH,2080,ssrc_log,79,1.7430461807338275e-05,0.0002077436812514,True,9.533242520258773,117.52149583507726,0.024414359823099606,1.5619893557764084,6.245421344382419,-4.68343198860601,False
ETH,2100,ssrc_log,80,7.094772499974134e-06,0.0001830051171694,True,9.464663590488405,113.56005265090609,0.020782081997147567,2.2889240344370863,6.982829595648565,-4.693905561211478,False
ETH,2120,ssrc_log,81,3.07630160290812e-07,0.0001867668035736,True,9.44231853803586,112.29836124877463,0.02097361710682319,5.41036492985116,10.12989226189656,-4.719527332045399,False
ETH,2140,ssrc_log,82,1.3683463290627285e-07,0.0001608898626424,True,9.751965159469679,131.10290900560958,0.02109314203222249,6.070552675596806,10.945691872940497,-4.875139197343691,False
ETH,2160,ssrc_log,83,6.514684156417803e-05,0.0001401553702089,True,10.142126344893901,159.34364709448846,0.022332883683329054,0.23092650422454808,4.840088734456943,-4.6091622302323945,False
ETH,2180,ssrc_log,84,0.0006492144669835,0.0001285249912207,True,10.020101048611348,149.91231017309244,0.01926749324010258,2.4316305189703815,2.4241063541367396,0.007524164833641933,True
ETH,2200,ssrc_log,85,0.0040547632907338,0.0001276341140189,True,9.961330698234413,145.5712051121488,0.01857986624827319,27.31016848544565,0.7404204796539469,26.569748005791705,True
ETH,2220,ssrc_log,86,0.0001037196797563,0.0001227440076827,True,10.037718063587795,151.2386468271646,0.018563652651939325,0.013417167309705214,4.192856161489296,-4.17943899417959,False
ETH,2240,ssrc_log,87,0.0009354380154656,0.0001159283279044,True,9.922893622901263,142.80025154886863,0.0165546085664132,4.981063676345304,1.929911119507945,3.051152556837359,True
ETH,2260,ssrc_log,88,4.054959964915228e-05,0.000111046460355,True,9.889098710784909,140.40756268129996,0.015591776783587422,0.3725816350151261,4.954573721721591,-4.581992086706465,False
ETH,2280,ssrc_log,89,3.022193866258073e-05,0.0001085020030865,True,9.779183884834696,132.89933240486067,0.014419856964719221,0.5567385992233105,5.169889240781197,-4.613150641557887,False
ETH,2300,ssrc_log,90,0.0007555482145894,0.0002661398889922,True,9.67528428031024,126.17150600129385,0.03357928311831364,0.7954923125441178,2.8167214113164594,-2.0212290987723414,False
ETH,2320,ssrc_log,91,3.391672209771828e-05,0.0004390706082681,True,9.595780167601339,121.25431099708416,0.053239216110050204,1.637998692835632,6.3592794414762706,-4.7212807486406385,False
ETH,2340,ssrc_log,92,0.0001197868646913,2.116515483507374e-05,True,9.534925754291018,117.62044555877722,0.002489466604066437,2.9262683469095014,2.0822271973247455,0.844041149584756,True
ETH,2360,ssrc_log,93,0.0042590275729135,8.426690508978044e-05,True,9.487704283686154,114.87586859236889,0.009680245303366097,45.61930764574294,0.2610174151348621,45.358290230608084,True
ETH,2380,ssrc_log,94,0.0310599337345751,0.0001153750502186,True,9.59686697626995,121.32021902096436,0.013997338394097216,262.61292339827037,0.42193707026765637,262.19098632800274,True
ETH,2400,ssrc_log,95,4.564778109573172e-05,0.0001090555998747,True,9.883985923516766,140.04908408331482,0.015273150781516604,0.2894763159342031,4.815885475901694,-4.526409159967491,False
ETH,2420,ssrc_log,96,3.923912234691005e-08,0.0001112071723371,True,9.782050206944065,133.08993510181398,0.014800568558194392,6.9498287370394785,11.840504537120545,-4.890675800081066,False
ETH,2440,ssrc_log,97,0.000525844397815,0.0001183298028657,True,10.26330451007375,169.2966082604704,0.020032851110953924,1.9523583757116287,2.6663725175143673,-0.7140141418027386,False
ETH,2460,ssrc_log,98,0.0191475646318536,0.0003087889218728,True,10.19810914790063,163.86690999681042,0.05060030275523324,56.88131382270661,0.3501901293997758,56.53112369330683,True
ETH,2480,ssrc_log,99,0.00078116193825,0.0006642672734641,True,10.308749115477035,173.1874541252906,0.1150427751687411,0.013877461367299171,3.9990670073601517,-3.985189545992853,False
ETH,2500,ssrc_log,100,0.0004009616987043,9.592157855116744e-05,True,10.20820388795169,164.69609777491195,0.015797926049396744,1.7497641022425965,2.6991486936472073,-0.9493845914046108,False
ETH,2520,ssrc_log,101,5.581666310739577e-05,0.0001342492283104,True,10.140407650014508,159.2067743583667,0.021373402420076144,0.29339450639906284,4.9504416046870565,-4.657047098287993,False
ETH,2540,ssrc_log,102,0.0001116320372723,9.981410815043044e-05,True,10.042132038228152,151.57279720021987,0.015129118629685726,0.006500842504197246,3.9165470921630217,-3.9100462496588246,False
ETH,2560,ssrc_log,103,9.401230920437252e-05,0.0001716672985347,True,9.946392366711532,144.487960155186,0.024803872139426166,0.14977507397688594,4.579119559073716,-4.42934448509683,False
ETH,2580,ssrc_log,104,0.0024852362396772,9.12746986969356e-05,True,9.850174692501925,137.70136881590523,0.012568664618964234,22.92384642008311,0.8185717799215746,22.105274640161536,True
ETH,2600,ssrc_log,105,0.0022551090251968,0.0001597008210276,True,9.88708800908403,140.2664747520685,0.02240068510719994,10.473184111394982,1.3965646545509856,9.076619456843996,True
ETH,2620,ssrc_log,106,0.0046246885182608,5.260483567752237e-05,True,9.879287780118124,139.72048484606785,0.007349987018159639,82.43739651828713,0.092499959239988,82.34489655904714,True
ETH,2640,ssrc_log,107,0.0028328473392923,0.0001923176953724,True,10.003733974769572,148.6905034169652,0.028595829709963057,11.040151023685908,1.41104361142358,9.629107412262329,True
ETH,2660,ssrc_log,108,0.0133165603988501,0.000191407444363,True,9.993253744739539,147.91338594810372,0.028311737882743205,64.32944048695185,0.22462283155586582,64.10481765539599,True
ETH,2680,ssrc_log,109,0.0006825319679152,0.0002173365784635,True,10.088072857900604,155.09478233265204,0.03370778473919812,0.9960754625792116,2.919923222124392,-1.9238477595451804,False
ETH,2700,ssrc_log,110,2.6733908091763724e-05,0.0002252775490274,True,10.01282221905217,149.36770871222814,0.03364920615930025,1.2500714501328143,6.138606506546662,-4.888535056413847,False
ETH,2720,ssrc_log,111,8.928845749162214e-05,0.0002419501613008,True,9.954620628120853,145.0836269939384,0.03510302136165119,0.3658961051913048,4.976713872060661,-4.610817766869356,False
ETH,2740,ssrc_log,112,0.0006009569918496,0.0002307539325069,True,9.87005659038529,139.07707768911095,0.03209259640603777,0.647148155990505,2.9965829905121457,-2.3494348345216407,False
ETH,2760,ssrc_log,113,3.4887911904731854e-05,0.0002190600451784,True,9.794753923163155,133.93799400899204,0.029340476312513464,0.9964673332522131,5.7357719514345,-4.739304618182286,False
ETH,2780,ssrc_log,114,0.0001156396317208,0.0002626579221684,True,9.730567068207407,129.70770995788368,0.0340687704575302,0.26064083902328594,4.689051988973466,-4.42841114995018,False
ETH,2800,ssrc_log,115,0.0001785013592962,0.0002021598838976,True,9.64804054420265,124.4644673180052,0.025161734608831296,0.00743389235652181,3.955577594786953,-3.948143702430431,False
ETH,2820,ssrc_log,116,0.0009226808654025,0.0003827402487825,True,9.564291253772542,119.36017789795525,0.045683956019404635,0.5307965186293755,2.9224160706057285,-2.391619551976353,False
ETH,2840,ssrc_log,117,0.0001323272701347,0.0002489471066067,True,9.492826137134154,115.1704342937895,0.028671357801119377,0.16351001020959366,4.382991056350502,-4.219481046140908,False
ETH,2860,ssrc_log,118,0.0030664829895263,0.0002193859912101,True,9.412965730762341,110.66226057574349,0.024277760692185915,10.340115845677357,1.1953377472862892,9.144778098391068,True
ETH,2880,ssrc_log,119,0.0009584399349615,0.0002206025845677,True,9.403130376748845,110.11939523363439,0.024292634111511332,1.8757010137953691,2.272075497561652,-0.3963744837662828,False
ETH,2900,ssrc_log,120,0.0003191435592324,0.000230865672092,True,9.34797228770098,107.1239037882578,0.02473124265758526,0.058572715347946724,3.3630860469548987,-3.3045133316069517,False
ETH,2920,ssrc_log,121,0.0019249266834988,0.0002313292912924,True,9.272419067146679,103.15260911488191,0.023862230176768504,5.202353151535474,1.5980773488641322,3.604275802671342,True
ETH,2940,ssrc_log,122,0.004394731837349,0.0001534007489942,True,9.240036657918,101.49589242654791,0.015569555967656445,24.293590672549286,0.5471753828949226,23.74641528965436,True
ETH,2960,ssrc_log,123,6.461476502319596e-05,0.0002238956287677,True,9.266222289874301,102.8334968651813,0.023023980622360763,0.531330295291002,4.878655053640528,-4.347324758349526,False
ETH,2980,ssrc_log,124,4.4612600542363986e-08,0.0002148554209627,True,9.200397048079584,99.5040676307284,0.021378998188707882,7.479911917870361,12.079905349313268,-4.599993431442908,False
ETH,3000,ssrc_log,125,0.0017622253558976,0.0004196578912709,True,9.67890105036499,126.39987909463271,0.05304471925773818,1.7643022272132534,2.4377794043007004,-0.673477177087447,False
ETH,3020,ssrc_log,126,8.755096624236395e-06,0.0001966152585077,True,9.623523427346221,122.94802605493713,0.024173470120605504,2.156141894751527,6.923737210545606,-4.767595315794079,False
ETH,3040,ssrc_log,127,4.997996624267568e-05,0.0001813282707642,True,9.613036750896626,122.30505510042917,0.022177376277586532,0.5643192983348779,5.097459358145125,-4.533140059810247,False
ETH,3060,ssrc_log,128,0.0015476997062837,0.0001746267157786,True,9.545908847978293,118.26814054128582,0.020652788690780695,5.6810289574004855,1.6660196058243035,4.015009351576182,True
ETH,3080,ssrc_log,129,0.0004823875826463,0.0001982813103571,True,9.517168721710677,116.58077272253932,0.02311579993594563,0.5437833133568364,2.8903920441479527,-2.3466087307911163,False
ETH,3100,ssrc_log,130,0.0003248569843933,0.000129020598724,True,9.453041535791638,112.90206572086677,0.0145667033066892,0.5944561776099937,2.825409909000492,-2.230953731390498,False
ETH,3120,ssrc_log,131,1.3769363353797474e-05,0.0001935013998343,True,9.390346616888676,109.41777002218716,0.021172502507817725,1.7139976551018359,6.338662831661301,-4.624665176559465,False
ETH,3140,ssrc_log,132,7.177916049546671e-07,0.000188338278369,True,9.363371039361224,107.95187432187358,0.02033148085167576,4.5736268776073,9.251537044983106,-4.677910167375806,False
ETH,3160,ssrc_log,133,1.0740768483055975e-06,0.0001794537515558,True,9.50665403897429,115.9694761088576,0.020811169050642828,4.124441233489564,8.871835158871747,-4.747393925382183,False
ETH,3180,ssrc_log,134,3.565026769042841e-05,0.0001694963404751,True,9.61044472987877,122.14664913379485,0.020703422144139186,0.7694052849228066,5.3660195813619245,-4.5966142964391175,False
GTQ,500,ssrc_log,0,5.657423118041454e-05,3.839314006103198e-06,False,,,,,,,False
GTQ,520,ssrc_log,1,4.291319073035549e-05,5.092797378499922e-06,False,,,,,,,False
GTQ,540,ssrc_log,2,0.0001621660119696,4.379848492840149e-06,False,,,,,,,False
GTQ,560,ssrc_log,3,5.022139978999012e-06,3.201704998009007e-06,False,,,,,,,False
GTQ,580,ssrc_log,4,1.9587007933452228e-07,5.370524811234238e-06,False,,,,,,,False
GTQ,600,ssrc_log,5,1.102948170212069e-06,5.219183149210269e-06,False,,,,,,,False
GTQ,620,ssrc_log,6,5.414916917672999e-08,4.8516766958765405e-06,False,,,,,,,False
GTQ,640,ssrc_log,7,7.986977512043258e-06,5.00878224131199e-06,False,,,,,,,False
GTQ,660,ssrc_log,8,6.680563878126413e-07,4.610986316288312e-06,False,,,,,,,False
GTQ,680,ssrc_log,9,3.67869499673547e-07,1.7417542484989838e-06,False,,,,,,,False
GTQ,700,ssrc_log,10,2.778967956065915e-09,1.5177030919305711e-06,False,,,,,,,False
GTQ,720,ssrc_log,11,1.658012840621352e-06,1.1284023893694645e-06,False,,,,,,,False
GTQ,740,ssrc_log,12,1.5729485552568543e-06,4.1249097846086497e-07,False,,,,,,,False
GTQ,760,ssrc_log,13,5.8312046222108055e-06,3.8022405345843926e-07,False,,,,,,,False
GTQ,780,ssrc_log,14,9.809680147304683e-07,8.53765648114939e-07,False,,,,,,,False
GTQ,800,ssrc_log,15,4.0054253563616426e-05,4.4808771055558205e-06,False,,,,,,,False
GTQ,820,ssrc_log,16,0.0002500087199743,1.264985780321525e-05,False,,,,,,,False
GTQ,840,ssrc_log,17,6.304820562228607e-05,1.364048160657608e-05,False,,,,,,,False
GTQ,860,ssrc_log,18,2.4910198839152743e-06,1.3396159471512034e-06,False,,,,,,,False
GTQ,880,ssrc_log,19,5.101646841054907e-07,9.709202840384883e-07,False,,,,,,,False
GTQ,900,ssrc_log,20,1.771570283553039e-05,1.1913819877121058e-06,True,6.862309323960556,30.91231542611696,3.683136702869343e-05,11.170538899195822,0.21289342000795908,10.957645479187864,True
GTQ,920,ssrc_log,21,4.618150079430827e-08,5.785481098755821e-07,True,6.846992523022239,30.676480746029572,1.77507876013247e-05,1.6077654992216233,4.954207522884529,-3.3464420236629056,False
GTQ,940,ssrc_log,22,3.037867036400394e-08,1.4416153027068004e-06,True,6.85883417218546,30.858649569955293,4.448928730587117e-05,2.88085143335287,6.2899458062147735,-3.4090943728619036,False
GTQ,960,ssrc_log,23,6.887872493192891e-07,1.3996867896656389e-06,True,7.219658029978515,36.95973271422148,5.173564560294018e-05,0.2011723134296033,3.3322834429534236,-3.1311111295238203,False
GTQ,980,ssrc_log,24,2.4388324118865388e-06,1.2134518161736375e-06,True,6.9214969245994515,31.840799236172526,3.864035974147734e-05,0.3117800856039603,1.8258941075503783,-1.514114021946418,False
GTQ,1000,ssrc_log,25,2.462635612917588e-06,1.1986896412989671e-06,True,6.659869372695635,27.936517007693357,3.348990720279522e-05,0.3344365523664041,1.6835456170001923,-1.3491090646337882,False
GTQ,1020,ssrc_log,26,1.295003170356646e-06,1.0215662697357523e-06,True,6.418539911250971,24.761002993667468,2.5297381563456038e-05,0.030488243232637435,2.0233789456820737,-1.9928907024494362,False
GTQ,1040,ssrc_log,27,6.667537282701248e-05,1.077816251897719e-06,True,6.174861797264228,21.920689100057807,2.3628567033749495e-05,56.73664101644922,0.7844327361943415,55.95220828025488,True
GTQ,1060,ssrc_log,28,7.462541712742401e-07,9.31364037691476e-07,True,6.567257470711496,26.672384328880405,2.484426680183779e-05,0.022832607369762004,2.5353533172798493,-2.5125207099100875,False
GTQ,1080,ssrc_log,29,1.1089858248039566e-06,9.214750833400472e-07,True,6.336356869211391,23.76415694064056,2.1900354913076786e-05,0.018264289928364263,2.03369471794041,-2.0154304280120456,False
GTQ,1100,ssrc_log,30,7.446420121609578e-06,7.050418894416122e-07,True,6.118149375683045,21.307831641613614,1.5024944663671193e-05,7.204439038617432,0.19758223119933982,7.006856807418092,True
GTQ,1120,ssrc_log,31,2.314445185965961e-05,7.225826500368337e-06,True,6.079217719686969,20.89706795392639,0.00015100057710827462,1.038924463406866,1.0288024972253682,0.010121966181497744,True
GTQ,1140,ssrc_log,32,7.40069523046498e-06,1.3956079048925602e-06,True,5.91409609831636,19.24108909025582,2.6854840142012048e-05,2.6346031764303808,0.5644535541645599,2.070149622265821,True
GTQ,1160,ssrc_log,33,0.0002358730748922,7.423448752076775e-06,True,5.794645894988603,18.125557293475772,0.00013455585822667816,27.315405700543423,0.19166071709537125,27.123744983448052,True
GTQ,1180,ssrc_log,34,9.98700588711569e-07,6.750022771479586e-06,True,5.92298855459516,19.3268298322011,0.00013045837415085162,1.0588012783242462,3.880009780018862,-2.821208501694616,False
GTQ,1200,ssrc_log,35,1.754426597044473e-08,9.771491340082165e-07,True,5.893337028310203,19.04240842274865,1.8609077140561887e-05,3.0378666568609534,5.967620367786154,-2.9297537109252003,False
GTQ,1220,ssrc_log,36,2.562636350883749e-06,7.864840286769809e-07,True,6.235850432181811,22.599442008654723,1.7776260141019434e-05,1.0771256449499642,1.0809879153410966,-0.0038622703911324052,False
GTQ,1240,ssrc_log,37,2.460321221381608e-07,5.567521774026754e-07,True,6.091081808083873,21.02139868776046,1.1705711631329155e-05,0.258564101838032,2.883388196093441,-2.624824094255409,False
GTQ,1260,ssrc_log,38,0.0001444657096572,4.6266661181238974e-06,True,5.952737696246498,19.616456829974485,9.076065781856608e-05,26.783375089134363,0.12690544392700565,26.65646964520736,True
GTQ,1280,ssrc_log,39,3.337179763905558e-05,7.171314072936935e-06,True,6.072717288746116,20.829258238164176,0.00014937513565800817,2.115889965786884,0.722158990678671,1.393730975108213,True
GTQ,1300,ssrc_log,40,6.704422959695308e-07,1.4188664714560011e-06,True,5.959049197437768,19.678459255940652,2.7922973894092793e-05,0.2221955897261605,2.7532778469619625,-2.531082257235802,False
GTQ,1320,ssrc_log,41,1.635323553403748e-05,2.395751914010058e-06,True,5.835589246535035,18.500441992169744,4.432421935697193e-05,3.9052016437507966,0.3660512919989749,3.5391503517518217,True
GTQ,1340,ssrc_log,42,1.1136890556387492e-05,1.133646916111241e-06,True,5.759852285155888,17.81295751190586,2.0195285645943834e-05,6.53912666657037,0.14664603947944155,6.3924806270909285,True
GTQ,1360,ssrc_log,43,0.0001484542495372,9.33571364079308e-07,True,5.715424423023366,17.421624318045826,1.626597174150709e-05,152.9485550875616,5.915474206794416,147.0330808807672,True
GTQ,1380,ssrc_log,44,3.135965308630373e-05,1.25505467798891e-05,True,6.091923887976035,21.030251399872444,0.00026394315701206735,0.5829103757003193,1.2490237791733647,-0.6661134034730454,False
GTQ,1400,ssrc_log,45,5.1172016260579545e-06,2.2855680620589443e-06,True,5.9584559033108695,19.672622564550657,4.496498509273356e-05,0.4329258074891851,1.2870804893364438,-0.8541546818472587,False
GTQ,1420,ssrc_log,46,5.272439929945412e-05,2.9654618765222416e-06,True,5.828759460993389,18.437372715252707,5.467706962758479e-05,13.901444301622442,0.0006533028054067636,13.900790998817035,True
GTQ,1440,ssrc_log,47,5.870863221564308e-07,2.0907787648955328e-06,True,5.8264124013998835,18.415748599751133,3.850499768687428e-05,0.5509179418683936,3.1986184725638376,-2.647700530695444,False
GTQ,1460,ssrc_log,48,1.0641437611681266e-05,1.8436713280447968e-06,True,5.768586198119528,17.890916018985738,3.2986657988263266e-05,3.0188767443681614,0.4539458216344947,2.5649309227336667,True
GTQ,1480,ssrc_log,49,1.518287579787582e-05,2.294610175799786e-06,True,5.681755039495414,17.13079155124968,3.931010169215764e-05,3.7271508356695318,0.3375467656954485,3.3896040699740833,True
GTQ,1500,ssrc_log,50,5.447932721106523e-05,3.1971148056059484e-06,True,5.604377484964813,16.480679286657132,5.269217182174346e-05,13.204581019421067,0.0005624948143772013,13.20401852460669,True
GTQ,1520,ssrc_log,51,1.4633125152793016e-05,3.388243214697598e-06,True,5.596649763673247,16.41712310373403,5.5626747673392375e-05,1.8558179591095616,0.5984355074508918,1.2573824516586698,True
GTQ,1540,ssrc_log,52,2.280448401099837e-07,3.661930411360844e-06,True,5.502116747173555,15.659196396777146,5.734435342247005e-05,1.8384779330131455,4.531264144651507,-2.6927862116383614,False
GTQ,1560,ssrc_log,53,5.104400417117629e-05,2.784918257000159e-06,True,5.61016199976424,16.528414651481214,4.6031836563644096e-05,14.420256615965535,0.005529975012299682,14.414726640953235,True
GTQ,1580,ssrc_log,54,0.0001092278313517,6.292876041434449e-06,True,5.609303229675376,16.521319120888077,0.00010396816540064154,13.503360817264749,0.0012380501875308703,13.502122767077218,True
GTQ,1600,ssrc_log,55,1.5833594111984834e-08,2.961456090560597e-06,True,5.600157080962113,16.445938392286866,4.870546901066152e-05,4.236649013491445,7.031737798939927,-2.795088785448482,False
GTQ,1620,ssrc_log,56,3.7068251285500335e-06,3.850858946442419e-06,True,6.106941519515811,21.18875803705006,8.159693732678164e-05,0.0007174400971974304,2.1370444623495337,-2.1363270222523365,False
GTQ,1640,ssrc_log,57,8.191757984568891e-06,6.055690880374308e-06,True,6.003134448529493,20.11704014388193,0.00012182448824344407,0.05060709002660202,1.766695156430734,-1.716088066404132,False
GTQ,1660,ssrc_log,58,2.238005671158733e-07,2.208374674930124e-06,True,5.898485166182589,19.091488034792896,4.2162967831571586e-05,1.3905985086723813,4.243850234264694,-2.8532517255923127,False
GTQ,1680,ssrc_log,59,2.8753978402820804e-06,3.943887951777927e-06,True,5.928205883948198,19.377312868521624,7.642378849128069e-05,0.04505294310113861,2.3177273538591763,-2.2726744107580377,False
GTQ,1700,ssrc_log,60,3.0836742204748093e-09,3.4474047746669e-06,True,5.837467883662824,18.51782796497842,6.384020032572335e-05,6.020149664473768,8.938064858332103,-2.9179151938583345,False
GTQ,1720,ssrc_log,61,1.489489477408291e-07,3.646054702648775e-06,True,6.643501239277565,27.708815721075318,0.00010103052874622709,2.238649432021777,5.521048696772015,-3.2823992647502376,False
GTQ,1740,ssrc_log,62,2.2220898316321262e-06,1.0734229953572936e-06,True,6.733440673444822,28.98331549671229,3.1114155667416044e-05,0.3425015865107037,1.7106320901702192,-1.3681305036595155,False
GTQ,1760,ssrc_log,63,6.830842456614509e-08,6.199480745801348e-07,True,6.62834485616114,27.499626646255667,1.7050990553683394e-05,1.315786724707619,4.523936599009481,-3.208149874301862,False
GTQ,1780,ssrc_log,64,2.2581865035607488e-08,9.978134730343235e-07,True,6.618397514848115,27.363192131564073,2.7305998093314578e-05,2.8110505550622493,6.09854150815806,-3.2874909530958103,False
GTQ,1800,ssrc_log,65,1.1950796801155236e-08,1.0301639321211422e-06,True,6.762422320547696,29.406365375301068,3.0296217620948683e-05,3.46827614085986,6.838374663615511,-3.370098522755651,False
GTQ,1820,ssrc_log,66,7.452471577239696e-10,5.54543350751497e-07,True,6.980813373394114,32.79928402668266,1.8191804794809326e-05,5.613528237331622,9.102806812035725,-3.4892785747041026,False
GTQ,1840,ssrc_log,67,3.153523780953939e-07,1.816464524868849e-06,True,7.521488508883966,42.98040243340708,7.807657432511407e-05,0.924564430340979,4.515793686020155,-3.591229255679176,False
GTQ,1860,ssrc_log,68,2.1332022676369982e-08,1.645174579887343e-06,True,7.45411963898677,41.556744037132304,6.83721545871787e-05,3.358358848245601,7.072823566976734,-3.714464718731133,False
GTQ,1880,ssrc_log,69,4.058820938399661e-06,1.5246293921034086e-06,True,7.613915985586381,45.013299600968544,6.863300093715338e-05,0.6830277280648769,1.8870189969541409,-1.203991268889264,False
GTQ,1900,ssrc_log,70,2.282156428855249e-06,1.3253776406659956e-06,True,7.519949168271296,42.947334421265715,5.692563150159278e-05,0.17846808358124155,2.2567150454628093,-2.0782469618815678,False
GTQ,1920,ssrc_log,71,8.347832679162414e-06,1.0727092398831884e-06,True,7.417931597987827,40.81157731968585,4.378293724276615e-05,4.730194241450304,0.8479062974417411,3.882287944008563,True
GTQ,1940,ssrc_log,72,4.206987137827892e-07,1.1597618156159757e-06,True,7.375840230898048,39.96164485413235,4.634988595551476e-05,0.37679878645925746,3.7111337629560257,-3.334334976496768,False
GTQ,1960,ssrc_log,73,1.747058078752113e-10,8.787715915691498e-07,True,7.286438350911902,38.214658617800396,3.3585677840697964e-05,7.523375637989243,11.166512019677896,-3.6431363816886524,False
GTQ,1980,ssrc_log,74,2.178020300736314e-07,7.942832543568568e-07,True,8.055624336723342,56.13795639680069,4.459495249543386e-05,0.5680656480660724,4.326673433910036,-3.7586077858439637,False
GTQ,2000,ssrc_log,75,2.4666727859004933e-06,6.900537939148544e-07,True,7.963897447245356,53.621425818449794,3.7006930463727054e-05,1.3007534965667338,1.7748893596619033,-0.47413586309516953,False
GTQ,2020,ssrc_log,76,1.203836009840676e-05,5.643272489621872e-07,True,7.8853316966845854,51.55585836553895,2.9099431305145316e-05,17.272013337691472,0.29631784031329356,16.97569549737818,True
GTQ,2040,ssrc_log,77,3.581829443864157e-07,5.547996113362053e-07,True,7.915902342669194,52.34995990086034,2.9048872402453335e-05,0.08317089231583585,3.408021428277382,-3.3248505359615463,False
GTQ,2060,ssrc_log,78,3.0090231161766008e-06,4.75197804016208e-07,True,7.814437823209667,49.76037136891954,2.365089523867845e-05,3.4865090021234835,1.189012093314055,2.2974969088094284,True
GTQ,2080,ssrc_log,79,1.2033677903175862e-07,4.2453324743886326e-07,True,7.763071623862304,48.49864269739699,2.0594036144972794e-05,0.544152686478494,4.1483057843584294,-3.6041530978799354,False
GTQ,2100,ssrc_log,80,5.7291769868763694e-08,5.237469200131865e-07,True,7.6818161275921515,46.56774172651525,2.4394268075404564e-05,1.3222398801869497,5.056295062715877,-3.7340551825289277,False
GTQ,2120,ssrc_log,81,2.006095277721287e-07,2.555851492074992e-07,True,7.640403461537865,45.6134090208608,1.1662571291361483e-05,0.027098159941855826,3.079980727770903,-3.052882567829047,False
GTQ,2140,ssrc_log,82,3.34897334318159e-08,7.957546001788097e-08,True,7.546219777022755,43.51518199185529,3.4669921429628805e-06,0.28632186723566155,3.649463345422542,-3.3631414781868805,False
GTQ,2160,ssrc_log,83,2.0616765104467847e-06,1.8536511554251458e-07,True,7.460584216669076,41.69128475725572,7.73217894462031e-06,7.713299222349832,0.5885071150269345,7.1247921073228975,True
GTQ,2180,ssrc_log,84,2.850664769328407e-05,1.6497362842048238e-07,True,7.448267638961559,41.43532672371205,6.839779727071327e-06,166.64307228491091,1.7403909841224512,164.90268130078846,True
GTQ,2200,ssrc_log,85,4.771779453603959e-08,3.823105170370578e-07,True,7.685752955133841,46.65949658674556,1.7842982214426203e-05,1.2057430053600475,4.926735494468143,-3.720992489108095,False
GTQ,2220,ssrc_log,86,2.4558886243434197e-08,3.185274439383228e-07,True,7.643120711208286,45.67542264826326,1.45533431692187e-05,1.639736203214306,5.386189771651491,-3.746453568437185,False
GTQ,2240,ssrc_log,87,0.0002304152411273,6.895465270081861e-10,True,7.625139997026478,45.26662466178851,3.5640106291098226e-08,334141.0216223097,6455.280657850456,327685.74096445926,True
GTQ,2260,ssrc_log,88,2.054264665676235e-07,2.1662952858370714e-07,True,9.36684086643016,108.13932404722104,2.3436884722114963e-05,0.0013852055981791178,3.745743280205839,-3.7443580746076597,False
GTQ,2280,ssrc_log,89,1.0063505661481816e-05,3.298417364209861e-07,True,9.26049731068215,102.53955794952807,3.3831979801707625e-05,26.09204603313963,0.5099463409361942,25.582099692203435,True
GTQ,2300,ssrc_log,90,1e-10,3.439455022611368e-07,True,9.283278196853965,103.71420612993694,3.568230613958923e-05,7.1433590578927095,11.78499811406585,-4.64163905617314,False
GTQ,2320,ssrc_log,91,6.261372684716521e-08,3.133539867689252e-07,True,9.802709956397692,134.47186274016332,4.215064148414788e-05,0.8101668389571581,5.513506124679517,-4.703339285722359,False
GTQ,2340,ssrc_log,92,6.413355236304516e-07,2.557407679688146e-07,True,9.7229211734894,129.21279083829546,3.305779963946332e-05,0.5883678547471609,2.9618604846761367,-2.373492629928976,False
GTQ,2360,ssrc_log,93,9.064597288697175e-08,1.9945997805773066e-07,True,9.626790364496626,123.14902190739369,2.4575516109670478e-05,0.24310904165913216,4.606232901549043,-4.36312385988991,False
GTQ,2380,ssrc_log,94,4.992679117425572e-07,2.882435403192989e-07,True,9.529662299684876,117.31130758265071,3.382585774786772e-05,0.18276732522091343,3.2305979104690383,-3.047830585248125,False
GTQ,2400,ssrc_log,95,2.87204862437193e-06,2.69328801872665e-07,True,9.431711499037315,111.70436123777752,3.009627221224576e-05,7.296878371450637,1.4448044521395436,5.852073919311094,True
GTQ,2420,ssrc_log,96,1.3342317952258894e-07,2.875921300878464e-07,True,9.391535114152797,109.4828107056005,3.1497243019898686e-05,0.2319493397369139,4.468365447122144,-4.23641610738523,False
GTQ,2440,ssrc_log,97,7.959059794370371e-08,2.4797612464281214e-07,True,9.299929218184174,104.58128428501695,2.5944019715595236e-05,0.45739723016173905,4.789868220375109,-4.33247099021337,False
GTQ,2460,ssrc_log,98,3.547689942839496e-07,2.458125742225682e-07,True,9.21724217396709,100.34568622095081,2.4676166010724104e-05,0.07635248071469114,3.256503250681244,-3.180150769966553,False
GTQ,2480,ssrc_log,99,5.61327415094902e-08,2.575621989752831e-07,True,9.124624990848377,95.80477195970411,2.4685168215462906e-05,0.7414805566738496,5.088512541326765,-4.347031984652916,False
GTQ,2500,ssrc_log,100,1.2103148596866834e-07,1.7060600668495765e-07,True,9.055428856336519,92.54679682114978,1.5798194116822612e-05,0.052727129557470054,3.8792612859818902,-3.82653415642442,False
GTQ,2520,ssrc_log,101,4.198385768671409e-08,2.901979618560587e-07,True,8.965897347918313,88.49523192060519,2.5689885460530917e-05,1.0779512788093566,5.418201684277978,-4.3402504054686215,False
GTQ,2540,ssrc_log,102,9.979911189433853e-08,2.636197063531597e-07,True,8.9127570618109,86.17486371456253,2.272590975382799e-05,0.34992054867520017,4.432493091273338,-4.082572542598138,False
GTQ,2560,ssrc_log,103,5.363301709549172e-07,2.322103618439746e-07,True,8.833723543728427,82.83591901582797,1.924354232024517e-05,0.47256745388609755,2.6080515147189227,-2.135484060832825,False
GTQ,2580,ssrc_log,104,1.7257381442320484e-06,2.2128500852484757e-07,True,8.75556528742614,79.6612001633803,1.7635695477269538e-05,4.744753773854429,1.4221249707323258,3.322628803122103,True
GTQ,2600,ssrc_log,105,1.453877498422296e-07,2.4624313155494104e-07,True,8.713279174803441,77.99459952251081,1.9213333890748824e-05,0.11733865152808853,3.891522503876618,-3.7741838523485294,False
GTQ,2620,ssrc_log,106,1.0762811262334077e-07,1.999365628936429e-07,True,8.632678892945494,74.91389943014413,1.4985418954966064e-05,0.15762955504103449,3.9433332434093566,-3.785703688368322,False
GTQ,2640,ssrc_log,107,5.719384531301085e-07,2.251895376930969e-07,True,8.554493344775597,72.04181197863375,1.6230166515239408e-05,0.6077202225454421,2.3808347567591794,-1.7731145342137373,False
GTQ,2660,ssrc_log,108,2.9796614062809784e-08,2.0939262829171855e-07,True,8.483186651990408,69.51852932260257,1.4563519422766918e-05,1.0921165344863168,5.193926222331129,-4.101809687844812,False
GTQ,2680,ssrc_log,109,4.7649779777778e-08,2.0162103730275367e-07,True,8.438516046022762,67.9830237322225,1.3713506066241644e-05,0.6788452468489046,4.665733122656127,-3.9868878758072226,False
GTQ,2700,ssrc_log,110,4.8896901779008257e-08,5.501584986133748e-07,True,8.37886481954396,65.98532770232954,3.630888735199538e-05,1.509370224861882,5.611450477125209,-4.1020802522633275,False
GTQ,2720,ssrc_log,111,2.1606999130035435e-08,2.076968588283165e-07,True,8.352996414211649,65.13735584243616,1.3535237936440526e-05,1.3670937310547053,5.441630836867979,-4.074537105813274,False
GTQ,2740,ssrc_log,112,5.624465048961584e-07,8.054910369877173e-08,True,8.320253469166579,64.07964319222312,5.167865788789894e-06,4.039224753499449,1.3267544027690827,2.7124703507303667,True
GTQ,2760,ssrc_log,113,5.097288463204558e-06,5.047734232240953e-07,True,8.282750272746162,62.88924330060558,3.175100754914974e-05,6.785816894478485,0.9897551582016355,5.796061736276849,True
GTQ,2780,ssrc_log,114,1.9328035171423808e-07,3.060073311658982e-07,True,8.259581270015973,62.16490641707126,1.9029033595507503e-05,0.09108732919756246,3.5997365704759536,-3.508649241278391,False
GTQ,2800,ssrc_log,115,1.203462961009947e-06,2.1545550655702065e-07,True,8.188533085818287,59.99531902382822,1.293222138323135e-05,2.8654640928026005,1.4675780377263399,1.3978860550762606,True
GTQ,2820,ssrc_log,116,2.462216978569817e-07,2.7979227080608364e-07,True,8.144664744146832,58.69369861379869,1.6427812587024e-05,0.00783117871179595,3.215486825983043,-3.207655647271247,False
GTQ,2840,ssrc_log,117,1.3539622761725054e-07,2.8225538278309066e-07,True,8.074509878541292,56.670564951096345,1.600113905930081e-05,0.21430082446045629,3.780671352659099,-3.566370528198643,False
GTQ,2860,ssrc_log,118,4.468362588216916e-07,2.835753188540654e-07,True,8.009507912411507,54.85832518796438,1.5561852889495803e-05,0.1210089228730431,2.5790992187952644,-2.4580902959222213,False
GTQ,2880,ssrc_log,119,5.126814266856104e-06,2.526192149641352e-07,True,7.943788052686128,53.08498003354231,1.3415494480463604e-05,16.28427657232543,0.34408206848328593,15.940194503842147,True
GTQ,2900,ssrc_log,120,2.017351513107308e-05,5.209136633736691e-07,True,7.954952083407162,53.38212978316455,2.781271899701521e-05,34.070634440634855,0.04645698051301128,34.02417746012184,True
GTQ,2920,ssrc_log,121,1.109073524227258e-07,6.370387155949119e-07,True,8.000502816048813,54.61187817179013,3.479524191460017e-05,0.9222335339668557,4.75172816858564,-3.8294946346187837,False
GTQ,2940,ssrc_log,122,5.005008184157977e-09,5.520725121764482e-07,True,7.959641768600286,53.50744934487834,2.954524272491552e-05,3.71230620522355,7.6834083727065,-3.9711021674829503,False
GTQ,2960,ssrc_log,123,7.525244842472983e-07,2.673555009822638e-07,True,8.07226170311901,56.6068980557427,1.5139726278550598e-05,0.779841797553632,2.051349204109954,-1.2715074065563219,False
GTQ,2980,ssrc_log,124,6.097013524246841e-07,3.039748588943887e-07,True,8.016022222844402,55.037298581849406,1.6735358800204196e-05,0.3097381784872755,2.348741728373706,-2.0390035498864307,False
GTQ,3000,ssrc_log,125,1.1145779715036057e-06,4.260628436155426e-07,True,7.955657890039495,53.400971838305395,2.2757410010445736e-05,0.6543500469935086,2.0653914606836103,-1.4110414136901017,False
GTQ,3020,ssrc_log,126,4.165951530283297e-08,3.7578311151166295e-08,True,7.899811810523203,51.930480219981455,1.956552791957948e-06,0.0055025622345639125,2.870701926186089,-2.8651993639515254,False
GTQ,3040,ssrc_log,127,7.052238130908259e-09,1.216132108326956e-06,True,7.837237503338318,50.33087730388127,6.121392901724487e-05,4.155884574454801,8.068900215533485,-3.913015641078684,False
GTQ,3060,ssrc_log,128,1.1663753626649189e-07,1.077183310808872e-06,True,7.979937252146256,54.053193475784106,5.823050322738522e-05,1.331313840447378,5.215096492933727,-3.8837826524863486,False
GTQ,3080,ssrc_log,129,1.4467511365734935e-07,3.188791781799117e-07,True,7.953806531466287,53.35156253690175,1.7017937572635085e-05,0.2440204874965508,3.7760339156377727,-3.532013428141222,False
GTQ,3100,ssrc_log,130,0.0001221639249181,6.1248740342845e-06,True,7.896051603055446,51.83293725439751,0.0003174752948038825,15.95253519616766,0.33983442318550683,15.612700772982151,True
GTQ,3120,ssrc_log,131,2.1897971381738265e-07,9.326825908067928e-07,True,7.907546946458519,52.13171377320865,4.862745503657173e-05,0.6838706652207707,4.407467685756175,-3.7235970205354043,False
GTQ,3140,ssrc_log,132,8.832186020005051e-06,2.391541458363396e-07,True,7.861801357586188,50.95284915904665,1.219058040347556e-05,32.32188466057158,0.04677006990810395,32.27511459066347,True
GTQ,3160,ssrc_log,133,4.963816897938638e-06,3.692773436035006e-07,True,7.904000678645383,52.03935916664899,1.922206025180528e-05,9.843592919685289,0.6121190352195196,9.23147388446577,True
GTQ,3180,ssrc_log,134,3.3718694324453173e-07,4.157398239766165e-07,True,7.896610417879278,51.847421784696074,2.1560122748589407e-05,0.020474925014309697,3.173602593648801,-3.1531276686344913,False
GTQ,3200,ssrc_log,135,1.2190363099845844e-07,6.370299094575632e-07,True,7.837938232349578,50.34851454637723,3.207844451425613e-05,0.8449482774234476,4.5765089231124145,-3.731560645688967,False
GTQ,3220,ssrc_log,136,7.178987580605747e-07,5.7400720003755e-07,True,7.79938454768164,49.387249018465006,2.8353475251548186e-05,0.02699239865337799,2.701495935594016,-2.6745035369406382,False
GTQ,3240,ssrc_log,137,2.5641892840336216e-07,6.566631011866966e-07,True,7.742528956884996,48.00304653833826,3.1526529710928356e-05,0.330846355326035,3.81990557070663,-3.489059215380595,False
GTQ,3260,ssrc_log,138,1.927320516245393e-08,5.613819776725453e-07,True,7.691959987316142,46.80453002560192,2.6279800082808996e-05,2.4060174766045725,6.218573452410157,-3.812555975805584,False
GTQ,3280,ssrc_log,139,1.4002087802564128e-10,1.3122224442110787e-06,True,7.7157978615057425,47.365728073158564,6.215900803680477e-05,8.145547944900969,12.003417018051248,-3.8578690731502796,False
GTQ,3300,ssrc_log,140,9.136088126148522e-08,6.984577999276026e-07,True,8.18144817244437,59.78316420126182,4.176189565714407e-05,1.1648610936626507,5.1271098849814605,-3.96224879131881,False
GTQ,3320,ssrc_log,141,3.3435292593993814e-08,6.963098565164498e-07,True,8.148809502700093,58.815460343138945,4.095956629851434e-05,2.08420058695343,6.11154496461205,-4.02734437765862,False
GTQ,3340,ssrc_log,142,2.524304131310411e-06,3.9482185062010194e-07,True,8.1499977643221,58.85041480302473,2.3241214723771166e-05,3.538240861851347,1.3285750275522297,2.209665834299117,True
GTQ,3360,ssrc_log,143,3.5636719862998387e-06,6.024156002155345e-07,True,8.120990271597176,58.00302334342136,3.4947626424077184e-05,3.1380377778346107,1.3850308717537794,1.7530069060808313,True
GTQ,3380,ssrc_log,144,6.613277562092406e-08,1.306062564359369e-06,True,8.089882197350706,57.10782220870319,7.459199950109869e-05,2.0337429689395212,6.029010655567019,-3.9952676866274976,False
GTQ,3400,ssrc_log,145,4.801918841707965e-06,5.54543076958428e-07,True,8.089696675911883,57.102525091717084,3.16714202189658e-05,5.5006086515302695,1.0380158899680558,4.462592761562213,True
GTQ,3420,ssrc_log,146,1.8132926541694602e-07,8.412722628633408e-07,True,8.070466230247341,56.556102784632785,4.7584636178638175e-05,0.7501425339899073,4.573761362504214,-3.823618828514307,False
GTQ,3440,ssrc_log,147,3.558389949452932e-07,2.484491571803604e-07,True,8.028485900518632,55.381353089293405,1.3764888633851825e-05,0.07300055917761572,2.681249167545446,-2.6082486083678305,False
GTQ,3460,ssrc_log,148,9.48648466974428e-06,2.8659058081519537e-06,True,7.975591549309648,53.935871425527246,0.00015458042077329807,1.1131337398984904,1.8522156155828218,-0.7390818756843314,False
GTQ,3480,ssrc_log,149,1e-10,1.3407970192618634e-06,True,7.933738060971123,52.81889732093753,7.082460197834357e-05,8.503679182119882,12.470548209825303,-3.966869027705421,False
GTQ,3500,ssrc_log,150,8.444027232364306e-09,3.4461657972945853e-07,True,8.382465580725992,66.10423341126378,2.2787125247168648e-05,2.7334757534900715,6.900862179592896,-4.167386426102825,False
GTQ,3520,ssrc_log,151,2.5840315513859025e-07,5.038680392112996e-07,True,8.408007237527663,66.95385285751263,3.3742501942242514e-05,0.18063237266205157,3.879650615960797,-3.6990182432987453,False
GTQ,3540,ssrc_log,152,4.839169413334308e-09,2.9549620448352284e-07,True,8.35367713222628,65.15952970153215,1.926080966570428e-05,3.128289313363026,7.289335870339501,-4.161046556976475,False
GTQ,3560,ssrc_log,153,7.819938432723916e-08,7.113273759613362e-07,True,8.396837054180402,66.58095176412908,4.7367411802562654e-05,1.3178054444304323,5.408078893121922,-4.090273448691489,False
GTQ,3580,ssrc_log,154,8.205892327369095e-07,5.175842475320667e-07,True,8.367007178276403,65.59526996367913,3.3957537972810004e-05,0.12457122498980944,2.747008638117702,-2.6224374131278925,False
GTQ,3600,ssrc_log,155,1.7179788242036607e-05,2.0004102654099527e-06,True,8.315984425122771,63.943009658194526,0.00012791854722242588,5.437751115775299,1.141962679950895,4.295788435824404,True
GTQ,3620,ssrc_log,156,8.519480794518652e-08,6.465738442531856e-07,True,8.299288204177069,63.41142828680541,4.100641209981365e-05,1.1585103825756007,5.1786208309928865,-4.020110448417286,False
GTQ,3640,ssrc_log,157,2.667145208558173e-06,1.902120221496018e-06,True,8.266505273458614,62.380494397746354,0.00011866133787031218,0.0641563971165755,2.8177417975766206,-2.753585400460045,False
GTQ,3660,ssrc_log,158,4.261805571725667e-06,1.0353783044525622e-06,True,8.216016478724573,60.82544710752675,6.298333083847081e-05,1.7012559885321012,1.7608427990253301,-0.05958681049322889,False
GTQ,3680,ssrc_log,159,3.542642343945807e-08,5.876686781587278e-07,True,8.181302832165118,59.778819908224136,3.513601795934554e-05,1.8689883372840135,5.90053233463946,-4.031543997355447,False
GTQ,3700,ssrc_log,160,5.119271389694424e-06,1.01829022338548e-06,True,8.171240025562145,59.478803939954474,6.057253243111141e-05,2.4124334203840583,1.5553441406228266,0.8570892797612317,True
GTQ,3720,ssrc_log,161,9.413176293580064e-06,8.567044034768321e-07,True,8.141738618719078,58.60788883966451,5.021539723630524e-05,7.590886737602128,0.8616672322885202,6.729219505313608,True
GTQ,3740,ssrc_log,162,2.885175228682053e-07,4.305086089775591e-07,True,8.133988247552042,58.38121188505436,2.51393524402474e-05,0.07038978812107977,3.4789106302293513,-3.4085208421082713,False
GTQ,3760,ssrc_log,163,6.397072657932401e-07,1.5417717589517009e-07,True,8.083975565788068,56.93941358047322,8.784351924322504e-06,1.7262614538173953,1.6925400542026,0.033721399614795367,True
GTQ,3780,ssrc_log,164,1.3157304314382497e-05,2.4548349310845173e-06,True,8.05086798095097,56.00460897511494,0.00013748757087473913,2.680833593108326,1.4422545902260295,1.2385790028822963,True
GTQ,3800,ssrc_log,165,3.712583128657667e-06,7.180065268254378e-07,True,8.02344482982922,55.24193820527527,3.9669496379695684e-05,2.5276770733452616,1.4624425001164822,1.0652345732287793,True
GTQ,3820,ssrc_log,166,3.840465271889604e-07,1.895422717485137e-07,True,7.995287451014172,54.46965325115725,1.0329648783903275e-05,0.3200271305720006,2.3291889019726053,-2.0091617714006045,False
GTQ,3840,ssrc_log,167,1.391258189003875e-09,2.911678271608116e-07,True,7.951922197459759,53.301320127193804,1.5524859698250576e-05,4.348469517166308,8.320078974808272,-3.9716094576419643,False
GTQ,3860,ssrc_log,168,9.376398419440117e-08,4.762879481848241e-07,True,8.058558857132764,56.220385844131194,2.6782614258444787e-05,0.82210585649542,4.658228343075448,-3.8361224865800283,False
GTQ,3880,ssrc_log,169,1.8263693008957302e-05,9.296236867709324e-07,True,8.022356648330522,55.21188975300541,5.133170169475445e-05,15.668438715389904,0.38919096405117015,15.279247751338733,True
GTQ,3900,ssrc_log,170,1.1429004913922913e-07,9.293330991971475e-08,True,8.035138496305823,55.56587468418215,5.169377240453549e-06,0.022949781781137712,2.8338770516539964,-2.8109272698728587,False
MXN,500,ssrc_log,0,8.428466030064329e-05,1.1596826084840184e-05,False,,,,,,,False
MXN,520,ssrc_log,1,0.0004467817820221,1.2537231632422262e-05,False,,,,,,,False
MXN,540,ssrc_log,2,0.0004439620409388,1.07009831506922e-05,False,,,,,,,False
MXN,560,ssrc_log,3,0.0001242161671805,1.0289241287164317e-05,False,,,,,,,False
MXN,580,ssrc_log,4,0.0001656892797834,1.086929497182301e-05,False,,,,,,,False
MXN,600,ssrc_log,5,0.0001749585854995,7.573761412666178e-06,False,,,,,,,False
MXN,620,ssrc_log,6,7.990637415081531e-05,6.582080651429892e-06,False,,,,,,,False
MXN,640,ssrc_log,7,1.1534596235692524e-05,1.1531364768917412e-05,False,,,,,,,False
MXN,660,ssrc_log,8,8.14818558978533e-06,9.95777675687011e-06,False,,,,,,,False
MXN,680,ssrc_log,9,8.494175152166053e-06,9.5697999870329e-06,False,,,,,,,False
MXN,700,ssrc_log,10,5.224570473288478e-06,9.007889123896933e-06,False,,,,,,,False
MXN,720,ssrc_log,11,4.377929937919515e-07,8.142470886654325e-06,False,,,,,,,False
MXN,740,ssrc_log,12,1.894716706874465e-05,8.077430777540447e-06,False,,,,,,,False
MXN,760,ssrc_log,13,2.3439427073646243e-07,7.678754248840634e-06,False,,,,,,,False
MXN,780,ssrc_log,14,3.969815887411803e-05,7.421703812769759e-06,False,,,,,,,False
MXN,800,ssrc_log,15,5.78000206894445e-05,7.377505363230817e-06,False,,,,,,,False
MXN,820,ssrc_log,16,2.9082512029559865e-05,7.997277099077753e-06,False,,,,,,,False
MXN,840,ssrc_log,17,1.1731620119774383e-05,7.442755265053902e-06,False,,,,,,,False
MXN,860,ssrc_log,18,7.644192137274826e-05,8.276056860656942e-06,False,,,,,,,False
MXN,880,ssrc_log,19,0.0001553076176025,7.747144352583749e-06,False,,,,,,,False
MXN,900,ssrc_log,20,0.000193622346075,1.0248132260032322e-05,True,3.955043657401164,7.224816449054166,7.404149700600908e-05,14.95461359394108,0.6537678609755184,14.300845732965561,True
MXN,920,ssrc_log,21,1.7493452222884784e-05,7.22672816877037e-06,True,3.897865427868419,7.02118996203735,5.074083339593929e-05,0.5366198033527068,0.40966516426053734,0.12695463909216942,True
MXN,940,ssrc_log,22,6.938888868216794e-05,1.4950221417814169e-05,True,3.720211351600899,6.424415640823733,9.60469787519474e-05,2.1063278566421078,0.04755806999403367,2.058769786648074,True
MXN,960,ssrc_log,23,3.580431108082344e-06,6.615104789766826e-06,True,3.5538619704876084,5.911685499412345,3.910691023130763e-05,0.15512327694952366,1.4823709165912389,-1.3272476396417152,False
MXN,980,ssrc_log,24,5.178032234934008e-07,6.5951329883396174e-06,True,3.5510710998649055,5.903441877774916,3.8934474617046704e-05,1.6230048686514174,3.333339431885647,-1.7103345632342295,False
MXN,1000,ssrc_log,25,5.217004090671793e-05,6.116739498771874e-06,True,3.968369770497063,7.273116544039431,4.448838655575158e-05,5.385581236023167,0.01338628564972244,5.372194950373445,True
MXN,1020,ssrc_log,26,3.558728084103287e-05,9.550079005928376e-06,True,3.854409967688401,6.870280834920196,6.561231179448694e-05,1.410947147136549,0.15416230594729963,1.2567848411892493,True
MXN,1040,ssrc_log,27,0.0001202270205395,8.504812451965833e-06,True,3.707787843126888,6.384632439403992,5.430063993511201e-05,10.487602148484754,0.4192537336151694,10.068348414869584,True
MXN,1060,ssrc_log,28,9.398432019466764e-05,9.018118298060249e-06,True,3.6546107079510652,6.217111152798991,5.606716555924631e-05,7.0778295507144975,0.15970332098947937,6.918126229725019,True
MXN,1080,ssrc_log,29,0.000160768069649,1.7893253531099932e-05,True,3.5717209422777634,5.9647102010283115,0.00010672856833755773,5.78930375048942,0.09665259104526602,5.6926511594441545,True
MXN,1100,ssrc_log,30,3.666278515729663e-06,1.0533204844761508e-05,True,3.480992555528762,5.700171589248753,6.00415450170058e-05,0.40342417627793714,1.8569219816967126,-1.4534978054187755,False
MXN,1120,ssrc_log,31,1.8628687742011607e-05,1.5412681025705634e-05,True,3.535208471513298,5.856805015802877,9.026955321882417e-05,0.019147655034168043,0.7844648274596671,-0.765317172425499,False
MXN,1140,ssrc_log,32,0.0001362784178008,5.808254264136356e-06,True,3.45108239027169,5.615559320854296,3.261705792679471e-05,19.307467818210917,1.7482687771388035,17.559199041072112,True
MXN,1160,ssrc_log,33,0.0002465958325511,3.023094763661194e-05,True,3.466651322700645,5.65944404061204,0.00017109082238848212,5.0581813801087945,0.07575922299800997,4.9824221571107845,True
MXN,1180,ssrc_log,34,9.708915850626451e-06,1.0563830568001828e-05,True,3.385446938437628,5.434260611187625,5.740705178501325e-05,0.003462855654129182,0.946246623954546,-0.9427837683004168,False
MXN,1200,ssrc_log,35,1.2011009950008635e-05,9.59222484712592e-06,True,3.334856792722084,5.298524557164743,5.0825068762798226e-05,0.027290143297217462,0.678886571823039,-0.6515964285258216,False
MXN,1220,ssrc_log,36,2.289310438158815e-05,1.3583058996023416e-05,True,3.2653176752582307,5.117463149403126,6.95112156146334e-05,0.163403565050821,0.43999640599983025,-0.27659284094900927,False
MXN,1240,ssrc_log,37,1.9536685265449408e-06,8.521869333580318e-06,True,3.1856427480345344,4.917603773800167,4.1907568555023866e-05,0.7021803395270425,2.1123760564977885,-1.410195716970746,False
MXN,1260,ssrc_log,38,0.0001513360638925,5.527309156354953e-06,True,3.2796929519165325,5.154378130524954,2.8490256873979356e-05,23.069897681145534,2.6419124735432398,20.427985207602294,True
MXN,1280,ssrc_log,39,9.594327443383072e-05,1.6010763601631407e-05,True,3.3214800629784342,5.263204340560546,8.426834680422928e-05,3.2019274941278226,0.008793824556106333,3.1931336695717163,True
MXN,1300,ssrc_log,40,8.462115764578331e-06,1.5031565739858811e-05,True,3.2471545195168985,5.071198903457736,7.622846681711523e-05,0.13750951526015243,1.3091456573506162,-1.1716361420904637,False
MXN,1320,ssrc_log,41,7.999052029031222e-05,2.1029532541839824e-05,True,3.2383836410141833,5.049008162373048,0.00010617868635545515,1.467742805099447,0.03657286361690204,1.431169941482545,True
MXN,1340,ssrc_log,42,1.110424459253308e-05,1.5068632171759084e-05,True,3.160653270870696,4.856541870859968,7.318182873292266e-05,0.0421990641219383,1.0373547152496032,-0.9951556511276649,False
MXN,1360,ssrc_log,43,0.0068810080121501,1.588826794212955e-05,True,3.1321064522724384,4.787714827745814,7.60688747852149e-05,426.01642016795756,84.95272090440073,341.0636992635568,True
MXN,1380,ssrc_log,44,1.0704430191947531e-05,1.047195966573787e-05,True,3.6256314435135764,6.127676997456673,6.416929912973577e-05,0.00024281817568527764,0.9576826422433042,-0.957439824067619,False
MXN,1400,ssrc_log,45,0.0002847694813311,2.6222732971752636e-05,True,3.5736732597809056,5.9705355478607025,0.00015656425642346283,7.474588270062021,0.2206529957781005,7.253935274283921,True
MXN,1420,ssrc_log,46,2.0909986310684468e-05,2.201887472237125e-05,True,3.526544308729423,5.831487737626503,0.00012840328108861587,0.0013123566391324282,0.9777952851770175,-0.9764829285378851,False
MXN,1440,ssrc_log,47,0.0001675635769646,2.0755602723758388e-05,True,3.4828354903449235,5.705426532346278,0.00011842003701762304,4.98462664068656,0.0678685484750301,4.916758092211531,True
MXN,1460,ssrc_log,48,0.0002254709621365,3.733756256294987e-05,True,3.4264484301601854,5.5468168078418705,0.0002071050742696985,3.2405251674657443,0.0037139720219370176,3.2368111954438072,True
MXN,1480,ssrc_log,49,0.0002438325916953,1.3852166800029811e-05,True,3.3627224585637268,5.372864696320164,7.442625525388808e-05,13.734447187593863,1.089490527561435,12.644956660032427,True
MXN,1500,ssrc_log,50,0.0001283481429049,1.1885373895955152e-05,True,3.3498686079136806,5.33844442287743,6.344984183311707e-05,7.419393023195585,0.31833167685833774,7.101061346337247,True
MXN,1520,ssrc_log,51,2.0035839518106407e-06,1.702409420072332e-05,True,3.3087091370205015,5.229703417376398,8.903138658960222e-05,1.257383169019087,2.816555656006511,-1.559172486987424,False
MXN,1540,ssrc_log,52,2.086494664437745e-05,1.6147216793687924e-05,True,3.465312024554038,5.655655467803541,9.132356051457706e-05,0.03584698962185118,0.7048110213628385,-0.6689640317409873,False
MXN,1560,ssrc_log,53,6.180690747182988e-05,1.5794876044223314e-05,True,3.4150756289829918,5.515364894320853,8.711495638094813e-05,1.5487690654417072,0.05270020677390308,1.4960688586678041,True
MXN,1580,ssrc_log,54,4.259380615531717e-06,1.5718559652694143e-05,True,3.3513312336028513,5.342349923751401,8.397448019704479e-05,0.5766961971059987,2.0321115131064165,-1.4554153160004177,False
MXN,1600,ssrc_log,55,4.161000004126416e-05,1.604832793127434e-05,True,3.401134306292223,5.477052838760852,8.789798775863507e-05,0.6400576224322985,0.22122606513185472,0.41883155730044375,True
MXN,1620,ssrc_log,56,5.0852659127798855e-06,1.6191877680694894e-05,True,3.3398543384434705,5.311780921954608,8.600813813302998e-05,0.4722251844098986,1.8872200035127582,-1.4149948191028596,False
MXN,1640,ssrc_log,57,1.8565557328902053e-05,1.7247686370078577e-05,True,3.37178450944667,5.397264519317754,9.309076541199747e-05,0.002778468056027217,0.8117018874683599,-0.8089234194123327,False
MXN,1660,ssrc_log,58,5.672838588927453e-05,1.585127603646367e-05,True,3.3303147871241903,5.286505246175336,8.379828257586321e-05,1.3037651420243197,0.06710138072179994,1.2366637613025198,True
MXN,1680,ssrc_log,59,9.173620132481404e-05,1.574265527250813e-05,True,3.2736154221451335,5.138738961168097,8.089780987497201e-05,3.0646949893534643,0.008245997603579802,3.0564489917498845,True
MXN,1700,ssrc_log,60,4.292222540851008e-08,1.5996676307480363e-05,True,3.2260679641760768,5.01801271634974,8.02719269315387e-05,4.923429678760943,6.534320180183734,-1.6108905014227908,False
MXN,1720,ssrc_log,61,1.0326055893089455e-05,1.4963424178824271e-05,True,3.976119336036164,7.30135296036662,0.00010925387156057609,0.06102486073829616,1.4535181963957564,-1.3924933356574603,False
MXN,1740,ssrc_log,62,3.718982404702326e-05,1.5324185351539182e-05,True,3.939901439523823,7.170323124409013,0.0001098799776211837,0.5402683425287602,0.4218120867716708,0.1184562557570894,True
MXN,1760,ssrc_log,63,9.5483052486807e-06,1.890091394125817e-05,True,3.876413556861909,6.9462835700498236,0.00013129170259744427,0.18802350693413272,1.6937837920863372,-1.5057602851522045,False
MXN,1780,ssrc_log,64,3.664236415945624e-06,1.5786102072510753e-05,True,3.856366512553617,6.877005129825168,0.00010856169263311316,0.692627840274836,2.4224512109899043,-1.7298233707150683,False
MXN,1800,ssrc_log,65,7.54438008994045e-06,9.253208762268776e-06,True,3.883371497229977,6.970491568516062,6.450001070827031e-05,0.019493284820828682,1.2628295764399606,-1.243336291619132,False
MXN,1820,ssrc_log,66,0.0001742854338282,2.944051933684376e-05,True,3.841583317109864,6.826360477406639,0.00020097218027140387,3.1415946538222226,0.009683850806698313,3.1319108030155243,True
MXN,1840,ssrc_log,67,1.103033782834356e-05,9.573161451353224e-06,True,3.795746933170713,6.671691770920805,6.386974964586667e-05,0.010528790168337965,0.9288968889173661,-0.9183680987490281,False
MXN,1860,ssrc_log,68,6.484408018274832e-06,2.094316254718849e-05,True,3.747143989042108,6.511514000361464,0.00013637224728926375,0.4820310271785737,2.0935370531335544,-1.6115060259549807,False
MXN,1880,ssrc_log,69,6.702736252491327e-05,1.665133361282813e-05,True,3.752533634718846,6.529085041790355,0.00010871852612588128,1.6327343795634341,0.10018327535147331,1.5325511042119608,True
MXN,1900,ssrc_log,70,6.550998020153112e-05,1.1354956135113553e-05,True,3.7024948615526134,6.367757907469481,7.230614849412918e-05,3.0167369965314323,0.00471509816731186,3.0120218983641207,True
MXN,1920,ssrc_log,71,7.565803927760644e-08,1.17753356117315e-05,True,3.6611020429493855,6.23732261049909,7.344709078952908e-05,4.053963844643169,5.8791269714247,-1.825163126781531,False
MXN,1940,ssrc_log,72,7.81964340664205e-06,9.959635023897857e-06,True,4.094303645586802,7.745808224588736,7.714609746283252e-05,0.02703500367717182,1.3904235306856942,-1.3633885270085224,False
MXN,1960,ssrc_log,73,1.1169429885851128e-05,6.513567203164109e-06,True,4.051732596405739,7.582676959585767,4.939093422384195e-05,0.1755012945426786,0.7127296384624604,-0.5372283439197818,False
MXN,1980,ssrc_log,74,1.4481231016773894e-05,1.3555894238320006e-05,True,3.9969216492348294,7.377691793755578,0.00010001184744825141,0.002228897311524758,1.0772304107750874,-1.0750015134635627,False
MXN,2000,ssrc_log,75,1.6790731651771836e-05,1.1342417038805696e-05,True,3.9493778749856405,7.20437829326235,8.17156835453301e-05,0.08807101280040519,0.7878963685112848,-0.6998253557108796,False
MXN,2020,ssrc_log,76,1.1153077510354214e-05,1.190949697525304e-05,True,3.898434229682489,7.023187078808468,8.364322759041357e-05,0.002106704632550027,1.14818606371374,-1.14607935908119,False
MXN,2040,ssrc_log,77,3.666392414412938e-05,1.1639547934981211e-05,True,3.8557471967384913,6.87487594048354,8.002103554390126e-05,1.0025593229651388,0.2386748425082592,0.7638844804568796,True
MXN,2060,ssrc_log,78,2.76216903523942e-06,1.1118505866016554e-05,True,3.807821695529787,6.712093153809544,7.462901831319636e-05,0.6410245379569679,2.333525161034181,-1.692500623077213,False
MXN,2080,ssrc_log,79,0.0001998779076425,1.2129484382894716e-05,True,3.816743907169251,6.742103401314844,8.177881212444989e-05,12.676613809581927,0.5504397539638035,12.126174055618122,True
MXN,2100,ssrc_log,80,1.4401975673873772e-07,1.1051374605570918e-05,True,3.822817752722831,6.762609771067775,7.473671015234128e-05,3.3533914491679546,5.253703223419021,-1.9003117742510662,False
MXN,2120,ssrc_log,81,4.225542211575825e-06,1.0290649021257872e-05,True,4.093869855545108,7.744128379533989,7.969278154218472e-05,0.30070763678683754,1.99005432246293,-1.6893466856760924,False
MXN,2140,ssrc_log,82,3.546797614824003e-06,1.0368143009669063e-05,True,4.073371593660486,7.665163147478309,7.94741742218149e-05,0.4147789176594736,2.1540153043861556,-1.739236386726682,False
MXN,2160,ssrc_log,83,3.6902792945116e-05,1.000395072189726e-05,True,4.059881802214604,7.613636388003782,7.616710460367248e-05,1.3835147929604457,0.20914021172218433,1.1743745812382613,True
MXN,2180,ssrc_log,84,9.67724715824938e-07,9.246711041115998e-06,True,4.0162451965411865,7.4493188469402725,6.888234376268082e-05,1.3617316418500698,3.2792564545535487,-1.917524812703479,False
MXN,2200,ssrc_log,85,5.079072087602837e-06,9.224854041893438e-06,True,4.067673415311427,7.643355494858946,7.050950316592746e-05,0.1473584142396689,1.7026527782131913,-1.5552943639735224,False
MXN,2220,ssrc_log,86,0.0001397048081761,1.0110030821160428e-05,True,4.0368427781122715,7.526434239282691,7.609313477600907e-05,10.192431835844118,0.22839761938898828,9.96403421645513,True
MXN,2240,ssrc_log,87,0.0009727818133748,0.0004114965058457,True,4.037121629289527,7.5274836899652104,0.0030975338889795492,0.5036506122833133,0.4722521565402915,0.0313984557430218,True
MXN,2260,ssrc_log,88,2.054256721353582e-05,4.376963864115785e-05,True,3.991361065630906,7.357208146197609,0.0003220229776876668,0.22577492998737902,1.81591595995364,-1.590141029966261,False
MXN,2280,ssrc_log,89,0.0004021663246294,1.352105239951906e-05,True,3.967452170476095,7.2697804034619615,9.829570874624635e-05,25.351096833354447,1.6825071162923146,23.668589717062133,True
MXN,2300,ssrc_log,90,1.0471659246528388e-05,9.796038099577986e-05,True,4.008928766031116,7.422117419768033,0.000727074092447633,1.342787514358116,3.254758364186401,-1.9119708498282848,False
MXN,2320,ssrc_log,91,1.2109815636761052e-05,1.3191278928142188e-05,True,4.055307444003018,7.596242536946931,0.00010020481373493911,0.003556388097287755,1.2340505330269376,-1.2304941449296498,False
MXN,2340,ssrc_log,92,9.92661262126623e-06,9.610603315448613e-06,True,4.015986223507492,7.448354323037666,7.158382358705411e-05,0.000529025079530232,1.1143209974969133,-1.113791972417383,False
MXN,2360,ssrc_log,93,0.0005036987034684,9.940482181746907e-06,True,3.9758161389883298,7.300246169931248,7.256859699918468e-05,45.746093046500846,4.003554989291532,41.742538057209316,True
MXN,2380,ssrc_log,94,0.0001221996837325,3.287035051895106e-05,True,4.051037237550004,7.58004107704637,0.0002491592651546692,1.404541019139903,0.20288393457004483,1.2016570845698582,True
MXN,2400,ssrc_log,95,2.3306443210715172e-05,2.942184800546724e-06,True,4.012842476077097,7.436655647484851,2.188065887849463e-05,4.851897534880891,0.0020350908910182763,4.849862443989872,True
MXN,2420,ssrc_log,96,3.299863238493636e-06,1.1170505741811326e-05,True,3.9919523539118282,7.359383583237946,8.220867251110983e-05,0.5148044440675819,2.25551986342155,-1.740715419353968,False
MXN,2440,ssrc_log,97,4.904588322354966e-06,1.2326791942213896e-05,True,3.9865042114820315,7.339363378870768,9.047143929598183e-05,0.31948429335190953,1.9690745082976298,-1.6495902149457202,False
MXN,2460,ssrc_log,98,0.0002898760155013,1.4428017913427236e-05,True,3.9700830736882886,7.279349740389573,0.0001050272163874167,16.090906368633416,0.7447747742063446,15.34613159442707,True
MXN,2480,ssrc_log,99,4.4058887748096894e-05,1.5581545943434553e-05,True,3.9869150155854034,7.340871054001338,0.00011438275367985609,0.7881927954527168,0.33921142253914716,0.44898137291356965,True
MXN,2500,ssrc_log,100,1.297552810999544e-05,1.6165028437646774e-05,True,3.9482250412737514,7.200226764797952,0.00011639249043314081,0.022476365954644084,1.3053836890904686,-1.2829073231358246,False
MXN,2520,ssrc_log,101,9.196774294064454e-06,1.382084299748541e-05,True,3.916158945584462,7.085705698660412,9.79310345581431e-05,0.07275289526803319,1.4593214229285936,-1.3865685276605604,False
MXN,2540,ssrc_log,102,1.8314183406390404e-05,1.3987429216890416e-05,True,3.888079648593208,6.986919962461017,9.772964711099837e-05,0.03981482757867649,0.861925547804208,-0.8221107202255316,False
MXN,2560,ssrc_log,103,0.0003472381078556,1.5375551431023417e-05,True,3.851201079283171,6.8592666908168525,0.0001054655937104294,18.46655034780047,1.1008042589017935,17.36574608889868,True
MXN,2580,ssrc_log,104,5.002184027654895e-05,1.5408758403987186e-05,True,3.8736102437584283,6.936554086463736,0.0001068842797299184,1.0688015317268276,0.2272870111104821,0.8415145206163455,True
MXN,2600,ssrc_log,105,4.970209415090535e-05,1.4040459887912284e-05,True,3.8390405978000794,6.8176872326808775,9.572404588751084e-05,1.275815329496611,0.17464512642154828,1.1011702030750627,True
MXN,2620,ssrc_log,106,2.2581215624857462e-10,1.3697612442649898e-05,True,3.8060078877185988,6.706008689742781,9.185687867000803e-05,10.013045100244106,11.916041228761738,-1.902996128517632,False
MXN,2640,ssrc_log,107,3.8136330476253965e-07,1.4702982289436066e-05,True,4.96444294082264,11.96782106991423,0.0001759637580161957,2.677990972208053,5.1364481391115255,-2.4584571669034725,False
MXN,2660,ssrc_log,108,0.000144850600129,3.7758690913350464e-05,True,5.081718125844844,12.690568286103007,0.0004791804144865598,1.491731609622759,0.49866253901520063,0.9930690706075584,True
MXN,2680,ssrc_log,109,7.770161266520596e-06,6.605576439600945e-06,True,5.040998499718279,12.434803187885416,8.214018644928942e-05,0.013926573394188901,1.4527328024196806,-1.4388062290254917,False
MXN,2700,ssrc_log,110,2.556113216719003e-05,1.5418708423952737e-05,True,4.995921612512455,12.157676807326999,0.00018745678957250833,0.15230850942173113,1.1288329027865127,-0.9765243933647816,False
MXN,2720,ssrc_log,111,2.7526577351313127e-05,1.5658744630044543e-05,True,4.95050554973095,11.88471088964014,0.0001861007412938734,0.19378201709667975,1.0590483989947028,-0.8652663818980231,False
MXN,2740,ssrc_log,112,9.57422167752603e-06,1.2891578285615685e-05,True,4.905925498590102,11.622730996140916,0.0001498364088025022,0.040172585092641766,1.81436767814954,-1.7741950930568982,False
MXN,2760,ssrc_log,113,5.062000728703016e-06,1.148687958395416e-05,True,4.86801196021751,11.404476800468409,0.00013100289217265947,0.2601204192597186,2.2920979683807206,-2.031977549121002,False
MXN,2780,ssrc_log,114,4.932800789378517e-06,1.1443761111336412e-05,True,4.840460472904404,11.248448819720231,0.00012872558601085432,0.2725849276882546,2.3000962424252474,-2.0275113147369925,False
MXN,2800,ssrc_log,115,1.918113406402581e-05,1.0056464031886953e-05,True,4.813635642961128,11.098587206018204,0.00011161355290080338,0.2616321943008528,0.9329683802089019,-0.6713361859080491,False
MXN,2820,ssrc_log,116,0.0002755910255594,1.2248984166665635e-05,True,4.771993077001215,10.869889532745932,0.0001331460917689627,18.385617350391325,0.34236837584810487,18.04324897454322,True
MXN,2840,ssrc_log,117,1.3195331336298486e-05,1.1894988670912e-05,True,4.789721268518094,10.96666957454266,0.0001304494070137777,0.005572640062287304,1.3922752510965624,-1.386702611034275,False
MXN,2860,ssrc_log,118,0.0001248542642931,1.0502975654229096e-05,True,4.750192673951974,10.752048956066174,0.00011292948362353802,8.412024885319449,0.005211341514289147,8.406813543805159,True
MXN,2880,ssrc_log,119,5.570982452092481e-05,9.727988096198089e-06,True,4.74246371531565,10.710578068552339,0.00010419334701208433,2.98160764857277,0.16076913265031845,2.8208385159224516,True
MXN,2900,ssrc_log,120,1.1768685532209988e-05,9.16434590238748e-06,True,4.715025360691637,10.56464110541593,9.681898188872337e-05,0.034059999440136046,1.2289543274017252,-1.1948943279615891,False
MXN,2920,ssrc_log,121,5.570409955062062e-06,4.536823846054164e-06,True,4.67640313685315,10.362583397374575,4.701415172227369e-05,0.022580043038850084,1.251463690333991,-1.228883647295141,False
MXN,2940,ssrc_log,122,2.912645023504503e-06,8.542759059211169e-06,True,4.6386326301125065,10.16871972839872,8.686983945233036e-05,0.4169714035421441,2.4288781298741258,-2.011906726331982,False
MXN,2960,ssrc_log,123,4.190328536644632e-06,8.670495221305774e-06,True,4.621573639617065,10.082354531174433,8.741991501751167e-05,0.2104327194715152,2.0858773170696425,-1.8754445975981273,False
MXN,2980,ssrc_log,124,1.552877134024888e-07,8.415040657226778e-06,True,4.596476368885467,9.956625255809442,8.378630199893301e-05,3.010949916741324,5.292598578988987,-2.2816486622476635,False
MXN,3000,ssrc_log,125,1.2605946187534172e-05,7.777738545165386e-06,True,4.72130134402449,10.597844930580365,8.242822679675356e-05,0.13786968353954054,1.0306917097659931,-0.8928220262264526,False
MXN,3020,ssrc_log,126,2.719819750814027e-06,8.513306604594628e-06,True,4.683532120825787,10.399586652576346,8.853580969309761e-05,0.4605434681126317,2.513561485797295,-2.0530180176846633,False
MXN,3040,ssrc_log,127,2.744283921304718e-08,8.049565174375994e-06,True,4.6668171951474235,10.313034674837143,8.301637606416861e-05,4.684677318481168,7.015018473321547,-2.3303411548403785,False
MXN,3060,ssrc_log,128,5.196792280740221e-05,7.764130795377396e-06,True,4.924187740028084,11.729345570456108,9.106924608775878e-05,3.7922221324430865,0.13163535117710934,3.660586781265977,True
MXN,3080,ssrc_log,129,3.834670177578188e-05,7.388707143461546e-06,True,4.902949901830926,11.605451573134639,8.575034348667427e-05,2.543191096511676,0.25196163698304597,2.29122945952863,True
MXN,3100,ssrc_log,130,6.09899740601699e-05,7.734831542241105e-06,True,4.876486011533289,11.452900374807053,8.858730035924005e-05,4.820131178294549,0.06175212813153763,4.758379050163011,True
MXN,3120,ssrc_log,131,7.604997371522925e-06,7.540994639816181e-06,True,4.859352116079489,11.355203057401216,8.563056091019262e-05,3.58146804613213e-05,1.5100483790029124,-1.5100125643224511,False
MXN,3140,ssrc_log,132,0.0001261024141183,3.596523977290022e-05,True,4.8236922568203955,11.154534852062485,0.0004011765359630846,1.2516888417758096,0.47163866204711247,0.7800501797286972,True
MXN,3160,ssrc_log,133,3.025758067127673e-06,1.7750436281244643e-05,True,4.792134078897156,10.979907805358849,0.00019489915186374348,0.9397094874712204,3.1808453310283484,-2.241135843557128,False
MXN,3180,ssrc_log,134,0.0002522303937695,6.820319082981278e-06,True,4.792737642239349,10.983221840317183,7.491007583231607e-05,32.37176176902472,1.1530545177550513,31.21870725126967,True
MXN,3200,ssrc_log,135,8.847338444494049e-05,6.101210107192154e-06,True,4.831903150081649,11.20042333148571,6.83371560772246e-05,10.82674220512423,0.03641189410398504,10.790330311020245,True
MXN,3220,ssrc_log,136,1.2539616747068614e-05,6.56590661179849e-06,True,4.832374309017296,11.203062232076734,7.35592806882058e-05,0.26280497983718343,0.9396681888864531,-0.6768632090492697,False
MXN,3240,ssrc_log,137,1.733344091823443e-05,1.3787095310830407e-05,True,4.797071408426338,11.007047001882613,0.00015175620681044585,0.028317495446805507,1.2838566855875584,-1.2555391901407529,False
MXN,3260,ssrc_log,138,2.4531518961737824e-06,7.379314120819146e-06,True,4.762481225118936,10.818315880586193,7.983273297267977e-05,0.4337433125649566,2.513288569326296,-2.0795452567613397,False
MXN,3280,ssrc_log,139,6.24136911072787e-05,8.76173390111579e-06,True,4.745716862756347,10.728013789767148,9.39969749148195e-05,4.160049771717401,0.07347474581112134,4.08657502590628,True
MXN,3300,ssrc_log,140,2.054933133151473e-05,1.3723572997805178e-05,True,4.727761771617591,10.632133585517165,0.00014591182459661945,0.09366133329273274,1.1010079964626027,-1.00734666316987,False
MXN,3320,ssrc_log,141,9.467333669563722e-05,1.038953992397771e-05,True,4.694022055662072,10.454275440814934,0.0001086160574961505,5.9027375783520375,0.009019819763487646,5.89371775858855,True
MXN,3340,ssrc_log,142,8.640597907342e-05,2.754054982147599e-05,True,4.682084713775084,10.3920631577719,0.0002862040723508579,0.9940119522270645,0.49955160830517076,0.49446034392189375,True
MXN,3360,ssrc_log,143,1.0835301486984151e-05,5.600139486684273e-06,True,4.652184638800092,10.237856990110162,5.7334350975041534e-05,0.27480911808835673,0.8550749399058477,-0.580265821817491,False
MXN,3380,ssrc_log,144,0.0001638349867086,4.771284936627472e-05,True,4.619864094332392,10.073740092568578,0.00048064775096573616,1.2001117509453572,0.41713783357556644,0.7829739173697907,True
MXN,3400,ssrc_log,145,5.954966606931896e-05,1.270788216335409e-05,True,4.5916325730002505,9.932540502766603,0.00012622244754595006,2.141453481728221,0.22301860291709485,1.9184348788111263,True
MXN,3420,ssrc_log,146,0.0001250375173492,1.212215157201291e-05,True,4.567560963914753,9.813710925916231,0.00011896417269896831,6.981216392518034,0.0012604268039480004,6.979955965714086,True
MXN,3440,ssrc_log,147,3.0011081812487528e-05,9.895596999708073e-06,True,4.559177450908286,9.772660336467013,9.670718557074271e-05,0.9232944262381364,0.48045038938784357,0.44284403685029283,True
MXN,3460,ssrc_log,148,6.938907582143276e-06,1.775600793559293e-05,True,4.5305805836512105,9.633920843696918,0.00017106083834364096,0.3303716780549151,2.2454388948705484,-1.9150672168156333,False
MXN,3480,ssrc_log,149,1.9855211405587853e-08,9.88582858285515e-06,True,4.514174278271937,9.555215577026715,9.446207878827117e-05,5.212399494253777,7.4676974306862665,-2.2552979364324894,False
MXN,3500,ssrc_log,150,2.8072686360386723e-05,1.2137904566212605e-05,True,4.784120295335991,10.936000527622063,0.00013274112434038006,0.47434766711326337,0.7650881801873073,-0.2907405130740439,False
MXN,3520,ssrc_log,151,6.044966833907781e-05,1.3435406807038652e-05,True,4.753170717818549,10.768070918355862,0.00014467439012224513,1.9953632643828487,0.29050708448692264,1.704856179895926,True
MXN,3540,ssrc_log,152,2.699332756450578e-05,1.0922339873768769e-05,True,4.728816946229729,10.637744444212078,0.0001161900240844242,0.566607402594691,0.6919578077151276,-0.1253504051204366,False
MXN,3560,ssrc_log,153,0.0001145358116269,9.914551756080715e-06,True,4.698940965013593,10.480018901890721,0.00010390563780938994,8.10540949470651,0.004901654110953002,8.100507840595558,True
MXN,3580,ssrc_log,154,7.369844879369791e-05,8.041814394478747e-06,True,4.693529181223828,10.451699435672174,8.405157213849747e-05,5.949078567684854,0.00827296899729224,5.940805598687562,True
MXN,3600,ssrc_log,155,1.667291772245571e-06,1.2479712408962807e-05,True,4.682349878079525,10.39344105121139,0.00012970809460273135,1.146503877565519,3.3669400672253342,-2.2204361896598153,False
MXN,3620,ssrc_log,156,2.355337709275108e-05,1.1792484601636912e-05,True,4.692520408040584,10.446429067880315,0.00012319029856797762,0.30551421549738755,0.8456561560611007,-0.5401419405637131,False
MXN,3640,ssrc_log,157,1.5791499127545964e-05,1.0750372481881058e-05,True,4.662723533703679,10.291947227208961,0.00011064319545108201,0.08439440362751016,1.089563342688209,-1.0051689390606988,False
MXN,3660,ssrc_log,158,1.546174761988056e-05,1.0161204125677214e-05,True,4.633085055857395,10.14055294689969,0.00010304114249598007,0.10185308664152126,1.0468133887117737,-0.9449603020702524,False
MXN,3680,ssrc_log,159,2.7117606409892676e-05,9.760483666972726e-06,True,4.60378576023405,9.993080266470425,9.753819603165869e-05,0.7564643531569772,0.5580812363720868,0.1983831167848904,True
MXN,3700,ssrc_log,160,1.1351958438986638e-05,9.525696459971611e-06,True,4.576657857312559,9.858449735896436,9.390948559501034e-05,0.016322281497968216,1.2338230352559174,-1.2175007537579492,False
MXN,3720,ssrc_log,161,1.3682694745652174e-06,8.898100891770089e-06,True,4.54864753474494,9.721342900067135,8.650236206258021e-05,1.0260620421979505,3.1624426487931245,-2.136380606595174,False
MXN,3740,ssrc_log,162,1.3642916622160256e-07,9.081791716320636e-06,True,4.554626790298224,9.750449584223839,8.855242730936448e-05,3.2132435008513553,5.477085163231859,-2.2638416623805035,False
MXN,3760,ssrc_log,163,5.393803502626147e-07,8.396750836015838e-06,True,4.660058500769161,10.278242171182852,8.630476636786997e-05,1.8094159171917217,4.081468841424922,-2.2720529242332,False
MXN,3780,ssrc_log,164,1.54937377473119e-06,9.954747192797011e-06,True,4.693305316710506,10.45052961883974,0.00010403332543934881,1.0158404090605457,3.2217535042103362,-2.2059130951497905,False
MXN,3800,ssrc_log,165,7.353389555964359e-06,1.022531261999269e-05,True,4.696199528772037,10.465663590865924,0.00010701562855863845,0.04884082040888682,1.7465267446283121,-1.6976859242194253,False
MXN,3820,ssrc_log,166,1.3857372322605449e-06,9.764739185801654e-06,True,4.671000689401894,10.334629513087899,0.000100915895240143,1.094457924289899,3.301786759066358,-2.207328834776459,False
MXN,3840,ssrc_log,167,3.189051303928397e-05,9.8078285550961e-06,True,4.67605269896505,10.360767835519118,0.00010161757070670919,1.0724088819180602,0.47273662035314823,0.5996722615649119,True
MXN,3860,ssrc_log,168,2.7939295640353864e-05,5.466932549140558e-06,True,4.651780268510036,10.23578725675156,5.5959282098738924e-05,2.4792817373496714,0.19386919913822664,2.2854125382114447,True
MXN,3880,ssrc_log,169,7.870686996298876e-06,4.115339694228026e-06,True,4.633172487206501,10.14099625770185,4.173455853796406e-05,0.2641002875768337,0.8567733755794054,-0.5926730880025717,False
MXN,3900,ssrc_log,170,6.825322436010892e-07,6.640951575889405e-06,True,4.606120900482274,10.004754702472521,6.644199198324207e-05,1.377977044223487,3.5885473792127316,-2.2105703349892445,False
PEN,500,ssrc_log,0,0.0006233305507869,7.092133612089425e-06,False,,,,,,,False
PEN,520,ssrc_log,1,1.923063102166459e-05,8.143638396031967e-06,False,,,,,,,False
PEN,540,ssrc_log,2,8.68017574716906e-08,4.954071067713384e-06,False,,,,,,,False
PEN,560,ssrc_log,3,1.866685258099054e-05,1.006514102889137e-05,False,,,,,,,False
PEN,580,ssrc_log,4,5.6841389856534976e-06,8.550268767711069e-06,False,,,,,,,False
PEN,600,ssrc_log,5,1.284023646617063e-07,1.46641146370253e-06,False,,,,,,,False
PEN,620,ssrc_log,6,1.2739599444505344e-07,6.724367104748667e-06,False,,,,,,,False
PEN,640,ssrc_log,7,0.0289727443945369,7.507635827436456e-06,False,,,,,,,False
PEN,660,ssrc_log,8,5.113469479613905e-07,5.805215881310662e-06,False,,,,,,,False
PEN,680,ssrc_log,9,0.0003432647538088,3.742328117531581e-06,False,,,,,,,False
PEN,700,ssrc_log,10,1e-10,5.917879544021728e-06,False,,,,,,,False
PEN,720,ssrc_log,11,0.000172212658226,7.216840392479464e-06,False,,,,,,,False
PEN,740,ssrc_log,12,5.090387971172618e-07,4.131114394810238e-06,False,,,,,,,False
PEN,760,ssrc_log,13,0.0003321935108008,7.554876963328402e-06,False,,,,,,,False
PEN,780,ssrc_log,14,1.1835214243785843e-05,6.285403389878565e-06,False,,,,,,,False
PEN,800,ssrc_log,15,7.803180557827917e-05,6.914509774552269e-06,False,,,,,,,False
PEN,820,ssrc_log,16,0.000205117546685,7.112379499272832e-06,False,,,,,,,False
PEN,840,ssrc_log,17,5.0850008145633e-05,8.098760268846092e-06,False,,,,,,,False
PEN,860,ssrc_log,18,1.396011475761692e-06,8.090942999618986e-06,False,,,,,,,False
PEN,880,ssrc_log,19,1.1225195272692957e-07,7.780304885039368e-06,False,,,,,,,False
PEN,900,ssrc_log,20,5.244980580856069e-06,7.824149839177041e-06,True,17.385735932046707,5960.251552853668,0.04663449715387002,0.07030143480531326,8.09293675905294,-8.022635324247627,False
PEN,920,ssrc_log,21,2.354243077284743e-07,7.343038009583508e-06,True,16.52901825925374,3883.566182266725,0.0285175623457359,2.4721793693035354,10.70464948265043,-8.232470113346894,False
PEN,940,ssrc_log,22,0.0005832006890419,8.089926962094387e-06,True,16.308027489512387,3477.308120177437,0.028131516347745213,66.81182311511054,2.8968456640895806,63.91497745102096,True
PEN,960,ssrc_log,23,0.0005266713341236,6.745561979352505e-06,True,16.389074365520628,3621.114689729984,0.024426815585386397,72.71902517209335,2.858421302653369,69.86060386943998,True
PEN,980,ssrc_log,24,4.260038604218253e-06,6.265921494229265e-06,True,16.425446974800135,3687.5718580981093,0.023106404424357702,0.06572167981137289,7.59877124976871,-7.5330495699573365,False
PEN,1000,ssrc_log,25,4.18660209366931e-06,6.329078558665748e-06,True,15.759577897228452,2643.314625613465,0.01673001015224032,0.07475203645245299,7.293320197084814,-7.218568160632361,False
PEN,1020,ssrc_log,26,6.33306687702887e-06,4.677838491168784e-06,True,15.147017118127753,1945.95581913622,0.009103061528451206,0.05089623086306161,6.271277157414269,-6.220380926551207,False
PEN,1040,ssrc_log,27,1.7122103027065916e-05,6.021263733805037e-06,True,14.564580353564612,1454.314852258044,0.008756958608920618,0.7985331798607238,5.23918898616618,-4.440655806305457,False
PEN,1060,ssrc_log,28,4.783623308578838e-06,6.556830523856061e-06,True,14.048094187085335,1123.323626499581,0.007365554874763788,0.04487242074489295,6.340020850415183,-6.29514842967029,False
PEN,1080,ssrc_log,29,1.5326217237365912e-06,1.3132720604211658e-06,True,13.55827823758668,879.3114155057922,0.0011548629455346942,0.012567267785546843,5.626084242845057,-5.613516975059509,False
PEN,1100,ssrc_log,30,0.0005516219267133,4.973923818045435e-06,True,13.091068180123465,696.1283749279222,0.0034625590173087482,105.19411563500864,0.9962107752491616,104.19790485975948,True
PEN,1120,ssrc_log,31,5.825732823222325e-05,6.396076026412606e-06,True,13.29634971111355,771.3751688659961,0.004933851262470661,5.899106810602676,3.4508129383631347,2.4482938722395415,True
PEN,1140,ssrc_log,32,0.0003155652344793,7.053396331205355e-06,True,12.970563488764148,655.4236001450133,0.004623027859008258,39.938616790054304,1.752699151544356,38.18591763850995,True
PEN,1160,ssrc_log,33,0.0001197129508021,6.362858863012575e-06,True,12.9056179792287,634.482045464847,0.004037183054612896,14.879714818889337,2.5478582576905007,12.331856561198837,True
PEN,1180,ssrc_log,34,0.0001081118112652,7.275403207647488e-06,True,12.681660049951994,567.2669617751153,0.004127152499987297,11.161239733528447,2.6683722545564534,8.492867478971993,True
PEN,1200,ssrc_log,35,0.0008565183234581,7.111715151827585e-06,True,12.432003714017329,500.6973651596863,0.003560867008022806,114.64652660774192,0.6654200788772071,113.98110652886471,True
PEN,1220,ssrc_log,36,0.0005037832155076,9.658489784128068e-06,True,12.546203154841262,530.1190359289667,0.005120202204795339,47.205317317915316,1.417194436299173,45.78812288161615,True
PEN,1240,ssrc_log,37,1.815433282642754e-06,9.227509754735364e-06,True,12.467537043183235,509.6725810415116,0.004703059580539804,0.822606460906151,6.8600303991600695,-6.0374239382539185,False
PEN,1260,ssrc_log,38,0.0001638693114223,1.0945258488552922e-05,True,12.295809230933449,467.7362718851426,0.0051195410738821435,11.265554013169796,2.4737594453805483,8.791794567789248,True
PEN,1280,ssrc_log,39,4.1912511513349375e-06,1.2253831671133512e-05,True,12.064036576884757,416.55490949617086,0.005104435298241282,0.41487534994204767,6.105686913464006,-5.690811563521958,False
PEN,1300,ssrc_log,40,1.4647583823265458e-06,1.4119547187496794e-05,True,11.848340834916913,373.96806925956975,0.005280297097334491,1.3696096167095786,7.190324742175683,-5.820715125466105,False
PEN,1320,ssrc_log,41,0.0005080418893716,2.288779225358208e-05,True,11.783499142534222,362.03814212704634,0.008286289888690873,18.0971081402606,1.8531048450111363,16.244003295249467,True
PEN,1340,ssrc_log,42,5.630267670985717e-07,1.2197354894496817e-05,True,11.628812323316826,335.0923487206176,0.004087273709010732,2.121806967577156,7.89019931142146,-5.7683923438443045,False
PEN,1360,ssrc_log,43,0.000208771406612,1.408825390627862e-05,True,11.70036241343457,347.29730738216625,0.0048928472770975884,11.122929144852932,2.1969584678417404,8.925970677011192,True
PEN,1380,ssrc_log,44,2.236602532628111e-05,4.34821961428321e-05,True,11.518325020873753,317.08266426572175,0.01378748220936032,0.1791805153119166,5.425595490200102,-5.246414974888186,False
PEN,1400,ssrc_log,45,5.330001268626589e-05,1.5802509875348565e-05,True,11.301055026123633,284.4414728473595,0.004494917527776374,1.1571149434437404,3.4466238699643075,-2.289508926520567,False
PEN,1420,ssrc_log,46,0.000471253649931,2.1758495970149367e-05,True,11.055285084378552,251.55019249920124,0.005473378904803418,17.582982116841276,1.5383541556215823,16.044627961219692,True
PEN,1440,ssrc_log,47,2.351752759021622e-06,1.235503824446456e-05,True,10.932011921228577,236.51365890377954,0.0029221588524603326,0.8492507011825607,6.125721849842742,-5.276471148660182,False
PEN,1460,ssrc_log,48,0.0003093855103072,1.84495340231343e-05,True,10.823304468362274,224.0013848453265,0.004132743471071536,12.949736884202435,1.6669706552667116,11.282766228935724,True
PEN,1480,ssrc_log,49,0.0005676515400178,2.7254955150064544e-05,True,10.687018521560466,209.24572117642626,0.005703003570578526,16.791189501970617,1.4067760526662858,15.384413449304331,True
PEN,1500,ssrc_log,50,3.685598642261573e-05,2.466956110562876e-05,True,10.571493387122203,197.50160157742894,0.004872297478734087,0.09253838473596598,3.8918672029024783,-3.7993288181665124,False
PEN,1520,ssrc_log,51,0.0004706712946701,2.4898427629852865e-05,True,10.36344726568674,177.9893350136412,0.0044316722756562845,14.964300041813603,1.348578568699935,13.615721473113668,True
PEN,1540,ssrc_log,52,0.0001441477343969,2.9482702130767183e-05,True,10.247542409979236,167.96761701991358,0.004952155916974594,2.302195784459554,2.565847669275413,-0.2636518848158591,False
PEN,1560,ssrc_log,53,7.399641724278656e-06,3.0135562229918324e-05,True,10.060732235275463,152.98901441993794,0.004610425163447354,0.6498195295217668,5.436248755017612,-4.786429225495845,False
PEN,1580,ssrc_log,54,0.000173237458778,3.3069263460098374e-05,True,9.96615199948305,145.92254974306655,0.0048255657344777525,2.582565658926126,2.3629199373684413,0.21964572155768458,True
PEN,1600,ssrc_log,55,0.000338991745854,3.6480503611841136e-05,True,9.79425376499921,133.9045031062707,0.004884916999660412,6.0632108215300216,1.7373274148452653,4.325883406684756,True
PEN,1620,ssrc_log,56,0.0004252347066585,3.7955400121529874e-05,True,9.65079831915562,124.63620819171602,0.0047306295151677,7.787306917227392,1.499061960975792,6.288244956251599,True
PEN,1640,ssrc_log,57,0.0005701260154678,6.344227544429897e-05,True,9.520861459581052,116.79622267858022,0.007409829709650432,5.790804666194554,1.6416471719817376,4.149157494212817,True
PEN,1660,ssrc_log,58,0.0003408344396075,4.175006214705823e-05,True,9.383272790531306,109.03145245798342,0.004552080719250079,5.0639910950127405,1.6668172912129053,3.397173803799835,True
PEN,1680,ssrc_log,59,2.422324826946652e-06,1.92534218932212e-05,True,9.245423242849022,101.76961899629084,0.001959423487409866,1.1987737457076055,5.696914062211599,-4.498140316503994,False
PEN,1700,ssrc_log,60,4.355130641223708e-06,2.2552904710354288e-05,True,9.239172685050386,101.45205704675885,0.0022880486204506843,0.8376165664785942,5.266003420372744,-4.42838685389415,False
PEN,1720,ssrc_log,61,0.0003179062362621,2.001618348677876e-05,True,9.189787925538308,98.97763967637422,0.0019811643946145473,12.117244769832958,0.9901478837670601,11.127096886065898,True
PEN,1740,ssrc_log,62,8.606644866919431e-07,2.581208144904996e-05,True,9.098910566368888,94.58087448776372,0.0024413385938879774,2.4342366594537945,6.950704838992484,-4.516468179538689,False
PEN,1760,ssrc_log,63,3.747130368970123e-07,2.5460296424501674e-05,True,9.241827129292878,101.58679585550222,0.0025864399939760103,3.233432560867379,7.8397773463523315,-4.606344785484953,False
PEN,1780,ssrc_log,64,4.583845140454393e-06,2.7732788982509728e-05,True,9.489169456434862,114.9600559219218,0.0031881743683057676,0.9653633566158293,5.546103302279283,-4.580739945663454,False
PEN,1800,ssrc_log,65,0.000761765444171,2.143193675598452e-05,True,9.438982829683725,112.11122006348555,0.0024027716891588916,30.97271549741675,0.4657756609488555,30.506939836467893,True
PEN,1820,ssrc_log,66,1.422075945734014e-05,1.8312444059547177e-05,True,9.419852627837201,111.04397720868394,0.002033497625181377,0.029440616989184543,3.9698029779375847,-3.9403623609484004,False
PEN,1840,ssrc_log,67,1.1175825328399378e-06,1.7000984985863706e-05,True,9.291538578933068,104.14345143714064,0.0017705515686039976,1.7878397232582488,6.368509703899813,-4.580669980641564,False
PEN,1860,ssrc_log,68,5.7748621244582006e-06,1.5485321520613774e-05,True,9.326588588636342,105.98465233304336,0.0016412169160928785,0.35930310435667234,4.653197532573549,-4.293894428216877,False
PEN,1880,ssrc_log,69,5.954594716946515e-07,1.3532369274331106e-05,True,9.228932287606668,100.93392994275918,0.001365885205687877,2.167509092542026,6.738415901207914,-4.570906808665889,False
PEN,1900,ssrc_log,70,5.638546783484501e-06,1.2646051032496777e-05,True,9.297569836134532,104.45798342533995,0.0013209913349468939,0.253592738003942,4.4607797959482305,-4.207187057944289,False
PEN,1920,ssrc_log,71,1.092982456786701e-05,1.0545056628980071e-05,True,9.192138190949123,99.09401990557596,0.0010449618608995674,0.000649924305598848,3.570699959447028,-3.570050035141429,False
PEN,1940,ssrc_log,72,2.166282701540373e-05,8.172500522035077e-06,True,9.066592794477279,93.06483466908948,0.0007605816163997088,0.6758747109303109,2.586967597462499,-1.9110928865321881,False
PEN,1960,ssrc_log,73,2.061753310362141e-07,7.730087266010604e-06,True,8.943027186993868,87.48904569742238,0.0006763066069656343,2.6508203010966502,7.095979739294689,-4.445159438198039,False
PEN,1980,ssrc_log,74,9.07932149747227e-08,4.57104302085551e-06,True,9.057670882139021,92.65060114647906,0.0004235190488087953,2.9387748230936785,7.447983591787278,-4.509208768693599,False
PEN,2000,ssrc_log,75,0.0005379632255692,4.447333184201499e-06,True,9.196547797351911,99.31274375081564,0.0004416866921714776,115.16761822270114,0.02078530640365761,115.14683291629748,True
PEN,2020,ssrc_log,76,0.0004557449720141,8.9873579394062e-06,True,9.322404047829957,105.76313559903669,0.0009505416327360568,45.78344612994072,0.21455677201276369,45.56888935792796,True
PEN,2040,ssrc_log,77,8.267083993263475e-07,6.747510491332757e-06,True,9.351558805788859,107.31617704389981,0.0007241276621111419,1.221997373419336,5.776412613555958,-4.554415240136622,False
PEN,2060,ssrc_log,78,0.000444065114888,2.809868985609378e-05,True,9.320197488386688,105.64651362139487,0.0029685390852765238,12.043517583779762,1.0494444692877631,10.994073114491998,True
PEN,2080,ssrc_log,79,2.104799207542178e-06,4.600286312680724e-06,True,9.264379710018382,102.73880102812093,0.0004726380740309959,0.23943503638013786,4.418563150326949,-4.1791281139468115,False
PEN,2100,ssrc_log,80,1.301742324426961e-05,8.808674376067424e-06,True,9.169144675705786,97.96128384953688,0.0008629187470204681,0.08724419249197424,3.2091171658315094,-3.121872973339535,False
PEN,2120,ssrc_log,81,1.983731742519146e-06,2.537650248839335e-05,True,9.054767888098208,92.51621662793414,0.002347747153097172,1.6270158494016616,6.077076650964318,-4.450060801562657,False
PEN,2140,ssrc_log,82,1.085544699448252e-06,1.7997507548517664e-06,True,9.058393536251357,92.68408436427546,0.00016681741920578598,0.10873020603066874,4.041325410171576,-3.932595204140908,False
PEN,2160,ssrc_log,83,2.1942385074272097e-06,2.19977550020523e-06,True,8.959866632486563,88.22878905237785,0.0001940922514491014,3.1731509262389324e-06,3.493803636001882,-3.493800462850956,False
PEN,2180,ssrc_log,84,3.640269665407645e-07,2.97801532690958e-06,True,8.854665581315729,83.70785253002536,0.0002492915386023554,1.2240225216268814,5.530610625493252,-4.306588103866371,False
PEN,2200,ssrc_log,85,0.0004461966890316,2.866559835021082e-06,True,8.82719074517972,82.56578525260797,0.0002366879203306272,149.6081613893174,0.2511514465107161,149.35700994280668,True
PEN,2220,ssrc_log,86,2.437234994447776e-05,1.4507142419857804e-06,True,8.969985663713246,88.67631516614114,0.0001286527609698572,12.978848453683225,0.8531105918488746,12.12573786183435,True
PEN,2240,ssrc_log,87,0.0016035490679957,3.7149248682068457e-06,True,8.927857030604418,86.82794486499232,0.00032256787442873933,424.5828545399762,2.3675378751401697,422.21531666483605,True
PEN,2260,ssrc_log,88,8.677316111092858e-08,3.146257287648575e-06,True,9.17467060659574,98.23232175351545,0.00030907388143181294,2.618251297248784,7.178319007887621,-4.560067710638837,False
PEN,2280,ssrc_log,89,0.000512636073413,2.8934499685564927e-06,True,9.266251509719085,102.83499926556473,0.00029755810889138176,170.99410767745718,0.1788533041606084,170.81525437329657,True
PEN,2300,ssrc_log,90,8.15975077045202e-08,3.330428092216721e-06,True,9.401216146876308,110.0140487380777,0.00036640477986066733,2.7335580186282784,7.409917936217685,-4.676359917589407,False
PEN,2320,ssrc_log,91,1.4799204947967606e-05,3.181937613974709e-06,True,9.499739386092608,115.56922407243812,0.0003677455180163695,2.1139209828883816,2.2530607722337646,-0.13913978934538296,False
PEN,2340,ssrc_log,92,0.0004317073738629,3.459726065779361e-05,True,9.406093217717068,110.282649255501,0.003815488490589522,8.954106165204477,1.2922220264766522,7.6618841387278245,True
PEN,2360,ssrc_log,93,1.0407091129810663e-05,1.3430438484877588e-06,True,9.345601429576089,106.9969912371997,0.0001437122505869434,4.70133525841828,1.6977417998795064,3.0035934585387736,True
PEN,2380,ssrc_log,94,0.0003132039248201,3.231850020998592e-06,True,9.268185682264079,102.93449768571011,0.00033267905195681033,91.3378523229965,0.0017834350206435978,91.33606888797586,True
PEN,2400,ssrc_log,95,4.976781675526685e-06,2.7814678912344867e-06,True,9.33661183636478,106.51714074722415,0.00029628455856858327,0.20745984573131304,3.103334210386321,-2.895874364655008,False
PEN,2420,ssrc_log,96,2.2405038506458516e-05,3.5129126686990665e-06,True,9.238358315470638,101.41075572143434,0.0003562571695917452,3.5250689826780475,1.8292570601439673,1.6958119225340802,True
PEN,2440,ssrc_log,97,0.0002301356767785,1.4035335866162404e-05,True,9.157495347645346,97.39235081354083,0.0013669439936982422,12.59978617217532,0.9500216266996588,11.64976454547566,True
PEN,2460,ssrc_log,98,6.802094266983711e-07,3.773126088479118e-06,True,9.110374975203415,95.12458824470512,0.0003589264780207554,0.8935358242249187,5.270367240598092,-4.376831416373173,False
PEN,2480,ssrc_log,99,0.0004195654396203,1.776539837770119e-06,True,9.074603657735226,93.43834704118296,0.00016600618972875537,229.70546276371473,0.6002139746321862,229.10524878908254,True
PEN,2500,ssrc_log,100,2.316378657428828e-05,3.668103966347424e-06,True,9.215475004910866,100.25706148463203,0.0003677632505922648,3.4720057098931454,1.8278348481283362,1.6441708617648092,True
PEN,2520,ssrc_log,101,0.0017803257672818,0.0005852903106798,True,9.136467944351066,96.37376065361416,0.05640663785171058,0.9293387421743242,2.487352826154678,-1.5580140839803538,False
PEN,2540,ssrc_log,102,0.000358998466027,1.7362113208779558e-06,True,9.047659882490269,92.18799732626135,0.0001600669634066543,200.4395686501008,0.4350758857785153,200.0044927643223,True
PEN,2560,ssrc_log,103,6.616644350400997e-05,4.889233705229875e-06,True,9.166685569900455,97.84090928724228,0.00047837675552845244,9.92795291095862,1.1165396784569865,8.811413232501634,True
PEN,2580,ssrc_log,104,0.0002185471445671,6.416928413613102e-06,True,9.110748182191294,95.14234048149433,0.0006105310022074011,29.529843783334993,0.38528972091108393,29.144554062423907,True
PEN,2600,ssrc_log,105,1.906195411886623e-06,5.828382345419915e-06,True,9.095658490766564,94.4272073787017,0.0005503672111340679,0.44468410685713655,4.668939884887047,-4.22425577802991,False
PEN,2620,ssrc_log,106,0.0002836313583062,5.300244156001704e-06,True,9.043542449716194,91.99840361228365,0.00048762310094785377,48.532962962428684,0.12352844894858883,48.40943451348009,True
PEN,2640,ssrc_log,107,2.386895506739639e-07,6.21441247672128e-06,True,9.054103867654867,92.48550539684678,0.0005747522272045775,2.2978717392215615,6.786945852508634,-4.489074113287073,False
PEN,2660,ssrc_log,108,3.879710530027424e-07,5.635626480388366e-06,True,9.12255904206439,95.70585917961871,0.0005393719449068972,1.7447754433081326,6.237949246998525,-4.493173803690393,False
PEN,2680,ssrc_log,109,0.0003854199638955,6.481834173823067e-06,True,9.146967243941706,96.88101944706013,0.0006279762907487162,54.37622877242278,0.10191808546863568,54.274310686954145,True
PEN,2700,ssrc_log,110,3.799369104589366e-05,5.33155943510363e-06,True,9.164931928169969,97.75515793628564,0.0005211971101410428,4.16241093466207,1.6916051515858448,2.470805783076225,True
PEN,2720,ssrc_log,111,0.00036836623096,6.605954414328794e-06,True,9.094494479343256,94.37226619426418,0.0006234282256828309,50.7416508205619,0.11702792441373999,50.62462289614816,True
PEN,2740,ssrc_log,112,0.0005969111974216,6.745574538979976e-06,True,9.106421276042514,94.9367269902432,0.0006404121620721766,83.00642251736053,0.0024171056467749974,83.00400541171376,True
PEN,2760,ssrc_log,113,0.0002041072632985,4.684306570737313e-05,True,9.144638186529987,96.76826438485692,0.004532931743794747,1.8854140608848766,2.1455061868998753,-0.26009212601499865,False
PEN,2780,ssrc_log,114,0.0005990418646922,5.574149336579516e-06,True,9.067210747322282,93.09359395150753,0.0005189268043239937,101.79066180572977,0.010817406003700736,101.77984439972607,True
PEN,2800,ssrc_log,115,5.8392295018434535e-06,6.170093365184366e-06,True,9.115317929710578,95.35997726029017,0.0005883893989955744,0.0014913146618433792,3.622714208638884,-3.621222893977041,False
PEN,2820,ssrc_log,116,2.192017584848857e-06,1.6719014494338486e-05,True,9.043579053716272,92.00008738247828,0.0015381598944368,1.162833530854896,5.554944806741636,-4.39211127588674,False
PEN,2840,ssrc_log,117,2.28079877130212e-06,2.457764684754278e-05,True,9.037636005227093,91.72711266866989,0.0022544456542266025,1.470111366256846,5.8971453616018605,-4.427033995345015,False
PEN,2860,ssrc_log,118,9.669849541963697e-06,7.4763308871237666e-06,True,9.048453969726207,92.22460724964039,0.0006895108021940698,0.0361244725727079,3.280993831353019,-3.244869358780311,False
PEN,2880,ssrc_log,119,0.0003836264126379,8.402561989553222e-06,True,8.974423585414911,88.87330291111086,0.0007467722242572409,40.83475350268911,0.17980377227467947,40.65494973041443,True
PEN,2900,ssrc_log,120,7.98423442421695e-05,9.078129398282e-06,True,8.974351747621924,88.87011073747257,0.0008067831519255003,5.620835775311925,1.4119647519511251,4.2088710233608,True
PEN,2920,ssrc_log,121,0.0006159502569846,9.17199868551793e-06,True,8.914291523432542,86.24100509473053,0.000791010909467123,61.9484998350489,0.028832987096968132,61.91966684795193,True
PEN,2940,ssrc_log,122,0.0004307853447771,4.831999869592034e-05,True,8.93297308324022,87.05033735473835,0.004206280792494118,5.727495459897832,1.381138973357722,4.34635648654011,True
PEN,2960,ssrc_log,123,0.0003609077942701,3.984703206008323e-06,True,8.873701914561384,84.50840165418569,0.0003367492498462383,85.06715924118657,0.002456534542351063,85.06470270664423,True
PEN,2980,ssrc_log,124,0.0003942852665642,4.031489312295725e-05,True,8.907099937174035,85.93145714986845,0.0034643260040426423,6.499785482670875,1.287011683247742,5.2127737994231325,True
PEN,3000,ssrc_log,125,0.000381348047176,1.0185184757879995e-05,True,8.850123352157604,83.51795812336249,0.0008506540858831436,32.81866792455858,0.25059288754192677,32.568075037016655,True
PEN,3020,ssrc_log,126,0.0003109388746611,5.744684939792507e-06,True,8.836930424174959,82.96884800367188,0.0004766380884834279,49.13503689694757,0.07951955931269672,49.055517337634875,True
PEN,3040,ssrc_log,127,0.0004751202406121,9.69513946597263e-06,True,8.839628478189768,83.08085075078155,0.0008054886430655591,44.11408109998884,0.11773462522853739,43.9963464747603,True
PEN,3060,ssrc_log,128,0.0004074548961329,1.0066689459670557e-05,True,8.836547127282417,82.95294867645242,0.0008350697693847039,35.77486194643542,0.20551420129730635,35.56934774513812,True
PEN,3080,ssrc_log,129,0.0002919137516892,9.5293032338829e-06,True,8.824189739658674,82.4419879662242,0.000785622846733072,26.211186657825863,0.36158828599648185,25.84959837182938,True
PEN,3100,ssrc_log,130,0.0004060257093979,5.611966891644424e-05,True,8.800255534513239,81.46127608385623,0.0045715878894646775,4.256068177816406,1.510014430356828,2.746053747459578,True
PEN,3120,ssrc_log,131,0.0006148453088246,8.331188304016874e-06,True,8.73934594189416,79.01778636186886,0.000658319859325942,68.4990689439231,0.002281572306484181,68.49678737161662,True
PEN,3140,ssrc_log,132,0.0003035260262964,2.592024336948326e-05,True,8.753046041506025,79.56092025732387,0.0020622462718619112,8.249555991060523,1.0632659705328606,7.186290020527663,True
PEN,3160,ssrc_log,133,2.778155820991293e-05,1.0300917639740922e-05,True,8.70131217297448,77.52931217676768,0.0007986307123298644,0.7048589379160335,2.393312713430124,-1.6884537755140907,False
PEN,3180,ssrc_log,134,0.000614315252835,1.1375066679492554e-05,True,8.635944461741676,75.03631759036779,0.0008535505196057726,49.016335526064054,0.048614002001481804,48.967721524062576,True
PEN,3200,ssrc_log,135,3.0242975421826523e-06,1.0139175588679527e-05,True,8.634275641643615,74.97373264731202,0.0007601792372230761,0.5080062912920436,4.530853797481854,-4.022847506189811,False
PEN,3220,ssrc_log,136,8.1886149182143e-07,1.1208953546952403e-05,True,8.609524939169226,74.05162385068768,0.0008300485169811359,1.6896074427575472,5.9223110038070494,-4.232703561049503,False
PEN,3240,ssrc_log,137,0.0005659509404867,1.0302294518370394e-05,True,8.64608713267602,75.41781847092922,0.0007769840196023547,49.92831481216691,0.04530695602850554,49.883007856138406,True
PEN,3260,ssrc_log,138,0.0004875724631952,1.048785541244279e-05,True,8.646067331955711,75.41707181106044,0.0007909707864913979,41.65002245589073,0.10024495871974404,41.549777497170986,True
PEN,3280,ssrc_log,139,0.0006324083253231,1.0828907910546352e-05,True,8.638311731653168,75.12518578219205,0.000813531131116622,53.33269349038683,0.02921109399916544,53.303482396387665,True
PEN,3300,ssrc_log,140,0.0001470018575647,0.0003590864535524,True,8.639197187455967,75.15845316169079,0.026988389816161022,0.30249529505413353,4.218163677932779,-3.9156683828786454,False
PEN,3320,ssrc_log,141,5.2788212864311095e-05,0.0001226836645152,True,8.606171778280931,73.9275743648111,0.009069713024552421,0.2736003530432103,4.152228251728348,-3.878627898685138,False
PEN,3340,ssrc_log,142,0.0005577017091113,1.1075277373254165e-05,True,8.571830666096512,72.66903265389888,0.0008048368599912597,45.43644342216085,0.059752934317470974,45.376690487843376,True
PEN,3360,ssrc_log,143,0.0002171895847096,1.1346547149609336e-05,True,8.56743797339666,72.5096014364536,0.0008227407624582452,15.189612216501757,0.5958535379143282,14.59375867858743,True
PEN,3380,ssrc_log,144,0.0006143127105556,9.79038249346468e-06,True,8.531090778534288,71.20374314285328,0.0006971189007092609,57.607444987377505,0.007668433422584275,57.59977655395492,True
PEN,3400,ssrc_log,145,1.7918472477402264e-06,1.059811189980956e-05,True,8.534603115789011,71.32889878775367,0.0007559586839326827,0.9465011016820388,5.047109951956303,-4.100608850274265,False
PEN,3420,ssrc_log,146,0.0002997021574831,1.2065300033295687e-05,True,8.534172651315654,71.31354816136185,0.0008604263863605288,20.62755306786901,0.4029570766701278,20.224595991198882,True
PEN,3440,ssrc_log,147,0.0003394014203949,1.31562252917863e-05,True,8.505409175107177,70.29527520699037,0.0009248274070988059,21.547492631363834,0.3694125251890963,21.17808010617474,True
PEN,3460,ssrc_log,148,0.0004628987754506,1.21739073574321e-05,True,8.477709048843154,69.32839235765897,0.0008440042586410796,33.38563226069134,0.14910463508357052,33.23652762560777,True
PEN,3480,ssrc_log,149,4.0022611992684166e-08,1.1392126003134185e-05,True,8.461917883170905,68.78315959063389,0.0007835931992661478,4.654746282047636,8.88225176772427,-4.227505485676634,False
PEN,3500,ssrc_log,150,5.795577840022609e-06,3.180470787283044e-06,True,8.714959563354626,78.06015767549256,0.00024827575715337993,0.22217302573645914,2.78078817656797,-2.5586151508315105,False
PEN,3520,ssrc_log,151,2.9516538308029856e-07,4.6087402908588345e-06,True,8.658671339634935,75.89385124213844,0.0003497825394332145,1.8122187216577217,6.0783749585676405,-4.266156236909919,False
PEN,3540,ssrc_log,152,1e-10,9.67722414865748e-06,True,8.69973174210271,77.46807151739594,0.0007496835392452205,10.480125804180176,14.82999167517815,-4.349865870997974,False
PEN,3560,ssrc_log,153,7.414273141618619e-06,1.232151632547445e-05,True,9.56511938925127,119.40961133067619,0.0014713193163906186,0.10967390797414023,4.29554702660195,-4.18587311862781,False
PEN,3580,ssrc_log,154,0.0004253799183423,1.1529535028341696e-05,True,9.517692497940907,116.61130783958386,0.0013444857195680027,32.28673185934861,0.4671727322415298,31.819559127107084,True
PEN,3600,ssrc_log,155,1e-10,1.2062327188305262e-05,True,9.499551302051774,115.5583562201337,0.0013939141579056053,10.70043580245476,15.450211453446286,-4.749775650991527,False
PEN,3620,ssrc_log,156,0.0004062347110816,1.2953318438305072e-05,True,10.366065503326668,178.22249678679395,0.0023085904759988234,26.915860295110157,0.9134278892358878,26.00243240587427,True
PEN,3640,ssrc_log,157,3.1739842395850066e-05,1.23320920546025e-05,True,10.339403264654042,175.86235801284087,0.0021687682741896165,0.6283919939246632,3.238976882701909,-2.610584888777246,False
PEN,3660,ssrc_log,158,0.0003070469552198,1.1647457030609804e-05,True,10.273548983367508,170.1660102920715,0.0019820182095482376,22.08980326460941,1.0197865317760204,21.07001673283339,True
PEN,3680,ssrc_log,159,0.0001995538947463,1.1628920264026236e-05,True,10.242081923260066,167.5096500140905,0.0019479730144338011,13.317550339867882,1.3809020990320895,11.936648240835792,True
PEN,3700,ssrc_log,160,5.511936160718718e-06,1.5631735306891513e-05,True,10.199428028158412,163.97500605058033,0.0025632301890292112,0.39499912813162874,5.144257969620859,-4.74925884148923,False
PEN,3720,ssrc_log,161,1e-10,1.5462167824100274e-05,True,10.16129341815656,160.8780635978553,0.0024875396063726756,10.94874309418504,16.02938980324241,-5.080646709057369,False
PEN,3740,ssrc_log,162,0.0004019690135328,1.5101826175473305e-05,True,11.021657836050162,247.35608002463397,0.0037355531595864894,22.33568608576539,1.3368824725252502,20.99880361324014,True
PEN,3760,ssrc_log,163,0.000350043090658,1.2827716459826678e-05,True,10.988414779073779,243.27862453958585,0.003120733444192894,22.981580283726096,1.299933998653155,21.68164628507294,True
PEN,3780,ssrc_log,164,0.000579495064329,9.640545452419986e-06,True,10.955880040298114,239.35313653727852,0.002307518627280574,55.01401526121613,0.6329043217724946,54.38111093944364,True
PEN,3800,ssrc_log,165,4.712640989781636e-05,1.200812496660334e-05,True,10.949856376245956,238.63332960801606,0.0028655626064626625,1.5572935303286792,3.1241321977277954,-1.5668386673991161,False
PEN,3820,ssrc_log,166,9.216677756897318e-05,1.6588258623371133e-05,True,10.88454972594573,230.96700457291155,0.0038313634020212574,2.8412408413694843,2.7514321322813413,0.08980870908814298,True
PEN,3840,ssrc_log,167,6.867622280910404e-06,1.676157496455694e-05,True,10.8224738715182,223.90837673806308,0.0037530793327249755,0.30199528118071806,5.305343856166118,-5.0033485749854005,False
PEN,3860,ssrc_log,168,0.0004073670311916,1.7190064632983613e-05,True,10.777994351477373,218.98367326557855,0.0037643652953707877,19.532435475534868,1.33183662801801,18.200598847516858,True
PEN,3880,ssrc_log,169,6.064228228428379e-07,1.683966983412987e-05,True,10.743021284718443,215.18769394007674,0.003623711137088075,2.3599267738285414,7.695599112980087,-5.335672339151546,False
