entity,t0,variant,raw_pred,pred_negativa,yhat_clipped,y_test,mase,qlike,positive_by_construction
MXN,500,nnls_original_legacy,3.244704061748028e-05,False,3.244704061748028e-05,8.428466030064329e-05,0.6635374921482101,0.6430163721854871,False
MXN,500,nnls_nonneg,3.087623792520073e-05,False,3.087623792520073e-05,8.428466030064329e-05,0.6836442502413749,0.7255450971808217,True
MXN,520,nnls_original_legacy,8.301668183608918e-05,False,8.301668183608918e-05,0.0004467817820221,4.884996908553785,2.6988026453377274,False
MXN,520,nnls_nonneg,8.46699880508412e-05,False,8.46699880508412e-05,0.0004467817820221,4.862794680402086,2.6134340947959225,True
MXN,540,nnls_original_legacy,4.5695508622812415e-05,False,4.5695508622812415e-05,0.0004439620409388,5.755873400652901,6.441921290188528,False
MXN,540,nnls_nonneg,4.675186015034554e-05,False,4.675186015034554e-05,0.0004439620409388,5.740606675568802,6.245251378804866,True
MXN,560,nnls_original_legacy,2.771690187537856e-05,False,2.771690187537856e-05,0.0001242161671805,1.5679884858369195,1.9816226699312791,False
MXN,560,nnls_nonneg,3.445393491371687e-05,False,3.445393491371687e-05,0.0001242161671805,1.4585203961119908,1.3228823391663482,True
MXN,580,nnls_original_legacy,3.280167511522565e-05,False,3.280167511522565e-05,0.0001656892797834,2.3002077577305857,2.4316098212797104,False
MXN,580,nnls_nonneg,3.99783581227116e-05,False,3.99783581227116e-05,0.0001656892797834,2.1759835159752967,1.722698384682296,True
MXN,600,nnls_original_legacy,3.6968297884480106e-05,False,3.6968297884480106e-05,0.0001749585854995,2.413273613677412,2.1781768723972847,False
MXN,600,nnls_nonneg,4.89330503386227e-05,False,4.89330503386227e-05,0.0001749585854995,2.204025398525384,1.301372363051262,True
MXN,620,nnls_original_legacy,3.235809603968284e-05,False,3.235809603968284e-05,7.990637415081531e-05,0.8331506587764059,0.5654485491245356,False
MXN,620,nnls_nonneg,3.6840330927513175e-05,False,3.6840330927513175e-05,7.990637415081531e-05,0.7546120218806968,0.3947293261733642,True
MXN,640,nnls_original_legacy,6.325668818277137e-05,False,6.325668818277137e-05,1.1534596235692524e-05,0.8932459942123854,0.8841958526872731,False
MXN,640,nnls_nonneg,5.745602594996818e-05,False,5.745602594996818e-05,1.1534596235692524e-05,0.7930679444047315,0.8064242059640783,True
MXN,660,nnls_original_legacy,3.573670241491971e-05,False,3.573670241491971e-05,8.14818558978533e-06,0.4845181030636301,0.7063890485543731,False
MXN,660,nnls_nonneg,3.538110006380142e-05,False,3.538110006380142e-05,8.14818558978533e-06,0.478272904102741,0.6986801949216115,True
MXN,680,nnls_original_legacy,3.397816913375569e-05,False,3.397816913375569e-05,8.494175152166053e-06,0.467737523965392,0.6363267768027301,False
MXN,680,nnls_nonneg,2.8329684095862443e-05,False,2.8329684095862443e-05,8.494175152166053e-06,0.3640642768406119,0.5043625451548306,True
MXN,700,nnls_original_legacy,3.3053815622395296e-05,False,3.3053815622395296e-05,5.224570473288478e-06,0.5407923121864028,1.002826973914118,False
MXN,700,nnls_nonneg,2.5921559449599092e-05,False,2.5921559449599092e-05,5.224570473288478e-06,0.4021946144721335,0.8032555378688631,True
MXN,720,nnls_original_legacy,2.4886714155897195e-05,False,2.4886714155897195e-05,4.377929937919515e-07,0.5151555412919496,3.05793462444438,False
MXN,720,nnls_nonneg,2.2143128467877894e-05,False,2.2143128467877894e-05,4.377929937919515e-07,0.457346308695499,2.9433073726459447,True
MXN,740,nnls_original_legacy,2.5009628676523065e-05,False,2.5009628676523065e-05,1.894716706874465e-05,0.1349974408320201,0.0352013697808695,False
MXN,740,nnls_nonneg,2.7220620827529647e-05,False,2.7220620827529647e-05,1.894716706874465e-05,0.1842312836826885,0.0583797084554291,True
MXN,760,nnls_original_legacy,2.098605488475182e-05,False,2.098605488475182e-05,2.3439427073646243e-07,0.4796324377100718,3.505777876645406,False
MXN,760,nnls_nonneg,2.5074222757475027e-05,False,2.5074222757475027e-05,2.3439427073646243e-07,0.5741221250191406,3.68193901788962,True
MXN,780,nnls_original_legacy,2.316492614709566e-05,False,2.316492614709566e-05,3.969815887411803e-05,0.3951966323671474,0.1750528640205098,False
MXN,780,nnls_nonneg,1.5349519155252365e-05,False,1.5349519155252365e-05,3.969815887411803e-05,0.5820096153300619,0.6360596289283811,True
MXN,800,nnls_original_legacy,2.70578442711818e-05,False,2.70578442711818e-05,5.78000206894445e-05,0.7346342280611342,0.3771528500640344,False
MXN,800,nnls_nonneg,2.772414538149788e-05,False,2.772414538149788e-05,5.78000206894445e-05,0.7187118810166827,0.3501406309417427,True
MXN,820,nnls_original_legacy,2.663702658697774e-05,False,2.663702658697774e-05,2.9082512029559865e-05,0.058312417562832,0.0039729411793356,False
MXN,820,nnls_nonneg,1.9312441708423616e-05,False,1.9312441708423616e-05,2.9082512029559865e-05,0.232966596432805,0.0965076397969102,True
MXN,840,nnls_original_legacy,2.224291971583228e-05,False,2.224291971583228e-05,1.1731620119774383e-05,0.2494432339364206,0.1671676344806387,False
MXN,840,nnls_nonneg,2.8820725965871733e-05,False,2.8820725965871733e-05,1.1731620119774383e-05,0.40554089324321,0.3058619922123793,True
MXN,860,nnls_original_legacy,5.847342395833911e-05,False,5.847342395833911e-05,7.644192137274826e-05,0.4269142471450549,0.0393345076300266,False
MXN,860,nnls_nonneg,4.175655062644656e-05,False,4.175655062644656e-05,7.644192137274826e-05,0.8240911077645284,0.2259820776263823,True
MXN,880,nnls_original_legacy,3.450948837874773e-05,False,3.450948837874773e-05,0.0001553076176025,2.8094012749988857,1.9962588737700104,False
MXN,880,nnls_nonneg,3.636656312455002e-05,False,3.636656312455002e-05,0.0001553076176025,2.7662113001859514,1.8188577367681849,True
MXN,900,nnls_original_legacy,6.317451638488055e-05,False,6.317451638488055e-05,0.000193622346075,2.909631788480731,0.9448719488548788,False
MXN,900,nnls_nonneg,6.961587404247978e-05,False,6.961587404247978e-05,0.000193622346075,2.7659576541847977,0.758378939270425,True
MXN,920,nnls_original_legacy,2.5003006440545133e-05,False,2.5003006440545133e-05,1.7493452222884784e-05,0.1641317323256965,0.0568233732325502,False
MXN,920,nnls_nonneg,3.03445326026831e-05,False,3.03445326026831e-05,1.7493452222884784e-05,0.2808782018022668,0.1272840747336343,True
MXN,940,nnls_original_legacy,3.582787862645292e-05,False,3.582787862645292e-05,6.938888868216794e-05,0.7007755551760245,0.2757284937975015,False
MXN,940,nnls_nonneg,2.5425937753657785e-05,False,2.5425937753657785e-05,6.938888868216794e-05,0.9179747955427456,0.7251022490584111,True
MXN,960,nnls_original_legacy,3.172448735718732e-05,False,3.172448735718732e-05,3.580431108082344e-06,0.5911949623659427,1.294465812364221,False
MXN,960,nnls_nonneg,3.184317681930102e-05,False,3.184317681930102e-05,3.580431108082344e-06,0.5936881570734319,1.2977794232234698,True
MXN,980,nnls_original_legacy,2.729510114383844e-05,False,2.729510114383844e-05,5.178032234934008e-07,0.6062119385359628,2.983837782348589,False
MXN,980,nnls_nonneg,2.288453994064298e-05,False,2.288453994064298e-05,5.178032234934008e-07,0.5063611296539673,2.811248327201858,True
MXN,1000,nnls_original_legacy,2.608988455117507e-05,False,2.608988455117507e-05,5.217004090671793e-05,0.6129311530450164,0.3066664006642892,False
MXN,1000,nnls_nonneg,2.6417258006456672e-05,False,2.6417258006456672e-05,5.217004090671793e-05,0.605237280865472,0.2943560390767223,True
MXN,1020,nnls_original_legacy,3.439093319128143e-05,False,3.439093319128143e-05,3.558728084103287e-05,0.0292966148720935,0.0005913820392153,False
MXN,1020,nnls_nonneg,2.506445436228825e-05,False,2.506445436228825e-05,3.558728084103287e-05,0.2576869648029986,0.069293049742219,True
MXN,1040,nnls_original_legacy,2.4374859912378585e-05,False,2.4374859912378585e-05,0.0001202270205395,2.4969369190389847,2.336589410103553,False
MXN,1040,nnls_nonneg,2.2405379488522352e-05,False,2.2405379488522352e-05,0.0001202270205395,2.5482416402833685,2.6859083220322693,True
MXN,1060,nnls_original_legacy,2.624425648300376e-05,False,2.624425648300376e-05,9.398432019466764e-05,1.7659155748112048,1.3054578130148782,False
MXN,1060,nnls_nonneg,2.556177717492304e-05,False,2.556177717492304e-05,9.398432019466764e-05,1.783707126421727,1.3747223841820233,True
MXN,1080,nnls_original_legacy,5.0367324030966136e-05,False,5.0367324030966136e-05,0.000160768069649,2.816613347473092,1.0312919397071107,False
MXN,1080,nnls_nonneg,4.726866538706613e-05,False,4.726866538706613e-05,0.000160768069649,2.8956682781876224,1.1770400997750403,True
MXN,1100,nnls_original_legacy,3.656661228972024e-05,False,3.656661228972024e-05,3.666278515729663e-06,0.8425619920154376,1.4002214796899848,False
MXN,1100,nnls_nonneg,3.080419682210471e-05,False,3.080419682210471e-05,3.666278515729663e-06,0.6949892564751982,1.2474926211629396,True
MXN,1120,nnls_original_legacy,6.078921926649468e-05,False,6.078921926649468e-05,1.8628687742011607e-05,1.072137148677216,0.4891569424074558,False
MXN,1120,nnls_nonneg,4.696562251305534e-05,False,4.696562251305534e-05,1.8628687742011607e-05,0.7206047777181478,0.3213583328115423,True
MXN,1140,nnls_original_legacy,2.5296501400928257e-05,False,2.5296501400928257e-05,0.0001362784178008,2.959225341368244,2.7032098186815627,False
MXN,1140,nnls_nonneg,2.2428814862831937e-05,False,2.2428814862831937e-05,0.0001362784178008,3.035689426238178,3.271688379338948,True
MXN,1160,nnls_original_legacy,6.439171657533863e-05,False,6.439171657533863e-05,0.0002465958325511,4.390344908515322,1.4868547273380197,False
MXN,1160,nnls_nonneg,6.541273041480254e-05,False,6.541273041480254e-05,0.0002465958325511,4.365742813839206,1.4428108647657476,True
MXN,1180,nnls_original_legacy,4.831091443522952e-05,False,4.831091443522952e-05,9.708915850626451e-06,0.8394654402541932,0.8055802212664847,False
MXN,1180,nnls_nonneg,6.359468220488602e-05,False,6.359468220488602e-05,9.708915850626451e-06,1.1718366984774669,1.0321539052274955,True
MXN,1200,nnls_original_legacy,3.3290073380120565e-05,False,3.3290073380120565e-05,1.2011009950008635e-05,0.4406821201466489,0.3802340732157363,False
MXN,1200,nnls_nonneg,4.192773431781498e-05,False,4.192773431781498e-05,1.2011009950008635e-05,0.6195651216299076,0.5365931296695119,True
MXN,1220,nnls_original_legacy,3.3649774243405895e-05,False,3.3649774243405895e-05,2.289310438158815e-05,0.2132620605707531,0.0655051614188932,False
MXN,1220,nnls_nonneg,5.177854063731631e-05,False,5.177854063731631e-05,2.289310438158815e-05,0.5726835289654166,0.2582750303201435,True
MXN,1240,nnls_original_legacy,3.508681847294725e-05,False,3.508681847294725e-05,1.9536685265449408e-06,0.6061463707820898,1.9437975995709775,False
MXN,1240,nnls_nonneg,4.013221798964343e-05,False,4.013221798964343e-05,1.9536685265449408e-06,0.6984482077984393,2.0711513532671493,True
MXN,1260,nnls_original_legacy,4.46172265842863e-05,False,4.46172265842863e-05,0.0001513360638925,1.853955177796185,1.1704922680641443,False
MXN,1260,nnls_nonneg,3.501141092948056e-05,False,3.501141092948056e-05,0.0001513360638925,2.020830605971484,1.8586493794291208,True
MXN,1280,nnls_original_legacy,5.810791798758093e-05,False,5.810791798758093e-05,9.594327443383072e-05,0.5914190344297984,0.1496670291704287,False
MXN,1280,nnls_nonneg,6.540676586897646e-05,False,6.540676586897646e-05,9.594327443383072e-05,0.4773279309774667,0.0837393729741067,True
MXN,1300,nnls_original_legacy,4.405788854871251e-05,False,4.405788854871251e-05,8.462115764578331e-06,0.5418674587004858,0.8419733039535469,False
MXN,1300,nnls_nonneg,4.386417900712979e-05,False,4.386417900712979e-05,8.462115764578331e-06,0.5389186563901663,0.8384151010972487,True
MXN,1320,nnls_original_legacy,8.258554197474889e-05,False,8.258554197474889e-05,7.999052029031222e-05,0.037752439786726,0.0005042698442423,False
MXN,1320,nnls_nonneg,7.391102054090758e-05,False,7.391102054090758e-05,7.999052029031222e-05,0.0884447130439443,0.0032081199704325,True
MXN,1340,nnls_original_legacy,5.91894776050924e-05,False,5.91894776050924e-05,1.110424459253308e-05,0.6493555069853043,0.8610213966983238,False
MXN,1340,nnls_nonneg,6.108318712123863e-05,False,6.108318712123863e-05,1.110424459253308e-05,0.6749286533734864,0.8866981143572321,True
MXN,1360,nnls_original_legacy,7.996089982647711e-05,False,7.996089982647711e-05,0.0068810080121501,89.3703041919412,80.59967688282637,False
MXN,1360,nnls_nonneg,8.8533142948521e-05,False,8.8533142948521e-05,0.0068810080121501,89.25765918849221,72.3692527344518,True
MXN,1380,nnls_original_legacy,8.064512691564588e-05,False,8.064512691564588e-05,1.0704430191947531e-05,0.6740422522328068,1.1521356786740142,False
MXN,1380,nnls_nonneg,5.020842333688307e-05,False,5.020842333688307e-05,1.0704430191947531e-05,0.3807134009086791,0.7587250029687482,True
MXN,1400,nnls_original_legacy,0.000118551260385,False,0.000118551260385,0.0002847694813311,1.6067247982724375,0.5257443301995148,False
MXN,1400,nnls_nonneg,8.426231302527143e-05,False,8.426231302527143e-05,0.0002847694813311,1.938174032393527,1.161813964461548,True
MXN,1420,nnls_original_legacy,7.709328370328443e-05,False,7.709328370328443e-05,2.0909986310684468e-05,0.5140844906605354,0.5760189818639074,False
MXN,1420,nnls_nonneg,5.516137409680904e-05,False,5.516137409680904e-05,2.0909986310684468e-05,0.3134046604883952,0.3491054565338469,True
MXN,1440,nnls_original_legacy,7.841226772766375e-05,False,7.841226772766375e-05,0.0001675635769646,0.8265883265237433,0.3775736879231259,False
MXN,1440,nnls_nonneg,5.06984616231771e-05,False,5.06984616231771e-05,0.0001675635769646,1.083543707275595,1.109634528060352,True
MXN,1460,nnls_original_legacy,7.119262127053745e-05,False,7.119262127053745e-05,0.0002254709621365,1.379339247721361,1.0142530099638796,False
MXN,1460,nnls_nonneg,8.118921269155164e-05,False,8.118921269155164e-05,0.0002254709621365,1.289963831748897,0.7556959315551275,True
MXN,1480,nnls_original_legacy,6.855252570617208e-05,False,6.855252570617208e-05,0.0002438325916953,1.5630319832996862,1.287990833671886,False
MXN,1480,nnls_nonneg,2.7306388174371145e-05,False,2.7306388174371145e-05,0.0002438325916953,1.930837824688208,5.740146052747814,True
MXN,1500,nnls_original_legacy,7.013736010155769e-05,False,7.013736010155769e-05,0.0001283481429049,0.5066296658870879,0.2256631716112629,False
MXN,1500,nnls_nonneg,3.0142129780260635e-05,False,3.0142129780260635e-05,0.0001283481429049,0.8547227372894127,1.809275427732718,True
MXN,1520,nnls_original_legacy,0.0001011875679307,False,0.0001011875679307,2.0035839518106407e-06,0.8502228713680982,2.9418390428212837,False
MXN,1520,nnls_nonneg,8.098093084456072e-05,False,8.098093084456072e-05,2.0035839518106407e-06,0.6770079598982462,2.72401758150426,True
MXN,1540,nnls_original_legacy,7.008629467252672e-05,False,7.008629467252672e-05,2.086494664437745e-05,0.4214657767654855,0.5093603698957878,False
MXN,1540,nnls_nonneg,4.338940608832991e-05,False,4.338940608832991e-05,2.086494664437745e-05,0.1928693377178326,0.2130212760209722,True
MXN,1560,nnls_original_legacy,7.095732207147392e-05,False,7.095732207147392e-05,6.180690747182988e-05,0.0793623155660526,0.0091068747526847,False
MXN,1560,nnls_nonneg,4.421046172315963e-05,False,4.421046172315963e-05,6.180690747182988e-05,0.1526154542113555,0.0629617478647179,True
MXN,1580,nnls_original_legacy,6.660480641817025e-05,False,6.660480641817025e-05,4.259380615531717e-06,0.5424787118687416,1.8136030378096253,False
MXN,1580,nnls_nonneg,4.2651618052037136e-05,False,4.2651618052037136e-05,4.259380615531717e-06,0.3340577314564257,1.4038059123972109,True
MXN,1600,nnls_original_legacy,9.653918622807391e-05,False,9.653918622807391e-05,4.161000004126416e-05,0.4753002616776797,0.2726251620484432,False
MXN,1600,nnls_nonneg,9.909491072912585e-05,False,9.909491072912585e-05,4.161000004126416e-05,0.4974148533629601,0.2876380356840278,True
MXN,1620,nnls_original_legacy,4.768968216875661e-05,False,4.768968216875661e-05,5.0852659127798855e-06,0.3664640082901547,1.345000159648829,False
MXN,1620,nnls_nonneg,8.984024967208399e-05,False,8.984024967208399e-05,5.0852659127798855e-06,0.7290242139309764,1.9282891936761457,True
MXN,1640,nnls_original_legacy,8.03693559538179e-05,False,8.03693559538179e-05,1.8565557328902053e-05,0.533017692107323,0.6963277888210953,False
MXN,1640,nnls_nonneg,3.8294422262943134e-05,False,3.8294422262943134e-05,1.8565557328902053e-05,0.1701486686742304,0.2088071497987045,True
MXN,1660,nnls_original_legacy,7.690833694328071e-05,False,7.690833694328071e-05,5.672838588927453e-05,0.1780214174926157,0.0419499222587005,False
MXN,1660,nnls_nonneg,3.2918021409395455e-05,False,3.2918021409395455e-05,5.672838588927453e-05,0.2100478254075058,0.1790686279184856,True
MXN,1680,nnls_original_legacy,8.288955725122398e-05,False,8.288955725122398e-05,9.173620132481404e-05,0.0811914501838226,0.0053200942064954,False
MXN,1680,nnls_nonneg,8.310476382886815e-05,False,8.310476382886815e-05,9.173620132481404e-05,0.079216358388258,0.0050470718633126,True
MXN,1700,nnls_original_legacy,8.731306865093067e-05,False,8.731306865093067e-05,4.292222540851008e-08,0.8075179021458664,6.618357252163107,False
MXN,1700,nnls_nonneg,8.952617549670462e-05,False,8.952617549670462e-05,4.292222540851008e-08,0.8279959633216799,6.643375996303536,True
MXN,1720,nnls_original_legacy,7.349454349563363e-05,False,7.349454349563363e-05,1.0326055893089455e-05,0.5895220478238385,1.1030417529180734,False
MXN,1720,nnls_nonneg,9.46644307869537e-05,False,9.46644307869537e-05,1.0326055893089455e-05,0.7870907372422664,1.324748562997541,True
MXN,1740,nnls_original_legacy,0.0001732063768621,False,0.0001732063768621,3.718982404702326e-05,1.2868124307696205,0.7531625791540253,False
MXN,1740,nnls_nonneg,0.0001235631473864,False,0.0001235631473864,3.718982404702326e-05,0.8171524998958215,0.5016954473724973,True
MXN,1760,nnls_original_legacy,7.079131628281814e-05,False,7.079131628281814e-05,9.5483052486807e-06,0.5768128050851611,1.138252275584989,False
MXN,1760,nnls_nonneg,7.504160635640225e-05,False,7.504160635640225e-05,9.5483052486807e-06,0.6168438502341841,1.18891918325921,True
MXN,1780,nnls_original_legacy,6.746047169205688e-05,False,6.746047169205688e-05,3.664236415945624e-06,0.6258828926517261,1.9672386451513049,False
MXN,1780,nnls_nonneg,8.230668358949205e-05,False,8.230668358949205e-05,3.664236415945624e-06,0.7715339644911741,2.156351651529691,True
MXN,1800,nnls_original_legacy,7.146206135935134e-05,False,7.146206135935134e-05,7.54438008994045e-06,0.607042738782356,1.3539355943343343,False
MXN,1800,nnls_nonneg,4.449423973229601e-05,False,4.449423973229601e-05,7.54438008994045e-06,0.3509223668545931,0.9441153890478986,True
MXN,1820,nnls_original_legacy,0.0001264896673649,False,0.0001264896673649,0.0001742854338282,0.4624947701215387,0.0573292545828636,False
MXN,1820,nnls_nonneg,0.0001583427866641,False,0.0001583427866641,0.0001742854338282,0.1542687037138689,0.0047522310981913,True
MXN,1840,nnls_original_legacy,5.553964399939628e-05,False,5.553964399939628e-05,1.103033782834356e-05,0.4435992653737392,0.8150505735093976,False
MXN,1840,nnls_nonneg,4.412281149255584e-05,False,4.412281149255584e-05,1.103033782834356e-05,0.3298141056261084,0.6363191818081224,True
MXN,1860,nnls_original_legacy,1.720379103344942e-05,False,1.720379103344942e-05,6.484408018274832e-06,0.1250721715685077,0.3526466298447352,False
MXN,1860,nnls_nonneg,0.0001665784686012,False,0.0001665784686012,6.484408018274832e-06,1.8679537603968424,2.2849930003103744,True
MXN,1880,nnls_original_legacy,4.875810715624054e-05,False,4.875810715624054e-05,6.702736252491327e-05,0.2379651907157736,0.0564621971637986,False
MXN,1880,nnls_nonneg,6.324837758406563e-05,False,6.324837758406563e-05,6.702736252491327e-05,0.0492229625134511,0.0017168745984397,True
MXN,1900,nnls_original_legacy,5.2255545885012506e-05,False,5.2255545885012506e-05,6.550998020153112e-05,0.1709191636770936,0.0275899877019867,False
MXN,1900,nnls_nonneg,4.3665186801187816e-05,False,4.3665186801187816e-05,6.550998020153112e-05,0.2816939395167078,0.094628042162524,True
MXN,1920,nnls_original_legacy,5.4291664484810456e-05,False,5.4291664484810456e-05,7.565803927760644e-08,0.7549477530428335,5.577295829594504,False
MXN,1920,nnls_nonneg,6.32064520750554e-05,False,6.32064520750554e-05,7.565803927760644e-08,0.8790845034482866,5.729134959437535,True
MXN,1940,nnls_original_legacy,4.3619354035923486e-05,False,4.3619354035923486e-05,7.81964340664205e-06,0.5082073539852769,0.8981320398869757,False
MXN,1940,nnls_nonneg,3.5537213200300054e-05,False,3.5537213200300054e-05,7.81964340664205e-06,0.3934744878137555,0.7339824385393079,True
MXN,1960,nnls_original_legacy,3.737825709017656e-05,False,3.737825709017656e-05,1.1169429885851128e-05,0.4002644947515185,0.5067301833144418,False
MXN,1960,nnls_nonneg,4.294712871461561e-05,False,4.294712871461561e-05,1.1169429885851128e-05,0.4853130003452481,0.6068631835401288,True
MXN,1980,nnls_original_legacy,6.790624830540183e-05,False,6.790624830540183e-05,1.4481231016773894e-05,0.8235130882713524,0.7585279464563197,False
MXN,1980,nnls_nonneg,5.69191467529998e-05,False,5.69191467529998e-05,1.4481231016773894e-05,0.6541538182183779,0.6231959547455692,True
MXN,2000,nnls_original_legacy,3.729761281862505e-05,False,3.729761281862505e-05,1.6790731651771836e-05,0.3278617722157745,0.2482847533618386,False
MXN,2000,nnls_nonneg,3.101853963738775e-05,False,3.101853963738775e-05,1.6790731651771836e-05,0.2274726372555261,0.155070803029663,True
MXN,2020,nnls_original_legacy,3.461140720164801e-05,False,3.461140720164801e-05,1.1153077510354214e-05,0.3893214570964927,0.4547048889070231,False
MXN,2020,nnls_nonneg,3.206802978850485e-05,False,3.206802978850485e-05,1.1153077510354214e-05,0.347110804698735,0.4039383929606717,True
MXN,2040,nnls_original_legacy,3.704781202793276e-05,False,3.704781202793276e-05,3.666392414412938e-05,0.0061332951374561,5.405885133336064e-05,False
MXN,2040,nnls_nonneg,3.357640218118235e-05,False,3.357640218118235e-05,3.666392414412938e-05,0.0493286822561737,0.0039853420999516,True
MXN,2060,nnls_original_legacy,3.901510919944362e-05,False,3.901510919944362e-05,2.76216903523942e-06,0.580876051972837,1.7187301521047829,False
MXN,2060,nnls_nonneg,3.786916055000334e-05,False,3.786916055000334e-05,2.76216903523942e-06,0.5625146687516289,1.691060622645188,True
MXN,2080,nnls_original_legacy,4.010708439509682e-05,False,4.010708439509682e-05,0.0001998779076425,2.560045751086365,2.377452298698133,False
MXN,2080,nnls_nonneg,3.3808584647512497e-05,False,3.3808584647512497e-05,0.0001998779076425,2.660968104675578,3.135054035884309,True
MXN,2100,nnls_original_legacy,4.5883123380586185e-05,False,4.5883123380586185e-05,1.4401975673873772e-07,0.7277243072108558,4.767040995784999,False
MXN,2100,nnls_nonneg,4.974058802918346e-05,False,4.974058802918346e-05,1.4401975673873772e-07,0.7890978490291789,4.847521466859013,True
MXN,2120,nnls_original_legacy,4.440161673103311e-05,False,4.440161673103311e-05,4.225542211575825e-06,0.6558221609323461,1.4472946993095674,False
MXN,2120,nnls_nonneg,4.3200666962239045e-05,False,4.3200666962239045e-05,4.225542211575825e-06,0.6362182179896306,1.4225203144024463,True
MXN,2140,nnls_original_legacy,4.875304532604335e-05,False,4.875304532604335e-05,3.546797614824003e-06,0.7448868727967511,1.6934728259699074,False
MXN,2140,nnls_nonneg,4.870085899706285e-05,False,4.870085899706285e-05,3.546797614824003e-06,0.7440269714918396,1.6924797876672253,True
MXN,2160,nnls_original_legacy,3.395077572566375e-05,False,3.395077572566375e-05,3.6902792945116e-05,0.0495794192306614,0.0035743846468021,False
MXN,2160,nnls_nonneg,2.8532356118060927e-05,False,2.8532356118060927e-05,3.6902792945116e-05,0.1405823088895582,0.0361179860707925,True
MXN,2180,nnls_original_legacy,4.111366179833408e-05,False,4.111366179833408e-05,9.67724715824938e-07,0.6809673468123524,2.772685876221366,False
MXN,2180,nnls_nonneg,3.831381734110877e-05,False,3.831381734110877e-05,9.67724715824938e-07,0.6334755508777978,2.703876065524774,True
MXN,2200,nnls_original_legacy,3.555487252130247e-05,False,3.555487252130247e-05,5.079072087602837e-06,0.527029090616817,1.088800269641629,False
MXN,2200,nnls_nonneg,4.025826062773087e-05,False,4.025826062773087e-05,5.079072087602837e-06,0.6083664901690163,1.1963488645569114,True
MXN,2220,nnls_original_legacy,4.724856520443077e-05,False,4.724856520443077e-05,0.0001397048081761,1.592523164719705,0.8726959073305929,False
MXN,2220,nnls_nonneg,4.681339998653398e-05,False,4.681339998653398e-05,0.0001397048081761,1.6000187179425764,0.8909288011255965,True
MXN,2240,nnls_original_legacy,0.0002731644580579,False,0.0002731644580579,0.0009727818133748,8.438335157539264,1.2910722751680035,False
MXN,2240,nnls_nonneg,0.0005634735791856,False,0.0005634735791856,0.0009727818133748,4.936813011541745,0.1803624508195898,True
MXN,2260,nnls_original_legacy,0.0001220740704882,False,0.0001220740704882,2.054256721353582e-05,1.04164858589039,0.9504083429609,False
MXN,2260,nnls_nonneg,0.0001348033888884,False,0.0001348033888884,2.054256721353582e-05,1.1722432888478036,1.0337072563112546,True
MXN,2280,nnls_original_legacy,3.0347147467418576e-05,False,3.0347147467418576e-05,0.0004021663246294,3.634075864659594,9.668032065881947,False
MXN,2280,nnls_nonneg,5.628492294273481e-05,False,5.628492294273481e-05,0.0004021663246294,3.3805659608475613,4.178748397640803,True
MXN,2300,nnls_original_legacy,7.014185564539033e-05,False,7.014185564539033e-05,1.0471659246528388e-05,0.5472407405950799,1.0511398013592976,False
MXN,2300,nnls_nonneg,0.0001588696943214,False,0.0001588696943214,1.0471659246528388e-05,1.360971733265946,1.7853253554410076,True
MXN,2320,nnls_original_legacy,6.92113689763485e-05,False,6.92113689763485e-05,1.2109815636761052e-05,0.5068644027893096,0.9181173972230694,False
MXN,2320,nnls_nonneg,0.0001394436447244,False,0.0001394436447244,1.2109815636761052e-05,1.1302842297756786,1.5304880032101882,True
MXN,2340,nnls_original_legacy,5.850641013853373e-05,False,5.850641013853373e-05,9.92661262126623e-06,0.4287973266214025,0.9435841237045006,False
MXN,2340,nnls_nonneg,2.8046008533727966e-05,False,2.8046008533727966e-05,9.92661262126623e-06,0.1599337363334358,0.3925673275852572,True
MXN,2360,nnls_original_legacy,9.62707197899145e-05,False,9.62707197899145e-05,0.0005036987034684,3.617453004935838,2.577292906086249,False
MXN,2360,nnls_nonneg,9.417071942407178e-05,False,9.417071942407178e-05,0.0005036987034684,3.636098392435232,2.671913598978211,True
MXN,2380,nnls_original_legacy,6.765172454579251e-05,False,6.765172454579251e-05,0.0001221996837325,0.4851864151118097,0.2150219115134657,False
MXN,2380,nnls_nonneg,0.0001810475145224,False,0.0001810475145224,0.0001221996837325,0.5234323792086321,0.0680622392526775,True
MXN,2400,nnls_original_legacy,4.8813979037873526e-05,False,4.8813979037873526e-05,2.3306443210715172e-05,0.2274423006377224,0.2167411524430993,False
MXN,2400,nnls_nonneg,0.0001276068801582,False,0.0001276068801582,2.3306443210715172e-05,0.9300126636144292,0.882866962422705,True
MXN,2420,nnls_original_legacy,6.469675488957311e-05,False,6.469675488957311e-05,3.299863238493636e-06,0.5470825625222414,2.02683510048031,False
MXN,2420,nnls_nonneg,7.54726442787738e-05,False,7.54726442787738e-05,3.299863238493636e-06,0.6431021006774192,2.1736118782048326,True
MXN,2440,nnls_original_legacy,7.470769930467065e-05,False,7.470769930467065e-05,4.904588322354966e-06,0.6167531988354958,1.7890623701699,False
MXN,2440,nnls_nonneg,6.05166902709968e-05,False,6.05166902709968e-05,4.904588322354966e-06,0.4913669503853496,1.593793257396594,True
MXN,2460,nnls_original_legacy,0.0001114022579994,False,0.0001114022579994,0.0002898760155013,1.5583892712566354,0.645760186804833,False
MXN,2460,nnls_nonneg,9.874805218103195e-05,False,9.874805218103195e-05,0.0002898760155013,1.6688827065925826,0.8586296037841927,True
MXN,2480,nnls_original_legacy,0.0001099648410574,False,0.0001099648410574,4.4058887748096894e-05,0.5660766374100106,0.3152969968306727,False
MXN,2480,nnls_nonneg,0.0001491995677416,False,0.0001491995677416,4.4058887748096894e-05,0.9030698988054764,0.5150594053257849,True
MXN,2500,nnls_original_legacy,8.400300604132878e-05,False,8.400300604132878e-05,1.297552810999544e-05,0.5897297970049383,1.0222524990866195,False
MXN,2500,nnls_nonneg,0.0001093923395287,False,0.0001093923395287,1.297552810999544e-05,0.800533374996594,1.2504903301593888,True
MXN,2520,nnls_original_legacy,5.174306961347793e-05,False,5.174306961347793e-05,9.196774294064454e-06,0.3516032505078922,0.9051769485289964,False
MXN,2520,nnls_nonneg,7.273635692548633e-05,False,7.273635692548633e-05,9.196774294064454e-06,0.5250921054677323,1.1944284056606165,True
MXN,2540,nnls_original_legacy,4.957877530237592e-05,False,4.957877530237592e-05,1.8314183406390404e-05,0.2643080183067858,0.3652826551347217,False
MXN,2540,nnls_nonneg,6.323453888719306e-05,False,6.323453888719306e-05,1.8314183406390404e-05,0.3797526025053224,0.5287979476606557,True
MXN,2560,nnls_original_legacy,0.000111600742609,False,0.000111600742609,0.0003472381078556,1.993774626319256,0.97634884496785,False
MXN,2560,nnls_nonneg,6.0055308360516646e-05,False,6.0055308360516646e-05,0.0003472381078556,2.429910800223004,3.0272271503333785,True
MXN,2580,nnls_original_legacy,8.094655466405306e-05,False,8.094655466405306e-05,5.002184027654895e-05,0.2576074656632876,0.0992907286085769,False
MXN,2580,nnls_nonneg,8.717256006911902e-05,False,8.717256006911902e-05,5.002184027654895e-05,0.3094710157516614,0.1292554153299265,True
MXN,2600,nnls_original_legacy,7.812708162001616e-05,False,7.812708162001616e-05,4.970209415090535e-05,0.2407427342136544,0.0884595389434395,False
MXN,2600,nnls_nonneg,1.4477811097914816e-05,False,1.4477811097914816e-05,4.970209415090535e-05,0.2983287229979525,1.1995541607078568,True
MXN,2620,nnls_original_legacy,6.035129792265529e-05,False,6.035129792265529e-05,2.2581215624857462e-10,0.5073113619485625,11.495993266874798,False
MXN,2620,nnls_nonneg,2.629720122175436e-05,False,2.629720122175436e-05,2.2581215624857462e-10,0.2210524841339187,10.665278174369076,True
MXN,2640,nnls_original_legacy,9.058366619270434e-05,False,9.058366619270434e-05,3.8136330476253965e-07,0.7559038640163054,4.474486781351588,False
MXN,2640,nnls_nonneg,6.155517870640783e-05,False,6.155517870640783e-05,3.8136330476253965e-07,0.5126423822701027,4.090132260366164,True
MXN,2660,nnls_original_legacy,0.0001455638176899,False,0.0001455638176899,0.000144850600129,0.0059073385893525,1.2042833878567194e-05,False
MXN,2660,nnls_nonneg,0.0001045321437124,False,0.0001045321437124,0.000144850600129,0.3339440677250865,0.0594956608462236,True
MXN,2680,nnls_original_legacy,6.113102833230769e-05,False,6.113102833230769e-05,7.770161266520596e-06,0.4331813553961414,1.1898353138498714,False
MXN,2680,nnls_nonneg,9.497812296542324e-05,False,9.497812296542324e-05,7.770161266520596e-06,0.7079506973432687,1.585165672130416,True
MXN,2700,nnls_original_legacy,7.271406251822806e-05,False,7.271406251822806e-05,2.556113216719003e-05,0.3808540064405745,0.3969912942113898,False
MXN,2700,nnls_nonneg,3.507259964354413e-05,False,3.507259964354413e-05,2.556113216719003e-05,0.0768240800419084,0.0451535824714803,True
MXN,2720,nnls_original_legacy,8.85918166362729e-05,False,8.85918166362729e-05,2.7526577351313127e-05,0.4989917726621543,0.4795999188447108,False
MXN,2720,nnls_nonneg,5.192423653409793e-05,False,5.192423653409793e-05,2.7526577351313127e-05,0.1993643412680995,0.1647633295223673,True
MXN,2740,nnls_original_legacy,4.3563905347616e-05,False,4.3563905347616e-05,9.57422167752603e-06,0.3633651776493558,0.7349288860155274,False
MXN,2740,nnls_nonneg,2.551948511662671e-05,False,2.551948511662671e-05,9.57422167752603e-06,0.1704621184019174,0.3555410333779294,True
MXN,2760,nnls_original_legacy,3.223808348638805e-05,False,3.223808348638805e-05,5.062000728703016e-06,0.3355437550909065,1.0084059467868969,False
MXN,2760,nnls_nonneg,3.5126190282014106e-05,False,3.5126190282014106e-05,5.062000728703016e-06,0.3712032799734575,1.0812942243563537,True
MXN,2780,nnls_original_legacy,3.18861440935161e-05,False,3.18861440935161e-05,4.932800789378517e-06,0.3615105951360369,1.020965071231593,False
MXN,2780,nnls_nonneg,6.794156892263415e-05,False,6.794156892263415e-05,4.932800789378517e-06,0.8451024798524759,1.6953446919761066,True
MXN,2800,nnls_original_legacy,3.85725820047008e-05,False,3.85725820047008e-05,1.918113406402581e-05,0.2978975436827495,0.1958883087189382,False
MXN,2800,nnls_nonneg,4.284151592427772e-05,False,4.284151592427772e-05,1.918113406402581e-05,0.3634782539358732,0.2513034829218616,True
MXN,2820,nnls_original_legacy,0.000233837907505,False,0.000233837907505,0.0002755910255594,0.6829079467532568,0.0142660116117476,False
MXN,2820,nnls_nonneg,0.0001394600372895,False,0.0001394600372895,0.0002755910255594,2.2265387118564464,0.2949891248251628,True
MXN,2840,nnls_original_legacy,8.55050822556535e-05,False,8.55050822556535e-05,1.3195331336298486e-05,1.1740932116347989,1.023034922879117,False
MXN,2840,nnls_nonneg,4.914583609885834e-05,False,4.914583609885834e-05,1.3195331336298486e-05,0.5837282394132539,0.5834224180609557,True
MXN,2860,nnls_original_legacy,3.708346472909681e-05,False,3.708346472909681e-05,0.0001248542642931,1.4204413423711304,1.152868639769305,False
MXN,2860,nnls_nonneg,4.116813686298151e-05,False,4.116813686298151e-05,0.0001248542642931,1.35433692953888,0.923306206087483,True
MXN,2880,nnls_original_legacy,3.545134710694783e-05,False,3.545134710694783e-05,5.570982452092481e-05,0.3556974227738577,0.119449240889609,False
MXN,2880,nnls_nonneg,3.5502616843309924e-05,False,3.5502616843309924e-05,5.570982452092481e-05,0.3547972310803935,0.1186250550602459,True
MXN,2900,nnls_original_legacy,3.261935767893104e-05,False,3.261935767893104e-05,1.1768685532209988e-05,0.370018352173801,0.3802520602167463,False
MXN,2900,nnls_nonneg,3.1372858651349327e-05,False,3.1372858651349327e-05,1.1768685532209988e-05,0.3478978414810766,0.355624058494274,True
MXN,2920,nnls_original_legacy,3.0104972774095012e-05,False,3.0104972774095012e-05,5.570409955062062e-06,0.4442183119077441,0.8722545994325757,False
MXN,2920,nnls_nonneg,3.042092946414773e-05,False,3.042092946414773e-05,5.570409955062062e-06,0.4499389660121772,0.8807732921776541,True
MXN,2940,nnls_original_legacy,2.8473606424145576e-05,False,2.8473606424145576e-05,2.912645023504503e-06,0.4734976168746451,1.38220876005841,False
MXN,2940,nnls_nonneg,3.116556494197834e-05,False,3.116556494197834e-05,2.912645023504503e-06,0.5233641270946889,1.4637093410974198,True
MXN,2960,nnls_original_legacy,2.402798498754073e-05,False,2.402798498754073e-05,4.190328536644632e-06,0.3666732120438549,0.920833723799532,False
MXN,2960,nnls_nonneg,3.633266938919853e-05,False,3.633266938919853e-05,4.190328536644632e-06,0.5941092584291616,1.2752704298981343,True
MXN,2980,nnls_original_legacy,2.313678722041595e-05,False,2.313678722041595e-05,1.552877134024888e-07,0.442894125506481,4.010611261657823,False
MXN,2980,nnls_nonneg,3.337425464723956e-05,False,3.337425464723956e-05,1.552877134024888e-07,0.6401882220914499,4.374913370301032,True
MXN,3000,nnls_original_legacy,2.19695332566672e-05,False,2.19695332566672e-05,1.2605946187534172e-05,0.1882749305796411,0.1292801905082816,False
MXN,3000,nnls_nonneg,2.8857824508502317e-05,False,2.8857824508502317e-05,1.2605946187534172e-05,0.3267787483661815,0.2650419481333121,True
MXN,3020,nnls_original_legacy,1.973833205109874e-05,False,1.973833205109874e-05,2.719819750814027e-06,0.3058015053147072,1.1197907230875963,False
MXN,3020,nnls_nonneg,3.65608983912656e-05,False,3.65608983912656e-05,2.719819750814027e-06,0.6080821053641889,1.672805200516898,True
MXN,3040,nnls_original_legacy,3.33749335098434e-05,False,3.33749335098434e-05,2.744283921304718e-08,0.6000539363003402,6.104277395110668,False
MXN,3040,nnls_nonneg,2.542778365099406e-05,False,2.542778365099406e-05,2.744283921304718e-08,0.4570531149710423,5.832571678566755,True
MXN,3060,nnls_original_legacy,3.859439358857938e-05,False,3.859439358857938e-05,5.196792280740221e-05,0.241886311731888,0.0489951796213505,False
MXN,3060,nnls_nonneg,5.048790074555605e-05,False,5.048790074555605e-05,5.196792280740221e-05,0.0267690803200939,0.0004214502000376,True
MXN,3080,nnls_original_legacy,2.3460828167465075e-05,False,2.3460828167465075e-05,3.834670177578188e-05,0.2779447183213583,0.1431626910486709,False
MXN,3080,nnls_nonneg,2.383187079806942e-05,False,2.383187079806942e-05,3.834670177578188e-05,0.2710167178450597,0.1334065348353079,True
MXN,3100,nnls_original_legacy,2.4271799636566636e-05,False,2.4271799636566636e-05,6.09899740601699e-05,0.6790480312644315,0.5913972690967475,False
MXN,3100,nnls_nonneg,3.471199177053503e-05,False,3.471199177053503e-05,6.09899740601699e-05,0.4859722036700066,0.1934046591055946,True
MXN,3120,nnls_original_legacy,2.0474870033052944e-05,False,2.0474870033052944e-05,7.604997371522925e-06,0.2324667864271876,0.3618235027854282,False
MXN,3120,nnls_nonneg,2.4955924629446573e-05,False,2.4955924629446573e-05,7.604997371522925e-06,0.3134074755252384,0.4930428249950072,True
MXN,3140,nnls_original_legacy,8.75368941574362e-05,False,8.75368941574362e-05,0.0001261024141183,0.6888944642907509,0.0755290019897407,False
MXN,3140,nnls_nonneg,5.182635046673388e-05,False,5.182635046673388e-05,0.0001261024141183,1.3267905924977164,0.5439761224800819,True
MXN,3160,nnls_original_legacy,0.0001530438738809,False,0.0001530438738809,3.025758067127673e-06,2.6749455690403545,2.9433335040582462,False
MXN,3160,nnls_nonneg,0.0001438687182247,False,0.0001438687182247,3.025758067127673e-06,2.511345047633531,2.882770926627625,True
MXN,3180,nnls_original_legacy,2.758088147010921e-05,False,2.758088147010921e-05,0.0002522303937695,3.927710404650581,5.9318971104393405,False
MXN,3180,nnls_nonneg,2.700942709333321e-05,False,2.700942709333321e-05,0.0002522303937695,3.93770155610456,6.104448872539805,True
MXN,3200,nnls_original_legacy,3.108085186546442e-05,False,3.108085186546442e-05,8.847338444494049e-05,0.9742477816422156,0.8004461383456676,False
MXN,3200,nnls_nonneg,2.927369911855199e-05,False,2.927369911855199e-05,8.847338444494049e-05,1.0049244999475109,0.9162700654055272,True
MXN,3220,nnls_original_legacy,3.013437308413515e-05,False,3.013437308413515e-05,1.2539616747068614e-05,0.2917556817357103,0.292896876404757,False
MXN,3220,nnls_nonneg,2.720872871814789e-05,False,2.720872871814789e-05,1.2539616747068614e-05,0.2432427412798857,0.2355122834657386,True
MXN,3240,nnls_original_legacy,5.280830987291396e-05,False,5.280830987291396e-05,1.733344091823443e-05,0.5756454557068909,0.4422641328048673,False
MXN,3240,nnls_nonneg,4.13879232605828e-05,False,4.13879232605828e-05,1.733344091823443e-05,0.3903285299642504,0.2891558095176525,True
MXN,3260,nnls_original_legacy,3.3697251931560275e-05,False,3.3697251931560275e-05,2.4531518961737824e-06,0.5406847392689542,1.692842364274885,False
MXN,3260,nnls_nonneg,2.543663331708552e-05,False,2.543663331708552e-05,2.4531518961737824e-06,0.3977332566943561,1.435258395228299,True
MXN,3280,nnls_original_legacy,4.84521350354272e-05,False,4.84521350354272e-05,6.24136911072787e-05,0.2467273892475495,0.0349432581655764,False
MXN,3280,nnls_nonneg,3.599213166495866e-05,False,3.599213166495866e-05,6.24136911072787e-05,0.4669194714044552,0.1836083432166102,True
MXN,3300,nnls_original_legacy,0.0001207197115884,False,0.0001207197115884,2.054933133151473e-05,1.7679653390586687,0.9408665194689044,False
MXN,3300,nnls_nonneg,8.646429059868004e-05,False,8.646429059868004e-05,2.054933133151473e-05,1.1633714777847493,0.6745657387013695,True
MXN,3320,nnls_original_legacy,3.759243678758144e-05,False,3.759243678758144e-05,9.467333669563722e-05,1.0203225656624435,0.5947849438969071,False
MXN,3320,nnls_nonneg,2.500031441141326e-05,False,2.500031441141326e-05,9.467333669563722e-05,1.2454070795836083,1.4553418384024064,True
MXN,3340,nnls_original_legacy,0.0001878857190513,False,0.0001878857190513,8.640597907342e-05,1.594144169102294,0.2366628508177457,False
MXN,3340,nnls_nonneg,0.000149866687298,False,0.000149866687298,8.640597907342e-05,0.9969035987424972,0.1272415440195393,True
MXN,3360,nnls_original_legacy,3.2684168732750985e-05,False,3.2684168732750985e-05,1.0835301486984151e-05,0.3482174859343613,0.4355966483915421,False
MXN,3360,nnls_nonneg,3.357731759434332e-05,False,3.357731759434332e-05,1.0835301486984151e-05,0.3624520935069383,0.4537383620587196,True
MXN,3380,nnls_original_legacy,0.0002992928176726,False,0.0002992928176726,0.0001638349867086,2.034661247028469,0.1499696857142249,False
MXN,3380,nnls_nonneg,0.000273265818002,False,0.000273265818002,0.0001638349867086,1.6437194518643257,0.1111296557703973,True
MXN,3400,nnls_original_legacy,4.124227815702874e-05,False,4.124227815702874e-05,5.954966606931896e-05,0.2566420951990951,0.0765517715076886,False
MXN,3400,nnls_nonneg,5.2009907652281815e-05,False,5.2009907652281815e-05,5.954966606931896e-05,0.1056960942060116,0.009591277204044,True
MXN,3420,nnls_original_legacy,3.86657980147864e-05,False,3.86657980147864e-05,0.0001250375173492,1.1680454514494472,1.060143150738714,False
MXN,3420,nnls_nonneg,2.536481939033628e-05,False,2.536481939033628e-05,0.0001250375173492,1.3479208516594556,2.334313982472974,True
MXN,3440,nnls_original_legacy,5.958622850052332e-05,False,5.958622850052332e-05,3.0011081812487528e-05,0.3957080627510304,0.189515793846047,False
MXN,3440,nnls_nonneg,4.391893220407135e-05,False,4.391893220407135e-05,3.0011081812487528e-05,0.1860835583855662,0.0641078181303491,True
MXN,3460,nnls_original_legacy,6.830192240663017e-05,False,6.830192240663017e-05,6.938907582143276e-06,0.8294624957947678,1.3883852473463274,False
MXN,3460,nnls_nonneg,5.982703730480127e-05,False,5.982703730480127e-05,6.938907582143276e-06,0.7149049016439059,1.2702961390816945,True
MXN,3480,nnls_original_legacy,3.743697962976634e-05,False,3.743697962976634e-05,1.9855211405587853e-08,0.5028574468660891,6.542478106658455,False
MXN,3480,nnls_nonneg,6.783483376505196e-05,False,6.783483376505196e-05,1.9855211405587853e-08,0.9113812861052344,7.136657301683373,True
MXN,3500,nnls_original_legacy,4.96574346037937e-05,False,4.96574346037937e-05,2.8072686360386723e-05,0.2862844575669897,0.1356779878202618,False
MXN,3500,nnls_nonneg,8.942733640300484e-05,False,8.942733640300484e-05,2.8072686360386723e-05,0.8137636125558504,0.4725454873307468,True
MXN,3520,nnls_original_legacy,7.452673612112879e-05,False,7.452673612112879e-05,6.044966833907781e-05,0.1870512582879029,0.0204607009880994,False
MXN,3520,nnls_nonneg,6.073029338295251e-05,False,6.073029338295251e-05,6.044966833907781e-05,0.003728849528649,1.0709089595994923e-05,True
MXN,3540,nnls_original_legacy,6.089202773672507e-05,False,6.089202773672507e-05,2.699332756450578e-05,0.4502096366497947,0.2568107714108754,False
MXN,3540,nnls_nonneg,4.537669914704348e-05,False,4.537669914704348e-05,2.699332756450578e-05,0.2441501001078241,0.1142810257890478,True
MXN,3560,nnls_original_legacy,4.538231576594138e-05,False,4.538231576594138e-05,0.0001145358116269,0.8402665905846302,0.5980332746346044,False
MXN,3560,nnls_nonneg,8.954953923936394e-05,False,8.954953923936394e-05,0.0001145358116269,0.3036018591560091,0.0329262299613553,True
MXN,3580,nnls_original_legacy,4.4046797802938565e-05,False,4.4046797802938565e-05,7.369844879369791e-05,0.3648039978528201,0.1584560720136707,False
MXN,3580,nnls_nonneg,2.523175415620153e-05,False,2.523175415620153e-05,7.369844879369791e-05,0.5962853121392998,0.8489826193535155,True
MXN,3600,nnls_original_legacy,4.027559828480376e-05,False,4.027559828480376e-05,1.667291772245571e-06,0.4737019133657255,2.2259422374171707,False
MXN,3600,nnls_nonneg,5.319413386843087e-05,False,5.319413386843087e-05,1.667291772245571e-06,0.6322049811409687,2.494091034862896,True
MXN,3620,nnls_original_legacy,4.698407006732985e-05,False,4.698407006732985e-05,2.355337709275108e-05,0.2936176083528023,0.1918449910775121,False
MXN,3620,nnls_nonneg,3.172070121907324e-05,False,3.172070121907324e-05,2.355337709275108e-05,0.1023473859358171,0.0402241387146025,True
MXN,3640,nnls_original_legacy,3.4110726192335415e-05,False,3.4110726192335415e-05,1.5791499127545964e-05,0.2306149102472217,0.2330883157781795,False
MXN,3640,nnls_nonneg,3.890796142552729e-05,False,3.890796142552729e-05,1.5791499127545964e-05,0.2910057754744861,0.3075951960826342,True
MXN,3660,nnls_original_legacy,3.744268381580401e-05,False,3.744268381580401e-05,1.546174761988056e-05,0.2858220982483849,0.2973866811608476,False
MXN,3660,nnls_nonneg,1.6975084191908015e-05,False,1.6975084191908015e-05,1.546174761988056e-05,0.0196781897967168,0.0042270945730666,True
MXN,3680,nnls_original_legacy,4.915912952863811e-05,False,4.915912952863811e-05,2.7117606409892676e-05,0.2996810891135721,0.1465084783181942,False
MXN,3680,nnls_nonneg,2.5399139426864634e-05,False,2.5399139426864634e-05,2.7117606409892676e-05,0.0233646311239524,0.002190565423078,True
MXN,3700,nnls_original_legacy,4.436495679055641e-05,False,4.436495679055641e-05,1.1351958438986638e-05,0.4633946586223026,0.6189363108333932,False
MXN,3700,nnls_nonneg,2.2167491206208565e-05,False,2.2167491206208565e-05,1.1351958438986638e-05,0.1518147506964273,0.1813359539604193,True
MXN,3720,nnls_original_legacy,3.04755835567336e-05,False,3.04755835567336e-05,1.3682694745652174e-06,0.4127719656743746,2.148276275996715,False
MXN,3720,nnls_nonneg,2.738604000854956e-05,False,2.738604000854956e-05,1.3682694745652174e-06,0.3689590271180903,2.046448908053979,True
MXN,3740,nnls_original_legacy,4.3138279569339954e-05,False,4.3138279569339954e-05,1.3642916622160256e-07,0.6252110969075639,4.759523088822298,False
MXN,3740,nnls_nonneg,3.465618506274832e-05,False,3.465618506274832e-05,1.3642916622160256e-07,0.5018885058835456,4.541362585601365,True
MXN,3760,nnls_original_legacy,4.52288811198861e-05,False,4.52288811198861e-05,5.393803502626147e-07,0.6472941447662066,3.440995717028481,False
MXN,3760,nnls_nonneg,8.758789272378892e-05,False,8.758789272378892e-05,5.393803502626147e-07,1.260832889149032,4.096135236353422,True
MXN,3780,nnls_original_legacy,4.337122747290871e-05,False,4.337122747290871e-05,1.54937377473119e-06,0.5917875258984623,2.367668966694964,False
MXN,3780,nnls_nonneg,6.5007993520534e-05,False,6.5007993520534e-05,1.54937377473119e-06,0.8979520574894188,2.7604929952037445,True
MXN,3800,nnls_original_legacy,6.583283583809282e-05,False,6.583283583809282e-05,7.353389555964359e-06,0.8032746070334402,1.3036552683917395,False
MXN,3800,nnls_nonneg,6.262265577577006e-05,False,6.262265577577006e-05,7.353389555964359e-06,0.7591795224864966,1.2593895445834309,True
MXN,3820,nnls_original_legacy,5.510881460319638e-05,False,5.510881460319638e-05,1.3857372322605449e-06,0.7301764463188396,2.708222855743739,False
MXN,3820,nnls_nonneg,3.2079912521610685e-05,False,3.2079912521610685e-05,1.3857372322605449e-06,0.4171794493587628,2.1851941759872173,True
MXN,3840,nnls_original_legacy,6.705755602426474e-05,False,6.705755602426474e-05,3.189051303928397e-05,0.5498114115328647,0.2188119981754583,False
MXN,3840,nnls_nonneg,6.550182317860099e-05,False,6.550182317860099e-05,3.189051303928397e-05,0.5254886479667686,0.2066339182678387,True
MXN,3860,nnls_original_legacy,2.847098243704873e-05,False,2.847098243704873e-05,2.7939295640353864e-05,0.0084651538913224,0.0001765738031598,False
MXN,3860,nnls_nonneg,1.330777246411554e-05,False,1.330777246411554e-05,2.7939295640353864e-05,0.2329531147307987,0.3577861142581171,True
MXN,3880,nnls_original_legacy,3.3588020156289565e-05,False,3.3588020156289565e-05,7.870686996298876e-06,0.4431604220413765,0.6853542943304878,False
MXN,3880,nnls_nonneg,4.087861494556376e-05,False,4.087861494556376e-05,7.870686996298876e-06,0.5687917635046442,0.839999718346343,True
MXN,3900,nnls_original_legacy,2.195628578916472e-05,False,2.195628578916472e-05,6.825322436010892e-07,0.4067278647541615,2.502084937713165,False
MXN,3900,nnls_nonneg,3.016742770933857e-05,False,3.016742770933857e-05,6.825322436010892e-07,0.5637147459471208,2.8113331067845966,True
BRL,500,nnls_original_legacy,8.747986828656063e-05,False,8.747986828656063e-05,0.0002276820727271,1.2495215124326444,0.6461380993579926,False
BRL,500,nnls_nonneg,0.0001000625356432,False,0.0001000625356432,0.0002276820727271,1.137381238970624,0.4532429016065746,True
BRL,520,nnls_original_legacy,4.780164921691289e-05,False,4.780164921691289e-05,0.0004957671391713,4.228760141396478,7.032293437959222,False
BRL,520,nnls_nonneg,0.0001296752417536,False,0.0001296752417536,0.0004957671391713,3.4558796572606707,1.4820709744104716,True
BRL,540,nnls_original_legacy,6.63208573214707e-05,False,6.63208573214707e-05,0.0009275087602145,8.253957480001846,10.34717666194796,False
BRL,540,nnls_nonneg,0.0001007986529195,False,0.0001007986529195,0.0009275087602145,7.923508970548399,5.982221517210107,True
BRL,560,nnls_original_legacy,3.94282755619684e-05,False,3.94282755619684e-05,8.171204570761152e-05,0.4196557166436627,0.3437042910181915,False
BRL,560,nnls_nonneg,4.5307307491085625e-05,False,4.5307307491085625e-05,8.171204570761152e-05,0.361307812734274,0.2137738923510221,True
BRL,580,nnls_original_legacy,3.909791024548789e-05,False,3.909791024548789e-05,5.819913053825549e-05,0.19490469883406,0.0907469730174941,False
BRL,580,nnls_nonneg,5.139613867164508e-05,False,5.139613867164508e-05,5.819913053825549e-05,0.0694162498840091,0.0080565020518108,True
BRL,600,nnls_original_legacy,0.000165610580451,False,0.000165610580451,8.230974883071789e-06,1.6023669483852911,2.051435448185725,False
BRL,600,nnls_nonneg,0.0001081228120299,False,0.0001081228120299,8.230974883071789e-06,1.0170528619643429,1.6514894306562322,True
BRL,620,nnls_original_legacy,4.241136405375194e-05,False,4.241136405375194e-05,2.801000626042692e-06,0.484325901492027,1.78348326117379,False
BRL,620,nnls_nonneg,5.076295827808015e-05,False,5.076295827808015e-05,2.801000626042692e-06,0.5864429499502035,1.9523682427211853,True
BRL,640,nnls_original_legacy,8.087730539502943e-05,False,8.087730539502943e-05,4.491157048098248e-05,0.4322891496870179,0.1435427823906065,False
BRL,640,nnls_nonneg,7.893442281356954e-05,False,7.893442281356954e-05,4.491157048098248e-05,0.408936726579629,0.1328951524500909,True
BRL,660,nnls_original_legacy,5.1858343709736695e-05,False,5.1858343709736695e-05,1.3558436574354718e-06,0.6036791964438143,2.670237095902805,False
BRL,660,nnls_nonneg,5.2085700342043913e-05,False,5.2085700342043913e-05,1.3558436574354718e-06,0.606396892972803,2.674497574690946,True
BRL,680,nnls_original_legacy,5.382645717003005e-05,False,5.382645717003005e-05,2.5647789586672504e-05,0.3328964425542425,0.2177981136268314,False
BRL,680,nnls_nonneg,5.16353914773146e-05,False,5.16353914773146e-05,2.5647789586672504e-05,0.3070116851451162,0.1964594287842396,True
BRL,700,nnls_original_legacy,4.4372540396963046e-05,False,4.4372540396963046e-05,1.466899014031284e-06,0.5330005860999406,2.4425288717753757,False
BRL,700,nnls_nonneg,5.7830160196886586e-05,False,5.7830160196886586e-05,1.466899014031284e-06,0.7001795166478211,2.6997254237496238,True
BRL,720,nnls_original_legacy,5.037985049213922e-05,False,5.037985049213922e-05,3.2304764380816155e-06,0.6211792904485681,1.8110840632408265,False
BRL,720,nnls_nonneg,3.7531714958753534e-05,False,3.7531714958753534e-05,3.2304764380816155e-06,0.4519088414906413,1.5386299208052885,True
BRL,740,nnls_original_legacy,3.968210631924986e-05,False,3.968210631924986e-05,2.45611513427169e-05,0.2045148653676267,0.0986821559083348,False
BRL,740,nnls_nonneg,5.174088083214925e-05,False,5.174088083214925e-05,2.45611513427169e-05,0.3676129401804687,0.2197774888160217,True
BRL,760,nnls_original_legacy,3.1859437749112655e-05,False,3.1859437749112655e-05,7.330249404000741e-08,0.4238879577695259,5.076795111749786,False
BRL,760,nnls_nonneg,4.084153501795964e-05,False,4.084153501795964e-05,7.330249404000741e-08,0.5436698323895671,5.324655026915757,True
BRL,780,nnls_original_legacy,3.9772469238066776e-05,False,3.9772469238066776e-05,1.763788722371167e-05,0.2943881102104879,0.2565954296216883,False
BRL,780,nnls_nonneg,5.0115215403641617e-05,False,5.0115215403641617e-05,1.763788722371167e-05,0.4319457788439274,0.3962221418829141,True
BRL,800,nnls_original_legacy,0.0001518632714458,False,0.0001518632714458,1.1212618435622092e-05,1.7858945892705302,1.6797744380388386,False
BRL,800,nnls_nonneg,8.936199223995861e-05,False,8.936199223995861e-05,1.1212618435622092e-05,0.992292185247869,1.2011297911871326,True
BRL,820,nnls_original_legacy,7.647440866130332e-05,False,7.647440866130332e-05,3.013686677017533e-05,0.5479146698182561,0.3252847262706115,False
BRL,820,nnls_nonneg,7.225398116363973e-05,False,7.225398116363973e-05,3.013686677017533e-05,0.4980105522388773,0.2915344763185681,True
BRL,840,nnls_original_legacy,4.8963430492336696e-05,False,4.8963430492336696e-05,7.843110950820286e-05,0.3119155278325562,0.1306834097165161,False
BRL,840,nnls_nonneg,4.67544604123691e-05,False,4.67544604123691e-05,7.843110950820286e-05,0.3352974870322758,0.1601997479757164,True
BRL,860,nnls_original_legacy,5.835176954311039e-05,False,5.835176954311039e-05,0.0001632330592258,1.0805217065889914,0.7687075937702812,False
BRL,860,nnls_nonneg,5.660678057967234e-05,False,5.660678057967234e-05,0.0001632330592258,1.0984991595594538,0.8245806430053331,True
BRL,880,nnls_original_legacy,6.130106719569449e-05,False,6.130106719569449e-05,6.244065126186322e-05,0.0113523241007759,0.0001706811506663,False
BRL,880,nnls_nonneg,5.537720578272909e-05,False,5.537720578272909e-05,6.244065126186322e-05,0.0703647275596587,0.0075030319970852,True
BRL,900,nnls_original_legacy,0.0001305924540817,False,0.0001305924540817,1.4505407650883018e-06,1.230747078968429,3.511252393734699,False
BRL,900,nnls_nonneg,0.0001229862668781,False,0.0001229862668781,1.4505407650883018e-06,1.1582586633756042,3.451930600598465,True
BRL,920,nnls_original_legacy,0.000157602542269,False,0.000157602542269,9.23974156765412e-05,0.5893962359026507,0.1202458601212672,False
BRL,920,nnls_nonneg,0.0001307702547021,False,0.0001307702547021,9.23974156765412e-05,0.3468562682797227,0.053905933619021,True
BRL,940,nnls_original_legacy,7.615771810263513e-05,False,7.615771810263513e-05,0.0001793983133462,0.863339244127472,0.4988135395972159,False
BRL,940,nnls_nonneg,9.486046510695444e-05,False,9.486046510695444e-05,0.0001793983133462,0.7069393761907177,0.2539795186439966,True
BRL,960,nnls_original_legacy,8.574564393026824e-05,False,8.574564393026824e-05,0.0003835920588825,2.3996464466468352,1.9754096813483124,False
BRL,960,nnls_nonneg,8.860252317758057e-05,False,8.860252317758057e-05,0.0003835920588825,2.3766295500512817,1.8639388787287088,True
BRL,980,nnls_original_legacy,0.000135984349935,False,0.000135984349935,4.2403098216513705e-05,0.744546206999008,0.4771417440456811,False
BRL,980,nnls_nonneg,0.0001093474455924,False,0.0001093474455924,4.2403098216513705e-05,0.5326190770419345,0.3350921182880686,True
BRL,1000,nnls_original_legacy,6.857622743991814e-05,False,6.857622743991814e-05,8.999694726790955e-05,0.1721641644536991,0.0405338225784646,False
BRL,1000,nnls_nonneg,7.782685467727708e-05,False,7.782685467727708e-05,8.999694726790955e-05,0.0978143516658311,0.0110847457423224,True
BRL,1020,nnls_original_legacy,7.756677122877553e-05,False,7.756677122877553e-05,0.0003921917771108,2.520713647528979,2.4355710153504013,False
BRL,1020,nnls_nonneg,9.68806863885854e-05,False,9.68806863885854e-05,0.0003921917771108,2.365974359105115,1.649922862571911,True
BRL,1040,nnls_original_legacy,7.481340797166874e-05,False,7.481340797166874e-05,7.712374908480167e-05,0.0190666613284665,0.0004672348635035,False
BRL,1040,nnls_nonneg,8.084038373900638e-05,False,8.084038373900638e-05,7.712374908480167e-05,0.0306724465190634,0.0010904012412706,True
BRL,1060,nnls_original_legacy,0.0001110990610271,False,0.0001110990610271,0.000264707454706,1.2246060124178808,0.5144224632130119,False
BRL,1060,nnls_nonneg,0.0001200715965375,False,0.0001200715965375,0.000264707454706,1.1530746288168536,0.4140430510153527,True
BRL,1080,nnls_original_legacy,0.0002656167413253,False,0.0002656167413253,1.4763440794247022e-05,1.674994320050511,1.9454822800882785,False
BRL,1080,nnls_nonneg,0.0003101134383413,False,0.0003101134383413,1.4763440794247022e-05,1.972107073222059,2.0923908344094726,True
BRL,1100,nnls_original_legacy,0.0001078561522796,False,0.0001078561522796,1.1287609346882484e-06,0.6939759126998729,3.570143332141603,False
BRL,1100,nnls_nonneg,0.0001291695203016,False,0.0001291695203016,1.1287609346882484e-06,0.8325623040594651,3.748743740679485,True
BRL,1120,nnls_original_legacy,7.392619837883949e-05,False,7.392619837883949e-05,0.0002973660916913,1.39346071369277,1.6305756521471872,False
BRL,1120,nnls_nonneg,0.0001430169312635,False,0.0001430169312635,0.0002973660916913,0.9625832167166292,0.347235988101102,True
BRL,1140,nnls_original_legacy,0.0001239629790395,False,0.0001239629790395,2.871828800598972e-05,0.5680612293141762,0.6941170951147195,False
BRL,1140,nnls_nonneg,9.668603741451012e-05,False,9.668603741451012e-05,2.871828800598972e-05,0.4053752798580488,0.5109610864867113,True
BRL,1160,nnls_original_legacy,0.00012619432537,False,0.00012619432537,2.4599116447342427e-06,0.7303238762046977,2.957190596053699,False
BRL,1160,nnls_nonneg,0.0001546367384901,False,0.0001546367384901,2.4599116447342427e-06,0.8982009669272799,3.1568609904741525,True
BRL,1180,nnls_original_legacy,0.000200928861214,False,0.000200928861214,0.0005883061269247,2.2230646648324743,0.8536359049732336,False
BRL,1180,nnls_nonneg,0.0002198656421847,False,0.0002198656421847,0.0005883061269247,2.114391047746355,0.691522093443997,True
BRL,1200,nnls_original_legacy,0.0001231869290222,False,0.0001231869290222,7.145856864472054e-06,0.6273150601083626,1.9051784599898576,False
BRL,1200,nnls_nonneg,0.0001134823570037,False,0.0001134823570037,7.145856864472054e-06,0.5748523926589323,1.8280835302060487,True
BRL,1220,nnls_original_legacy,9.848997993407257e-05,False,9.848997993407257e-05,0.0001425864782093,0.230598729134371,0.0777318673111975,False
BRL,1220,nnls_nonneg,9.94349939967355e-05,False,9.94349939967355e-05,0.0001425864782093,0.2256568618572031,0.0735222042078687,True
BRL,1240,nnls_original_legacy,0.0001019110867334,False,0.0001019110867334,2.625064393939873e-06,0.5146380053804317,2.684753686651052,False
BRL,1240,nnls_nonneg,9.681407795914549e-05,False,9.681407795914549e-05,2.625064393939873e-06,0.4882182297946154,2.6348014808704043,True
BRL,1260,nnls_original_legacy,0.0001041222234619,False,0.0001041222234619,0.0001235594211665,0.0991711756146129,0.0155199957819975,False
BRL,1260,nnls_nonneg,0.0001327182620693,False,0.0001327182620693,0.0001235594211665,0.0467296280769921,0.0024967170070764,True
BRL,1280,nnls_original_legacy,0.0001079087506059,False,0.0001079087506059,2.3778362538948787e-05,0.4196792639355679,0.7328661409145711,False
BRL,1280,nnls_nonneg,0.0001041144639354,False,0.0001041144639354,2.3778362538948787e-05,0.4007516983597793,0.705101614052938,True
BRL,1300,nnls_original_legacy,0.0001115842832044,False,0.0001115842832044,0.0001055823145946,0.0302305237614485,0.0015006708409106,False
BRL,1300,nnls_nonneg,0.0001045491345162,False,0.0001045491345162,0.0001055823145946,0.0052038884138807,4.8510044969862776e-05,True
BRL,1320,nnls_original_legacy,0.0002039222754815,False,0.0002039222754815,0.0001730881299675,0.1558460886353103,0.0127326503764086,False
BRL,1320,nnls_nonneg,0.0001758705852199,False,0.0001758705852199,0.0001730881299675,0.0140634598645168,0.0001264885190712,True
BRL,1340,nnls_original_legacy,9.634905844517784e-05,False,9.634905844517784e-05,5.384298210306634e-05,0.2249013721847338,0.1407380183512083,False
BRL,1340,nnls_nonneg,9.499063349942312e-05,False,9.499063349942312e-05,5.384298210306634e-05,0.217713890756166,0.1345303384921723,True
BRL,1360,nnls_original_legacy,0.0001434746957981,False,0.0001434746957981,0.0024078637668174,12.104424039317925,12.9621612557598,False
BRL,1360,nnls_nonneg,0.0001809584152609,False,0.0001809584152609,0.0024078637668174,11.904052627551655,9.717943851314384,True
BRL,1380,nnls_original_legacy,0.0001275151744182,False,0.0001275151744182,5.470477946362856e-06,0.600580959424285,2.1917699875760777,False
BRL,1380,nnls_nonneg,0.0001384403142138,False,0.0001384403142138,5.470477946362856e-06,0.6543434835651262,2.270588364394456,True
BRL,1400,nnls_original_legacy,8.848542340054457e-05,False,8.848542340054457e-05,2.6168707033485897e-05,0.311533869231989,0.5140138377257468,False
BRL,1400,nnls_nonneg,0.0001664270531373,False,0.0001664270531373,2.6168707033485897e-05,0.7011798406779907,1.0072310859869438,True
BRL,1420,nnls_original_legacy,0.0001089367278478,False,0.0001089367278478,3.097194150621385e-06,0.5336048901264366,2.588701775192787,False
BRL,1420,nnls_nonneg,0.0001259529126983,False,0.0001259529126983,3.097194150621385e-06,0.6193943785182533,2.7300016349261886,True
BRL,1440,nnls_original_legacy,8.731116014889262e-05,False,8.731116014889262e-05,0.0004525510874161,1.936229097130716,2.537776284325733,False
BRL,1440,nnls_nonneg,0.000104748117827,False,0.000104748117827,0.0004525510874161,1.8437913807107815,1.857032340025477,True
BRL,1460,nnls_original_legacy,9.292968489717828e-05,False,9.292968489717828e-05,6.668618494087755e-05,0.1391920675608982,0.0494436328476814,False
BRL,1460,nnls_nonneg,0.0001054587350626,False,0.0001054587350626,6.668618494087755e-05,0.2056444995919872,0.0906658031245628,True
BRL,1480,nnls_original_legacy,0.0001276198980244,False,0.0001276198980244,9.913147813103908e-06,0.6518390647142613,1.6328714945708658,False
BRL,1480,nnls_nonneg,0.0001171626558599,False,0.0001171626558599,9.913147813103908e-06,0.5939287159893909,1.5543113846858485,True
BRL,1500,nnls_original_legacy,0.0001228333882682,False,0.0001228333882682,4.5716687139533055e-08,0.6092766758968989,6.896492957170697,False
BRL,1500,nnls_nonneg,8.296130983094316e-05,False,8.296130983094316e-05,4.5716687139533055e-08,0.4114300427735299,6.504217315281875,True
BRL,1520,nnls_original_legacy,0.0001389559954274,False,0.0001389559954274,3.5651868514463995e-06,0.6454913994662039,2.6885977868466995,False
BRL,1520,nnls_nonneg,9.559502918926e-05,False,9.559502918926e-05,3.5651868514463995e-06,0.4387629584910503,2.326199046200653,True
BRL,1540,nnls_original_legacy,0.0001433615132516,False,0.0001433615132516,0.0003548550708342,0.975929655485505,0.5689064586151205,False
BRL,1540,nnls_nonneg,0.0001524837245799,False,0.0001524837245799,0.0003548550708342,0.9338355290231992,0.4825152733225171,True
BRL,1560,nnls_original_legacy,0.0001348289628643,False,0.0001348289628643,1.919924651955958e-06,0.6287057303127406,3.265960796912432,False
BRL,1560,nnls_nonneg,0.0001305327728895,False,0.0001305327728895,1.919924651955958e-06,0.6083832654748436,3.234046759527443,True
BRL,1580,nnls_original_legacy,0.0001168493694044,False,0.0001168493694044,7.276893251934097e-06,0.59023163511164,1.8384574896251595,False
BRL,1580,nnls_nonneg,0.0001097650654658,False,0.0001097650654658,7.276893251934097e-06,0.5520707716894167,1.779933459422269,True
BRL,1600,nnls_original_legacy,0.0001057947483468,False,0.0001057947483468,5.2138444445288896e-05,0.3010326578080767,0.2004247018411233,False
BRL,1600,nnls_nonneg,8.050816106672487e-05,False,8.050816106672487e-05,5.2138444445288896e-05,0.1591651040943215,0.082072869607884,True
BRL,1620,nnls_original_legacy,9.805288273339836e-05,False,9.805288273339836e-05,7.208688012653692e-05,0.1505686751194454,0.0428185826871079,False
BRL,1620,nnls_nonneg,8.057847903532902e-05,False,8.057847903532902e-05,7.208688012653692e-05,0.0492401089494113,0.0059765809488627,True
BRL,1640,nnls_original_legacy,9.310983303124296e-05,False,9.310983303124296e-05,2.2120741336473703e-05,0.429036365275101,0.6748409616367264,False
BRL,1640,nnls_nonneg,6.231902415299559e-05,False,6.231902415299559e-05,2.2120741336473703e-05,0.2429461307105565,0.3907107398562852,True
BRL,1660,nnls_original_legacy,9.867444312520006e-05,False,9.867444312520006e-05,1.4712866237002485e-05,0.5166740256296781,1.0522087485649627,False
BRL,1660,nnls_nonneg,7.666749024670223e-05,False,7.666749024670223e-05,1.4712866237002485e-05,0.3812499262143366,0.8426602867630111,True
BRL,1680,nnls_original_legacy,0.0001498713094047,False,0.0001498713094047,0.0001991716198903,0.3082896503171485,0.0445610798512936,False
BRL,1680,nnls_nonneg,0.0001768015010509,False,0.0001768015010509,0.0001991716198903,0.1398870726499524,0.0073875229682467,True
BRL,1700,nnls_original_legacy,8.767207178459709e-05,False,8.767207178459709e-05,7.022429401324171e-06,0.5365898628329521,1.604592989121981,False
BRL,1700,nnls_nonneg,5.821101117857639e-05,False,5.821101117857639e-05,7.022429401324171e-06,0.3405752742701057,1.2356027805393115,True
BRL,1720,nnls_original_legacy,8.338479848796318e-05,False,8.338479848796318e-05,5.011192877646054e-06,0.5426592800680389,1.87188923393004,False
BRL,1720,nnls_nonneg,5.8346788099432434e-05,False,5.8346788099432434e-05,5.011192877646054e-06,0.3692959572252327,1.5406166793662366,True
BRL,1740,nnls_original_legacy,8.560050227971652e-05,False,8.560050227971652e-05,0.0001876739368252,0.716654765808754,0.407424740728729,False
BRL,1740,nnls_nonneg,7.661939453711978e-05,False,7.661939453711978e-05,0.0001876739368252,0.7797108753109779,0.5535753758646917,True
BRL,1760,nnls_original_legacy,8.417638894896341e-05,False,8.417638894896341e-05,0.0008613255643293,5.5207416881633975,6.906831004088126,False
BRL,1760,nnls_nonneg,8.903141086974191e-05,False,8.903141086974191e-05,0.0008613255643293,5.486252399923633,6.404917614515358,True
BRL,1780,nnls_original_legacy,0.0001039174216065,False,0.0001039174216065,8.775835349267474e-06,0.6252532544073593,1.556044686923355,False
BRL,1780,nnls_nonneg,9.46677736870936e-05,False,9.46677736870936e-05,8.775835349267474e-06,0.5644662453685496,1.4710730840286734,True
BRL,1800,nnls_original_legacy,0.0001281070458765,False,0.0001281070458765,6.46493396684272e-06,0.7929687224797995,2.036938504968865,False
BRL,1800,nnls_nonneg,0.0001601195701387,False,0.0001601195701387,6.46493396684272e-06,1.0016541034633533,2.249903715294658,True
BRL,1820,nnls_original_legacy,9.862369153242572e-05,False,9.862369153242572e-05,0.0002036847044859,0.6964217194081075,0.340009832109871,False
BRL,1820,nnls_nonneg,6.230124305800906e-05,False,6.230124305800906e-05,0.0002036847044859,0.9371936414422298,1.0847603212159829,True
BRL,1840,nnls_original_legacy,9.743117789954996e-05,False,9.743117789954996e-05,9.234715822633384e-05,0.0324393056446546,0.0014107025336953,False
BRL,1840,nnls_nonneg,0.0001028140822214,False,0.0001028140822214,9.234715822633384e-05,0.0667856870080024,0.0055630148693861,True
BRL,1860,nnls_original_legacy,0.0001144441898009,False,0.0001144441898009,0.0001611355406411,0.3032712527359181,0.0658249857199402,False
BRL,1860,nnls_nonneg,5.449130495837348e-05,False,5.449130495837348e-05,0.0001611355406411,0.6926792729396324,0.872882473100675,True
BRL,1880,nnls_original_legacy,8.154381985436027e-05,False,8.154381985436027e-05,9.746276320668316e-05,0.1137093638104916,0.0168896486989922,False
BRL,1880,nnls_nonneg,0.0001101501406993,False,0.0001101501406993,9.746276320668316e-05,0.090626217531305,0.0071913804604404,True
BRL,1900,nnls_original_legacy,0.0001158646319679,False,0.0001158646319679,7.766137030143863e-06,0.6843967340874304,1.7696773440049445,False
BRL,1900,nnls_nonneg,9.307363781960047e-05,False,9.307363781960047e-05,7.766137030143863e-06,0.5401016449588351,1.5670588893183497,True
BRL,1920,nnls_original_legacy,0.0004371187030491,False,0.0004371187030491,0.0003887158507468,0.30215426382731,0.0066245764670129,False
BRL,1920,nnls_nonneg,0.0007205350088876,False,0.0007205350088876,0.0003887158507468,2.0713773813505787,0.156627642166337,True
BRL,1940,nnls_original_legacy,0.0001076993687936,False,0.0001076993687936,7.015797989044187e-06,0.6249010393317515,1.7963216859975044,False
BRL,1940,nnls_nonneg,9.076189878910532e-05,False,9.076189878910532e-05,7.015797989044187e-06,0.5197772090492749,1.6373740525361726,True
BRL,1960,nnls_original_legacy,9.09643500576264e-05,False,9.09643500576264e-05,0.0001977402193222,0.6702686724684833,0.397334580577386,False
BRL,1960,nnls_nonneg,0.000100396266097,False,0.000100396266097,0.0001977402193222,0.6110613076761707,0.2917682173739915,True
BRL,1980,nnls_original_legacy,1.3980994674711488e-05,False,1.3980994674711488e-05,0.0003627391996517,2.087172438029833,21.68917876154745,False
BRL,1980,nnls_nonneg,0.0002199168686121,False,0.0002199168686121,0.0003627391996517,0.8547320998532145,0.1490033040547649,True
BRL,2000,nnls_original_legacy,0.0001405684854389,False,0.0001405684854389,1.471226141757034e-05,0.8562799523238477,1.3616761422877466,False
BRL,2000,nnls_nonneg,0.0001278025564155,False,0.0001278025564155,1.471226141757034e-05,0.7694252164496792,1.276922402544312,True
BRL,2020,nnls_original_legacy,6.106826662046304e-05,False,6.106826662046304e-05,2.104330022163978e-05,0.293430961102427,0.4099966325760988,False
BRL,2020,nnls_nonneg,6.243804169613458e-05,False,6.243804169613458e-05,2.104330022163978e-05,0.3034730536539467,0.4246194113721731,True
BRL,2040,nnls_original_legacy,4.69067021244705e-05,False,4.69067021244705e-05,2.69188474765516e-05,0.1599437987195489,0.1292145005505205,False
BRL,2040,nnls_nonneg,4.50406383785792e-05,False,4.50406383785792e-05,2.69188474765516e-05,0.1450114645882438,0.1123953479237536,True
BRL,2060,nnls_original_legacy,3.907666212384936e-05,False,3.907666212384936e-05,7.532938167348859e-05,0.2915974470270068,0.271388429024789,False
BRL,2060,nnls_nonneg,5.902953026106802e-05,False,5.902953026106802e-05,7.532938167348859e-05,0.1311072691325495,0.0322980391730913,True
BRL,2080,nnls_original_legacy,0.0001851475685452,False,0.0001851475685452,2.800962680620921e-05,1.242384707744494,1.0398876241199426,False
BRL,2080,nnls_nonneg,0.00027340006736,False,0.00027340006736,2.800962680620921e-05,1.940138246669253,1.3808371366247716,True
BRL,2100,nnls_original_legacy,6.901889871669146e-05,False,6.901889871669146e-05,6.54835946691379e-07,0.5320700088421372,3.6672386767139065,False
BRL,2100,nnls_nonneg,5.056050434664565e-05,False,5.056050434664565e-05,6.54835946691379e-07,0.3884103482288755,3.3594927939277905,True
BRL,2120,nnls_original_legacy,6.387774175732306e-05,False,6.387774175732306e-05,0.0001749104003239,0.8714946286993951,0.7309028853017416,False
BRL,2120,nnls_nonneg,5.012084077096007e-05,False,5.012084077096007e-05,0.0001749104003239,0.979472456772074,1.2399369275750605,True
BRL,2140,nnls_original_legacy,0.0001216969275948,False,0.0001216969275948,1.5926527358646585e-05,0.8208806393742195,1.1644180621036688,False
BRL,2140,nnls_nonneg,6.505068281695712e-05,False,6.505068281695712e-05,1.5926527358646585e-05,0.3812509742922784,0.6520131884801599,True
BRL,2160,nnls_original_legacy,3.10245225968608e-06,False,3.10245225968608e-06,7.137300000168642e-07,0.0185118871855014,0.6994968893907507,False
BRL,2160,nnls_nonneg,7.323601306367803e-05,False,7.323601306367803e-05,7.137300000168642e-07,0.5620261280168293,3.640683436296354,True
BRL,2180,nnls_original_legacy,8.970809540495281e-05,False,8.970809540495281e-05,2.037342239276312e-06,0.6975260913823433,2.807625676042536,False
BRL,2180,nnls_nonneg,4.770162741901635e-05,False,4.770162741901635e-05,2.037342239276312e-06,0.3633142092095423,2.1960295007203112,True
BRL,2200,nnls_original_legacy,7.49605725271469e-05,False,7.49605725271469e-05,2.6354119514451544e-06,0.577365432306072,2.383080075790111,False
BRL,2200,nnls_nonneg,7.617153836342903e-05,False,7.617153836342903e-05,2.6354119514451544e-06,0.5870324666825959,2.398546754146588,True
BRL,2220,nnls_original_legacy,4.317867086058141e-05,False,4.317867086058141e-05,8.246771972907606e-05,0.3115960569660195,0.2628576801679707,False
BRL,2220,nnls_nonneg,9.364514475950132e-05,False,9.364514475950132e-05,8.246771972907606e-05,0.0886466246146937,0.0077462770750535,True
BRL,2240,nnls_original_legacy,0.000335644118419,False,0.000335644118419,4.316674707571721e-06,2.389015348478777,3.366426933056113,False
BRL,2240,nnls_nonneg,0.0001350578853069,False,0.0001350578853069,4.316674707571721e-06,0.9427011396996372,2.475179768036811,True
BRL,2260,nnls_original_legacy,0.0002402815765437,False,0.0002402815765437,0.0007750859166224,3.744563270682805,1.0545776873469102,False
BRL,2260,nnls_nonneg,0.0001844833491053,False,0.0001844833491053,0.0007750859166224,4.135248194825588,1.7659721753768398,True
BRL,2280,nnls_original_legacy,0.0001519175338515,False,0.0001519175338515,0.0003396441798595,1.2317321311091098,0.4311534420246943,False
BRL,2280,nnls_nonneg,0.0003064427746978,False,0.0003064427746978,0.0003396441798595,0.2178446075995091,0.0054770445137157,True
BRL,2300,nnls_original_legacy,0.0001286971785777,False,0.0001286971785777,0.0003763242350486,1.5272328527437695,0.8511174268435977,False
BRL,2300,nnls_nonneg,0.00024812365493,False,0.00024812365493,0.0003763242350486,0.7906734445268916,0.1001563333059281,True
BRL,2320,nnls_original_legacy,0.0001004231491852,False,0.0001004231491852,0.0009051485016776,4.74661108428148,5.814638850099908,False
BRL,2320,nnls_nonneg,0.0001296668511519,False,0.0001296668511519,0.0009051485016776,4.574119339774089,4.0374392299625175,True
BRL,2340,nnls_original_legacy,0.0002602344270646,False,0.0002602344270646,6.113147939819351e-05,1.1677162966715475,0.6834651931480327,False
BRL,2340,nnls_nonneg,0.0002197730327052,False,0.0002197730327052,6.113147939819351e-05,0.930414789419865,0.5577257270295344,True
BRL,2360,nnls_original_legacy,0.0001016552059756,False,0.0001016552059756,1.2956067124812489e-06,0.5753284511692596,3.375352773506612,False
BRL,2360,nnls_nonneg,9.645782118992298e-05,False,9.645782118992298e-05,1.2956067124812489e-06,0.545533559989106,3.3235585845648448,True
BRL,2380,nnls_original_legacy,1.963405161248056e-05,False,1.963405161248056e-05,4.889081338176905e-05,0.1627443960240321,0.5777790029222023,False
BRL,2380,nnls_nonneg,7.87685620662977e-05,False,7.87685620662977e-05,4.889081338176905e-05,0.1661987133971076,0.0976138688177652,True
BRL,2400,nnls_original_legacy,0.0001922472305992,False,0.0001922472305992,2.924793555410988e-05,0.99772231315842,1.0351103081552822,False
BRL,2400,nnls_nonneg,0.0002147537524899,False,0.0002147537524899,2.924793555410988e-05,1.1354852346221769,1.1298759389835302,True
BRL,2420,nnls_original_legacy,9.966996678847546e-05,False,9.966996678847546e-05,1.754510594063569e-05,0.5070485196812459,0.9131213720707372,False
BRL,2420,nnls_nonneg,0.0001214509025957,False,0.0001214509025957,1.754510594063569e-05,0.6415265710814907,1.079197580556004,True
BRL,2440,nnls_original_legacy,0.0002309508023847,False,0.0002309508023847,4.48301811346432e-06,1.3777178394218177,2.961319344446381,False
BRL,2440,nnls_nonneg,0.0001715365487818,False,0.0001715365487818,4.48301811346432e-06,1.0162709459130683,2.6706343284144998,True
BRL,2460,nnls_original_legacy,9.933827085627264e-05,False,9.933827085627264e-05,0.0001387863493498,0.2296780876010961,0.0627037756588251,False
BRL,2460,nnls_nonneg,7.603034583432055e-05,False,7.603034583432055e-05,0.0001387863493498,0.365383547776239,0.2236041659829171,True
BRL,2480,nnls_original_legacy,0.0003418491301889,False,0.0003418491301889,3.696653133769549e-05,1.831751256179974,1.3324935315309014,False
BRL,2480,nnls_nonneg,0.0001762298637966,False,0.0001762298637966,3.696653133769549e-05,0.8367016849524961,0.7715393922668377,True
BRL,2500,nnls_original_legacy,0.0002410474003856,False,0.0002410474003856,2.536883344268706e-06,1.365791075879582,3.564581715393036,False
BRL,2500,nnls_nonneg,0.0001253364466669,False,0.0001253364466669,2.536883344268706e-06,0.7031914138987824,2.9203059847715247,True
BRL,2520,nnls_original_legacy,7.846071301372744e-05,False,7.846071301372744e-05,8.31990025953584e-06,0.3918613840452095,1.3499868216824753,False
BRL,2520,nnls_nonneg,0.0001667049398483,False,0.0001667049398483,8.31990025953584e-06,0.8848625841109341,2.047483096499387,True
BRL,2540,nnls_original_legacy,0.0001316523558711,False,0.0001316523558711,5.249735613988992e-06,0.6905467345833864,2.261862808448797,False
BRL,2540,nnls_nonneg,0.0001267745181107,False,0.0001267745181107,5.249735613988992e-06,0.6638987510970263,2.22564236667735,True
BRL,2560,nnls_original_legacy,0.0001809836038189,False,0.0001809836038189,0.0001261946788948,0.297264584368572,0.0578519895289812,False
BRL,2560,nnls_nonneg,0.0002135108839658,False,0.0002135108839658,0.0001261946788948,0.4737456601865069,0.1169076735710896,True
BRL,2580,nnls_original_legacy,0.0003647542217479,False,0.0003647542217479,3.506038507782789e-05,1.775381189399052,1.4382724726340093,False
BRL,2580,nnls_nonneg,0.0002863108340187,False,0.0002863108340187,3.506038507782789e-05,1.3529683338428693,1.2224618602947157,True
BRL,2600,nnls_original_legacy,7.398219505031593e-05,False,7.398219505031593e-05,4.29919954190333e-05,0.1649758399549976,0.1239232426139214,False
BRL,2600,nnls_nonneg,7.170247070286378e-05,False,7.170247070286378e-05,4.29919954190333e-05,0.152839763273932,0.1111000194923126,True
BRL,2620,nnls_original_legacy,7.665913094680098e-05,False,7.665913094680098e-05,2.418376829036477e-05,0.2721046308107653,0.4691585113894343,False
BRL,2620,nnls_nonneg,0.0001694419663815,False,0.0001694419663815,2.418376829036477e-05,0.7532187747346987,1.089554776396446,True
BRL,2640,nnls_original_legacy,7.630866730179186e-05,False,7.630866730179186e-05,6.612551973581766e-07,0.3965035076055468,3.757067494810295,False
BRL,2640,nnls_nonneg,8.023002631410645e-05,False,8.023002631410645e-05,6.612551973581766e-07,0.4170571863066353,3.806755265220781,True
BRL,2660,nnls_original_legacy,3.227761832766838e-05,False,3.227761832766838e-05,0.0001348616307441,0.5278987967430214,1.748302638332488,False
BRL,2660,nnls_nonneg,0.0001099640345883,False,0.0001099640345883,0.0001348616307441,0.1281233863133191,0.0223198704431086,True
BRL,2680,nnls_original_legacy,8.523403677430716e-05,False,8.523403677430716e-05,0.0001819037499517,0.492027665103008,0.3760911008611529,False
BRL,2680,nnls_nonneg,9.811784922135274e-05,False,9.811784922135274e-05,0.0001819037499517,0.4264518818759774,0.2366228800698333,True
BRL,2700,nnls_original_legacy,0.0002318955426796,False,0.0002318955426796,7.752862785256308e-07,1.160421485574573,4.704153205887493,False
BRL,2700,nnls_nonneg,0.0002576132085977,False,0.0002576132085977,7.752862785256308e-07,1.2895461782989903,4.808991692107856,True
BRL,2720,nnls_original_legacy,0.0001172214387791,False,0.0001172214387791,5.336849915067954e-05,0.316295574848818,0.2421234556782194,False
BRL,2720,nnls_nonneg,0.0001314979491111,False,0.0001314979491111,5.336849915067954e-05,0.3870142773634918,0.3076210167181452,True
BRL,2740,nnls_original_legacy,0.0002063420881547,False,0.0002063420881547,1.3521377003639118e-08,1.0895027521384724,8.633084306697604,False
BRL,2740,nnls_nonneg,0.0001065748767224,False,0.0001065748767224,1.3521377003639118e-08,0.5626893635407155,7.972458042188238,True
BRL,2760,nnls_original_legacy,3.0888553299850374e-05,False,3.0888553299850374e-05,2.754477852902773e-06,0.1512772271620306,1.5063324866051957,False
BRL,2760,nnls_nonneg,0.0001144340116917,False,0.0001144340116917,2.754477852902773e-06,0.6005020581448065,2.7508408895370597,True
BRL,2780,nnls_original_legacy,0.0002889951630493,False,0.0002889951630493,0.0006067118476278,1.8783435512789044,0.3577400791908722,False
BRL,2780,nnls_nonneg,0.0001047425904007,False,0.0001047425904007,0.0006067118476278,2.96764621758433,3.035860134873652,True
BRL,2800,nnls_original_legacy,0.0001427800424648,False,0.0001427800424648,7.973534436812052e-07,0.863843873701939,4.193347000447507,False
BRL,2800,nnls_nonneg,0.0001204969542741,False,0.0001204969542741,7.973534436812052e-07,0.728270238962515,4.02469891604882,True
BRL,2820,nnls_original_legacy,0.0001603288746133,False,0.0001603288746133,0.0001560732024459,0.0265918293632814,0.0003586363527423,False
BRL,2820,nnls_nonneg,0.0001414862752862,False,0.0001414862752862,0.0001560732024459,0.0911473118026004,0.0049753986655811,True
BRL,2840,nnls_original_legacy,0.0001039413316486,False,0.0001039413316486,1.908601708860061e-05,0.5444264755764793,0.8784936241127315,False
BRL,2840,nnls_nonneg,0.000101353015956,False,0.000101353015956,1.908601708860061e-05,0.5278200013972836,0.8579659286908978,True
BRL,2860,nnls_original_legacy,0.0001292553698276,False,0.0001292553698276,8.125004358505501e-05,0.3079057891839851,0.0928596147228417,False
BRL,2860,nnls_nonneg,0.0001264169834981,False,0.0001264169834981,8.125004358505501e-05,0.2897004013409602,0.084769098753288,True
BRL,2880,nnls_original_legacy,0.0001301708101621,False,0.0001301708101621,0.0003619292140958,1.5282254697320676,0.7578164801222593,False
BRL,2880,nnls_nonneg,0.0001174711325309,False,0.0001174711325309,0.0003619292140958,1.6119677223706472,0.9557495451412996,True
BRL,2900,nnls_original_legacy,0.0001155646509251,False,0.0001155646509251,0.0004039374946099,1.7791459215758012,1.2439077882840133,False
BRL,2900,nnls_nonneg,0.0001132780968912,False,0.0001132780968912,0.0004039374946099,1.793253051886378,1.2944779902067367,True
BRL,2920,nnls_original_legacy,0.0001098484000775,False,0.0001098484000775,4.023763015325002e-06,0.6450014229772582,2.343513842614664,False
BRL,2920,nnls_nonneg,0.000116169949579,False,0.000116169949579,4.023763015325002e-06,0.6835312827256182,2.3974735295785514,True
BRL,2940,nnls_original_legacy,0.0001319371496516,False,0.0001319371496516,7.656764490819358e-05,0.3343018734001994,0.1244853086467239,False
BRL,2940,nnls_nonneg,0.0001178680716639,False,0.0001178680716639,7.656764490819358e-05,0.2493576581664271,0.0809959934926207,True
BRL,2960,nnls_original_legacy,0.000120606215313,False,0.000120606215313,0.0004771142613552,2.237101532783896,1.5807422600008652,False
BRL,2960,nnls_nonneg,0.0001124691060546,False,0.0001124691060546,0.0004771142613552,2.288162202512208,1.7971031810453717,True
BRL,2980,nnls_original_legacy,0.0001176897661654,False,0.0001176897661654,7.027900564166229e-05,0.2933667015715427,0.1127337206882763,False
BRL,2980,nnls_nonneg,0.0001168699541444,False,0.0001168699541444,7.027900564166229e-05,0.2882938964563528,0.1099323560845442,True
BRL,3000,nnls_original_legacy,0.000109117246872,False,0.000109117246872,4.813344002880979e-05,0.3923395349890031,0.2595625106542742,False
BRL,3000,nnls_nonneg,0.0001138851223063,False,0.0001138851223063,4.813344002880979e-05,0.4230136782998933,0.2838621480161123,True
BRL,3020,nnls_original_legacy,0.000118571984141,False,0.000118571984141,3.9839578695174e-05,0.5242853516202497,0.4266542520249308,False
BRL,3020,nnls_nonneg,0.0001105207691973,False,0.0001105207691973,3.9839578695174e-05,0.4706716707752896,0.3808140228451715,True
BRL,3040,nnls_original_legacy,0.0001034360345937,False,0.0001034360345937,1.52586028043271e-05,0.6012046494156862,1.0613272192483785,False
BRL,3040,nnls_nonneg,0.0001071442791559,False,0.0001071442791559,1.52586028043271e-05,0.6264879200525474,1.0914446032621,True
BRL,3060,nnls_original_legacy,9.950772701031682e-05,False,9.950772701031682e-05,1.0534768765905843e-06,0.6761589592509524,3.558726179796033,False
BRL,3060,nnls_nonneg,0.0001060819334772,False,0.0001060819334772,1.0534768765905843e-06,0.7213089512173702,3.622046533003649,True
BRL,3080,nnls_original_legacy,9.597208235842989e-05,False,9.597208235842989e-05,6.721024574851508e-06,0.640261803405813,1.7288477692939843,False
BRL,3080,nnls_nonneg,0.0001007299542287,False,0.0001007299542287,6.721024574851508e-06,0.6743934282821329,1.7739258031011786,True
BRL,3100,nnls_original_legacy,9.958075690342636e-05,False,9.958075690342636e-05,5.30010812168713e-07,0.7184273745272345,4.241149236477693,False
BRL,3100,nnls_nonneg,9.90222979263742e-05,False,9.90222979263742e-05,5.30010812168713e-07,0.7143768021439117,4.235555367708094,True
BRL,3120,nnls_original_legacy,0.0001065863927729,False,0.0001065863927729,1.8004963343219393e-05,0.6598491966927353,0.9472320527150796,False
BRL,3120,nnls_nonneg,9.552001929245553e-05,False,9.552001929245553e-05,1.8004963343219393e-05,0.577415014963636,0.8571825247236478,True
BRL,3140,nnls_original_legacy,8.55196430871017e-05,False,8.55196430871017e-05,1.2132638576426958e-05,0.5445059454111646,1.0947164810353325,False
BRL,3140,nnls_nonneg,9.352745428691063e-05,False,9.352745428691063e-05,1.2132638576426958e-05,0.6039211080424699,1.1720785478429363,True
BRL,3160,nnls_original_legacy,9.371886804995216e-05,False,9.371886804995216e-05,0.000273324505973,1.364297801392487,0.8460696476877807,False
BRL,3160,nnls_nonneg,9.21660527235922e-05,False,9.21660527235922e-05,0.000273324505973,1.3760931022539704,0.8784980464271686,True
BRL,3180,nnls_original_legacy,9.91633537558716e-05,False,9.91633537558716e-05,6.672518858487165e-06,0.6969741385820596,1.7660592520476457,False
BRL,3180,nnls_nonneg,0.0001003519589121,False,0.0001003519589121,6.672518858487165e-06,0.7059309942082431,1.7771773342548762,True
BRL,3200,nnls_original_legacy,9.668308980452349e-05,False,9.668308980452349e-05,9.736293216067255e-06,0.6800355039511805,1.3962812082245302,False
BRL,3200,nnls_nonneg,8.952973015134503e-05,False,8.952973015134503e-05,9.736293216067255e-06,0.6240870535474412,1.3274595533419573,True
BRL,3220,nnls_original_legacy,8.999706666445972e-05,False,8.999706666445972e-05,0.0002057264277736,0.9233931774136634,0.4591535132304969,False
BRL,3220,nnls_nonneg,8.080138811209952e-05,False,8.080138811209952e-05,0.0002057264277736,0.9967645911634186,0.6115222943562917,True
BRL,3240,nnls_original_legacy,8.677299385933664e-05,False,8.677299385933664e-05,4.0918949965791135e-10,0.6925141598750815,11.26463234311032,False
BRL,3240,nnls_nonneg,8.185822255436082e-05,False,8.185822255436082e-05,4.0918949965791135e-10,0.6532903804498893,11.20632594122556,True
BRL,3260,nnls_original_legacy,8.420893494162933e-05,False,8.420893494162933e-05,8.804525412353911e-05,0.031949207509139,0.0010072488191461,False
BRL,3260,nnls_nonneg,8.204578788557715e-05,False,8.204578788557715e-05,8.804525412353911e-05,0.0499640886724394,0.0025499376995907,True
BRL,3280,nnls_original_legacy,7.618038513050708e-05,False,7.618038513050708e-05,4.951417224439563e-07,0.6635525717178151,4.042514861941998,False
BRL,3280,nnls_nonneg,7.82782817983549e-05,False,7.82782817983549e-05,4.951417224439563e-07,0.6819453873640994,4.069506845838863,True
BRL,3300,nnls_original_legacy,7.605563835688095e-05,False,7.605563835688095e-05,4.6751733232709257e-05,0.2738823088521416,0.101318196169599,False
BRL,3300,nnls_nonneg,7.759847430160306e-05,False,7.759847430160306e-05,4.6751733232709257e-05,0.2883020753962265,0.1091790709197928,True
BRL,3320,nnls_original_legacy,6.722036339997398e-05,False,6.722036339997398e-05,1.3522655765597455e-05,0.5240718773346329,0.8047787816252112,False
BRL,3320,nnls_nonneg,6.790532003427821e-05,False,6.790532003427821e-05,1.3522655765597455e-05,0.5307568276806849,0.8128877564788084,True
BRL,3340,nnls_original_legacy,5.822119467379649e-05,False,5.822119467379649e-05,8.568222618911505e-06,0.4919202923130666,1.0633558689462466,False
BRL,3340,nnls_nonneg,6.894814195885359e-05,False,6.894814195885359e-05,8.568222618911505e-06,0.5981939517882601,1.2095648777007764,True
BRL,3360,nnls_original_legacy,7.050753963745082e-05,False,7.050753963745082e-05,1.7134866495041275e-05,0.5488890120720836,0.6576260470650117,False
BRL,3360,nnls_nonneg,6.374081285320344e-05,False,6.374081285320344e-05,1.7134866495041275e-05,0.4792994307210235,0.5825306574957452,True
BRL,3380,nnls_original_legacy,4.317703412369604e-05,False,4.317703412369604e-05,4.373645529353234e-05,0.0057861151015265,8.321679859224496e-05,False
BRL,3380,nnls_nonneg,6.932442878422121e-05,False,6.932442878422121e-05,4.373645529353234e-05,0.2646574134390697,0.0915106657611319,True
BRL,3400,nnls_original_legacy,5.342990863013764e-05,False,5.342990863013764e-05,0.0001953572851106,1.6692422131692557,1.359868827281879,False
BRL,3400,nnls_nonneg,6.121715045242812e-05,False,6.121715045242812e-05,0.0001953572851106,1.5776545780260849,1.030815480099477,True
BRL,3420,nnls_original_legacy,5.62924210015241e-05,False,5.62924210015241e-05,5.3938991713800806e-05,0.0285191219774031,0.0008990692582602,False
BRL,3420,nnls_nonneg,6.0310011427378246e-05,False,6.0310011427378246e-05,5.3938991713800806e-05,0.0772047366282789,0.0060066459050172,True
BRL,3440,nnls_original_legacy,2.885005263884404e-05,False,2.885005263884404e-05,7.764288812180953e-05,0.6290116803919429,0.7012482373558409,False
BRL,3440,nnls_nonneg,7.855045694548596e-05,False,7.855045694548596e-05,7.764288812180953e-05,0.0116999019466977,6.726561860115332e-05,True
BRL,3460,nnls_original_legacy,6.869592676176605e-05,False,6.869592676176605e-05,5.127887436374655e-06,0.8231772233920177,1.6696423029647218,False
BRL,3460,nnls_nonneg,7.305909722936225e-05,False,7.305909722936225e-05,5.127887436374655e-06,0.8796782982846525,1.726763108564652,True
BRL,3480,nnls_original_legacy,6.0023413609788445e-05,False,6.0023413609788445e-05,0.0003830350822553,4.106602026083403,3.5280359626060296,False
BRL,3480,nnls_nonneg,5.386733302826492e-05,False,5.386733302826492e-05,0.0003830350822553,4.184867226516627,4.1491094751091655,True
BRL,3500,nnls_original_legacy,4.241522478348782e-05,False,4.241522478348782e-05,1.0491558323287504e-08,0.5423193888511,7.3049390408488595,False
BRL,3500,nnls_nonneg,4.956120268533881e-05,False,4.956120268533881e-05,1.0491558323287504e-08,0.6337101859089975,7.460604327048301,True
BRL,3520,nnls_original_legacy,6.36714075342593e-05,False,6.36714075342593e-05,0.0001131988120689,0.6403874943379598,0.2024493551461939,False
BRL,3520,nnls_nonneg,5.6772090880131455e-05,False,5.6772090880131455e-05,0.0001131988120689,0.7295954014812889,0.3038157341458072,True
BRL,3540,nnls_original_legacy,7.626171329563127e-05,False,7.626171329563127e-05,3.770853870721541e-05,0.4893898939151643,0.1987467157146516,False
BRL,3540,nnls_nonneg,7.260372841963225e-05,False,7.260372841963225e-05,3.770853870721541e-05,0.4429558233225358,0.1745044032209446,True
BRL,3560,nnls_original_legacy,7.055944379658248e-05,False,7.055944379658248e-05,1.115198200186843e-06,0.7979422768324581,3.1632284695772315,False
BRL,3560,nnls_nonneg,7.821791657280626e-05,False,7.821791657280626e-05,1.115198200186843e-06,0.8859412053489569,3.264724166327613,True
BRL,3580,nnls_original_legacy,7.323531207216727e-05,False,7.323531207216727e-05,0.0001562160079869,0.9539952625933198,0.3755074595681251,False
BRL,3580,nnls_nonneg,6.813118126683303e-05,False,6.813118126683303e-05,0.0001562160079869,1.0126753755312012,0.4630662415207083,True
BRL,3600,nnls_original_legacy,3.697971902590431e-05,False,3.697971902590431e-05,2.6623373089885696e-05,0.1202878168658137,0.0485253612054883,False
BRL,3600,nnls_nonneg,3.777765564268349e-05,False,3.777765564268349e-05,2.6623373089885696e-05,0.1295557627438905,0.0546669146319207,True
BRL,3620,nnls_original_legacy,4.385014069678598e-05,False,4.385014069678598e-05,3.207127015608469e-05,0.1358838835027817,0.0442008264819473,False
BRL,3620,nnls_nonneg,5.083907919283485e-05,False,5.083907919283485e-05,3.207127015608469e-05,0.2165099589081975,0.0915436424043771,True
BRL,3640,nnls_original_legacy,2.6508237717752964e-05,False,2.6508237717752964e-05,2.5910564043899705e-06,0.278710498839768,1.4231351997920112,False
BRL,3640,nnls_nonneg,5.009688723524898e-05,False,5.009688723524898e-05,2.5910564043899705e-06,0.5535925674179963,2.013614110608758,True
BRL,3660,nnls_original_legacy,3.074483003305748e-05,False,3.074483003305748e-05,4.799598487120029e-05,0.2071435063322948,0.1157119961335999,False
BRL,3660,nnls_nonneg,4.4781175907494216e-05,False,4.4781175907494216e-05,4.799598487120029e-05,0.0386018679432511,0.0024598047165498,True
BRL,3680,nnls_original_legacy,8.016011435536513e-05,False,8.016011435536513e-05,0.0007157407701784,7.893475291611793,5.739597101073274,False
BRL,3680,nnls_nonneg,6.554586692831686e-05,False,6.554586692831686e-05,0.0007157407701784,8.074974209041123,7.529125502620889,True
BRL,3700,nnls_original_legacy,3.935454732563856e-05,False,3.935454732563856e-05,1.2131404556707215e-05,0.3306881977775308,0.4850733043515287,False
BRL,3700,nnls_nonneg,5.088453568338807e-05,False,5.088453568338807e-05,1.2131404556707215e-05,0.4707466437396011,0.6721719918470468,True
BRL,3720,nnls_original_legacy,2.571798256196193e-05,False,2.571798256196193e-05,0.0005745474769637,6.712300245564796,18.233908934052224,False
BRL,3720,nnls_nonneg,4.203251031072336e-05,False,4.203251031072336e-05,0.0005745474769637,6.512770136976782,10.05398182014478,True
BRL,3740,nnls_original_legacy,2.2849292628763053e-05,False,2.2849292628763053e-05,4.3382257677458464e-05,0.2395179711366634,0.2574954631244681,False
BRL,3740,nnls_nonneg,6.683939587929322e-05,False,6.683939587929322e-05,4.3382257677458464e-05,0.2736285839600527,0.0812943281309181,True
BRL,3760,nnls_original_legacy,7.814628206120768e-05,False,7.814628206120768e-05,1.741066914625991e-05,0.6942338233493502,0.7242951668716726,False
BRL,3760,nnls_nonneg,5.091048144886564e-05,False,5.091048144886564e-05,1.741066914625991e-05,0.3829170672714133,0.4149715828355367,True
BRL,3780,nnls_original_legacy,6.359026732869868e-05,False,6.359026732869868e-05,0.0004195887455645,4.113364145526444,3.711502431719064,False
BRL,3780,nnls_nonneg,5.116814065354337e-05,False,5.116814065354337e-05,0.0004195887455645,4.256894900854336,5.096037312940526,True
BRL,3800,nnls_original_legacy,5.315123401727781e-05,False,5.315123401727781e-05,0.0001854532746597,1.492015381621138,1.2395005236475365,False
BRL,3800,nnls_nonneg,4.446890634508373e-05,False,4.446890634508373e-05,0.0001854532746597,1.5899289615801762,1.7423905694661437,True
BRL,3820,nnls_original_legacy,5.505862337251374e-05,False,5.505862337251374e-05,1.1249914073314852e-06,0.606553642346636,2.9110557099103618,False
BRL,3820,nnls_nonneg,6.698805018361629e-05,False,6.698805018361629e-05,1.1249914073314852e-06,0.7407155190778949,3.1035327621290225,True
BRL,3840,nnls_original_legacy,5.139546341391337e-05,False,5.139546341391337e-05,4.6006374793625625e-05,0.0600992780494065,0.0059146020948461,False
BRL,3840,nnls_nonneg,4.766993889465429e-05,False,4.766993889465429e-05,4.6006374793625625e-05,0.0185521167873083,0.000623467494162,True
BRL,3860,nnls_original_legacy,6.613893344920371e-05,False,6.613893344920371e-05,6.333289084381326e-05,0.031224628402837,0.0009262978988411,False
BRL,3860,nnls_nonneg,5.768708954549634e-05,False,5.768708954549634e-05,6.333289084381326e-05,0.0628244372475131,0.00449800822653,True
BRL,3880,nnls_original_legacy,5.892602404547054e-05,False,5.892602404547054e-05,1.0998338518941493e-05,0.5485136044276585,0.8651851500610572,False
BRL,3880,nnls_nonneg,5.4438275892265335e-05,False,5.4438275892265335e-05,1.0998338518941493e-05,0.4971530830873237,0.8013564794293786,True
COP,500,nnls_original_legacy,0.0784949023400352,False,0.0784949023400352,1.1233530591011391e-06,0.5004083247487293,10.154485258905137,False
COP,500,nnls_nonneg,0.0784861362824785,False,0.0784861362824785,1.1233530591011391e-06,0.5003524399610021,10.154373577492104,True
COP,520,nnls_original_legacy,0.0796457818582135,False,0.0796457818582135,1.6914548148172778e-06,0.5077821807163412,9.759776596890855,False
COP,520,nnls_nonneg,0.078478558596341,False,0.078478558596341,1.6914548148172778e-06,0.5003403834619,9.745013284846086,True
COP,540,nnls_original_legacy,0.0745110655024509,False,0.0745110655024509,7.009814698587422e-06,0.4750238007655069,8.271485734242063,False
COP,540,nnls_nonneg,0.0785129497879299,False,0.0785129497879299,7.009814698587422e-06,0.5005390598472279,8.323796871061154,True
COP,560,nnls_original_legacy,0.0786046420685284,False,0.0786046420685284,1.585380990502113e-07,0.5011854481359286,12.113948394967558,False
COP,560,nnls_nonneg,0.0784747596635084,False,0.0784747596635084,1.585380990502113e-07,0.5003573125329551,12.112294681355074,True
COP,580,nnls_original_legacy,0.0793920957340643,False,0.0793920957340643,0.0,0.5062171688535316,19.492494465566747,False
COP,580,nnls_nonneg,0.0784754874716704,False,0.0784754874716704,0.0,0.5003727225614089,19.48088196674981,True
COP,600,nnls_original_legacy,0.0797948153869598,False,0.0797948153869598,4.322252758138256e-06,0.508773268345035,8.823491240198551,False
COP,600,nnls_nonneg,0.0784740711559539,False,0.0784740711559539,4.322252758138256e-06,0.5003517217088146,8.806801886071678,True
COP,620,nnls_original_legacy,0.102152675170574,False,0.102152675170574,2.294525993951986e-06,0.6513669002582644,9.703719966686972,False
COP,620,nnls_nonneg,0.0786028457177997,False,0.0786028457177997,2.294525993951986e-06,0.5012002604917758,9.441666090611308,True
COP,640,nnls_original_legacy,0.0788822986494873,False,0.0788822986494873,0.0106071144221068,0.4353618993473306,1.1408995162710056,False
COP,640,nnls_nonneg,0.078469274690678,False,0.078469274690678,0.0106071144221068,0.4327282206950064,1.136357580140586,True
COP,660,nnls_original_legacy,0.0787840065707275,False,0.0787840065707275,0.0001081331118659,0.5015476759282544,5.592474833653687,False
COP,660,nnls_nonneg,0.0784900692957397,False,0.0784900692957397,0.0001081331118659,0.4996738669616984,5.588742070659037,True
COP,680,nnls_original_legacy,0.0814496804950396,False,0.0814496804950396,9.664704552670204e-06,0.5191703141515961,8.039378806497755,False
COP,680,nnls_nonneg,0.0784973792093042,False,0.0784973792093042,9.664704552670204e-06,0.500349748228223,8.002463095304702,True
COP,700,nnls_original_legacy,0.0672573353897459,False,0.0672573353897459,2.437597008743409e-06,0.4287696365772409,9.2253048892288,False
COP,700,nnls_nonneg,0.0785798176822109,False,0.0785798176822109,2.437597008743409e-06,0.5009537715179188,9.38088847204772,True
COP,720,nnls_original_legacy,0.0789960893900462,False,0.0789960893900462,2.821824830379234e-07,0.5036393217672062,11.542358515292603,False
COP,720,nnls_nonneg,0.0784813256918254,False,0.0784813256918254,2.821824830379234e-07,0.500357435689872,11.535820896084411,True
COP,740,nnls_original_legacy,0.0949073279570059,False,0.0949073279570059,1.0462017210604072e-05,0.6044934887593583,8.113015143312142,False
COP,740,nnls_nonneg,0.0785988630871699,False,0.0785988630871699,1.0462017210604072e-05,0.5006084897359874,7.92449433023709,True
COP,760,nnls_original_legacy,0.079356927500117,False,0.079356927500117,1.683442109383233e-05,0.5053952390398941,7.458497495766842,False
COP,760,nnls_nonneg,0.0786150888829191,False,0.0786150888829191,1.683442109383233e-05,0.500669737837188,7.449107402830245,True
COP,780,nnls_original_legacy,0.0787762885271037,False,0.0787762885271037,0.0005460705446583,0.4983246104942199,3.978551068586848,False
COP,780,nnls_nonneg,0.0789592870832411,False,0.0789592870832411,0.0005460705446583,0.4994903069036129,3.980855324644178,True
COP,800,nnls_original_legacy,0.0794926897380115,False,0.0794926897380115,0.0011630694951516,0.4989361159197564,3.2392335879739718,False
COP,800,nnls_nonneg,0.0786108280669388,False,0.0786108280669388,0.0011630694951516,0.4933189223781646,3.2282421083853903,True
COP,820,nnls_original_legacy,0.079404344997787,False,0.079404344997787,0.0001128904464023,0.5050330158030215,5.557312237288999,False
COP,820,nnls_nonneg,0.0789004124904182,False,0.0789004124904182,0.0001128904464023,0.5018233060632072,5.550954683914529,True
COP,840,nnls_original_legacy,0.0831636737785378,False,0.0831636737785378,0.0004458389368874,0.5268041583547532,4.233969141228644,False
COP,840,nnls_nonneg,0.0786149184642517,False,0.0786149184642517,0.0004458389368874,0.4978345507786903,4.178030178711892,True
COP,860,nnls_original_legacy,0.123519150306241,False,0.123519150306241,0.0,0.5102912514607548,19.93449185902332,False
COP,860,nnls_nonneg,0.1215211091474131,False,0.1215211091474131,0.0,0.5020367992492514,19.918183637309944,True
COP,880,nnls_original_legacy,0.1178758623752735,False,0.1178758623752735,8.330973951299978e-05,0.4866191833560884,6.255528630922655,False
COP,880,nnls_nonneg,0.121524565554807,False,0.121524565554807,8.330973951299978e-05,0.501692538350132,6.285991781962236,True
COP,900,nnls_original_legacy,12.702010923721849,False,12.702010923721849,6.430899873786586e-05,30.756270371262303,11.193576371525303,False
COP,900,nnls_nonneg,4.106312016292135,False,4.106312016292135,6.430899873786586e-05,9.942796055409554,10.064351954295914,True
COP,920,nnls_original_legacy,0.134029423892066,False,0.134029423892066,5.316621334110374,12.548851712811588,34.98703442128962,False
COP,920,nnls_nonneg,0.169326841652318,False,0.169326841652318,5.316621334110374,12.463384427524232,26.95181132946664,True
COP,940,nnls_original_legacy,0.1746072841116012,False,0.1746072841116012,5.267996304658974e-05,0.4015642892271125,7.106361170378889,False
COP,940,nnls_nonneg,0.1793757340445764,False,0.1793757340445764,5.267996304658974e-05,0.412534147154324,7.133296467320141,True
COP,960,nnls_original_legacy,0.2197777446820868,False,0.2197777446820868,6.472287337627267e-07,0.5055939255953131,11.735430525351187,False
COP,960,nnls_nonneg,0.1792041424792818,False,0.1792041424792818,6.472287337627267e-07,0.4122549605668356,11.531340024639418,True
COP,980,nnls_original_legacy,0.2344625572668431,False,0.2344625572668431,2.224999351046452e-05,0.4512819760529489,8.262804364522147,False
COP,980,nnls_nonneg,0.2236478274851884,False,0.2236478274851884,2.224999351046452e-05,0.4304643415637837,8.21558566470241,True
COP,1000,nnls_original_legacy,0.1359138731330572,False,0.1359138731330572,0.0001319739135322,0.3743402139395625,5.938143411372341,False
COP,1000,nnls_nonneg,0.1377181790503717,False,0.1377181790503717,0.0001319739135322,0.3793145460632276,5.951318706657921,True
COP,1020,nnls_original_legacy,0.1476970646947878,False,0.1476970646947878,0.0113574727693225,0.3758479013198237,1.6421844732991988,False
COP,1020,nnls_nonneg,0.1820159185592012,False,0.1820159185592012,0.0113574727693225,0.4704548237733764,1.8366164657057975,True
COP,1040,nnls_original_legacy,0.1233857226535316,False,0.1233857226535316,0.0,0.3401019150954748,19.93341105681808,False
COP,1040,nnls_nonneg,0.1397037914871356,False,0.1397037914871356,0.0,0.3850812396203422,20.057620057777303,True
COP,1060,nnls_original_legacy,0.1515991822858456,False,0.1515991822858456,3.726969876168972e-06,0.4178519746801407,9.61342440478004,False
COP,1060,nnls_nonneg,0.1437935444306327,False,0.1437935444306327,3.726969876168972e-06,0.3963368099633578,9.560564211593652,True
COP,1080,nnls_original_legacy,0.1209400179113837,False,0.1209400179113837,0.0001724598808172,0.3328702001890641,5.554311342644601,False
COP,1080,nnls_nonneg,0.1499886751759317,False,0.1499886751759317,0.0001724598808172,0.4129366726470587,5.76930025630072,True
COP,1100,nnls_original_legacy,0.1431561273384483,False,0.1431561273384483,2.4980318835587155e-05,0.3944769482873408,7.653777342010079,False
COP,1100,nnls_nonneg,0.1424778603836646,False,0.1424778603836646,2.4980318835587155e-05,0.3926076089854589,7.649028960364273,True
COP,1120,nnls_original_legacy,0.142155240171027,False,0.142155240171027,5.5349763392457465e-05,0.3031972807025356,6.851391957079343,False
COP,1120,nnls_nonneg,0.1676200785562145,False,0.1676200785562145,5.5349763392457465e-05,0.3575313813817826,7.016113085541855,True
COP,1140,nnls_original_legacy,0.1897869253324243,False,0.1897869253324243,6.83575831584426e-05,0.4048122958564745,6.929264953903363,False
COP,1140,nnls_nonneg,0.1844252983132945,False,0.1844252983132945,6.83575831584426e-05,0.3933719156718185,6.900617922154599,True
COP,1160,nnls_original_legacy,1.8148010311883136,False,1.8148010311883136,0.000315275061298,3.2747938940053425,7.658214651025535,False
COP,1160,nnls_nonneg,1.0632818946208962,False,1.0632818946208962,0.000315275061298,1.918448013995652,7.12372185295561,True
COP,1180,nnls_original_legacy,0.2439263416669603,False,0.2439263416669603,0.0001475067043717,0.4399654801754418,6.411352670397013,False
COP,1180,nnls_nonneg,0.2252940506351658,False,0.2252940506351658,0.0001475067043717,0.4063384227984957,6.3319428212359,True
COP,1200,nnls_original_legacy,0.105304091619677,False,0.105304091619677,1.0705238831646258e-06,0.1900464283742176,10.496469581089878,False
COP,1200,nnls_nonneg,0.2241912383283892,False,0.2241912383283892,1.0705238831646258e-06,0.4046089107842768,11.252111345103613,True
COP,1220,nnls_original_legacy,0.2004631268048452,False,0.2004631268048452,2.474375708828967e-05,0.3617314897069646,7.999935817225428,False
COP,1220,nnls_nonneg,0.2243896788973745,False,0.2243896788973745,2.474375708828967e-05,0.4049117788331234,8.112676510383324,True
COP,1240,nnls_original_legacy,0.2718714268419135,False,0.2718714268419135,0.0002933986075785,0.4902344570106922,5.832631599678791,False
COP,1240,nnls_nonneg,0.2185124464902859,False,0.2185124464902859,0.0002933986075785,0.393914401484134,5.614408844256847,True
COP,1260,nnls_original_legacy,0.1601212990899961,False,0.1601212990899961,8.69016982873203e-05,0.2888706786412977,6.519452075378256,False
COP,1260,nnls_nonneg,0.2209642010086207,False,0.2209642010086207,8.69016982873203e-05,0.3986953829185894,6.8413716899657295,True
COP,1280,nnls_original_legacy,0.1053953842882686,False,0.1053953842882686,0.0002278049267058,0.1898287170250235,5.139145875409307,False
COP,1280,nnls_nonneg,0.2184026321938724,False,0.2184026321938724,0.0002278049267058,0.393808127929768,5.866648947120787,True
COP,1300,nnls_original_legacy,0.0845478420817331,False,0.0845478420817331,3.540967471089418e-06,0.1526040856747458,9.080714726112188,False
COP,1300,nnls_nonneg,0.221337469034356,False,0.221337469034356,3.540967471089418e-06,0.3995119869262137,10.043059836335358,True
COP,1320,nnls_original_legacy,0.3675493556550652,False,0.3675493556550652,0.0003194096309307,0.662850720232772,6.049007526339334,False
COP,1320,nnls_nonneg,0.2243457786253082,False,0.2243457786253082,0.0003194096309307,0.4043680033362438,5.555893144774791,True
COP,1340,nnls_original_legacy,0.3838312578334961,False,0.3838312578334961,0.0002484588980949,0.6923789476390128,6.343328183260529,False
COP,1340,nnls_nonneg,0.2285579750891151,False,0.2285579750891151,0.0002484588980949,0.4121058165148126,5.82535481726431,True
COP,1360,nnls_original_legacy,0.1480427216189984,False,0.1480427216189984,2.6804937385305556e-05,0.3156113507840296,7.616851131512989,False
COP,1360,nnls_nonneg,0.1730307348563055,False,0.1730307348563055,2.6804937385305556e-05,0.368892786916333,7.772793328798938,True
COP,1380,nnls_original_legacy,0.1686460825479763,False,0.1686460825479763,4.152109887005504e-07,0.3595999820411111,11.914528555389175,False
COP,1380,nnls_nonneg,0.1665814048317082,False,0.1665814048317082,4.152109887005504e-07,0.355197508610192,11.90221036080931,True
COP,1400,nnls_original_legacy,0.1453850007409181,False,0.1453850007409181,4.215684211586088e-06,0.487754565770329,9.448357770804012,False
COP,1400,nnls_nonneg,0.1262349201995368,False,0.1262349201995368,4.215684211586088e-06,0.4235057779041407,9.30712138552803,True
COP,1420,nnls_original_legacy,0.1025461511618852,False,0.1025461511618852,7.230178701044732e-06,0.3567726869043323,8.559874985577943,False
COP,1420,nnls_nonneg,0.1367590026236068,False,0.1367590026236068,7.230178701044732e-06,0.4758124702921344,8.847764666389613,True
COP,1440,nnls_original_legacy,0.2709773326824398,False,0.2709773326824398,1.5072234469250937e-06,0.9804705814606534,11.099526833970074,False
COP,1440,nnls_nonneg,0.1168367987144173,False,0.1168367987144173,1.5072234469250937e-06,0.4227445971951183,10.25827707615792,True
COP,1460,nnls_original_legacy,0.1792601523223928,False,0.1792601523223928,9.630379055669388e-05,0.6482770570948755,6.529622943863994,False
COP,1460,nnls_nonneg,0.1179320772325061,False,0.1179320772325061,9.630379055669388e-05,0.4263707720805712,6.11117304492347,True
COP,1480,nnls_original_legacy,-0.1552680201768921,True,1e-12,1.055262403041093e-06,5.508506076067688e-06,10542.35990057969,False
COP,1480,nnls_nonneg,0.0781727021794763,False,0.0781727021794763,1.055262403041093e-06,0.4080590750102018,10.21289982845619,True
COP,1500,nnls_original_legacy,0.1388859010151638,False,0.1388859010151638,3.848285537719158e-06,0.7249456397760167,9.493807993032558,False
COP,1500,nnls_nonneg,0.0626339723045528,False,0.0626339723045528,3.848285537719158e-06,0.326920825505129,8.69749680508431,True
COP,1520,nnls_original_legacy,0.0020926597637481,False,0.0020926597637481,8.854189897080412e-05,0.0104628939206568,2.205025975191252,False
COP,1520,nnls_nonneg,0.0654430072243957,False,0.0654430072243957,8.854189897080412e-05,0.3411959196407558,5.606812011416044,True
COP,1540,nnls_original_legacy,0.2905535313039825,False,0.2905535313039825,0.0002458302946722,1.5158767966555424,6.075747748217223,False
COP,1540,nnls_nonneg,0.0689896801561682,False,0.0689896801561682,0.0002458302946722,0.3589543320949382,4.640634061455444,True
COP,1560,nnls_original_legacy,0.0509894011116224,False,0.0509894011116224,2.5528247990433388e-05,0.2661180775787528,6.6000881233205,False
COP,1560,nnls_nonneg,0.0753726267154332,False,0.0753726267154332,2.5528247990433388e-05,0.393439977549302,6.990752537682415,True
COP,1580,nnls_original_legacy,0.2025624276879145,False,0.2025624276879145,5.465219000204134e-06,1.0577405601613672,9.52042618925946,False
COP,1580,nnls_nonneg,0.0673813858385864,False,0.0673813858385864,5.465219000204134e-06,0.3518330999285492,8.419800998935001,True
COP,1600,nnls_original_legacy,0.0499435606417157,False,0.0499435606417157,6.157969613289413e-05,0.2605133147638241,5.699549637411131,False
COP,1600,nnls_nonneg,0.0801845466198631,False,0.0801845466198631,6.157969613289413e-05,0.4184496947862598,6.172521856388667,True
COP,1620,nnls_original_legacy,0.1028608708899135,False,0.1028608708899135,5.5174433580147965e-05,1.2003264205521935,6.531169298494256,False
COP,1620,nnls_nonneg,0.0187005500726105,False,0.0187005500726105,5.5174433580147965e-05,0.2176974406292216,4.8287589495272485,True
COP,1640,nnls_original_legacy,0.0386717248158374,False,0.0386717248158374,4.084020121118523e-06,0.4515127224490035,8.155887767355967,False
COP,1640,nnls_nonneg,0.0086489868708134,False,0.0086489868708134,4.084020121118523e-06,0.1009444471165064,6.658587837558419,True
COP,1660,nnls_original_legacy,0.0001404405449619,False,0.0001404405449619,0.0002304696571802,0.4353195693543571,0.1457128871047617,False
COP,1660,nnls_nonneg,0.0001134128879633,False,0.0001134128879633,0.0002304696571802,0.5660069405323446,0.3230451608050777,True
COP,1680,nnls_original_legacy,0.0001293294728336,False,0.0001293294728336,3.514742668204604e-05,0.4722213302150571,0.5745783610713406,False
COP,1680,nnls_nonneg,0.0001477262488064,False,0.0001477262488064,3.514742668204604e-05,0.5644613098770789,0.6737321760576032,True
COP,1700,nnls_original_legacy,0.000126688223058,False,0.000126688223058,2.3962147631175024e-05,0.5314277981961542,0.8543963893938911,False
COP,1700,nnls_nonneg,0.0001082227229029,False,0.0001082227229029,2.3962147631175024e-05,0.4359011264211856,0.7291310736407131,True
COP,1720,nnls_original_legacy,0.00011342130196,False,0.00011342130196,1.346193957987447e-07,0.6300916186316682,5.737599891168668,False
COP,1720,nnls_nonneg,0.0001199174570487,False,0.0001199174570487,1.346193957987447e-07,0.6662227223241168,5.793230021267668,True
COP,1740,nnls_original_legacy,0.000150984158417,False,0.000150984158417,0.000275175657433,0.685093358406642,0.2223118247994948,False
COP,1740,nnls_nonneg,0.0002221438815616,False,0.0002221438815616,0.000275175657433,0.2925459288429146,0.0246427896404619,True
COP,1760,nnls_original_legacy,0.0001530401517002,False,0.0001530401517002,1.0284221365138996e-06,0.9508006299248936,4.009394544798811,False
COP,1760,nnls_nonneg,0.0002144239413734,False,0.0002144239413734,1.0284221365138996e-06,1.3347430142135208,4.344725577902127,True
COP,1780,nnls_original_legacy,0.0001773697191619,False,0.0001773697191619,2.0424875891470247e-05,1.056857169136945,1.2766370422950453,False
COP,1780,nnls_nonneg,0.0002144986737566,False,0.0002144986737566,2.0424875891470247e-05,1.3068813243002615,1.446771446350339,True
COP,1800,nnls_original_legacy,9.694623345128158e-05,False,9.694623345128158e-05,9.66804383575003e-06,0.596030329964781,1.405056366040384,False
COP,1800,nnls_nonneg,8.55509982459996e-05,False,8.55509982459996e-05,9.66804383575003e-06,0.5182112799896442,1.2932958013544562,True
COP,1820,nnls_original_legacy,0.0001200149867607,False,0.0001200149867607,0.000195705614066,0.5474102052906867,0.1416815261304695,False
COP,1820,nnls_nonneg,0.0001125093390919,False,0.0001125093390919,0.000195705614066,0.601692595032974,0.185885729738799,True
COP,1840,nnls_original_legacy,0.0001142225715481,False,0.0001142225715481,2.489212100486957e-05,0.6644862261836242,0.7415240620201202,False
COP,1840,nnls_nonneg,0.0001426259370425,False,0.0001426259370425,2.489212100486957e-05,0.8757651913460326,0.9202013593790492,True
COP,1860,nnls_original_legacy,0.0001501082157433,False,0.0001501082157433,2.7969143477613155e-05,0.950006907925477,0.8665811218459594,False
COP,1860,nnls_nonneg,0.0002042843863341,False,0.0002042843863341,2.7969143477613155e-05,1.3713932452503104,1.1253239710115055,True
COP,1880,nnls_original_legacy,0.0002326704314342,False,0.0002326704314342,1.0257492341692862e-05,1.743747968809582,2.1657005261348674,False
COP,1880,nnls_nonneg,0.0002364082623836,False,0.0002364082623836,1.0257492341692862e-05,1.7730530764721522,2.1809407281118443,True
COP,1900,nnls_original_legacy,0.0001138274484075,False,0.0001138274484075,6.677971604792765e-06,0.8446095083582826,1.8945368998349807,False
COP,1900,nnls_nonneg,7.036441185839237e-05,False,7.036441185839237e-05,6.677971604792765e-06,0.5020105986212564,1.4497788597319214,True
COP,1920,nnls_original_legacy,7.128639199016415e-05,False,7.128639199016415e-05,1.0832864142235593e-05,0.4939145912885894,1.0360835450988295,False
COP,1920,nnls_nonneg,6.151242339435957e-05,False,6.151242339435957e-05,1.0832864142235593e-05,0.4140597693101606,0.9127632283783024,True
COP,1940,nnls_original_legacy,6.696336955078716e-05,False,6.696336955078716e-05,2.5291487731212923e-05,0.3430213772343117,0.3513692450757268,False
COP,1940,nnls_nonneg,5.726293512205504e-05,False,5.726293512205504e-05,2.5291487731212923e-05,0.2631724183626765,0.2588585915441492,True
COP,1960,nnls_original_legacy,0.0001214775506647,False,0.0001214775506647,2.1432999882918992e-05,0.8145919757967935,0.9112335835833708,False
COP,1960,nnls_nonneg,0.0001233353573607,False,0.0001233353573607,2.1432999882918992e-05,0.8297187809578195,0.9237535712277348,True
COP,1980,nnls_original_legacy,0.0001595048447334,False,0.0001595048447334,5.910053269261072e-05,0.8432841334126391,0.363359359098018,False
COP,1980,nnls_nonneg,0.0001650901715306,False,0.0001650901715306,5.910053269261072e-05,0.8901946432530067,0.3852412884832248,True
COP,2000,nnls_original_legacy,8.544265239030481e-05,False,8.544265239030481e-05,2.480582070927239e-05,0.5310654759212546,0.5270883728335662,False
COP,2000,nnls_nonneg,8.945281684377057e-05,False,8.945281684377057e-05,2.480582070927239e-05,0.5661870321596302,0.5599391684151271,True
COP,2020,nnls_original_legacy,6.894938409512438e-05,False,6.894938409512438e-05,1.1388964098501518e-05,0.4920955802948782,0.9659064663428922,False
COP,2020,nnls_nonneg,5.945182913349469e-05,False,5.945182913349469e-05,1.1388964098501518e-05,0.4108990772029988,0.8440878175501847,True
COP,2040,nnls_original_legacy,8.103240568186536e-05,False,8.103240568186536e-05,1.3975052202653952e-05,0.5774359952866791,0.930037901919078,False
COP,2040,nnls_nonneg,6.848783229181202e-05,False,6.848783229181202e-05,1.3975052202653952e-05,0.4694137151771924,0.7934339507158834,True
COP,2060,nnls_original_legacy,0.0001457828777177,False,0.0001457828777177,3.390072314496232e-05,0.9716751778133406,0.6912245869880917,False
COP,2060,nnls_nonneg,9.755006073911008e-05,False,9.755006073911008e-05,3.390072314496232e-05,0.5527823598020752,0.4044506358690052,True
COP,2080,nnls_original_legacy,8.182590769311078e-05,False,8.182590769311078e-05,0.0001177877645472,0.291652685436787,0.0752018198241653,False
COP,2080,nnls_nonneg,7.101139763483961e-05,False,7.101139763483961e-05,0.0001177877645472,0.3793589713766127,0.1526723201374253,True
COP,2100,nnls_original_legacy,7.73380365109081e-05,False,7.73380365109081e-05,1.835497078526793e-05,0.4900366925841519,0.6756197990067356,False
COP,2100,nnls_nonneg,5.7419257440156656e-05,False,5.7419257440156656e-05,1.835497078526793e-05,0.3245496583640512,0.460145081014528,True
COP,2120,nnls_original_legacy,6.896794697054308e-05,False,6.896794697054308e-05,1.715631109202519e-05,0.4388506511711753,0.6400335072169767,False
COP,2120,nnls_nonneg,6.471825428949071e-05,False,6.471825428949071e-05,1.715631109202519e-05,0.4028552542157498,0.5927695027377691,True
COP,2140,nnls_original_legacy,0.0001083298335407,False,0.0001083298335407,7.394488923519463e-05,0.2825309039404059,0.0644507716134317,False
COP,2140,nnls_nonneg,0.0001249039140868,False,0.0001249039140868,7.394488923519463e-05,0.4187152152211278,0.1162388663949114,True
COP,2160,nnls_original_legacy,7.744452901309654e-05,False,7.744452901309654e-05,0.0,0.6572053830046823,12.55990358863789,False
COP,2160,nnls_nonneg,7.283932663424188e-05,False,7.283932663424188e-05,0.0,0.6181249749787335,12.498597755227324,True
COP,2180,nnls_original_legacy,8.775005593077529e-05,False,8.775005593077529e-05,5.41815824814697e-05,0.2858088890972418,0.0996049935056617,False
COP,2180,nnls_nonneg,8.867230189345915e-05,False,8.867230189345915e-05,5.41815824814697e-05,0.293661080960156,0.1036381740825393,True
COP,2200,nnls_original_legacy,0.0002680629380438,False,0.0002680629380438,0.000841537587211,4.743219229108602,0.9953194900605932,False
COP,2200,nnls_nonneg,0.0002226331013357,False,0.0002226331013357,0.000841537587211,5.118970232857301,1.4502246692034015,True
COP,2220,nnls_original_legacy,6.825564469830157e-05,False,6.825564469830157e-05,0.0015312895190716,9.324560431944608,18.324015642127723,False
COP,2220,nnls_nonneg,0.0001874870009342,False,0.0001874870009342,0.0015312895190716,8.564646388887155,5.067287702769736,True
COP,2240,nnls_original_legacy,6.368954475224278e-05,False,6.368954475224278e-05,0.0002638240458346,1.2381088934323026,1.721082692247318,False
COP,2240,nnls_nonneg,6.737200088244857e-05,False,6.737200088244857e-05,0.0002638240458346,1.2153278054148795,1.5508772218217386,True
COP,2260,nnls_original_legacy,7.19195851305171e-05,False,7.19195851305171e-05,3.566891972703578e-05,0.2213123785251851,0.1972244903131113,False
COP,2260,nnls_nonneg,7.196790103038557e-05,False,7.196790103038557e-05,3.566891972703578e-05,0.2216073498478204,0.1975631077390565,True
COP,2280,nnls_original_legacy,0.0001160030682021,False,0.0001160030682021,1.513514646387823e-05,0.6124776917344283,1.167068970749188,False
COP,2280,nnls_nonneg,0.000103284413829,False,0.000103284413829,1.513514646387823e-05,0.535249055135972,1.0670053953693888,True
COP,2300,nnls_original_legacy,7.165180953267025e-05,False,7.165180953267025e-05,1.7057992645825613e-05,0.3283836980917135,0.6732673939597065,False
COP,2300,nnls_nonneg,5.894343568059908e-05,False,5.894343568059908e-05,1.7057992645825613e-05,0.2519423895287876,0.529355364330943,True
COP,2320,nnls_original_legacy,9.30550724082282e-05,False,9.30550724082282e-05,2.961644711946747e-06,0.5556681687580587,2.479273529354686,False
COP,2320,nnls_nonneg,6.829169496322064e-05,False,6.829169496322064e-05,2.961644711946747e-06,0.4029353784870552,2.1814109706011,True
COP,2340,nnls_original_legacy,0.0001788229211438,False,0.0001788229211438,2.3718841171293768e-05,0.9616560538155772,1.152765038123082,False
COP,2340,nnls_nonneg,0.0002183351874705,False,0.0002183351874705,2.3718841171293768e-05,1.2066348456033258,1.3283967119334017,True
COP,2360,nnls_original_legacy,0.0001580347607785,False,0.0001580347607785,0.0002418219490412,0.5286154058456632,0.1047953233932996,False
COP,2360,nnls_nonneg,0.0001372039825098,False,0.0001372039825098,0.0002418219490412,0.6600372918986983,0.1957665231582641,True
COP,2380,nnls_original_legacy,6.360107040227871e-05,False,6.360107040227871e-05,2.8547955370220763e-05,0.2270171002045995,0.2499046510387796,False
COP,2380,nnls_nonneg,5.378854512732493e-05,False,5.378854512732493e-05,2.8547955370220763e-05,0.1634675117709587,0.1642193554161133,True
COP,2400,nnls_original_legacy,5.440393343610424e-05,False,5.440393343610424e-05,2.548392773662368e-05,0.1861647101239263,0.2268091728902912,False
COP,2400,nnls_nonneg,5.865353610427001e-05,False,5.865353610427001e-05,2.548392773662368e-05,0.2135203772383057,0.2680822724593337,True
COP,2420,nnls_original_legacy,7.850484436685299e-05,False,7.850484436685299e-05,0.0001011108458866,0.1443865233900437,0.0348997068493062,False
COP,2420,nnls_nonneg,6.833020436765898e-05,False,6.833020436765898e-05,0.0001011108458866,0.209372845493043,0.0878731728741444,True
COP,2440,nnls_original_legacy,0.0001112324489199,False,0.0001112324489199,5.024334493872719e-05,0.3903046907299715,0.2464408802574142,False
COP,2440,nnls_nonneg,0.0001181225687987,False,0.0001181225687987,5.024334493872719e-05,0.4343985686991553,0.2801939454868978,True
COP,2460,nnls_original_legacy,6.885951940081839e-05,False,6.885951940081839e-05,1.5095723215043365e-07,0.4429971402130002,5.125019440880605,False
COP,2460,nnls_nonneg,7.549540153830567e-05,False,7.549540153830567e-05,1.5095723215043365e-07,0.4857818633524683,5.216830016024024,True
COP,2480,nnls_original_legacy,0.000117074982868,False,0.000117074982868,1.0414607527209975e-05,0.6937282036362581,1.5085619471807372,False
COP,2480,nnls_nonneg,0.0001575062296233,False,0.0001575062296233,1.0414607527209975e-05,0.9566964905257485,1.7823774969688109,True
COP,2500,nnls_original_legacy,9.834405529937262e-05,False,9.834405529937262e-05,1.0654366640936202e-05,0.5710741573544635,1.330839955768476,False
COP,2500,nnls_nonneg,6.065788662532285e-05,False,6.065788662532285e-05,1.0654366640936202e-05,0.3256451069300655,0.9149266894276836,True
COP,2520,nnls_original_legacy,0.0001151480717064,False,0.0001151480717064,0.0001065677062997,0.0565358598160642,0.0029224292636214,False
COP,2520,nnls_nonneg,0.0001426042941071,False,0.0001426042941071,0.0001065677062997,0.2374443721171685,0.0385897126274226,True
COP,2540,nnls_original_legacy,0.0001074546270952,False,0.0001074546270952,2.4945901321086227e-06,0.6966639182636176,2.7861595330955287,False
COP,2540,nnls_nonneg,0.0001117446842138,False,0.0001117446842138,2.4945901321086227e-06,0.7251388320336951,2.8244162399285537,True
COP,2560,nnls_original_legacy,7.445261341846939e-05,False,7.445261341846939e-05,0.0001746066055993,0.6607448703897584,0.4928319072041955,False
COP,2560,nnls_nonneg,7.853609231379751e-05,False,7.853609231379751e-05,0.0001746066055993,0.6338049783826537,0.4242885864468293,True
COP,2580,nnls_original_legacy,9.518221461016593e-05,False,9.518221461016593e-05,2.988471378268492e-06,0.643600629425489,2.492428462848806,False
COP,2580,nnls_nonneg,6.893598107020049e-05,False,6.893598107020049e-05,2.988471378268492e-06,0.4603767811011945,2.181767652675438,True
COP,2600,nnls_original_legacy,8.595035654186462e-05,False,8.595035654186462e-05,5.912965097298503e-06,0.561899524308185,1.7454175860102308,False
COP,2600,nnls_nonneg,8.714058919307528e-05,False,8.714058919307528e-05,5.912965097298503e-06,0.5702555082859304,1.7582308318256428,True
COP,2620,nnls_original_legacy,4.750013391988213e-05,False,4.750013391988213e-05,1.2029368168560436e-07,0.3377789072437903,4.981084200521811,False
COP,2620,nnls_nonneg,3.5442790502550765e-05,False,3.5442790502550765e-05,1.2029368168560436e-07,0.2518200634972897,4.689133064122529,True
COP,2640,nnls_original_legacy,4.018801509310631e-05,False,4.018801509310631e-05,9.334630397974187e-06,0.2293105899672573,0.6921116206779385,False
COP,2640,nnls_nonneg,3.3664612619111454e-05,False,3.3664612619111454e-05,9.334630397974187e-06,0.1808269216538214,0.5599991987903574,True
COP,2660,nnls_original_legacy,5.146193209849516e-05,False,5.146193209849516e-05,3.826792405394471e-05,0.0991986103272171,0.0398464531283024,False
COP,2660,nnls_nonneg,5.196554919346388e-05,False,5.196554919346388e-05,3.826792405394471e-05,0.1029850348760911,0.04237842941778,True
COP,2680,nnls_original_legacy,3.974452364974191e-05,False,3.974452364974191e-05,2.2807707317078202e-07,0.2976967163109672,4.166282307326311,False
COP,2680,nnls_nonneg,3.4911677830146245e-05,False,3.4911677830146245e-05,2.2807707317078202e-07,0.261288525403847,4.037426022183236,True
COP,2700,nnls_original_legacy,9.7189529666789e-05,False,9.7189529666789e-05,0.0001159946051886,0.1434290087186797,0.0166080008209057,False
COP,2700,nnls_nonneg,6.551714998420987e-05,False,6.551714998420987e-05,0.0001159946051886,0.384998792171362,0.1992147008245333,True
COP,2720,nnls_original_legacy,5.44765423509809e-05,False,5.44765423509809e-05,1.272372014205116e-05,0.4578749630693935,0.6878654984610999,False
COP,2720,nnls_nonneg,6.36607659668142e-05,False,6.36607659668142e-05,1.272372014205116e-05,0.5585921320281266,0.8099680062027259,True
COP,2740,nnls_original_legacy,5.71468337311567e-05,False,5.71468337311567e-05,1.854606650259063e-07,0.6972618523577597,4.733781789518643,False
COP,2740,nnls_nonneg,5.960937241930029e-05,False,5.960937241930029e-05,1.854606650259063e-07,0.7274056883429669,4.775836551724525,True
COP,2760,nnls_original_legacy,4.830223009462407e-05,False,4.830223009462407e-05,5.4417478795635285e-05,0.079194686811879,0.0073961861133233,False
COP,2760,nnls_nonneg,4.340789455066393e-05,False,4.340789455066393e-05,5.4417478795635285e-05,0.1425781057874764,0.0275868433486898,True
COP,2780,nnls_original_legacy,4.943530926400362e-05,False,4.943530926400362e-05,0.0,0.6542799033312156,12.111007326123916,False
COP,2780,nnls_nonneg,5.447244195581672e-05,False,5.447244195581672e-05,0.0,0.7209467198179033,12.20803712936401,True
COP,2800,nnls_original_legacy,5.016506119351983e-05,False,5.016506119351983e-05,5.40843188310424e-06,0.5794111424227197,1.335172320353248,False
COP,2800,nnls_nonneg,4.255758707725496e-05,False,4.255758707725496e-05,5.40843188310424e-06,0.48092617300992,1.1899839750577734,True
COP,2820,nnls_original_legacy,8.24376388323537e-05,False,8.24376388323537e-05,0.0003017984688438,2.6781868157665536,1.3632131719205196,False
COP,2820,nnls_nonneg,7.860821659419672e-05,False,7.860821659419672e-05,0.0003017984688438,2.724940414162837,1.4939905885323197,True
COP,2840,nnls_original_legacy,6.224507937646376e-05,False,6.224507937646376e-05,1.6953113909613688e-06,0.6707323797157466,2.630449121452057,False
COP,2840,nnls_nonneg,0.0001000681724141,False,0.0001000681724141,1.6953113909613688e-06,1.0897128984764146,3.0949268068566163,True
COP,2860,nnls_original_legacy,6.829119670299943e-05,False,6.829119670299943e-05,3.2819943790436558e-06,0.7083851417430651,2.083388407373542,False
COP,2860,nnls_nonneg,7.627634571723258e-05,False,7.627634571723258e-05,3.2819943790436558e-06,0.7953968372273306,2.1889392758202417,True
COP,2880,nnls_original_legacy,9.366191060522596e-05,False,9.366191060522596e-05,0.0002004692068057,1.053938903072094,0.3793802713931491,False
COP,2880,nnls_nonneg,6.467965781263381e-05,False,6.467965781263381e-05,0.0002004692068057,1.339926141803757,0.9682027175602266,True
COP,2900,nnls_original_legacy,6.640076641199417e-05,False,6.640076641199417e-05,0.0003420029890131,2.540280775952389,2.511477096948012,False
COP,2900,nnls_nonneg,6.262491537114266e-05,False,6.262491537114266e-05,0.0003420029890131,2.5750835497522737,2.7634766842322427,True
COP,2920,nnls_original_legacy,7.718020360592112e-05,False,7.718020360592112e-05,2.286779646478369e-05,0.4771425016756868,0.5127042992444817,False
COP,2920,nnls_nonneg,9.645469871267316e-05,False,9.645469871267316e-05,2.286779646478369e-05,0.6464717819978193,0.676427083076562,True
COP,2940,nnls_original_legacy,6.275149439301533e-05,False,6.275149439301533e-05,4.3171945763027836e-08,0.5636872923281142,6.282434773827352,False
COP,2940,nnls_nonneg,5.359406722871266e-05,False,5.359406722871266e-05,4.3171945763027836e-08,0.4813708609281243,6.12480831014957,True
COP,2960,nnls_original_legacy,8.850525218170248e-05,False,8.850525218170248e-05,1.4151040132339764e-05,0.6579034719190129,0.9931630376245426,False
COP,2960,nnls_nonneg,0.0001056865848109,False,0.0001056865848109,1.4151040132339764e-05,0.8099279245681552,1.1445861142881015,True
COP,2980,nnls_original_legacy,8.829536771110692e-05,False,8.829536771110692e-05,0.0001094673658836,0.1768510328777439,0.0248472271604396,False
COP,2980,nnls_nonneg,0.0001251696766948,False,0.0001251696766948,0.0001094673658836,0.1311623901952033,0.0085955526306236,True
COP,3000,nnls_original_legacy,8.12607963053275e-05,False,8.12607963053275e-05,0.0004718329212712,3.2279914950306368,3.0474416221683214,False
COP,3000,nnls_nonneg,0.0001037635213014,False,0.0001037635213014,0.0004718329212712,3.0420114922107184,2.032684110071683,True
COP,3020,nnls_original_legacy,8.91827156085787e-05,False,8.91827156085787e-05,0.0001873599675089,0.7912367090435097,0.3585106746477833,False
COP,3020,nnls_nonneg,0.0001073847534785,False,0.0001073847534785,0.0001873599675089,0.6445416217056158,0.1881403861150248,True
COP,3040,nnls_original_legacy,0.0001126190619554,False,0.0001126190619554,6.103668821061412e-06,0.824044444204277,1.9693184292763988,False
COP,3040,nnls_nonneg,0.000129069080578,False,0.000129069080578,6.103668821061412e-06,0.9513081762727172,2.0987476709481627,True
COP,3060,nnls_original_legacy,0.0001354440783596,False,0.0001354440783596,3.5137419225661066e-07,1.0618534356703169,4.957056635993494,False
COP,3060,nnls_nonneg,0.0001668974751621,False,0.0001668974751621,3.5137419225661066e-07,1.309082904234941,5.165388580856547,True
COP,3080,nnls_original_legacy,8.097863400482876e-05,False,8.097863400482876e-05,4.668026079596076e-05,0.268369752759779,0.1273155189470125,False
COP,3080,nnls_nonneg,7.397232295057036e-05,False,7.397232295057036e-05,4.668026079596076e-05,0.213548436485126,0.0914199716338179,True
COP,3100,nnls_original_legacy,0.0001248210730979,False,0.0001248210730979,0.0003299523419452,1.6246905575026382,0.671335613133047,False
COP,3100,nnls_nonneg,0.0001477973664663,False,0.0001477973664663,0.0003299523419452,1.4427126119078082,0.4293582487164862,True
COP,3120,nnls_original_legacy,9.077616113982898e-05,False,9.077616113982898e-05,8.022420006300476e-06,0.6360414849352244,1.5145324314981918,False
COP,3120,nnls_nonneg,7.595854101687342e-05,False,7.595854101687342e-05,8.022420006300476e-06,0.5221539316099496,1.3535633284684103,True
COP,3140,nnls_original_legacy,0.0001246935724177,False,0.0001246935724177,7.898739291824096e-05,0.3479447763070923,0.0900230512405573,False
COP,3140,nnls_nonneg,0.0001312190238645,False,0.0001312190238645,7.898739291824096e-05,0.3976207012868002,0.109530382085845,True
COP,3160,nnls_original_legacy,8.88270626747592e-05,False,8.88270626747592e-05,4.6088699003094654e-05,0.3151599570473827,0.1749823377483899,False
COP,3160,nnls_nonneg,7.180764116485638e-05,False,7.180764116485638e-05,4.6088699003094654e-05,0.1896558504035317,0.0852586941081297,True
COP,3180,nnls_original_legacy,0.000103027604528,False,0.000103027604528,1.6460055962987904e-06,0.7227265501850585,3.152621810373586,False
COP,3180,nnls_nonneg,0.0001082051833287,False,0.0001082051833287,1.6460055962987904e-06,0.7596363415516395,3.2008896604602084,True
COP,3200,nnls_original_legacy,9.386897666333014e-05,False,9.386897666333014e-05,1.2089224961138094e-07,0.669706139307357,5.656043456744251,False
COP,3200,nnls_nonneg,8.243361290633713e-05,False,8.243361290633713e-05,1.2089224961138094e-07,0.5880155814558051,5.526315447267538,True
COP,3220,nnls_original_legacy,0.0001147107962112,False,0.0001147107962112,3.924265071819069e-06,0.7741828189601225,2.4094451306293942,False
COP,3220,nnls_nonneg,0.0001307031052562,False,0.0001307031052562,3.924265071819069e-06,0.8859380185388804,2.535773556234885,True
COP,3240,nnls_original_legacy,9.805755689743369e-05,False,9.805755689743369e-05,6.657702873327545e-06,0.6475067598138136,1.7576759777324171,False
COP,3240,nnls_nonneg,9.28611099074784e-05,False,9.28611099074784e-05,6.657702873327545e-06,0.6106934126926818,1.7070256995258086,True
COP,3260,nnls_original_legacy,9.759156473865892e-05,False,9.759156473865892e-05,1.1084350859467199e-09,0.675474408703136,10.38560851161172,False
COP,3260,nnls_nonneg,9.401157269318116e-05,False,9.401157269318116e-05,1.1084350859467199e-09,0.6506954179936469,10.34823576974763,True
COP,3280,nnls_original_legacy,0.0001035664810216,False,0.0001035664810216,9.562369067580076e-05,0.054436834011763,0.0031004616361447,False
COP,3280,nnls_nonneg,8.801721479313119e-05,False,8.801721479313119e-05,9.562369067580076e-05,0.0521318638676318,0.0035321383895066,True
COP,3300,nnls_original_legacy,9.79573541817688e-05,False,9.79573541817688e-05,5.348050971531676e-06,0.6499358811874819,1.9623957390373032,False
COP,3300,nnls_nonneg,8.415129759618434e-05,False,8.415129759618434e-05,5.348050971531676e-06,0.5530444108747652,1.8194369549923664,True
COP,3320,nnls_original_legacy,0.0001466990860479,False,0.0001466990860479,1.7801444091372142e-06,1.055476986069392,3.4238236312948462,False
COP,3320,nnls_nonneg,0.0001510668019625,False,0.0001510668019625,1.7801444091372142e-06,1.0872880355941112,3.452811469040284,True
COP,3340,nnls_original_legacy,9.145801067493074e-05,False,9.145801067493074e-05,1.45917160132703e-05,0.5830443696939654,0.9949715174468508,False
COP,3340,nnls_nonneg,8.561347393620096e-05,False,8.561347393620096e-05,1.45917160132703e-05,0.5387125301798437,0.9398258495478746,True
COP,3360,nnls_original_legacy,9.284357486096702e-05,False,9.284357486096702e-05,5.624130699873751e-05,0.2810635239632081,0.1070287255772253,False
COP,3360,nnls_nonneg,8.7967486111788e-05,False,8.7967486111788e-05,5.624130699873751e-05,0.2436207433092847,0.0866577661750347,True
COP,3380,nnls_original_legacy,8.847849416253029e-05,False,8.847849416253029e-05,0.0001129171729922,0.1995744331948748,0.0323153348797506,False
COP,3380,nnls_nonneg,8.249798657791566e-05,False,8.249798657791566e-05,0.0001129171729922,0.248413260356183,0.0548457302405223,True
COP,3400,nnls_original_legacy,7.596740066075829e-05,False,7.596740066075829e-05,0.0001552820147997,0.6914839965474161,0.3291225776994984,False
COP,3400,nnls_nonneg,7.411929636504015e-05,False,7.411929636504015e-05,0.0001552820147997,0.7075962169536107,0.35546117728697,True
COP,3420,nnls_original_legacy,8.004739966595544e-05,False,8.004739966595544e-05,0.0001077315577433,0.2537144574754407,0.0488234615682263,False
COP,3420,nnls_nonneg,8.197106176016181e-05,False,8.197106176016181e-05,0.0001077315577433,0.2360848483959905,0.0409870183556295,True
COP,3440,nnls_original_legacy,8.702617746122656e-05,False,8.702617746122656e-05,1.7935868902556525e-07,0.7792398392449136,5.186637566619106,False
COP,3440,nnls_nonneg,8.384943458616671e-05,False,8.384943458616671e-05,1.7935868902556525e-07,0.750736266606552,5.149529430583186,True
COP,3460,nnls_original_legacy,8.568421259547462e-05,False,8.568421259547462e-05,4.000151630724738e-05,0.4110549885779735,0.2285993824852752,False
COP,3460,nnls_nonneg,8.646388095918874e-05,False,8.646388095918874e-05,4.000151630724738e-05,0.4180704801400096,0.2334478595735813,True
COP,3480,nnls_original_legacy,7.483164837088178e-05,False,7.483164837088178e-05,8.068769805672733e-05,0.0566106590773308,0.0029111023787802,False
COP,3480,nnls_nonneg,7.309769560916427e-05,False,7.309769560916427e-05,8.068769805672733e-05,0.07337284756884,0.005044395298787,True
COP,3500,nnls_original_legacy,7.624982246166864e-05,False,7.624982246166864e-05,4.458496404680127e-05,0.3162587875235405,0.1213406153320686,False
COP,3500,nnls_nonneg,7.662209236284877e-05,False,7.662209236284877e-05,4.458496404680127e-05,0.3199769038667817,0.1233700914315938,True
COP,3520,nnls_original_legacy,7.090594289970277e-05,False,7.090594289970277e-05,1.4184669164806154e-05,0.565937167318485,0.809241593147114,False
COP,3520,nnls_nonneg,7.142505301988774e-05,False,7.142505301988774e-05,1.4184669164806154e-05,0.5711165945703645,0.8150820959851393,True
COP,3540,nnls_original_legacy,0.0001560406375264,False,0.0001560406375264,0.0002497302248836,0.8802916756983503,0.1301531064398398,False
COP,3540,nnls_nonneg,0.0001428535165516,False,0.0001428535165516,0.0002497302248836,1.0041956563644092,0.1895944603355801,True
COP,3560,nnls_original_legacy,8.710977896582173e-05,False,8.710977896582173e-05,3.198296419822426e-05,0.5082036114452954,0.3691227476443894,False
COP,3560,nnls_nonneg,7.190197849951045e-05,False,7.190197849951045e-05,3.198296419822426e-05,0.3680057938913306,0.2549137988807957,True
COP,3580,nnls_original_legacy,7.168198648948679e-05,False,7.168198648948679e-05,2.335884389497017e-05,0.448519570216167,0.4471315132223961,False
COP,3580,nnls_nonneg,6.660832903238608e-05,False,6.660832903238608e-05,2.335884389497017e-05,0.4014275447413775,0.3985434987270593,True
COP,3600,nnls_original_legacy,7.026989929299261e-05,False,7.026989929299261e-05,5.751567056635169e-05,0.1176000052035057,0.0187826458623836,False
COP,3600,nnls_nonneg,6.5761475248554e-05,False,6.5761475248554e-05,5.751567056635169e-05,0.0760302088285878,0.0085871480634587,True
COP,3620,nnls_original_legacy,8.909672472592702e-05,False,8.909672472592702e-05,3.856142086513709e-05,0.467420175518896,0.2702742796826527,False
COP,3620,nnls_nonneg,9.80495119101979e-05,False,9.80495119101979e-05,3.856142086513709e-05,0.5502278968018804,0.3265054468659851,True
COP,3640,nnls_original_legacy,7.018466094169629e-05,False,7.018466094169629e-05,2.54173818568652e-08,0.6489111437659686,6.923813946078121,False
COP,3640,nnls_nonneg,6.460291965693126e-05,False,6.460291965693126e-05,2.54173818568652e-08,0.5972849582838899,6.840975059764416,True
COP,3660,nnls_original_legacy,7.662402390232867e-05,False,7.662402390232867e-05,2.524112425907758e-05,0.4901661239282583,0.4398513557254768,False
COP,3660,nnls_nonneg,5.570342949849712e-05,False,5.570342949849712e-05,2.524112425907758e-05,0.290594539988888,0.2447012520459051,True
COP,3680,nnls_original_legacy,7.060187393577256e-05,False,7.060187393577256e-05,1.81077324381841e-06,0.6916571267162333,2.6889503920297826,False
COP,3680,nnls_nonneg,8.551738908243359e-05,False,8.551738908243359e-05,1.81077324381841e-06,0.8416245243310623,2.8761401037370766,True
COP,3700,nnls_original_legacy,9.485440031576228e-05,False,9.485440031576228e-05,0.0003849965750117,2.89240717678391,1.657924832297962,False
COP,3700,nnls_nonneg,0.0001026096401598,False,0.0001026096401598,0.0003849965750117,2.815095729710852,1.429748176335667,True
COP,3720,nnls_original_legacy,7.399097785816929e-05,False,7.399097785816929e-05,1.831874715311588e-05,0.5282864368546183,0.6435990173318356,False
COP,3720,nnls_nonneg,8.653400157460784e-05,False,8.653400157460784e-05,1.831874715311588e-05,0.6473100366389686,0.7643066590167222,True
COP,3740,nnls_original_legacy,7.21664234812112e-05,False,7.21664234812112e-05,1.7343493592202866e-07,0.6947910965807006,5.033330911578627,False
COP,3740,nnls_nonneg,5.948422830659748e-05,False,5.948422830659748e-05,1.7343493592202866e-07,0.5723975625648536,4.840579611684739,True
COP,3760,nnls_original_legacy,6.808026714353165e-05,False,6.808026714353165e-05,1.5666132389013186e-05,0.4851052094516097,0.6992988736187655,False
COP,3760,nnls_nonneg,6.759660154492732e-05,False,6.759660154492732e-05,1.5666132389013186e-05,0.4806287699832416,0.6938156709269763,True
COP,3780,nnls_original_legacy,7.934824912461406e-05,False,7.934824912461406e-05,1.7665340519263043e-06,0.7138444473318551,2.8270899675612657,False
COP,3780,nnls_nonneg,8.705905881154462e-05,False,8.705905881154462e-05,1.7665340519263043e-06,0.7847931067458802,2.917858475815297,True
COP,3800,nnls_original_legacy,0.0001009455660223,False,0.0001009455660223,3.120949605384544e-05,0.6382842797913201,0.4830305515841528,False
COP,3800,nnls_nonneg,7.064851352187584e-05,False,7.064851352187584e-05,3.120949605384544e-05,0.3609796891571331,0.2587519521898405,True
COP,3820,nnls_original_legacy,8.60278122098514e-05,False,8.60278122098514e-05,2.816949238499527e-06,0.7515873592855914,2.451760806891978,False
COP,3820,nnls_nonneg,7.832509902330707e-05,False,7.832509902330707e-05,2.816949238499527e-06,0.6820139687872583,2.361178466759994,True
COP,3840,nnls_original_legacy,7.273123530900766e-05,False,7.273123530900766e-05,2.0807453739994896e-05,0.4687145046468486,0.5375465648229429,False
COP,3840,nnls_nonneg,7.299182560490952e-05,False,7.299182560490952e-05,2.0807453739994896e-05,0.4710668458625413,0.5401017154141257,True
COP,3860,nnls_original_legacy,7.243035365614633e-05,False,7.243035365614633e-05,2.20466531580989e-06,0.6360402151037614,2.5224881648674966,False
COP,3860,nnls_nonneg,7.049340318721012e-05,False,7.049340318721012e-05,2.20466531580989e-06,0.6184970849184515,2.496218195350847,True
COP,3880,nnls_original_legacy,0.0002467824726352,False,0.0002467824726352,6.893320501596345e-05,1.5565359153704013,0.5546970779369589,False
COP,3880,nnls_nonneg,0.0002379160209168,False,0.0002379160209168,6.893320501596345e-05,1.47893677354471,0.528517315660723,True
CLP,500,nnls_original_legacy,6.151945184915258e-05,False,6.151945184915258e-05,1.429377318395877e-05,0.5518891136253198,0.6918750018035733,False
CLP,500,nnls_nonneg,4.3400260391947545e-05,False,4.3400260391947545e-05,1.429377318395877e-05,0.3401444697035718,0.4399890766593228,True
CLP,520,nnls_original_legacy,0.0001165905629575,False,0.0001165905629575,9.178765118903616e-05,0.3503851631979948,0.0264554080622048,False
CLP,520,nnls_nonneg,6.35525715218007e-05,False,6.35525715218007e-05,9.178765118903616e-05,0.3988706281521242,0.076668797539674,True
CLP,540,nnls_original_legacy,2.531793093135984e-05,False,2.531793093135984e-05,1.1434067423977167e-05,0.2582778771871505,0.2465349541245778,False
CLP,540,nnls_nonneg,2.3447727172545063e-05,False,2.3447727172545063e-05,1.1434067423977167e-05,0.2234869663951178,0.2058170551076106,True
CLP,560,nnls_original_legacy,2.118501100086628e-05,False,2.118501100086628e-05,3.0613370403432074e-05,0.2406719637223623,0.0769056445568758,False
CLP,560,nnls_nonneg,2.039166801351542e-05,False,2.039166801351542e-05,3.0613370403432074e-05,0.260923144921409,0.0949581080171186,True
CLP,580,nnls_original_legacy,2.7124182767540715e-05,False,2.7124182767540715e-05,3.685458381061914e-06,0.6921869799724917,1.1319043011074277,False
CLP,580,nnls_nonneg,2.3826160676628217e-05,False,2.3826160676628217e-05,3.685458381061914e-06,0.5947905554337826,1.021070424921748,True
CLP,600,nnls_original_legacy,2.806745116979968e-05,False,2.806745116979968e-05,2.2116261356241627e-05,0.1819142178460944,0.0262657224569839,False
CLP,600,nnls_nonneg,3.149600639458125e-05,False,3.149600639458125e-05,2.2116261356241627e-05,0.2867172843921077,0.0557401706263762,True
CLP,620,nnls_original_legacy,2.176364295185597e-05,False,2.176364295185597e-05,4.573929952396555e-05,0.7599011036834337,0.3589209708231358,False
CLP,620,nnls_nonneg,2.153420594462959e-05,False,2.153420594462959e-05,4.573929952396555e-05,0.7671730394693327,0.370714774180755,True
CLP,640,nnls_original_legacy,5.312137468833512e-05,False,5.312137468833512e-05,1.1600835569779954e-06,1.6395500133282246,2.845925706583338,False
CLP,640,nnls_nonneg,5.22361311576325e-05,False,5.22361311576325e-05,1.1600835569779954e-06,1.611617661938166,2.8294908397766383,True
CLP,660,nnls_original_legacy,1.8961035060545315e-05,False,1.8961035060545315e-05,1.4045460766737395e-05,0.1594360844545637,0.0408407258066361,False
CLP,660,nnls_nonneg,2.7108359073179744e-05,False,2.7108359073179744e-05,1.4045460766737395e-05,0.4236935977614792,0.1756657353560626,True
CLP,680,nnls_original_legacy,1.807586133593511e-05,False,1.807586133593511e-05,2.494338221584123e-05,0.2155226178555858,0.057896600468936,False
CLP,680,nnls_nonneg,1.5222966080075974e-05,False,1.5222966080075974e-05,2.494338221584123e-05,0.3050547015234476,0.1447329489985058,True
CLP,700,nnls_original_legacy,0.0426392048797103,False,0.0426392048797103,1.1407669995597858e-05,0.5014007089419931,7.226511015044046,False
CLP,700,nnls_nonneg,0.0451249220159789,False,0.0451249220159789,1.1407669995597858e-05,0.530638446191767,7.283156833645044,True
CLP,720,nnls_original_legacy,0.0426335583030185,False,0.0426335583030185,5.770482280914324e-05,0.5007943904532768,5.606409728574748,False
CLP,720,nnls_nonneg,0.0397111963954071,False,0.0397111963954071,5.770482280914324e-05,0.4664203889811413,5.535500809922956,True
CLP,740,nnls_original_legacy,0.0426569569566287,False,0.0426569569566287,6.463109498164631e-06,0.5016800908941502,7.794986622165789,False
CLP,740,nnls_nonneg,0.0373926638361809,False,0.0373926638361809,6.463109498164631e-06,0.4397583916841557,7.663292105918018,True
CLP,760,nnls_original_legacy,0.0426205757573961,False,0.0426205757573961,1.38732870194748e-05,0.5011626444130064,7.030452727490932,False
CLP,760,nnls_nonneg,0.0382284710347074,False,0.0382284710347074,1.38732870194748e-05,0.4495003779212038,6.921733542649607,True
CLP,780,nnls_original_legacy,0.0426584783455128,False,0.0426584783455128,2.39896890709406e-05,0.5014881773461567,6.48391957231242,False
CLP,780,nnls_nonneg,0.0510419683393576,False,0.0510419683393576,2.39896890709406e-05,0.6000989792884874,6.6632493652215965,True
CLP,800,nnls_original_legacy,0.0426435849519718,False,0.0426435849519718,5.004614808877993e-05,0.5010020769771409,5.748860180110476,False
CLP,800,nnls_nonneg,0.0479111474111529,False,0.0479111474111529,5.004614808877993e-05,0.5629612333836512,5.8652024990266245,True
CLP,820,nnls_original_legacy,0.0426312263452456,False,0.0426312263452456,1.038673717991326e-06,0.5014311683481465,9.622422012546076,False
CLP,820,nnls_nonneg,0.0385851849564208,False,0.0385851849564208,1.038673717991326e-06,0.4538402152794975,9.522705963196554,True
CLP,840,nnls_original_legacy,0.0426487414291764,False,0.0426487414291764,3.912246415141506e-05,0.5011852556175017,5.9949735286049926,False
CLP,840,nnls_nonneg,0.0457611324664544,False,0.0457611324664544,3.912246415141506e-05,0.5377939964485374,6.065348468761374,True
CLP,860,nnls_original_legacy,0.0426397849430459,False,0.0426397849430459,4.823486811991343e-06,0.5014781917479867,8.087159065512147,False
CLP,860,nnls_nonneg,0.0430928993129304,False,0.0430928993129304,4.823486811991343e-06,0.506807784342974,8.097728374178454,True
CLP,880,nnls_original_legacy,0.04266116415611,False,0.04266116415611,1.0575734154250437e-05,0.501657772554597,7.3027300354731235,False
CLP,880,nnls_nonneg,0.0388425354367508,False,0.0388425354367508,1.0575734154250437e-05,0.4567429226440949,7.208981325175483,True
CLP,900,nnls_original_legacy,0.0427397928295122,False,0.0427397928295122,5.368314053312301e-06,0.5026394424789614,7.982497383548422,False
CLP,900,nnls_nonneg,0.051714859000813,False,0.051714859000813,5.368314053312301e-06,0.6082035704087182,8.173090330695846,True
CLP,920,nnls_original_legacy,0.0426297930947665,False,0.0426297930947665,5.140408895028996e-06,0.5013417286987237,8.023296610913851,False
CLP,920,nnls_nonneg,0.034565597170099,False,0.034565597170099,5.140408895028996e-06,0.406492441474429,7.813630251691132,True
CLP,940,nnls_original_legacy,0.042628153378062,False,0.042628153378062,0.0001237168759103,0.4999187042718958,4.845176729181357,False
CLP,940,nnls_nonneg,0.0431268619442218,False,0.0431268619442218,0.0001237168759103,0.5057842976245165,4.856774305978068,True
CLP,960,nnls_original_legacy,0.0427164007485644,False,0.0427164007485644,1.5612080908271147e-05,0.5022249437316916,6.91465866832301,False
CLP,960,nnls_nonneg,0.0483633770384561,False,0.0483633770384561,1.5612080908271147e-05,0.5686418048233751,7.038775909693227,True
CLP,980,nnls_original_legacy,0.0426885031816951,False,0.0426885031816951,7.670979830934628e-06,0.5020009382055877,7.624420257543198,False
CLP,980,nnls_nonneg,0.0431327381233744,False,0.0431327381233744,7.670979830934628e-06,0.5072259149926371,7.634771063151389,True
CLP,1000,nnls_original_legacy,0.0426359415446124,False,0.0426359415446124,1.802044586610728e-06,0.5014486908663056,9.071573238903714,False
CLP,1000,nnls_nonneg,0.040348418953945,False,0.040348418953945,1.802044586610728e-06,0.4745436044292594,9.016430249992329,True
CLP,1020,nnls_original_legacy,0.0426810132027131,False,0.0426810132027131,1.5287940765177753e-05,0.5018241144074432,6.934803302990511,False
CLP,1020,nnls_nonneg,0.0392025352986231,False,0.0392025352986231,1.5287940765177753e-05,0.4609110844990393,6.849822340604883,True
CLP,1040,nnls_original_legacy,0.0426667004972637,False,0.0426667004972637,2.269857745179293e-05,0.5015632683551675,6.539403789423371,False
CLP,1040,nnls_nonneg,0.0361855952467382,False,0.0361855952467382,2.269857745179293e-05,0.4253348614124981,6.3747414241948,True
CLP,1060,nnls_original_legacy,0.0426650523172532,False,0.0426650523172532,0.0001152992286286,0.5004512730136288,4.916307107996313,False
CLP,1060,nnls_nonneg,0.0465030970062568,False,0.0465030970062568,0.0001152992286286,0.5455926477824645,5.002222842685591,True
CLP,1080,nnls_original_legacy,0.0427076789371592,False,0.0427076789371592,2.94895346935891e-05,0.5019493636939473,6.278789070633007,False
CLP,1080,nnls_nonneg,0.0525207355408191,False,0.0525207355408191,2.94895346935891e-05,0.6173632926132284,6.485489372686997,True
CLP,1100,nnls_original_legacy,0.0426402283601727,False,0.0426402283601727,2.2565521270892826e-06,0.5014774500852748,8.84676829421932,False
CLP,1100,nnls_nonneg,0.0401310704292911,False,0.0401310704292911,2.2565521270892826e-06,0.4719665219692641,8.78612432562173,True
CLP,1120,nnls_original_legacy,0.0426508079438236,False,0.0426508079438236,6.166478437380477e-06,0.5015535134904174,7.841818157618677,False
CLP,1120,nnls_nonneg,0.0331675995013487,False,0.0331675995013487,6.166478437380477e-06,0.3900193007489201,7.590386759213477,True
CLP,1140,nnls_original_legacy,0.0426242194054165,False,0.0426242194054165,4.714910044665214e-06,0.5012609898213713,8.109558679740367,False
CLP,1140,nnls_nonneg,0.0444015703040463,False,0.0444015703040463,4.714910044665214e-06,0.5221649557697278,8.150406465555804,True
CLP,1160,nnls_original_legacy,0.0426404995781816,False,0.0426404995781816,0.0001911150803905,0.4992583711635311,4.412166021689119,False
CLP,1160,nnls_nonneg,0.0433416236711167,False,0.0433416236711167,0.0001911150803905,0.5075044759484072,4.428402480620029,True
CLP,1180,nnls_original_legacy,0.0430137128204952,False,0.0430137128204952,6.589096948357628e-05,0.5051133681181875,5.482804707767068,False
CLP,1180,nnls_nonneg,0.0838614305069913,False,0.0838614305069913,6.589096948357628e-05,0.9855272138341103,6.149705392813051,True
CLP,1200,nnls_original_legacy,2.8246957376265244e-05,False,2.8246957376265244e-05,0.0003573468638597,6.959917694726224,9.113087875430322,False
CLP,1200,nnls_nonneg,2.806534706410282e-05,False,2.806534706410282e-05,0.0003573468638597,6.963758451895286,9.188500879889094,True
CLP,1220,nnls_original_legacy,7.828279219094565e-05,False,7.828279219094565e-05,0.0004698335097348,6.919428111985015,3.209696369771356,False
CLP,1220,nnls_nonneg,4.5519474818169336e-05,False,4.5519474818169336e-05,0.0004698335097348,7.498416756656929,6.987355230422919,True
CLP,1240,nnls_original_legacy,2.9002812264516787e-05,False,2.9002812264516787e-05,2.1976432984491866e-05,0.1092472841346795,0.035156701630989,False
CLP,1240,nnls_nonneg,2.7183422284516925e-05,False,2.7183422284516925e-05,2.1976432984491866e-05,0.0809591137733253,0.0210864862976545,True
CLP,1260,nnls_original_legacy,0.0001278678821208,False,0.0001278678821208,0.0002356764116172,1.575601446747107,0.2316622181639731,False
CLP,1260,nnls_nonneg,0.0001118954803465,False,0.0001118954803465,0.0002356764116172,1.8090351041864008,0.3613247199529206,True
CLP,1280,nnls_original_legacy,4.363942714609248e-05,False,4.363942714609248e-05,1.5344742343707814e-07,0.548490610965357,4.653874579616931,False
CLP,1280,nnls_nonneg,4.623702462149228e-05,False,4.623702462149228e-05,1.5344742343707814e-07,0.5812542243278916,4.711496878014818,True
CLP,1300,nnls_original_legacy,5.976475816092552e-05,False,5.976475816092552e-05,7.32991153728167e-05,0.1623249944224248,0.02232812187165,False
CLP,1300,nnls_nonneg,5.933226376166112e-05,False,5.933226376166112e-05,7.32991153728167e-05,0.1675121377680018,0.024005313652081,True
CLP,1320,nnls_original_legacy,9.517823857998924e-05,False,9.517823857998924e-05,7.504242625370865e-06,0.9752942699529392,1.619126886018678,False
CLP,1320,nnls_nonneg,0.0001914504446868,False,0.0001914504446868,7.504242625370865e-06,2.0462358866705936,2.2783572453569736,True
CLP,1340,nnls_original_legacy,0.000120811060329,False,0.000120811060329,2.7257865569382518e-06,1.2821310954539324,2.814033201573899,False
CLP,1340,nnls_nonneg,0.000137310252807,False,0.000137310252807,2.7257865569382518e-06,1.461273905138801,2.939337249876049,True
CLP,1360,nnls_original_legacy,9.14713574858264e-05,False,9.14713574858264e-05,0.0001198224046725,0.2987564604979721,0.0399597379252094,False
CLP,1360,nnls_nonneg,8.016773961974858e-05,False,8.016773961974858e-05,0.0001198224046725,0.4178712445921105,0.0927566654846927,True
CLP,1380,nnls_original_legacy,0.0001138351245935,False,0.0001138351245935,0.0002504947560928,1.3084024693330008,0.411818097754268,False
CLP,1380,nnls_nonneg,0.000187734089213,False,0.000187734089213,0.0002504947560928,0.6008812596781925,0.045894739482138,True
CLP,1400,nnls_original_legacy,0.2826436094938327,False,0.2826436094938327,1.568906548358249e-07,2.947473058556648,13.404148789967769,False
CLP,1400,nnls_nonneg,0.0321953962158059,False,0.0321953962158059,1.568906548358249e-07,0.3357396028483115,11.231789802016356,True
CLP,1420,nnls_original_legacy,0.2448909703488086,False,0.2448909703488086,8.622700868998592e-06,2.553477737568164,9.254205220389572,False
CLP,1420,nnls_nonneg,0.0315975781261643,False,0.0315975781261643,8.622700868998592e-06,0.3293895832274927,7.2067102847870785,True
CLP,1440,nnls_original_legacy,0.181642336466989,False,0.181642336466989,8.506925253111019e-07,1.89404642480554,11.271504057196475,False
CLP,1440,nnls_nonneg,0.0333401285259797,False,0.0333401285259797,8.506925253111019e-07,0.3476416178650886,9.576247052434598,True
CLP,1460,nnls_original_legacy,-0.0091371103863674,True,1e-12,1.842939101230345e-05,0.0001921652480504,184280.7858359347,False
CLP,1460,nnls_nonneg,0.0315696329477793,False,0.0315696329477793,1.842939101230345e-05,0.3289878207432942,6.446587996585408,True
CLP,1480,nnls_original_legacy,-0.0197117610931058,True,1e-12,0.001445209473339,0.0150693417289872,14452077.247040672,False
CLP,1480,nnls_nonneg,0.0369495025273787,False,0.0369495025273787,0.001445209473339,0.3702067659517187,2.280411005512905,True
CLP,1500,nnls_original_legacy,-0.0218531476323211,True,1e-12,0.0004167532080946,0.0043451615061169,4167515.8381114095,False
CLP,1500,nnls_nonneg,0.0328010486650403,False,0.0328010486650403,0.0004167532080946,0.3376458576125569,3.378427030144912,True
CLP,1520,nnls_original_legacy,0.0516319768475618,False,0.0516319768475618,5.804880680346991e-06,0.5382429989182027,8.093309833590165,False
CLP,1520,nnls_nonneg,0.0314887152140305,False,0.0314887152140305,5.804880680346991e-06,0.328233828442014,7.598869801118591,True
CLP,1540,nnls_original_legacy,0.0782674610878194,False,0.0782674610878194,2.8414415449236458e-06,0.8159302756740892,9.223612023016932,False
CLP,1540,nnls_nonneg,0.0314667266014605,False,0.0314667266014605,2.8414415449236458e-06,0.3280196927850256,8.31246475841269,True
CLP,1560,nnls_original_legacy,0.1208164953211595,False,0.1208164953211595,6.146138978764987e-06,1.259482466411956,8.886254901186517,False
CLP,1560,nnls_nonneg,0.0328415392886576,False,0.0328415392886576,6.146138978764987e-06,0.3423183711471609,7.583812503782699,True
CLP,1580,nnls_original_legacy,0.1149654262196287,False,0.1149654262196287,1.2398496146080272e-05,1.198436896418658,8.13491937929375,False
CLP,1580,nnls_nonneg,0.0322844375032924,False,0.0322844375032924,1.2398496146080272e-05,0.3364504879493979,6.865149434748967,True
CLP,1600,nnls_original_legacy,-0.0803609785392095,True,1e-12,1.1287553099917268e-05,0.0001176728658663,112862.89695817766,False
CLP,1600,nnls_nonneg,0.0342969913742183,False,0.0342969913742183,1.1287553099917268e-05,0.3574288730772877,7.01944140327466,True
CLP,1620,nnls_original_legacy,0.0271926768410672,False,0.0271926768410672,0.0004048927020311,0.2792545397732685,3.2219706534340675,False
CLP,1620,nnls_nonneg,0.0312609808852603,False,0.0312609808852603,0.0004048927020311,0.3216653777739868,3.35945589829946,True
CLP,1640,nnls_original_legacy,0.132629423799278,False,0.132629423799278,1.0318244972095205e-05,1.382391079755141,8.461478343864375,False
CLP,1640,nnls_nonneg,0.0317144330272754,False,0.0317144330272754,1.0318244972095205e-05,0.330476406724387,7.030938820599994,True
CLP,1660,nnls_original_legacy,0.0984715385383512,False,0.0984715385383512,9.834594979136395e-07,1.0263904117723264,10.514211647386858,False
CLP,1660,nnls_nonneg,0.0313347618256075,False,0.0313347618256075,9.834594979136395e-07,0.3266020959648339,9.369193570881654,True
CLP,1680,nnls_original_legacy,0.0721379516025741,False,0.0721379516025741,7.518757837064349e-05,0.7511278940552768,5.867391798160538,False
CLP,1680,nnls_nonneg,0.032480751858793,False,0.032480751858793,7.518757837064349e-05,0.3377711580068085,5.07073174121112,True
CLP,1700,nnls_original_legacy,0.119033021696724,False,0.119033021696724,2.3607844218949165e-05,1.2405452124553222,7.525775518095845,False
CLP,1700,nnls_nonneg,0.031289332232151,False,0.031289332232151,2.3607844218949165e-05,0.3259115682349894,6.190207957592987,True
CLP,1720,nnls_original_legacy,0.0740170984514061,False,0.0740170984514061,0.0003267982355337,0.7682328184169951,4.427123614104175,False
CLP,1720,nnls_nonneg,0.0309792373585539,False,0.0309792373585539,0.0003267982355337,0.3195564359196499,3.562278476555069,True
CLP,1740,nnls_original_legacy,-0.0078869983225932,True,1e-12,2.984564874134297e-05,0.0003111616101983,298442.8810339993,False
CLP,1740,nnls_nonneg,0.0314746237425507,False,0.0314746237425507,2.984564874134297e-05,0.327833654970301,5.961846091083155,True
CLP,1760,nnls_original_legacy,-0.1844394007458293,True,1e-12,3.900696116681162e-05,0.0004066768247939,390055.73758762254,False
CLP,1760,nnls_nonneg,0.0363596641574135,False,0.0363596641574135,3.900696116681162e-05,0.3786701009212713,5.838547998616376,True
CLP,1780,nnls_original_legacy,0.0953929900539248,False,0.0953929900539248,7.942292680498652e-06,0.99456949886224,8.393641649608533,False
CLP,1780,nnls_nonneg,0.0313488703652129,False,0.0313488703652129,7.942292680498652e-06,0.3267884417796668,7.280984879931452,True
CLP,1800,nnls_original_legacy,0.1766509839555414,False,0.1766509839555414,2.338037177592061e-05,1.8417443623901733,7.930166718964653,False
CLP,1800,nnls_nonneg,0.0355949636362001,False,0.0355949636362001,2.338037177592061e-05,0.3709146340055281,6.3287194235112,True
CLP,1820,nnls_original_legacy,0.1186332314562454,False,0.1186332314562454,7.258664000966731e-06,1.2370139211388766,8.70165731983301,False
CLP,1820,nnls_nonneg,0.0320388376027338,False,0.0320388376027338,7.258664000966731e-06,0.3340205195422589,7.392734889243766,True
CLP,1840,nnls_original_legacy,0.0347392373210263,False,0.0347392373210263,5.131265932176087e-05,0.3617219196585793,5.519164674268878,False
CLP,1840,nnls_nonneg,0.0317332187265291,False,0.0317332187265291,5.131265932176087e-05,0.330375483481285,5.428798829814016,True
CLP,1860,nnls_original_legacy,0.0501608037463317,False,0.0501608037463317,2.951551954657891e-05,0.5227677233854469,6.438661405488362,False
CLP,1860,nnls_nonneg,0.032140530044066,False,0.032140530044066,2.951551954657891e-05,0.3348527945789152,5.9938752466394325,True
CLP,1880,nnls_original_legacy,0.076203810328798,False,0.076203810328798,9.982506333069342e-05,0.793676342336845,5.639057432070054,False
CLP,1880,nnls_nonneg,0.0319101259065603,False,0.0319101259065603,9.982506333069342e-05,0.3317445615209483,4.77038769689403,True
CLP,1900,nnls_original_legacy,7.206799786183308e-05,False,7.206799786183308e-05,2.196089456250649e-06,0.6983343549585821,2.5214042930732625,False
CLP,1900,nnls_nonneg,6.215765429831886e-05,False,6.215765429831886e-05,2.196089456250649e-06,0.59928548771322,2.378326667742882,True
CLP,1920,nnls_original_legacy,5.600627462760024e-05,False,5.600627462760024e-05,0.0003363955807132,3.06259996803516,3.213566884060924,False
CLP,1920,nnls_nonneg,5.3766109783124926e-05,False,5.3766109783124926e-05,0.0003363955807132,3.0870685502249096,3.423002756981888,True
CLP,1940,nnls_original_legacy,0.0002893713892214,False,0.0002893713892214,2.0615920677716267e-05,2.917346553976937,1.712891132573492,False
CLP,1940,nnls_nonneg,0.0001749016113776,False,0.0001749016113776,2.0615920677716267e-05,1.6747745842362498,1.256031500214431,True
CLP,1960,nnls_original_legacy,0.0001052870779474,False,0.0001052870779474,3.703355594420108e-05,0.7572646154739355,0.3966051281642444,False
CLP,1960,nnls_nonneg,8.31400716329713e-05,False,8.31400716329713e-05,3.703355594420108e-05,0.5115462447819042,0.2541380756228284,True
CLP,1980,nnls_original_legacy,5.040598789107089e-05,False,5.040598789107089e-05,9.50760653822591e-06,0.4462330023243832,0.8566383862780722,False
CLP,1980,nnls_nonneg,5.029735206902636e-05,False,5.029735206902636e-05,9.50760653822591e-06,0.4450477014047042,0.8548882400796767,True
CLP,2000,nnls_original_legacy,6.775573994113494e-05,False,6.775573994113494e-05,3.5153168129431826e-07,0.7964589961536593,4.266552838581618,False
CLP,2000,nnls_nonneg,5.110395238309846e-05,False,5.110395238309846e-05,3.5153168129431826e-07,0.5996987886676306,3.9861960375729337,True
CLP,2020,nnls_original_legacy,4.25254286059304e-05,False,4.25254286059304e-05,5.5303863112828085e-05,0.1577683645639214,0.0377487121306527,False
CLP,2020,nnls_nonneg,4.803471968747826e-05,False,4.803471968747826e-05,5.5303863112828085e-05,0.0897481510257746,0.0104123390301553,True
CLP,2040,nnls_original_legacy,2.664412019791184e-05,False,2.664412019791184e-05,2.050874071803353e-05,0.0794309212430659,0.0314459007610303,False
CLP,2040,nnls_nonneg,4.378321907528211e-05,False,4.378321907528211e-05,2.050874071803353e-05,0.3013201161282892,0.226814997767309,True
CLP,2060,nnls_original_legacy,6.078103381415375e-05,False,6.078103381415375e-05,5.39915992823455e-06,0.7290527640838229,1.509864106215308,False
CLP,2060,nnls_nonneg,5.326376400378548e-05,False,5.326376400378548e-05,5.39915992823455e-06,0.6300946402597342,1.39037935112079,True
CLP,2080,nnls_original_legacy,5.3150408362374986e-05,False,5.3150408362374986e-05,5.1101838850349125e-05,0.0268308256267139,0.0007624317058112,False
CLP,2080,nnls_nonneg,5.196836850527523e-05,False,5.196836850527523e-05,5.1101838850349125e-05,0.0113492395230987,0.0001405789335335,True
CLP,2100,nnls_original_legacy,3.136916655884363e-05,False,3.136916655884363e-05,1.5615213008754344e-05,0.2106301698392842,0.1953684060180349,False
CLP,2100,nnls_nonneg,4.284687043954304e-05,False,4.284687043954304e-05,1.5615213008754344e-05,0.364086932934985,0.373829298485449,True
CLP,2120,nnls_original_legacy,0.0001063215827415,False,0.0001063215827415,3.143356464818792e-05,1.0486727729538223,0.5142381726778034,False
CLP,2120,nnls_nonneg,7.846174431566212e-05,False,7.846174431566212e-05,3.143356464818792e-05,0.6585455568791122,0.3153577246737407,True
CLP,2140,nnls_original_legacy,4.2829669373687805e-05,False,4.2829669373687805e-05,0.0003057083769747,3.988992811718165,4.172370557239076,False
CLP,2140,nnls_nonneg,5.753808051567277e-05,False,5.753808051567277e-05,0.0003057083769747,3.76580339157608,2.6429640548439477,True
CLP,2160,nnls_original_legacy,7.39094225620384e-05,False,7.39094225620384e-05,6.001341021345805e-09,0.8125826970990919,8.418693853809918,False
CLP,2160,nnls_nonneg,0.0001526502900107,False,0.0001526502900107,6.001341021345805e-09,1.6783540698755148,9.14396126450115,True
CLP,2180,nnls_original_legacy,0.0006132227931461,False,0.0006132227931461,0.0001691942154861,4.918794580091231,0.5635909187553585,False
CLP,2180,nnls_nonneg,0.0001220911485317,False,0.0001220911485317,0.0001691942154861,0.5217914388808265,0.0595230980782037,True
CLP,2200,nnls_original_legacy,0.0001153189914975,False,0.0001153189914975,0.0002602876517408,1.596088984728301,0.443024779815343,False
CLP,2200,nnls_nonneg,5.936506718261469e-05,False,5.936506718261469e-05,0.0002602876517408,2.2121355295576515,1.9064441011431064,True
CLP,2220,nnls_original_legacy,5.585724913281408e-05,False,5.585724913281408e-05,3.615240248555751e-05,0.2156389652783162,0.0822843889460498,False
CLP,2220,nnls_nonneg,3.103537843262746e-05,False,3.103537843262746e-05,3.615240248555751e-05,0.055997886805768,0.0122615160295067,True
CLP,2240,nnls_original_legacy,5.946858077657489e-06,False,5.946858077657489e-06,0.0011298109561862,11.635894544540127,183.7375738577581,False
CLP,2240,nnls_nonneg,3.526550979438927e-05,False,3.526550979438927e-05,0.0011298109561862,11.332344729097027,27.570378252300262,True
CLP,2260,nnls_original_legacy,1.5253797385981596e-05,False,1.5253797385981596e-05,2.1772453724831527e-07,0.1518939177723993,3.2636265513895246,False
CLP,2260,nnls_nonneg,2.5431139258654895e-05,False,2.5431139258654895e-05,2.1772453724831527e-07,0.2547050936094243,3.769060320382673,True
CLP,2280,nnls_original_legacy,-3.467420968993939e-05,True,1e-12,1.8840407769323965e-05,0.1844298408710251,188390.9313489549,False
CLP,2280,nnls_nonneg,8.284736386164456e-05,False,8.284736386164456e-05,1.8840407769323965e-05,0.6265678268669865,0.708407083729444,True
CLP,2300,nnls_original_legacy,0.0002273616608254,False,0.0002273616608254,8.608457404583866e-06,2.03249765574634,2.3116592267272096,False
CLP,2300,nnls_nonneg,0.0001307435868988,False,0.0001307435868988,8.608457404583866e-06,1.1347919047557984,1.7863352058485735,True
CLP,2320,nnls_original_legacy,2.7910763513414275e-05,False,2.7910763513414275e-05,4.671450237008647e-06,0.2132142427042342,0.9549137592154332,False
CLP,2320,nnls_nonneg,5.551219720702384e-05,False,5.551219720702384e-05,4.671450237008647e-06,0.4664497283030721,1.5592849799199415,True
CLP,2340,nnls_original_legacy,5.531681765511692e-05,False,5.531681765511692e-05,0.0001585426830106,0.9304840743678744,0.813137797362063,False
CLP,2340,nnls_nonneg,4.8457418660959904e-05,False,4.8457418660959904e-05,0.0001585426830106,0.9923151038469048,1.0864554181625,True
CLP,2360,nnls_original_legacy,1.3064061269417242e-05,False,1.3064061269417242e-05,3.596012632771411e-05,0.2095179673977895,0.7400536553263983,False
CLP,2360,nnls_nonneg,7.56112611621687e-05,False,7.56112611621687e-05,3.596012632771411e-05,0.3628407394186789,0.2187867104536536,True
CLP,2380,nnls_original_legacy,1.704056282065218e-05,False,1.704056282065218e-05,8.362479957213754e-06,0.0800412635161893,0.202581178737536,False
CLP,2380,nnls_nonneg,6.167652724620466e-05,False,6.167652724620466e-05,8.362479957213754e-06,0.4917357641457119,1.1337344989086882,True
CLP,2400,nnls_original_legacy,2.206747095068707e-05,False,2.206747095068707e-05,6.544261668554418e-05,0.4009134777496728,0.8785003484829363,False
CLP,2400,nnls_nonneg,6.957102591296931e-05,False,6.957102591296931e-05,6.544261668554418e-05,0.0381586014963114,0.0018335809656424,True
CLP,2420,nnls_original_legacy,8.574313684376804e-05,False,8.574313684376804e-05,3.05263237624717e-06,0.7569314865891588,2.3709538143312945,False
CLP,2420,nnls_nonneg,9.220480688687494e-05,False,9.220480688687494e-05,3.05263237624717e-06,0.8160802551578478,2.4411150570416744,True
CLP,2440,nnls_original_legacy,1.777357953106028e-05,False,1.777357953106028e-05,7.69262746969832e-05,0.5428782969235488,1.8629906113123784,False
CLP,2440,nnls_nonneg,2.486334861023296e-05,False,2.486334861023296e-05,7.69262746969832e-05,0.4778114093965069,0.9645100443390908,True
CLP,2460,nnls_original_legacy,3.655061276820816e-05,False,3.655061276820816e-05,1.8571403843768728e-06,0.2989059427834534,2.030470176930524,False
CLP,2460,nnls_nonneg,4.561926169340987e-05,False,4.561926169340987e-05,1.8571403843768728e-06,0.3770380198142571,2.242001722841505,True
CLP,2480,nnls_original_legacy,0.0003328986481984,False,0.0003328986481984,1.9135669420047077e-06,2.9046315630325523,4.164617271347533,False
CLP,2480,nnls_nonneg,0.0001525817857985,False,0.0001525817857985,1.9135669420047077e-06,1.3222217218231964,3.391272997342612,True
CLP,2500,nnls_original_legacy,0.0001371897330351,False,0.0001371897330351,2.6799049636401005e-06,1.1705418753805723,2.9551178446254456,False
CLP,2500,nnls_nonneg,9.28015658580348e-05,False,9.28015658580348e-05,2.6799049636401005e-06,0.7842637186305159,2.5735599795317663,True
CLP,2520,nnls_original_legacy,0.0002329491108113,False,0.0002329491108113,0.0001371466101692,0.8219576279148026,0.1185101671208435,False
CLP,2520,nnls_nonneg,8.722425964625166e-05,False,8.722425964625166e-05,0.0001371466101692,0.4283192666246382,0.1197767877849507,True
CLP,2540,nnls_original_legacy,7.358186380136157e-05,False,7.358186380136157e-05,0.0001473732341586,0.6213862288625797,0.3082774608770293,False
CLP,2540,nnls_nonneg,5.277213698484061e-05,False,5.277213698484061e-05,0.0001473732341586,0.7966218642433355,0.7656484005693429,True
CLP,2560,nnls_original_legacy,0.0003345114521097,False,0.0003345114521097,2.164799980310137e-06,2.7645027281984964,4.046814673402287,False
CLP,2560,nnls_nonneg,0.0001172612925532,False,0.0001172612925532,2.164799980310137e-06,0.9573876122571828,3.0105380798990886,True
CLP,2580,nnls_original_legacy,8.986466015665266e-05,False,8.986466015665266e-05,1.0432717804727528e-05,0.652144759790006,1.2694516172930204,False
CLP,2580,nnls_nonneg,8.686028587775603e-05,False,8.686028587775603e-05,1.0432717804727528e-05,0.6274785249678781,1.2394632886382015,True
CLP,2600,nnls_original_legacy,2.302144735347296e-05,False,2.302144735347296e-05,0.0001905834006863,1.3792340740737117,5.164851527228509,False
CLP,2600,nnls_nonneg,5.748296016134378e-05,False,5.748296016134378e-05,0.0001905834006863,1.0955748557168363,1.1168751111397723,True
CLP,2620,nnls_original_legacy,2.9960802549430945e-05,False,2.9960802549430945e-05,1.8699631561294525e-05,0.0926700580211222,0.0955226620048257,False
CLP,2620,nnls_nonneg,9.109866398871683e-05,False,9.109866398871683e-05,1.8699631561294525e-05,0.5957837371256032,0.7887072189937983,True
CLP,2640,nnls_original_legacy,0.0001868848221724,False,0.0001868848221724,0.0,1.5655790585592737,13.440833409948953,False
CLP,2640,nnls_nonneg,7.134506392014118e-05,False,7.134506392014118e-05,0.0,0.5976747426919362,12.477869933927195,True
CLP,2660,nnls_original_legacy,5.458501598293299e-05,False,5.458501598293299e-05,9.174566406246816e-05,0.4098065846093877,0.1615239645727912,False
CLP,2660,nnls_nonneg,5.240551980159072e-05,False,5.240551980159072e-05,9.174566406246816e-05,0.4338420073591044,0.1906787325439292,True
CLP,2680,nnls_original_legacy,7.379488544105936e-05,False,7.379488544105936e-05,0.0008877876414154,8.719124655371338,8.543033439720691,False
CLP,2680,nnls_nonneg,7.731553049711251e-05,False,7.731553049711251e-05,0.0008877876414154,8.681413087441843,8.041818291855522,True
CLP,2700,nnls_original_legacy,5.522842144015567e-05,False,5.522842144015567e-05,5.518813560077563e-08,0.5518130937377197,5.909484256068542,False
CLP,2700,nnls_nonneg,6.423871267631578e-05,False,6.423871267631578e-05,5.518813560077563e-08,0.6419291950555103,6.060472423957796,True
CLP,2720,nnls_original_legacy,7.672287132420941e-05,False,7.672287132420941e-05,4.829362499229319e-05,0.2790098533167552,0.092355683000419,False
CLP,2720,nnls_nonneg,6.962067075493014e-05,False,6.962067075493014e-05,4.829362499229319e-05,0.209307550416233,0.0594298600120031,True
CLP,2740,nnls_original_legacy,0.0002294899880958,False,0.0002294899880958,8.283594315533298e-05,1.481872629974306,0.3799540158805703,False
CLP,2740,nnls_nonneg,0.0002625735566673,False,0.0002625735566673,8.283594315533298e-05,1.8161670900268772,0.4691462914202615,True
CLP,2760,nnls_original_legacy,0.0001037812591143,False,0.0001037812591143,5.370696390963635e-07,1.0292882439272244,4.269087933177235,False
CLP,2760,nnls_nonneg,8.666752065463924e-05,False,8.666752065463924e-05,5.370696390963635e-07,0.8586736079296106,4.089903603455562,True
CLP,2780,nnls_original_legacy,0.0001151336226418,False,0.0001151336226418,8.304288212029689e-05,0.3209897656036099,0.0480102076885711,False
CLP,2780,nnls_nonneg,0.0001010328829581,False,0.0001010328829581,8.304288212029689e-05,0.1799461794363731,0.0180280630448439,True
CLP,2800,nnls_original_legacy,6.591652207039192e-05,False,6.591652207039192e-05,5.222999878664939e-05,0.1426658619552055,0.0250979209625306,False
CLP,2800,nnls_nonneg,5.811803723152886e-05,False,5.811803723152886e-05,5.222999878664939e-05,0.061375855836371,0.0055073257141793,True
CLP,2820,nnls_original_legacy,9.458488837425347e-05,False,9.458488837425347e-05,5.975185950453935e-05,0.3585891621203055,0.0910247446406196,False
CLP,2820,nnls_nonneg,9.682694248420189e-05,False,9.682694248420189e-05,5.975185950453935e-05,0.3816700233259701,0.0998244929324434,True
CLP,2840,nnls_original_legacy,0.0003690202925939,False,0.0003690202925939,9.083606196712671e-11,3.5958585688898648,14.121192278972012,False
CLP,2840,nnls_nonneg,0.000355653343138,False,0.000355653343138,9.083606196712671e-11,3.465606459351925,14.084297154362975,True
CLP,2860,nnls_original_legacy,-1.858507860428137e-05,True,1e-12,3.576398703865828e-05,0.2057986173897109,357626.0831047724,False
CLP,2860,nnls_nonneg,0.0003154003072751,False,0.0003154003072751,3.576398703865828e-05,1.6091262314669854,1.2902935761801029,True
CLP,2880,nnls_original_legacy,-0.0001737204180219,True,1e-12,6.256546014499383e-05,0.3373198907856297,625640.2548961954,False
CLP,2880,nnls_nonneg,0.0001740190658771,False,0.0001740190658771,6.256546014499383e-05,0.6008989405177815,0.3824837109007633,True
CLP,2900,nnls_original_legacy,0.0002227755454568,False,0.0002227755454568,2.5594408602201103e-08,1.1324097173712766,8.071660996060832,False
CLP,2900,nnls_nonneg,0.0001522662592908,False,0.0001522662592908,2.5594408602201103e-08,0.7739566607331149,7.691180149412098,True
CLP,2920,nnls_original_legacy,0.0001029397681434,False,0.0001029397681434,0.0001157049210514,0.0636949297956144,0.0071069147723821,False
CLP,2920,nnls_nonneg,2.245729453515431e-05,False,2.245729453515431e-05,0.0001157049210514,0.4652824033829676,2.512792274413508,True
CLP,2940,nnls_original_legacy,-3.579969923827833e-05,True,1e-12,0.0002017020902565,0.9785124190598176,2017005.3854332056,False
CLP,2940,nnls_nonneg,0.0001922477974799,False,0.0001922477974799,0.0002017020902565,0.0458653796271176,0.0011709826434855,True
CLP,2960,nnls_original_legacy,4.985787947634136e-05,False,4.985787947634136e-05,0.0,0.2404158411498262,12.119518925312285,False
CLP,2960,nnls_nonneg,0.0001162771518153,False,0.0001162771518153,0.0,0.560691099457402,12.966317813189416,True
CLP,2980,nnls_original_legacy,0.0001219205486401,False,0.0001219205486401,0.0004441995114871,1.5342444380922873,1.350448081719594,False
CLP,2980,nnls_nonneg,4.49254658987646e-05,False,4.49254658987646e-05,0.0004441995114871,1.9007879953039477,6.596208007059904,True
CLP,3000,nnls_original_legacy,9.038521123766622e-05,False,9.038521123766622e-05,0.0018294248567992,8.085976779154699,16.232635542568076,False
CLP,3000,nnls_nonneg,4.434924845824839e-05,False,4.434924845824839e-05,0.0018294248567992,8.300029245980548,36.53075279166927,True
CLP,3020,nnls_original_legacy,-2.940494857803033e-05,True,1e-12,5.989735632920292e-05,0.2589898618154604,598959.2603192878,False
CLP,3020,nnls_nonneg,0.0002398900535086,False,0.0002398900535086,5.989735632920292e-05,0.7782694830864667,0.6372350406957419,True
CLP,3040,nnls_original_legacy,0.0001114535199101,False,0.0001114535199101,0.0002061134570699,0.4121339164745398,0.2345029587534957,False
CLP,3040,nnls_nonneg,3.279940143133287e-05,False,3.279940143133287e-05,0.0002061134570699,0.7545811108010971,3.446045026536167,True
CLP,3060,nnls_original_legacy,4.800566723393852e-05,False,4.800566723393852e-05,1.030850670025731e-06,0.2038245377515976,2.8624082370073345,False
CLP,3060,nnls_nonneg,0.0001350244632847,False,0.0001350244632847,1.030850670025731e-06,0.5814005918620611,3.882706164367084,True
CLP,3080,nnls_original_legacy,9.68235180231165e-05,False,9.68235180231165e-05,0.0003495487973914,1.0950365409339102,1.32641093575876,False
CLP,3080,nnls_nonneg,7.88354666677874e-05,False,7.88354666677874e-05,0.0003495487973914,1.172977194846769,1.94462262032544,True
CLP,3100,nnls_original_legacy,5.520661223838016e-05,False,5.520661223838016e-05,2.3789972557559747e-05,0.1371193756385677,0.2727447066557582,False
CLP,3100,nnls_nonneg,0.0001068201947001,False,0.0001068201947001,2.3789972557559747e-05,0.3623892413380107,0.7245932667710822,True
CLP,3120,nnls_original_legacy,0.0001381468161056,False,0.0001381468161056,3.3822904962074717e-09,0.5971821514078731,9.617543625156973,False
CLP,3120,nnls_nonneg,6.440679152013907e-05,False,6.440679152013907e-05,3.3822904962074717e-09,0.2784103841896063,8.854473737834189,True
CLP,3140,nnls_original_legacy,0.0001174653861336,False,0.0001174653861336,0.0001113189504375,0.0263294585184159,0.0014186904151232,False
CLP,3140,nnls_nonneg,6.287482489962084e-05,False,6.287482489962084e-05,0.0001113189504375,0.2075198793047825,0.1992315909116717,True
CLP,3160,nnls_original_legacy,8.962706144617173e-05,False,8.962706144617173e-05,7.064593268199726e-06,0.3518111748338322,1.6193839556954983,False
CLP,3160,nnls_nonneg,7.088060450181255e-05,False,7.088060450181255e-05,7.064593268199726e-06,0.2719296840413066,1.4055703098266714,True
CLP,3180,nnls_original_legacy,0.0001129067319969,False,0.0001129067319969,0.0001782045410819,0.2833757347580169,0.1219641628226591,False
CLP,3180,nnls_nonneg,4.1318967486018735e-05,False,4.1318967486018735e-05,0.0001782045410819,0.594048261941522,1.851288840178002,True
CLP,3200,nnls_original_legacy,0.0001383936520835,False,0.0001383936520835,0.0001848146483241,0.2001334820721822,0.0461759611961289,False
CLP,3200,nnls_nonneg,6.701203765258393e-05,False,6.701203765258393e-05,0.0001848146483241,0.5078789466022224,0.7434509268636189,True
CLP,3220,nnls_original_legacy,9.344764065501685e-05,False,9.344764065501685e-05,8.18842389934969e-07,0.3898350117984854,3.746027521778613,False
CLP,3220,nnls_nonneg,0.0001706760626163,False,0.0001706760626163,8.18842389934969e-07,0.7148564236093232,4.344428685475997,True
CLP,3240,nnls_original_legacy,0.0001140238763565,False,0.0001140238763565,0.0014654282794565,5.66164490668212,9.298447345901112,False
CLP,3240,nnls_nonneg,6.798753407567841e-05,False,6.798753407567841e-05,0.0014654282794565,5.854511987919201,17.48378881935518,True
CLP,3260,nnls_original_legacy,0.0001984902475517,False,0.0001984902475517,0.0004530557066265,1.042491861896137,0.4572335258224487,False
CLP,3260,nnls_nonneg,0.0001459374536375,False,0.0001459374536375,0.0004530557066265,1.257705112643423,0.97161426393834,True
CLP,3280,nnls_original_legacy,0.0001176702471803,False,0.0001176702471803,0.0002023997444537,0.3375860897716616,0.1777003247548079,False
CLP,3280,nnls_nonneg,0.0001056879510729,False,0.0001056879510729,0.0002023997444537,0.385326919347541,0.2653154627884224,True
CLP,3300,nnls_original_legacy,0.0001195811952029,False,0.0001195811952029,4.643118794650313e-05,0.2919566835169391,0.3343058957752989,False
CLP,3300,nnls_nonneg,8.825878199762809e-05,False,8.825878199762809e-05,4.643118794650313e-05,0.1669425075495075,0.1683819057849718,True
CLP,3320,nnls_original_legacy,6.68965992789575e-05,False,6.68965992789575e-05,6.020676943790234e-05,0.0268187945391267,0.0053607978770502,False
CLP,3320,nnls_nonneg,0.0001831968439462,False,0.0001831968439462,6.020676943790234e-05,0.4930537273680987,0.441421662456313,True
CLP,3340,nnls_original_legacy,5.537523567730585e-05,False,5.537523567730585e-05,2.661216208830912e-06,0.2195731808360757,2.083407120700246,False
CLP,3340,nnls_nonneg,0.0001383807729059,False,0.0001383807729059,2.661216208830912e-06,0.5653216177807585,2.97045698225792,True
CLP,3360,nnls_original_legacy,0.0001527760635231,False,0.0001527760635231,0.0001302544418243,0.1267703258366391,0.0120675245647399,False
CLP,3360,nnls_nonneg,0.0001584263606943,False,0.0001584263606943,0.0001302544418243,0.1585748745076908,0.0179766716527431,True
CLP,3380,nnls_original_legacy,0.0001056574770197,False,0.0001056574770197,3.283327566390662e-06,0.6050888581491216,2.502420306259868,False
CLP,3380,nnls_nonneg,0.0001163186653891,False,0.0001163186653891,3.283327566390662e-06,0.6681024834773925,2.595703135164863,True
CLP,3400,nnls_original_legacy,0.0001119337820389,False,0.0001119337820389,4.0570846711070445e-08,0.6967211279893735,6.922975450258198,False
CLP,3400,nnls_nonneg,0.0001008699074841,False,0.0001008699074841,4.0570846711070445e-08,0.6278301284585673,6.818939383110488,True
CLP,3420,nnls_original_legacy,0.0001361445872447,False,0.0001361445872447,4.770451697491352e-06,0.845290222833649,2.386316065264313,False
CLP,3420,nnls_nonneg,0.0001059133094497,False,0.0001059133094497,4.770451697491352e-06,0.6507755001491347,2.1452210257148687,True
CLP,3440,nnls_original_legacy,0.0001313252754439,False,0.0001313252754439,4.595902080502227e-05,0.5641579532765634,0.3998903714753612,False
CLP,3440,nnls_nonneg,0.0001435639484602,False,0.0001435639484602,4.595902080502227e-05,0.6450393829340297,0.4591596839683787,True
CLP,3460,nnls_original_legacy,0.0001449320201627,False,0.0001449320201627,0.0003185699900517,1.1839388352073696,0.4104875313229057,False
CLP,3460,nnls_nonneg,0.0001508886442607,False,0.0001508886442607,0.0003185699900517,1.1433239938751991,0.3639919264667322,True
CLP,3480,nnls_original_legacy,0.0001173391790258,False,0.0001173391790258,0.0002101605327765,0.6386775434045405,0.2082486983831981,False
CLP,3480,nnls_nonneg,0.0001221506252586,False,0.0001221506252586,0.0002101605327765,0.6055713395409134,0.177886363436786,True
CLP,3500,nnls_original_legacy,9.635925140454213e-05,False,9.635925140454213e-05,5.255364521932761e-05,0.3174303161773102,0.1516417815191431,False
CLP,3500,nnls_nonneg,0.0001701559488177,False,0.0001701559488177,5.255364521932761e-05,0.8521862762632427,0.4837366628613728,True
CLP,3520,nnls_original_legacy,8.607366331463598e-05,False,8.607366331463598e-05,2.56642072073015e-06,0.6503764632168937,2.5425078293084504,False
CLP,3520,nnls_nonneg,0.0001313419748746,False,0.0001313419748746,2.56642072073015e-06,1.0029380309763571,2.9548321933154287,True
CLP,3540,nnls_original_legacy,0.0001089102232301,False,0.0001089102232301,8.872458703518163e-05,0.1530605612905021,0.0196448807018296,False
CLP,3540,nnls_nonneg,0.0001323235896303,False,0.0001323235896303,8.872458703518163e-05,0.3305958625470197,0.0702255593610146,True
CLP,3560,nnls_original_legacy,0.0001700386434541,False,0.0001700386434541,2.7109405218846956e-05,1.02268900429871,0.9955758505218446,False
CLP,3560,nnls_nonneg,0.0001261421143133,False,0.0001261421143133,2.7109405218846956e-05,0.7086000310874286,0.7524400517326322,True
CLP,3580,nnls_original_legacy,9.793429824174844e-05,False,9.793429824174844e-05,6.3279112834659e-07,0.7048191652392902,4.048373094247422,False
CLP,3580,nnls_nonneg,7.931079919731507e-05,False,7.931079919731507e-05,6.3279112834659e-07,0.5699168452265686,3.8389678082699,True
CLP,3600,nnls_original_legacy,0.0001171160211773,False,0.0001171160211773,5.359360548631619e-06,0.7964073898807164,2.1300815322417352,False
CLP,3600,nnls_nonneg,8.815857069654915e-05,False,8.815857069654915e-05,5.359360548631619e-06,0.5900489730735321,1.861084745719324,True
CLP,3620,nnls_original_legacy,0.0001005202782062,False,0.0001005202782062,9.51759500135552e-06,0.6396954997247766,1.4519006226275812,False
CLP,3620,nnls_nonneg,8.041740806982542e-05,False,8.041740806982542e-05,9.51759500135552e-06,0.4983841108193171,1.2524409018672595,True
CLP,3640,nnls_original_legacy,0.0001148729672309,False,0.0001148729672309,0.000180644111991,0.4517286395694036,0.1198534828738302,False
CLP,3640,nnls_nonneg,9.702457358443446e-05,False,9.702457358443446e-05,0.000180644111991,0.5743147768468311,0.2402741809989994,True
CLP,3660,nnls_original_legacy,0.000106606552427,False,0.000106606552427,8.945427581176153e-05,0.1191015115227828,0.0145240992658515,False
CLP,3660,nnls_nonneg,0.0001029111876344,False,0.0001029111876344,8.945427581176153e-05,0.0934417380537123,0.0093763703569198,True
CLP,3680,nnls_original_legacy,9.646155418981478e-05,False,9.646155418981478e-05,1.0956278813283762e-10,0.6762891212213985,12.688158428039037,False
CLP,3680,nnls_nonneg,0.0001198233114178,False,0.0001198233114178,1.0956278813283762e-10,0.8400779005315849,12.9050319326846,True
CLP,3700,nnls_original_legacy,9.869094355943968e-05,False,9.869094355943968e-05,2.2688729599109537e-06,0.7117091421673762,2.795699647663757,False
CLP,3700,nnls_nonneg,8.655390225754465e-05,False,8.655390225754465e-05,2.2688729599109537e-06,0.6221233948409343,2.667697562960289,True
CLP,3720,nnls_original_legacy,9.959256899866912e-05,False,9.959256899866912e-05,1.7668855849564412e-06,0.7632115751211064,3.0496102518828314,False
CLP,3720,nnls_nonneg,9.235888876603188e-05,False,9.235888876603188e-05,1.7668855849564412e-06,0.7067762067023093,2.975594162741489,True
CLP,3740,nnls_original_legacy,7.66864970880738e-05,False,7.66864970880738e-05,7.88070185706154e-06,0.5779050248900165,1.3780738587713115,False
CLP,3740,nnls_nonneg,9.540204295790409e-05,False,9.540204295790409e-05,7.88070185706154e-06,0.7350982956809569,1.5762881935635762,True
CLP,3760,nnls_original_legacy,8.06085209718152e-05,False,8.06085209718152e-05,8.97596857351931e-07,0.7124295815217456,3.508773868790187,False
CLP,3760,nnls_nonneg,9.373084791715104e-05,False,9.373084791715104e-05,8.97596857351931e-07,0.8297125511788599,3.6580379232991698,True
CLP,3780,nnls_original_legacy,0.0001033260052872,False,0.0001033260052872,0.0001168558696547,0.1315020040042135,0.0078912549682053,False
CLP,3780,nnls_nonneg,9.245420191748076e-05,False,9.245420191748076e-05,0.0001168558696547,0.2371692813276864,0.0297046055440557,True
CLP,3800,nnls_original_legacy,6.909351281338443e-05,False,6.909351281338443e-05,6.553368295022157e-05,0.0328001555259735,0.0013746795948113,False
CLP,3800,nnls_nonneg,8.142400700450075e-05,False,8.142400700450075e-05,6.553368295022157e-05,0.1464129243175098,0.0219506321041547,True
CLP,3820,nnls_original_legacy,7.104050203095275e-05,False,7.104050203095275e-05,8.248844537058953e-06,0.5757306259729653,1.2692917023384136,False
CLP,3820,nnls_nonneg,6.481404300836155e-05,False,6.481404300836155e-05,8.248844537058953e-06,0.5186408262488531,1.188718561198412,True
CLP,3840,nnls_original_legacy,6.889983258768293e-05,False,6.889983258768293e-05,7.963430842697407e-09,0.628173564702868,8.06566468965341,False
CLP,3840,nnls_nonneg,6.413613151346423e-05,False,6.413613151346423e-05,7.963430842697407e-09,0.5847369281070713,7.994027405376254,True
CLP,3860,nnls_original_legacy,9.246838026639462e-05,False,9.246838026639462e-05,2.751842983725018e-05,0.6150706236713279,0.5096090632892376,False
CLP,3860,nnls_nonneg,5.996268616892167e-05,False,5.996268616892167e-05,2.751842983725018e-05,0.3072444065718508,0.2377924174881729,True
CLP,3880,nnls_original_legacy,8.236924852852469e-05,False,8.236924852852469e-05,4.58422322494831e-08,0.8163423578238417,6.494318226481277,False
CLP,3880,nnls_nonneg,9.486955206799795e-05,False,9.486955206799795e-05,4.58422322494831e-08,0.9402989301284675,6.6355355364090585,True
PEN,500,nnls_original_legacy,0.0004460748523718,False,0.0004460748523718,0.0006233305507869,1.0504919034465192,0.0627774221779395,False
PEN,500,nnls_nonneg,0.0002888406845394,False,0.0002888406845394,0.0006233305507869,1.982327786466949,0.388841083776221,True
PEN,520,nnls_original_legacy,0.0001027584875143,False,0.0001027584875143,1.923063102166459e-05,0.5007796433780366,0.8630210472554016,False
PEN,520,nnls_nonneg,0.000100288996201,False,0.000100288996201,1.923063102166459e-05,0.4859741517600669,0.8433037603620681,True
PEN,540,nnls_original_legacy,7.002254639321922e-05,False,7.002254639321922e-05,8.68017574716906e-08,0.4619210520895335,5.694185317505887,False
PEN,540,nnls_nonneg,0.0001033256810255,False,0.0001033256810255,8.68017574716906e-08,0.6818860938201076,6.08285444084839,True
PEN,560,nnls_original_legacy,7.250467511476822e-05,False,7.250467511476822e-05,1.866685258099054e-05,0.3795853009662774,0.6143589091534234,False
PEN,560,nnls_nonneg,8.170570244244425e-05,False,8.170570244244425e-05,1.866685258099054e-05,0.4444574403471675,0.704838936587916,True
PEN,580,nnls_original_legacy,8.369610674217323e-05,False,8.369610674217323e-05,5.6841389856534976e-06,0.5621002721055498,1.757426818987414,False
PEN,580,nnls_nonneg,8.735819389974066e-05,False,8.735819389974066e-05,5.6841389856534976e-06,0.5884867387841943,1.7974042142646458,True
PEN,600,nnls_original_legacy,7.701670011724854e-05,False,7.701670011724854e-05,1.284023646617063e-07,0.559105338881348,5.398275956091638,False
PEN,600,nnls_nonneg,0.000100682214137,False,0.000100682214137,1.284023646617063e-07,0.7311928427352707,5.665830956589784,True
PEN,620,nnls_original_legacy,8.525017208722418e-05,False,8.525017208722418e-05,1.2739599444505344e-07,0.6484239808389809,5.5075394900449925,False
PEN,620,nnls_nonneg,8.481549858297617e-05,False,8.481549858297617e-05,1.2739599444505344e-07,0.6451128491192809,5.502435306255357,True
PEN,640,nnls_original_legacy,0.0154113367628799,False,0.0154113367628799,0.0289727443945369,72.35343257843688,0.2487109497544319,False
PEN,640,nnls_nonneg,0.0030259195969937,False,0.0030259195969937,0.0289727443945369,138.432667876688,6.3157154999916365,True
PEN,660,nnls_original_legacy,5.74894335996248e-05,False,5.74894335996248e-05,5.113469479613905e-07,0.2312998473970701,3.731202752676687,False
PEN,660,nnls_nonneg,8.892516260724893e-05,False,8.892516260724893e-05,5.113469479613905e-07,0.3589117022269978,4.164252413342981,True
PEN,680,nnls_original_legacy,0.0005758527408968,False,0.0005758527408968,0.0003432647538088,0.9517157102524064,0.113448093928524,False
PEN,680,nnls_nonneg,0.0003715289243973,False,0.0003715289243973,0.0003432647538088,0.1156528139011094,0.0030494033269485,True
PEN,700,nnls_original_legacy,0.0001079777419515,False,0.0001079777419515,0.0,0.4419073973406188,12.892266410935664,False
PEN,700,nnls_nonneg,7.59789481970686e-05,False,7.59789481970686e-05,0.0,0.3109498183942179,12.540797992638698,True
PEN,720,nnls_original_legacy,0.000112227374057,False,0.000112227374057,0.000172212658226,0.2494893464875791,0.1062946374846547,False
PEN,720,nnls_nonneg,6.98326509136278e-05,False,6.98326509136278e-05,0.000172212658226,0.4258164560126784,0.5634480642657795,True
PEN,740,nnls_original_legacy,0.0006460034196082,False,0.0006460034196082,5.090387971172618e-07,2.619853832719078,6.1468238219646985,False
PEN,740,nnls_nonneg,0.0004184378219084,False,0.0004184378219084,5.090387971172618e-07,1.696238351234098,5.712975870252936,True
PEN,760,nnls_original_legacy,-1.735610999381744e-05,True,1e-12,0.0003321935108008,1.3188598668645075,3321919.091950442,False
PEN,760,nnls_nonneg,0.0003759296436243,False,0.0003759296436243,0.0003321935108008,0.1736392452320331,0.0073430731468744,True
PEN,780,nnls_original_legacy,0.0001602052364138,False,0.0001602052364138,1.1835214243785843e-05,0.5814385469807908,1.6792517025705278,False
PEN,780,nnls_nonneg,0.0001184563951659,False,0.0001184563951659,1.1835214243785843e-05,0.4178314703067344,1.403377564841182,True
PEN,800,nnls_original_legacy,0.0001300808293488,False,0.0001300808293488,7.803180557827917e-05,0.2006622451774106,0.1109111936080227,False
PEN,800,nnls_nonneg,9.688876863944888e-05,False,9.688876863944888e-05,7.803180557827917e-05,0.0726983960690571,0.0218222377639714,True
PEN,820,nnls_original_legacy,0.0001159070608042,False,0.0001159070608042,0.000205117546685,0.3367442718513884,0.1988780311423816,False
PEN,820,nnls_nonneg,0.0001170654256367,False,0.0001170654256367,0.000205117546685,0.3323717732804223,0.1913113860188882,True
PEN,840,nnls_original_legacy,0.0001227820977049,False,0.0001227820977049,5.0850008145633e-05,0.2667956143529812,0.295679328730867,False
PEN,840,nnls_nonneg,0.0001771725345471,False,0.0001771725345471,5.0850008145633e-05,0.46852936213038,0.5352521605665932,True
PEN,860,nnls_original_legacy,0.0001833035828771,False,0.0001833035828771,1.396011475761692e-06,0.6702017221201151,3.8851403203210655,False
PEN,860,nnls_nonneg,0.0001121525381956,False,0.0001121525381956,1.396011475761692e-06,0.4080600624365648,3.3986881035090795,True
PEN,880,nnls_original_legacy,0.0001707849029351,False,0.0001707849029351,1.1225195272692957e-07,0.6346316620683603,6.328071514352683,False
PEN,880,nnls_nonneg,9.951102855144352e-05,False,9.951102855144352e-05,1.1225195272692957e-07,0.3696058532946296,5.7884058693131735,True
PEN,900,nnls_original_legacy,0.0002247268964105,False,0.0002247268964105,5.244980580856069e-06,0.7941577966177827,2.7809536857636807,False
PEN,900,nnls_nonneg,0.0001132829230419,False,0.0001132829230419,5.244980580856069e-06,0.3909168279840632,2.1189167283033363,True
PEN,920,nnls_original_legacy,9.735192468798427e-05,False,9.735192468798427e-05,2.354243077284743e-07,0.3544093683760984,5.027116611516492,False
PEN,920,nnls_nonneg,0.0001105165969492,False,0.0001105165969492,2.354243077284743e-07,0.4024514947163079,5.153661753189236,True
PEN,940,nnls_original_legacy,0.0005779960151323,False,0.0005779960151323,0.0005832006890419,0.0190959314577332,4.030045695913032e-05,False
PEN,940,nnls_nonneg,0.0004728589964964,False,0.0004728589964964,0.0005832006890419,0.4048433070651674,0.0236159738864054,True
PEN,960,nnls_original_legacy,5.758037747850328e-05,False,5.758037747850328e-05,0.0005266713341236,1.6723658285086458,5.9333206924599216,False
PEN,960,nnls_nonneg,0.0001269711789178,False,0.0001269711789178,0.0005266713341236,1.4249792534829395,1.7253431306503129,True
PEN,980,nnls_original_legacy,0.000439359916883,False,0.000439359916883,4.260038604218253e-06,1.553242594383866,3.645736722178138,False
PEN,980,nnls_nonneg,0.0004458712187636,False,0.0004458712187636,4.260038604218253e-06,1.57648698476579,3.660306355768181,True
PEN,1000,nnls_original_legacy,0.000247326650962,False,0.000247326650962,4.18660209366931e-06,0.8675069825523061,3.095747907676598,False
PEN,1000,nnls_nonneg,0.0001257649788691,False,0.0001257649788691,4.18660209366931e-06,0.4337832918559375,2.4358145625024683,True
PEN,1020,nnls_original_legacy,0.0001284927746616,False,0.0001284927746616,6.33306687702887e-06,0.4394400230897489,2.0593753953557257,False
PEN,1020,nnls_nonneg,0.0001131703126137,False,0.0001131703126137,6.33306687702887e-06,0.384321169269405,1.9390697541946205,True
PEN,1040,nnls_original_legacy,0.0001788615725847,False,0.0001788615725847,1.7122103027065916e-05,0.5809195084682796,1.4419702027026395,False
PEN,1040,nnls_nonneg,0.0001111083265547,False,0.0001111083265547,1.7122103027065916e-05,0.3375702351677032,1.0242382260040783,True
PEN,1060,nnls_original_legacy,0.0001083994313622,False,0.0001083994313622,4.783623308578838e-06,0.3675755195733319,2.164754167360925,False
PEN,1060,nnls_nonneg,0.0001179847703993,False,0.0001179847703993,4.783623308578838e-06,0.4015793655406584,2.2459016914429903,True
PEN,1080,nnls_original_legacy,0.0009089469350822,False,0.0009089469350822,1.5326217237365912e-06,3.150864867428737,5.38699305227338,False
PEN,1080,nnls_nonneg,0.0005821879168813,False,0.0005821879168813,1.5326217237365912e-06,2.0162414705877745,4.942445983636582,True
PEN,1100,nnls_original_legacy,0.0002439641397565,False,0.0002439641397565,0.0005516219267133,1.0967562279646563,0.4452362578995379,False
PEN,1100,nnls_nonneg,0.0003334884716159,False,0.0003334884716159,0.0005516219267133,0.7776147250228814,0.1508413399791708,True
PEN,1120,nnls_original_legacy,0.0002095909721123,False,0.0002095909721123,5.825732823222325e-05,0.521155421166397,0.5582452288947255,False
PEN,1120,nnls_nonneg,0.0001312950039219,False,0.0001312950039219,5.825732823222325e-05,0.2515235849684561,0.2562900530850398,True
PEN,1140,nnls_original_legacy,5.0849103861964047e-05,False,5.0849103861964047e-05,0.0003155652344793,1.1402069194728266,3.380412428854632,False
PEN,1140,nnls_nonneg,0.0001156743767432,False,0.0001156743767432,0.0003155652344793,0.8609862141702348,0.7244615682336935,True
PEN,1160,nnls_original_legacy,0.0001038490064721,False,0.0001038490064721,0.0001197129508021,0.0936642570155136,0.0106008948728688,False
PEN,1160,nnls_nonneg,0.0001003416367209,False,0.0001003416367209,0.0001197129508021,0.114372548408512,0.0165375289527389,True
PEN,1180,nnls_original_legacy,0.0001058701374235,False,0.0001058701374235,0.0001081118112652,0.012936232359508,0.0002210501769683,False
PEN,1180,nnls_nonneg,9.15122585674028e-05,False,9.15122585674028e-05,0.0001081118112652,0.095792557674079,0.0146985304779878,True
PEN,1200,nnls_original_legacy,9.071533204294676e-05,False,9.071533204294676e-05,0.0008565183234581,4.328550268845046,6.196676042350612,False
PEN,1200,nnls_nonneg,0.0001097054952677,False,0.0001097054952677,0.0008565183234581,4.221212119146414,4.752356925726249,True
PEN,1220,nnls_original_legacy,0.0001966242904188,False,0.0001966242904188,0.0005037832155076,1.6743613760399525,0.6213103506048165,False
PEN,1220,nnls_nonneg,0.0001546985638884,False,0.0001546985638884,0.0005037832155076,1.9029037084648823,1.0758798881182416,True
PEN,1240,nnls_original_legacy,9.503340404946268e-05,False,9.503340404946268e-05,1.815433282642754e-06,0.5206963671099201,2.9770073958866385,False
PEN,1240,nnls_nonneg,8.494312538929441e-05,False,8.494312538929441e-05,1.815433282642754e-06,0.464334150701896,2.867030096151741,True
PEN,1260,nnls_original_legacy,0.0001508012010439,False,0.0001508012010439,0.0001638693114223,0.0728612658294339,0.0035510581511506,False
PEN,1260,nnls_nonneg,0.0002416158085761,False,0.0002416158085761,0.0001638693114223,0.4334756925397144,0.0665023076316628,True
PEN,1280,nnls_original_legacy,0.0001086769607035,False,0.0001086769607035,4.1912511513349375e-06,0.5623993849306355,2.29394666760026,False
PEN,1280,nnls_nonneg,0.0001517554396835,False,0.0001517554396835,4.1912511513349375e-06,0.7942713814542647,2.616889439583159,True
PEN,1300,nnls_original_legacy,0.0001414370365049,False,0.0001414370365049,1.4647583823265458e-06,0.7439643516076114,3.5805206018163505,False
PEN,1300,nnls_nonneg,0.0001334282484961,False,0.0001334282484961,1.4647583823265458e-06,0.7013969742807564,3.522851439896124,True
PEN,1320,nnls_original_legacy,0.000335181464553,False,0.000335181464553,0.0005080418893716,0.9039313760721152,0.0998300760004098,False
PEN,1320,nnls_nonneg,0.0002814726077582,False,0.0002814726077582,0.0005080418893716,1.1847887260447805,0.2144137916810002,True
PEN,1340,nnls_original_legacy,9.934659671422575e-05,False,9.934659671422575e-05,5.630267670985717e-07,0.5216862653679887,4.17871011915535,False
PEN,1340,nnls_nonneg,0.0001129555119588,False,0.0001129555119588,5.630267670985717e-07,0.5935563564518466,4.306406650151044,True
PEN,1360,nnls_original_legacy,0.000104746286909,False,0.000104746286909,0.000208771406612,0.5633481403835092,0.3034163107049745,False
PEN,1360,nnls_nonneg,0.0001277885212794,False,0.0001277885212794,0.000208771406612,0.4385628969742089,0.1428626341503496,True
PEN,1380,nnls_original_legacy,7.97466021019158e-05,False,7.97466021019158e-05,2.236602532628111e-05,0.2840640834907791,0.5517747308324701,False
PEN,1380,nnls_nonneg,0.000225757531345,False,0.000225757531345,2.236602532628111e-05,1.0068951027269255,1.4109894763755029,True
PEN,1400,nnls_original_legacy,0.0001149280108727,False,0.0001149280108727,5.330001268626589e-05,0.3165644861829484,0.2321380576125911,False
PEN,1400,nnls_nonneg,0.0001138835282558,False,0.0001138835282558,5.330001268626589e-05,0.3111992932078022,0.2272618156806276,True
PEN,1420,nnls_original_legacy,0.0001257590810907,False,0.0001257590810907,0.000471253649931,1.7075828397125628,1.4262448627284048,False
PEN,1420,nnls_nonneg,0.000118711366298,False,0.000118711366298,0.000471253649931,1.742415679139218,1.591041860633288,True
PEN,1440,nnls_original_legacy,0.0002086552749408,False,0.0002086552749408,2.351752759021622e-06,0.9679483617233364,3.4967935789103013,False
PEN,1440,nnls_nonneg,0.0001416076632544,False,0.0001416076632544,2.351752759021622e-06,0.6533699909665391,3.114506918432647,True
PEN,1460,nnls_original_legacy,0.0001257778876431,False,0.0001257778876431,0.0003093855103072,0.8558139783582647,0.5597060930685338,False
PEN,1460,nnls_nonneg,0.0001339270115272,False,0.0001339270115272,0.0003093855103072,0.8178300753472215,0.4728122393685656,True
PEN,1480,nnls_original_legacy,0.0002480188395742,False,0.0002480188395742,0.0005676515400178,1.4668262346248728,0.4607405980428232,False
PEN,1480,nnls_nonneg,0.0001312220291338,False,0.0001312220291338,0.0005676515400178,2.0028184076307376,1.8612690326996888,True
PEN,1500,nnls_original_legacy,9.501351682325882e-05,False,9.501351682325882e-05,3.685598642261573e-05,0.2516259452242234,0.3349036647151235,False
PEN,1500,nnls_nonneg,0.000173623945041,False,0.000173623945041,3.685598642261573e-05,0.5917439517576834,0.762148455447317,True
PEN,1520,nnls_original_legacy,0.0002830822821231,False,0.0002830822821231,0.0004706712946701,0.7926277516646818,0.1542436744579491,False
PEN,1520,nnls_nonneg,0.0001546404776445,False,0.0001546404776445,0.0004706712946701,1.3353383151531475,0.9305916997227776,True
PEN,1540,nnls_original_legacy,0.0001164079379286,False,0.0001164079379286,0.0001441477343969,0.11320187367201,0.0245601731007141,False
PEN,1540,nnls_nonneg,0.0002535868775416,False,0.0002535868775416,0.0001441477343969,0.4466044324143119,0.1333030757886113,True
PEN,1560,nnls_original_legacy,0.0001658975254673,False,0.0001658975254673,7.399641724278656e-06,0.6440120482753068,2.154542387433657,False
PEN,1560,nnls_nonneg,0.0001713206148117,False,0.0001713206148117,7.399641724278656e-06,0.6660472628421331,2.1852969346289406,True
PEN,1580,nnls_original_legacy,0.0001601596249069,False,0.0001601596249069,0.000173237458778,0.0540294215366386,0.0031627242528384,False
PEN,1580,nnls_nonneg,0.0001847026814583,False,0.0001847026814583,0.000173237458778,0.0473671217503291,0.0020102202007585,True
PEN,1600,nnls_original_legacy,0.0002210336092616,False,0.0002210336092616,0.000338991745854,0.4775641121810057,0.1060050749661232,False
PEN,1600,nnls_nonneg,0.0001635055745774,False,0.0001635055745774,0.000338991745854,0.7104715283469674,0.3441446489759405,True
PEN,1620,nnls_original_legacy,0.0003842684468752,False,0.0003842684468752,0.0004252347066585,0.1742037383437165,0.0053085616119972,False
PEN,1620,nnls_nonneg,0.0003053707194962,False,0.0003053707194962,0.0004252347066585,0.5097061524995806,0.0614048267932796,True
PEN,1640,nnls_original_legacy,0.0002359677959489,False,0.0002359677959489,0.0005701260154678,1.4076815441172104,0.5339558210819044,False
PEN,1640,nnls_nonneg,0.0002495626706873,False,0.0002495626706873,0.0005701260154678,1.3504115051178325,0.4583530303987895,True
PEN,1660,nnls_original_legacy,0.0001604989406174,False,0.0001604989406174,0.0003408344396075,0.755523107025764,0.3704835767801702,False
PEN,1660,nnls_nonneg,0.000162494085698,False,0.000162494085698,0.0003408344396075,0.7471643633577716,0.3567638063272946,True
PEN,1680,nnls_original_legacy,0.000138921834422,False,0.000138921834422,2.422324826946652e-06,0.587749499740239,3.066620284014535,False
PEN,1680,nnls_nonneg,0.0001504885188596,False,0.0001504885188596,2.422324826946652e-06,0.6375541694565031,3.145255452837005,True
PEN,1700,nnls_original_legacy,0.0001308846640151,False,0.0001308846640151,4.355130641223708e-06,0.5695757891811628,2.4362364681030595,False
PEN,1700,nnls_nonneg,0.0001440849683694,False,0.0001440849683694,4.355130641223708e-06,0.6289972820893449,2.529274703456226,True
PEN,1720,nnls_original_legacy,0.0001203296216901,False,0.0001203296216901,0.0003179062362621,0.92054300316467,0.6704399099294875,False
PEN,1720,nnls_nonneg,0.0001352150290026,False,0.0001352150290026,0.0003179062362621,0.8511893623984036,0.4962259680213154,True
PEN,1740,nnls_original_legacy,0.0001206656596377,False,0.0001206656596377,8.606644866919431e-07,0.5558870042043444,3.950206744861613,False
PEN,1740,nnls_nonneg,0.0001351858067826,False,0.0001351858067826,8.606644866919431e-07,0.6232594963683542,4.063067237760502,True
PEN,1760,nnls_original_legacy,0.0001218377006122,False,0.0001218377006122,3.747130368970123e-07,0.5636751357354793,4.787360126868453,False
PEN,1760,nnls_nonneg,0.0001358414342161,False,0.0001358414342161,3.747130368970123e-07,0.6286624754803533,4.895841520604598,True
PEN,1780,nnls_original_legacy,0.0005981474036897,False,0.0005981474036897,4.583845140454393e-06,2.206682613103335,3.878962425712233,False
PEN,1780,nnls_nonneg,0.0001315342499141,False,0.0001315342499141,4.583845140454393e-06,0.4719616743745939,2.3915781384243178,True
PEN,1800,nnls_original_legacy,0.0001222312555764,False,0.0001222312555764,0.000761765444171,2.422661956816057,3.402441842357144,False
PEN,1800,nnls_nonneg,0.0001275707075069,False,0.0001275707075069,0.000761765444171,2.4024352241517253,3.184351515238954,True
PEN,1820,nnls_original_legacy,0.0001180923664423,False,0.0001180923664423,1.422075945734014e-05,0.404896142872834,1.2371849034959093,False
PEN,1820,nnls_nonneg,0.0001264552638252,False,0.0001264552638252,1.422075945734014e-05,0.4374950887434416,1.2976426100135363,True
PEN,1840,nnls_original_legacy,0.0001330226352493,False,0.0001330226352493,1.1175825328399378e-06,0.5213370769460249,3.7877528502632254,False
PEN,1840,nnls_nonneg,0.0001318513975577,False,0.0001318513975577,1.1175825328399378e-06,0.516707916637248,3.77898368918195,True
PEN,1860,nnls_original_legacy,0.000110665431617,False,0.000110665431617,5.7748621244582006e-06,0.4127491406946137,2.005180209973254,False
PEN,1860,nnls_nonneg,0.0001210272674233,False,0.0001210272674233,5.7748621244582006e-06,0.4535234338053226,2.090216869814811,True
PEN,1880,nnls_original_legacy,0.0001092090151743,False,0.0001092090151743,5.954594716946515e-07,0.4644583253683007,4.217138041982564,False
PEN,1880,nnls_nonneg,0.0001123099885494,False,0.0001123099885494,5.954594716946515e-07,0.4777188515662185,4.244986681119607,True
PEN,1900,nnls_original_legacy,0.0001082007514506,False,0.0001082007514506,5.638546783484501e-06,0.4370380665942316,2.006473842002959,False
PEN,1900,nnls_nonneg,0.0001112092097155,False,0.0001112092097155,5.638546783484501e-06,0.4498577089548693,2.032488986517707,True
PEN,1920,nnls_original_legacy,9.812410345510932e-05,False,9.812410345510932e-05,1.092982456786701e-05,0.3923140604507839,1.306125552665435,False
PEN,1920,nnls_nonneg,0.0001069793608281,False,0.0001069793608281,1.092982456786701e-05,0.4321566054055969,1.383308275066331,True
PEN,1940,nnls_original_legacy,0.0001154024748539,False,0.0001154024748539,2.166282701540373e-05,0.4426801568003026,0.8605434946848474,False
PEN,1940,nnls_nonneg,0.0001046719673873,False,0.0001046719673873,2.166282701540373e-05,0.3920059454348764,0.7821927925903256,True
PEN,1960,nnls_original_legacy,9.34888851843213e-05,False,9.34888851843213e-05,2.061753310362141e-07,0.4623131987693773,5.119076250765498,False
PEN,1960,nnls_nonneg,9.688295368363425e-05,False,9.688295368363425e-05,2.061753310362141e-07,0.4791343510196459,5.154660024260438,True
PEN,1980,nnls_original_legacy,0.0001127278877785,False,0.0001127278877785,9.07932149747227e-08,0.5693795559496553,6.124952982287584,False
PEN,1980,nnls_nonneg,9.659104116918586e-05,False,9.659104116918586e-05,9.07932149747227e-08,0.4878079334529286,5.970596692041357,True
PEN,2000,nnls_original_legacy,0.0001390889284696,False,0.0001390889284696,0.0005379632255692,2.150727406146037,1.5150878387795133,False
PEN,2000,nnls_nonneg,0.0001059061801006,False,0.0001059061801006,0.0005379632255692,2.329648552099472,2.4543841131645334,True
PEN,2020,nnls_original_legacy,0.0001842436585857,False,0.0001842436585857,0.0004557449720141,1.517549764814938,0.567924961889058,False
PEN,2020,nnls_nonneg,0.0003445974333895,False,0.0003445974333895,0.0004557449720141,0.6212563724630168,0.042986636043357,True
PEN,2040,nnls_original_legacy,0.000109878456039,False,0.000109878456039,8.267083993263475e-07,0.6258535679655469,3.8972019008378886,False
PEN,2040,nnls_nonneg,8.728220873527818e-05,False,8.728220873527818e-05,8.267083993263475e-07,0.4961725467645114,3.668921565620112,True
PEN,2060,nnls_original_legacy,0.0004997017974312,False,0.0004997017974312,0.000444065114888,0.3236119935628034,0.0067005398352726,False
PEN,2060,nnls_nonneg,0.0003041827505899,False,0.0003041827505899,0.000444065114888,0.8136288632883252,0.0815203753686568,True
PEN,2080,nnls_original_legacy,8.947977202957619e-05,False,8.947977202957619e-05,2.104799207542178e-06,0.5158197487764594,2.773315140600197,False
PEN,2080,nnls_nonneg,8.561853762389573e-05,False,8.561853762389573e-05,2.104799207542178e-06,0.4930248809009428,2.7302651984564243,True
PEN,2100,nnls_original_legacy,9.533859127789968e-05,False,9.533859127789968e-05,1.301742324426961e-05,0.4708269587897679,1.1276848313104524,False
PEN,2100,nnls_nonneg,8.959250541737027e-05,False,8.959250541737027e-05,1.301742324426961e-05,0.4379628462500536,1.0742788567244972,True
PEN,2120,nnls_original_legacy,0.0005182623931477,False,0.0005182623931477,1.983731742519146e-06,2.947261494036029,4.569329534243269,False
PEN,2120,nnls_nonneg,0.0003077583731493,False,0.0003077583731493,1.983731742519146e-06,1.7455647382713262,4.050780927210956,True
PEN,2140,nnls_original_legacy,0.0001081958872722,False,0.0001081958872722,1.085544699448252e-06,0.628476213576494,3.611894609094521,False
PEN,2140,nnls_nonneg,9.357657293341848e-05,False,9.357657293341848e-05,1.085544699448252e-06,0.5426965297469578,3.468298778108733,True
PEN,2160,nnls_original_legacy,6.443190538990437e-05,False,6.443190538990437e-05,2.1942385074272097e-06,0.3616476009137025,2.413829025573565,False
PEN,2160,nnls_nonneg,7.944364363322108e-05,False,7.944364363322108e-05,2.1942385074272097e-06,0.4488770777430867,2.616832884097524,True
PEN,2180,nnls_original_legacy,8.210492765817589e-05,False,8.210492765817589e-05,3.640269665407645e-07,0.4799379795886946,4.422959044929481,False
PEN,2180,nnls_nonneg,9.114422140302122e-05,False,9.114422140302122e-05,3.640269665407645e-07,0.5330117815666774,4.526964399230917,True
PEN,2200,nnls_original_legacy,0.0001751604986706,False,0.0001751604986706,0.0004461966890316,1.5615053834246102,0.6123019203195508,False
PEN,2200,nnls_nonneg,9.212468522894264e-05,False,9.212468522894264e-05,0.0004461966890316,2.0398948912370685,2.2657829483063257,True
PEN,2220,nnls_original_legacy,0.0001668364422777,False,0.0001668364422777,2.437234994447776e-05,0.8248755243127638,1.0696499435493334,False
PEN,2220,nnls_nonneg,9.161547806474377e-05,False,9.161547806474377e-05,2.437234994447776e-05,0.3893416906407579,0.5901796784403,True
PEN,2240,nnls_original_legacy,0.0011792197062681,False,0.0011792197062681,0.0016035490679957,1.885291065185244,0.0524727169546621,False
PEN,2240,nnls_nonneg,0.000470556365942,False,0.000470556365942,0.0016035490679957,5.033875123336922,1.1817136846509015,True
PEN,2260,nnls_original_legacy,0.0002000284098947,False,0.0002000284098947,8.677316111092858e-08,0.8716903633760754,6.74335111903798,False
PEN,2260,nnls_nonneg,0.0001301920787038,False,0.0001301920787038,8.677316111092858e-08,0.5672232303307607,6.314135298475972,True
PEN,2280,nnls_original_legacy,0.0001038007015427,False,0.0001038007015427,0.000512636073413,2.459125548452092,2.341563661336514,False
PEN,2280,nnls_nonneg,9.44597912674106e-05,False,9.44597912674106e-05,0.000512636073413,2.5153106847792883,2.7356375660486343,True
PEN,2300,nnls_original_legacy,9.911455917020063e-05,False,9.911455917020063e-05,8.15975077045202e-08,0.598365226490691,6.103056169385713,False
PEN,2300,nnls_nonneg,9.161743623394246e-05,False,9.161743623394246e-05,8.15975077045202e-08,0.5530669986231754,6.024468798731859,True
PEN,2320,nnls_original_legacy,9.327276824496895e-05,False,9.327276824496895e-05,1.4799204947967606e-05,0.4735675173391963,0.999620602900837,False
PEN,2320,nnls_nonneg,8.728355427565219e-05,False,8.728355427565219e-05,1.4799204947967606e-05,0.4374241708273532,0.9441417924759274,True
PEN,2340,nnls_original_legacy,0.0002259737622646,False,0.0002259737622646,0.0004317073738629,1.2387033350411372,0.26310232559447,False
PEN,2340,nnls_nonneg,0.0002033899037289,False,0.0002033899037289,0.0004317073738629,1.3746786901080887,0.3699373521635238,True
PEN,2360,nnls_original_legacy,0.0001175423729433,False,0.0001175423729433,1.0407091129810663e-05,0.6475160332741337,1.5128505354778436,False
PEN,2360,nnls_nonneg,9.833229588012396e-05,False,9.833229588012396e-05,1.0407091129810663e-05,0.5314120506431457,1.3517010456965504,True
PEN,2380,nnls_original_legacy,0.0001821151182081,False,0.0001821151182081,0.0003132039248201,0.7956995296489695,0.1775973832233011,False
PEN,2380,nnls_nonneg,0.0001157809671372,False,0.0001157809671372,0.0003132039248201,1.1983430060140812,0.7099874184873909,True
PEN,2400,nnls_original_legacy,7.79682277156914e-05,False,7.79682277156914e-05,4.976781675526685e-06,0.4495629967523719,1.8153488684536367,False
PEN,2400,nnls_nonneg,7.518648800331042e-05,False,7.518648800331042e-05,4.976781675526685e-06,0.4324299310422483,1.7813806026806795,True
PEN,2420,nnls_original_legacy,6.994132079953727e-05,False,6.994132079953727e-05,2.2405038506458516e-05,0.2851842683929098,0.4587112611969275,False
PEN,2420,nnls_nonneg,7.922683563928724e-05,False,7.922683563928724e-05,2.2405038506458516e-05,0.3408908282769829,0.5458252878227539,True
PEN,2440,nnls_original_legacy,0.0001488358625346,False,0.0001488358625346,0.0002301356767785,0.4915344944004334,0.110413140618274,False
PEN,2440,nnls_nonneg,0.0001386716026724,False,0.0001386716026724,0.0002301356767785,0.5529870866205595,0.1530127430851637,True
PEN,2460,nnls_original_legacy,7.156558612961367e-05,False,7.156558612961367e-05,6.802094266983711e-07,0.4301973071377206,3.665473565566415,False
PEN,2460,nnls_nonneg,7.783353723660118e-05,False,7.783353723660118e-05,6.802094266983711e-07,0.4682369679664683,3.7486662404837823,True
PEN,2480,nnls_original_legacy,5.959113152093693e-05,False,5.959113152093693e-05,0.0004195654396203,2.219282880632752,4.089023500622705,False
PEN,2480,nnls_nonneg,7.751747532594973e-05,False,7.751747532594973e-05,0.0004195654396203,2.108764915812278,2.723811038615849,True
PEN,2500,nnls_original_legacy,8.393096322636928e-05,False,8.393096322636928e-05,2.316378657428828e-05,0.3720665337919021,0.5633906466745247,False
PEN,2500,nnls_nonneg,7.667528123383927e-05,False,7.667528123383927e-05,2.316378657428828e-05,0.3276412930947187,0.4990916434337142,True
PEN,2520,nnls_original_legacy,0.0002096603429314,False,0.0002096603429314,0.0017803257672818,9.290062420623668,5.352413151109123,False
PEN,2520,nnls_nonneg,0.0002326872409314,False,0.0002326872409314,0.0017803257672818,9.153864528662549,4.616296964985285,True
PEN,2540,nnls_original_legacy,7.741920635998632e-05,False,7.741920635998632e-05,0.000358998466027,1.604061534854565,2.102989191150868,False
PEN,2540,nnls_nonneg,7.995039397686547e-05,False,7.995039397686547e-05,0.000358998466027,1.5896422175421427,1.9883533792700403,True
PEN,2560,nnls_original_legacy,9.853139448542006e-05,False,9.853139448542006e-05,6.616644350400997e-05,0.1802425175835124,0.0697282948217632,False
PEN,2560,nnls_nonneg,8.095656062890964e-05,False,8.095656062890964e-05,6.616644350400997e-05,0.0823671244698666,0.0190472693571344,True
PEN,2580,nnls_original_legacy,0.0002542108107824,False,0.0002542108107824,0.0002185471445671,0.1918049113906727,0.0108704329403939,False
PEN,2580,nnls_nonneg,0.0002312034050464,False,0.0002312034050464,0.0002185471445671,0.068067396804068,0.0015553036651696,True
PEN,2600,nnls_original_legacy,9.006147138597996e-05,False,9.006147138597996e-05,1.906195411886623e-06,0.4656179987899482,2.8765486206685003,False
PEN,2600,nnls_nonneg,9.089531520423088e-05,False,9.089531520423088e-05,1.906195411886623e-06,0.470022189981766,2.885570464745581,True
PEN,2620,nnls_original_legacy,8.028569168559562e-05,False,8.028569168559562e-05,0.0002836313583062,1.096578157559058,1.2706919784756474,False
PEN,2620,nnls_nonneg,8.387624995795145e-05,False,8.387624995795145e-05,0.0002836313583062,1.0772154249257972,1.1632126691958335,True
PEN,2640,nnls_original_legacy,0.0001822992874139,False,0.0001822992874139,2.386895506739639e-07,0.988178197528372,5.639550623327583,False
PEN,2640,nnls_nonneg,0.0002043295167534,False,0.0002043295167534,2.386895506739639e-07,1.1077526281040722,5.753493651376295,True
PEN,2660,nnls_original_legacy,7.597326624710025e-05,False,7.597326624710025e-05,3.879710530027424e-07,0.4166853112798766,4.282312744903907,False
PEN,2660,nnls_nonneg,8.065660110002111e-05,False,8.065660110002111e-05,3.879710530027424e-07,0.4425035188559134,4.34183535647488,True
PEN,2680,nnls_original_legacy,0.0001941944421488,False,0.0001941944421488,0.0003854199638955,1.0524900471996024,0.2992379909615377,False
PEN,2680,nnls_nonneg,0.0001836436709571,False,0.0001836436709571,0.0003854199638955,1.110560651835055,0.3574018259208382,True
PEN,2700,nnls_original_legacy,9.183194232282876e-05,False,9.183194232282876e-05,3.799369104589366e-05,0.299941607179006,0.2962707420872794,False
PEN,2700,nnls_nonneg,7.835870646713941e-05,False,7.835870646713941e-05,3.799369104589366e-05,0.2248800306862984,0.2087457526917731,True
PEN,2720,nnls_original_legacy,0.0002265411990758,False,0.0002265411990758,0.00036836623096,0.7745528755199269,0.1398943937029364,False
PEN,2720,nnls_nonneg,0.0002108426013409,False,0.0002108426013409,0.00036836623096,0.8602880511488954,0.1891490617778868,True
PEN,2740,nnls_original_legacy,0.0001544152999743,False,0.0001544152999743,0.0005969111974216,3.316395434978848,1.5134994796654722,False
PEN,2740,nnls_nonneg,0.0002081026210448,False,0.0002081026210448,0.0005969111974216,2.9140224693950327,0.814613187255508,True
PEN,2760,nnls_original_legacy,0.000214506188119,False,0.000214506188119,0.0002041072632985,0.0811246736411109,0.0012144934125064,False
PEN,2760,nnls_nonneg,0.0001554878435154,False,0.0001554878435154,0.0002041072632985,0.3792925355845337,0.0406114197126514,True
PEN,2780,nnls_original_legacy,8.900090584685756e-05,False,8.900090584685756e-05,0.0005990418646922,3.8422191599395057,3.824054023713821,False
PEN,2780,nnls_nonneg,8.91195866601567e-05,False,8.91195866601567e-05,0.0005990418646922,3.841325118614261,3.81642326943909,True
PEN,2800,nnls_original_legacy,0.0001062982842077,False,0.0001062982842077,5.8392295018434535e-06,0.7420688045419429,1.956582781296111,False
PEN,2800,nnls_nonneg,9.02129671939194e-05,False,9.02129671939194e-05,5.8392295018434535e-06,0.623250127598639,1.8023014874517829,True
PEN,2820,nnls_original_legacy,0.00010196703053,False,0.00010196703053,2.192017584848857e-06,0.7032578806400404,2.8613244566565856,False
PEN,2820,nnls_nonneg,7.488133927751623e-05,False,7.488133927751623e-05,2.192017584848857e-06,0.5123460955783865,2.5603555418647237,True
PEN,2840,nnls_original_legacy,0.0001478767182012,False,0.0001478767182012,2.28079877130212e-06,1.0122948658415054,3.1872768717902105,False
PEN,2840,nnls_nonneg,0.0001412272156368,False,0.0001412272156368,2.28079877130212e-06,0.9660624073170312,3.141994184881161,True
PEN,2860,nnls_original_legacy,7.079432827452064e-05,False,7.079432827452064e-05,9.669849541963697e-06,0.4255268965614716,1.1273568762427018,False
PEN,2860,nnls_nonneg,8.999755191237341e-05,False,8.999755191237341e-05,9.669849541963697e-06,0.5592129144716574,1.3382154142177205,True
PEN,2880,nnls_original_legacy,0.0002819042861587,False,0.0002819042861587,0.0003836264126379,0.6891995688513589,0.052737640558703,False
PEN,2880,nnls_nonneg,0.0002061364119827,False,0.0002061364119827,0.0003836264126379,1.2025508722719185,0.2399007232275287,True
PEN,2900,nnls_original_legacy,0.0001449486069353,False,0.0001449486069353,7.98423442421695e-05,0.4076179212510405,0.1471573423176144,False
PEN,2900,nnls_nonneg,0.0001595454911945,False,0.0001595454911945,7.98423442421695e-05,0.4990062358668695,0.1927113302105612,True
PEN,2920,nnls_original_legacy,0.0003007562458323,False,0.0003007562458323,0.0006159502569846,1.9418201308900684,0.3311387863200008,False
PEN,2920,nnls_nonneg,0.0002386184035226,False,0.0002386184035226,0.0006159502569846,2.3246336007464645,0.6330185895219669,True
PEN,2940,nnls_original_legacy,0.0002169460810625,False,0.0002169460810625,0.0004307853447771,1.252908812100807,0.2997182332594574,False
PEN,2940,nnls_nonneg,0.0001823287994529,False,0.0001823287994529,0.0004307853447771,1.4557354419073594,0.5028857629963484,True
PEN,2960,nnls_original_legacy,9.493642154968305e-05,False,9.493642154968305e-05,0.0003609077942701,1.5446907221228707,1.4661585170478668,False
PEN,2960,nnls_nonneg,0.0001103873816566,False,0.0001103873816566,0.0003609077942701,1.454955671012021,1.0848393507647716,True
PEN,2980,nnls_original_legacy,0.000227136892697,False,0.000227136892697,0.0003942852665642,0.9575956813493808,0.1843708806739001,False
PEN,2980,nnls_nonneg,0.0001819084209456,False,0.0001819084209456,0.0003942852665642,1.2167103123874314,0.393921910968436,True
PEN,3000,nnls_original_legacy,0.0001072729221177,False,0.0001072729221177,0.000381348047176,1.5574865423078132,1.286596759050326,False
PEN,3000,nnls_nonneg,9.9775603462409e-05,False,9.9775603462409e-05,0.000381348047176,1.6000915503567037,1.481268266782564,True
PEN,3020,nnls_original_legacy,0.000101834155269,False,0.000101834155269,0.0003109388746611,1.1815877574750364,0.9371341390341292,False
PEN,3020,nnls_nonneg,0.0001067602397368,False,0.0001067602397368,0.0003109388746611,1.1537519385781063,0.8434861909047431,True
PEN,3040,nnls_original_legacy,9.738328599378924e-05,False,9.738328599378924e-05,0.0004751202406121,2.152513888642414,2.2939551240192757,False
PEN,3040,nnls_nonneg,0.0001124527927748,False,0.0001124527927748,0.0004751202406121,2.066641108008891,1.784029551734581,True
PEN,3060,nnls_original_legacy,0.0002527135023356,False,0.0002527135023356,0.0004074548961329,0.8691479247423912,0.13464565713562,False
PEN,3060,nnls_nonneg,0.0002195209887871,False,0.0002195209887871,0.0004074548961329,1.0555828763719963,0.2376266665548883,True
PEN,3080,nnls_original_legacy,0.0002631352986053,False,0.0002631352986053,0.0002919137516892,0.1613791777033478,0.0055774681460951,False
PEN,3080,nnls_nonneg,0.0001982788247308,False,0.0001982788247308,0.0002919137516892,0.5250708741290541,0.0854545204293111,True
PEN,3100,nnls_original_legacy,0.0003104354299309,False,0.0003104354299309,0.0004060257093979,0.5466069867604549,0.0394826707233413,False
PEN,3100,nnls_nonneg,0.0002020534394984,False,0.0002020534394984,0.0004060257093979,1.1663598898763332,0.3116123811930258,True
PEN,3120,nnls_original_legacy,0.0001190078396448,False,0.0001190078396448,0.0006148453088246,2.775784660161972,2.5242456046135344,False
PEN,3120,nnls_nonneg,0.0001192809884468,False,0.0001192809884468,0.0006148453088246,2.7742555255124426,2.5147072757147546,True
PEN,3140,nnls_original_legacy,0.0001995413360961,False,0.0001995413360961,0.0003035260262964,0.563251938145457,0.1016725949879333,False
PEN,3140,nnls_nonneg,0.0001894466774343,False,0.0001894466774343,0.0003035260262964,0.6179314880412664,0.130811521943998,True
PEN,3160,nnls_original_legacy,0.000108600159501,False,0.000108600159501,2.778155820991293e-05,0.4233117824129403,0.6191155267917621,False
PEN,3160,nnls_nonneg,0.0001273151062681,False,0.0001273151062681,2.778155820991293e-05,0.521336956657302,0.7405037506003875,True
PEN,3180,nnls_original_legacy,0.000418954208108,False,0.000418954208108,0.000614315252835,0.9986031964244476,0.0835598265621921,False
PEN,3180,nnls_nonneg,0.0002039226509965,False,0.0002039226509965,0.000614315252835,2.097753749001982,0.9097240229297154,True
PEN,3200,nnls_original_legacy,0.0001112934184398,False,0.0001112934184398,3.0242975421826523e-06,0.5384125554380046,2.6326653675177147,False
PEN,3200,nnls_nonneg,0.0001360064096087,False,0.0001360064096087,3.0242975421826523e-06,0.6613080275492842,2.828259600982079,True
PEN,3220,nnls_original_legacy,0.0002469083859458,False,0.0002469083859458,8.1886149182143e-07,1.1952774272487254,4.712174147619629,False
PEN,3220,nnls_nonneg,0.0002114504840792,False,0.0002114504840792,8.1886149182143e-07,1.023055428718763,4.55770377351779,True
PEN,3240,nnls_original_legacy,0.0002120281914097,False,0.0002120281914097,0.0005659509404867,1.7103964360073978,0.6874368061490272,False
PEN,3240,nnls_nonneg,0.0001859691974667,False,0.0001859691974667,0.0005659509404867,1.8363312917979773,0.9303246276144737,True
PEN,3260,nnls_original_legacy,0.0003110531159591,False,0.0003110531159591,0.0004875724631952,0.8240755717197614,0.1180141701296766,False
PEN,3260,nnls_nonneg,0.0002471485133003,False,0.0002471485133003,0.0004875724631952,1.1224123987935606,0.2933419091268114,True
PEN,3280,nnls_original_legacy,0.0002012708112075,False,0.0002012708112075,0.0006324083253231,1.9707967345891748,0.9971927460019074,False
PEN,3280,nnls_nonneg,0.0001570942909763,False,0.0001570942909763,0.0006324083253231,2.1727344898686978,1.6329717106830035,True
PEN,3300,nnls_original_legacy,0.0002746228862796,False,0.0002746228862796,0.0001470018575647,0.5641859165630158,0.1602398702118448,False
PEN,3300,nnls_nonneg,0.0002648528081543,False,0.0002648528081543,0.0001470018575647,0.5209944414785733,0.1437612860046875,True
PEN,3320,nnls_original_legacy,0.000296331222944,False,0.000296331222944,5.2788212864311095e-05,1.0742841724860834,0.903329120385438,False
PEN,3320,nnls_nonneg,0.0002212194224443,False,0.0002212194224443,5.2788212864311095e-05,0.7429610997467523,0.6714909173927781,True
PEN,3340,nnls_original_legacy,0.0002732153856825,False,0.0002732153856825,0.0005577017091113,1.2227923613888605,0.3276891340940657,False
PEN,3340,nnls_nonneg,0.000218892151772,False,0.000218892151772,0.0005577017091113,1.4562870147382716,0.6125927517926995,True
PEN,3360,nnls_original_legacy,0.0003185770007341,False,0.0003185770007341,0.0002171895847096,0.4265002597701802,0.0648426756625326,False
PEN,3360,nnls_nonneg,0.0002430571981273,False,0.0002430571981273,0.0002171895847096,0.1088157117999839,0.0061001313872375,True
PEN,3380,nnls_original_legacy,0.0001682872384416,False,0.0001682872384416,0.0006143127105556,1.853049497963339,1.3555501998419643,False
PEN,3380,nnls_nonneg,0.0002192351765268,False,0.0002192351765268,0.0006143127105556,1.641382100037536,0.7717127420627912,True
PEN,3400,nnls_original_legacy,0.0001711960359205,False,0.0001711960359205,1.7918472477402264e-06,0.7114572577420831,3.5700288788933463,False
PEN,3400,nnls_nonneg,0.0001770317902046,False,0.0001770317902046,1.7918472477402264e-06,0.7359660362578408,3.603203865298486,True
PEN,3420,nnls_original_legacy,0.0001722615835562,False,0.0001722615835562,0.0002997021574831,0.5346442865880427,0.1860334260822791,False
PEN,3420,nnls_nonneg,0.0001789979498465,False,0.0001789979498465,0.0002997021574831,0.5063835872007856,0.1589180850103777,True
PEN,3440,nnls_original_legacy,0.0002622628328475,False,0.0002622628328475,0.0003394014203949,0.3210757522504442,0.0362906697865899,False
PEN,3440,nnls_nonneg,0.0002074710050311,False,0.0002074710050311,0.0003394014203949,0.5491370623244756,0.143706145062902,True
PEN,3460,nnls_original_legacy,0.0002233425095592,False,0.0002233425095592,0.0004628987754506,0.9800051888274204,0.3437940339631828,False
PEN,3460,nnls_nonneg,0.0001909204934096,False,0.0001909204934096,0.0004628987754506,1.1126410184129685,0.5389117324659907,True
PEN,3480,nnls_original_legacy,0.0001974430480398,False,0.0001974430480398,4.0022611992684166e-08,0.8077439532448599,7.503963567763066,False
PEN,3480,nnls_nonneg,0.0001890053520024,False,0.0001890053520024,4.0022611992684166e-08,0.7732181503160089,7.4602977707604,True
PEN,3500,nnls_original_legacy,0.0001295255108562,False,0.0001295255108562,5.795577840022609e-06,0.4986496307791145,2.151527353751265,False
PEN,3500,nnls_nonneg,0.0002211423360974,False,0.0002211423360974,5.795577840022609e-06,0.8678787652818941,2.6679188186546416,True
PEN,3520,nnls_original_legacy,0.0001270368644111,False,0.0001270368644111,2.9516538308029856e-07,0.5186541585975067,5.067020236853552,False
PEN,3520,nnls_nonneg,0.000202060277271,False,0.000202060277271,2.9516538308029856e-07,0.8256660210732374,5.530246293208239,True
PEN,3540,nnls_original_legacy,0.0001456417484654,False,0.0001456417484654,0.0,0.5921267930463643,13.191490887220532,False
PEN,3540,nnls_nonneg,0.0002198573687695,False,0.0002198573687695,0.0,0.8938607237885812,13.603319839141426,True
PEN,3560,nnls_original_legacy,0.0003627490155084,False,0.0003627490155084,7.414273141618619e-06,1.413607963822134,2.910743359260832,False
PEN,3560,nnls_nonneg,0.0002111319040428,False,0.0002111319040428,7.414273141618619e-06,0.8104382461866854,2.3841929128687376,True
PEN,3580,nnls_original_legacy,0.0001693662978404,False,0.0001693662978404,0.0004253799183423,1.0192735771029318,0.5906783107033546,False
PEN,3580,nnls_nonneg,0.000192594289657,False,0.000192594289657,0.0004253799183423,0.9267953790233224,0.4162871150286682,True
PEN,3600,nnls_original_legacy,0.0002305165701193,False,0.0002305165701193,0.0,0.9298454862283904,13.650663553356743,False
PEN,3600,nnls_nonneg,0.0001881066710015,False,0.0001881066710015,0.0,0.7587746896882467,13.447350104454117,True
PEN,3620,nnls_original_legacy,0.0002448218610188,False,0.0002448218610188,0.0004062347110816,0.6496304996569688,0.1529070899344948,False
PEN,3620,nnls_nonneg,0.0001927228916696,False,0.0001927228916696,0.0004062347110816,0.8593107046512233,0.362191794019264,True
PEN,3640,nnls_original_legacy,0.0002477773744128,False,0.0002477773744128,3.1739842395850066e-05,0.8335941138539817,1.1830561367474366,False
PEN,3640,nnls_nonneg,0.0001921291325419,False,0.0001921291325419,3.1739842395850066e-05,0.618871947586056,0.965795532637773,True
PEN,3660,nnls_original_legacy,0.000196986388258,False,0.000196986388258,0.0003070469552198,0.4190841500421478,0.1148556326990206,False
PEN,3660,nnls_nonneg,0.0001931034735189,False,0.0001931034735189,0.0003070469552198,0.4338693548438849,0.1262898746423988,True
PEN,3680,nnls_original_legacy,0.0002098797005086,False,0.0002098797005086,0.0001995538947463,0.0396763616578571,0.0012514755717742,False
PEN,3680,nnls_nonneg,0.0002082862069542,False,0.0002082862069542,0.0001995538947463,0.0335534470863202,0.0009041976934358,True
PEN,3700,nnls_original_legacy,0.0002212525459657,False,0.0002212525459657,5.511936160718718e-06,0.8350156254157871,2.7173012583789986,False
PEN,3700,nnls_nonneg,0.0002228148338545,False,0.0002228148338545,5.511936160718718e-06,0.8410623998259265,2.724162876592963,True
PEN,3720,nnls_original_legacy,0.0002267614943398,False,0.0002267614943398,0.0,0.8724231451178925,13.63423959236491,False
PEN,3720,nnls_nonneg,0.0001937241904147,False,0.0001937241904147,0.0,0.74531819425109,13.47677633677159,True
PEN,3740,nnls_original_legacy,0.0002067786556934,False,0.0002067786556934,0.0004019690135328,0.7555657882909327,0.2792318793330768,False
PEN,3740,nnls_nonneg,0.0001930851953242,False,0.0001930851953242,0.0004019690135328,0.8085720448131031,0.3485785444142313,True
PEN,3760,nnls_original_legacy,0.0001522215779841,False,0.0001522215779841,0.000350043090658,0.7660441038704359,0.4668438287515282,False
PEN,3760,nnls_nonneg,0.0001977872591064,False,0.0001977872591064,0.000350043090658,0.5895955422818,0.1989316937108411,True
PEN,3780,nnls_original_legacy,0.0001788270791041,False,0.0001788270791041,0.000579495064329,1.563342565772322,1.0647952285823417,False
PEN,3780,nnls_nonneg,0.0002297058748622,False,0.0002297058748622,0.000579495064329,1.3648216206580048,0.5974124285491949,True
PEN,3800,nnls_original_legacy,0.0001575530552916,False,0.0001575530552916,4.712640989781636e-05,0.4287266660993816,0.5060432384743196,False
PEN,3800,nnls_nonneg,0.0001954620916416,False,0.0001954620916416,4.712640989781636e-05,0.575906857179056,0.66363544841026,True
PEN,3820,nnls_original_legacy,0.0002470207499396,False,0.0002470207499396,9.216677756897318e-05,0.6019078060506827,0.3589861093717581,False
PEN,3820,nnls_nonneg,0.0002316150822895,False,0.0002316150822895,9.216677756897318e-05,0.5420269294153373,0.3194079412984827,True
PEN,3840,nnls_original_legacy,0.0002444908504257,False,0.0002444908504257,6.867622280910404e-06,0.930850629525849,2.60044942791496,False
PEN,3840,nnls_nonneg,0.0002449570024025,False,0.0002449570024025,6.867622280910404e-06,0.9326767046301826,2.602300781862988,True
PEN,3860,nnls_original_legacy,0.0002639260802015,False,0.0002639260802015,0.0004073670311916,0.5508398807061828,0.1094436011996839,False
PEN,3860,nnls_nonneg,0.0002375051740117,False,0.0002375051740117,0.0004073670311916,0.6523010653487182,0.1756670719602355,True
PEN,3880,nnls_original_legacy,0.0002262344370309,False,0.0002262344370309,6.064228228428379e-07,0.8633026019901191,4.924430108610575,False
PEN,3880,nnls_nonneg,0.0002315651661572,False,0.0002315651661572,6.064228228428379e-07,0.8836991486749085,4.947657937793452,True
ARS,500,nnls_original_legacy,3.409433047921532e-05,False,3.409433047921532e-05,4.060009138105232e-08,0.7496062929695602,5.734306886974675,False
ARS,500,nnls_nonneg,2.1100478667686147e-05,False,2.1100478667686147e-05,4.060009138105232e-08,0.4635796821722917,5.255204818805939,True
ARS,520,nnls_original_legacy,3.878039502224847e-05,False,3.878039502224847e-05,1.4340948817168924e-06,0.8004796753754342,2.334360823839313,False
ARS,520,nnls_nonneg,2.4993932916839957e-05,False,2.4993932916839957e-05,1.4340948817168924e-06,0.5049809869059944,1.915476926213572,True
ARS,540,nnls_original_legacy,3.092094360374323e-05,False,3.092094360374323e-05,2.679617174793674e-06,0.7351365600932919,1.5324200670060044,False
ARS,540,nnls_nonneg,2.1683572953362796e-05,False,2.1683572953362796e-05,2.679617174793674e-06,0.4946829503341417,1.214459239995894,True
ARS,560,nnls_original_legacy,1.920985572974819e-05,False,1.920985572974819e-05,2.2176884827820942e-06,0.4425076033218161,1.2744033852840992,False
ARS,560,nnls_nonneg,2.0095967354747717e-05,False,2.0095967354747717e-05,2.2176884827820942e-06,0.4655835962634551,1.3144086371010966,True
ARS,580,nnls_original_legacy,2.005321356096785e-05,False,2.005321356096785e-05,5.173839693197534e-06,0.3881013740132356,0.6127798331772887,False
ARS,580,nnls_nonneg,2.026657409137202e-05,False,2.026657409137202e-05,5.173839693197534e-06,0.393666494948157,0.6206471411790371,True
ARS,600,nnls_original_legacy,4.376713487729307e-05,False,4.376713487729307e-05,1.2450288823793005e-08,1.1055561665317664,7.165179114725156,False
ARS,600,nnls_nonneg,2.248063523132853e-05,False,2.248063523132853e-05,1.2450288823793005e-08,0.5677069929218131,6.499219562710994,True
ARS,620,nnls_original_legacy,2.193648536868006e-05,False,2.193648536868006e-05,9.148878495006422e-06,0.3166841798087629,0.2915821301351138,False
ARS,620,nnls_nonneg,2.1249611939187304e-05,False,2.1249611939187304e-05,9.148878495006422e-06,0.2996738079072645,0.2732506516300543,True
ARS,640,nnls_original_legacy,7.600426866408184e-05,False,7.600426866408184e-05,5.508124499564346e-06,0.6231896046873875,1.6970365732205064,False
ARS,640,nnls_nonneg,0.0001117465859345,False,0.0001117465859345,5.508124499564346e-06,0.9391535603674062,2.059300708674231,True
ARS,660,nnls_original_legacy,0.0001045777155505,False,0.0001045777155505,1.4482390922929451e-09,0.919620944674495,10.187351212595033,False
ARS,660,nnls_nonneg,5.142945300048631e-05,False,5.142945300048631e-05,1.4482390922929451e-09,0.4522466859571553,9.477646063308327,True
ARS,680,nnls_original_legacy,0.0001130640171704,False,0.0001130640171704,2.9876538847756274e-05,0.723156781317359,0.5951251118277323,False
ARS,680,nnls_nonneg,7.924575746467167e-05,False,7.924575746467167e-05,2.9876538847756274e-05,0.4291713843359052,0.3524915685077974,True
ARS,700,nnls_original_legacy,8.23408114843108e-05,False,8.23408114843108e-05,6.241703898268344e-10,0.7156477428131469,10.789961618157504,False
ARS,700,nnls_nonneg,4.546280738677653e-05,False,4.546280738677653e-05,6.241703898268344e-10,0.395127942545551,10.1959954671184,True
ARS,720,nnls_original_legacy,1.8776980520533895e-05,False,1.8776980520533895e-05,6.769783272416681e-08,0.1732650830720072,4.628938154813842,False
ARS,720,nnls_nonneg,6.881553400779007e-05,False,6.881553400779007e-05,6.769783272416681e-08,0.6366678907286324,5.925114374972964,True
ARS,740,nnls_original_legacy,9.702896670581875e-05,False,9.702896670581875e-05,9.462764616361937e-08,0.9068660171261548,5.933790414139914,False
ARS,740,nnls_nonneg,4.395821393099656e-05,False,4.395821393099656e-05,9.462764616361937e-08,0.4103643371057137,5.14319777485073,True
ARS,760,nnls_original_legacy,2.8513285078147134e-05,False,2.8513285078147134e-05,9.602871558976129e-09,0.2687101745749648,6.996400012137209,False
ARS,760,nnls_nonneg,9.85809395226516e-05,False,9.85809395226516e-05,9.602871558976129e-09,0.9292526098077484,8.23666844733876,True
ARS,780,nnls_original_legacy,0.0001346866455402,False,0.0001346866455402,7.365616533417422e-05,0.5817616050290493,0.1504136757647711,False
ARS,780,nnls_nonneg,6.498305872934197e-05,False,6.498305872934197e-05,7.365616533417422e-05,0.0826747618890471,0.0081859458465964,True
ARS,800,nnls_original_legacy,0.0001325844304409,False,0.0001325844304409,5.687726882865312e-10,1.265129075185985,11.359253640261556,False
ARS,800,nnls_nonneg,4.519779171398909e-05,False,4.519779171398909e-05,5.687726882865312e-10,0.4312766285519129,10.283090510842818,True
ARS,820,nnls_original_legacy,0.00010003677272,False,0.00010003677272,8.030230847777673e-08,0.959554538656564,6.128297483769713,False
ARS,820,nnls_nonneg,4.2643841820525965e-05,False,4.2643841820525965e-05,8.030230847777673e-08,0.4085982363312355,5.276722877784627,True
ARS,840,nnls_original_legacy,0.0001565072436608,False,0.0001565072436608,3.1101500743419075e-08,1.5159204658233432,7.5238002222638,False
ARS,840,nnls_nonneg,4.841643917122797e-05,False,4.841643917122797e-05,3.1101500743419075e-08,0.4687508434699209,6.350980988704187,True
ARS,860,nnls_original_legacy,8.145102757542633e-05,False,8.145102757542633e-05,1.3153430125525737e-07,0.7935694138426422,5.430104454501735,False
ARS,860,nnls_nonneg,3.6818701760090656e-05,False,3.6818701760090656e-05,1.3153430125525737e-07,0.3580176511638701,4.638066017545697,True
ARS,880,nnls_original_legacy,3.164569807897383e-05,False,3.164569807897383e-05,3.2661959218500235e-06,0.2764143473926127,1.3741876087735014,False
ARS,880,nnls_nonneg,5.1413581344343606e-05,False,5.1413581344343606e-05,3.2661959218500235e-06,0.468952134767397,1.8198042668440249,True
ARS,900,nnls_original_legacy,9.788639620699257e-05,False,9.788639620699257e-05,2.3583767632808557e-07,0.9628928406638084,5.030828406467514,False
ARS,900,nnls_nonneg,3.790109119978524e-05,False,3.790109119978524e-05,2.3583767632808557e-07,0.3714018998481748,4.0858138768302,True
ARS,920,nnls_original_legacy,5.403068726600321e-05,False,5.403068726600321e-05,1.9910848482195738e-07,0.542809588386603,4.607142720780122,False
ARS,920,nnls_nonneg,3.631023311845284e-05,False,3.631023311845284e-05,1.9910848482195738e-07,0.3641257630253803,4.211488594966853,True
ARS,940,nnls_original_legacy,-3.7784272130065446e-05,True,1e-12,8.008230099223363e-06,0.0815468542007781,80070.0101820864,False
ARS,940,nnls_nonneg,6.59578249780472e-05,False,6.59578249780472e-05,8.008230099223363e-06,0.59009390291243,1.2299601523857415,True
ARS,960,nnls_original_legacy,6.339464012744677e-05,False,6.339464012744677e-05,6.718544003913009e-06,0.5874701119218685,1.3504875375151362,False
ARS,960,nnls_nonneg,3.112594383450486e-05,False,3.112594383450486e-05,6.718544003913009e-06,0.2529923352332965,0.7490205033729234,True
ARS,980,nnls_original_legacy,4.329319912999791e-05,False,4.329319912999791e-05,2.937334038578351e-06,0.4207018833360376,1.758340648548447,False
ARS,980,nnls_nonneg,3.3035510904630496e-05,False,3.3035510904630496e-05,2.937334038578351e-06,0.313767519636732,1.5089951331636442,True
ARS,1000,nnls_original_legacy,2.639733372454977e-05,False,2.639733372454977e-05,7.0534119857659e-06,0.2059163413011867,0.5869532229487171,False
ARS,1000,nnls_nonneg,3.6342215959787785e-05,False,3.6342215959787785e-05,7.0534119857659e-06,0.3117797640447551,0.8335517267256007,True
ARS,1020,nnls_original_legacy,0.0001087791677671,False,0.0001087791677671,3.4696485267960625e-07,1.1535816536136785,4.751041262550061,False
ARS,1020,nnls_nonneg,4.150469173783916e-05,False,4.150469173783916e-05,3.4696485267960625e-07,0.4378662183650305,3.792697921811592,True
ARS,1040,nnls_original_legacy,5.1966863360178336e-05,False,5.1966863360178336e-05,1.793502014192373e-06,0.5344406666200953,2.4009485474894663,False
ARS,1040,nnls_nonneg,4.105191981492016e-05,False,4.105191981492016e-05,1.793502014192373e-06,0.4181759885527332,2.174356088527391,True
ARS,1060,nnls_original_legacy,8.029371631854318e-05,False,8.029371631854318e-05,1.3761018987837506e-08,0.8618642383930274,7.671778143700601,False
ARS,1060,nnls_nonneg,3.3501567524265765e-05,False,3.3501567524265765e-05,1.3761018987837506e-08,0.3595161798661874,6.797918381841755,True
ARS,1080,nnls_original_legacy,-2.798244593815844e-05,True,1e-12,3.116958003570436e-06,0.0338301915344219,31158.23283780503,False
ARS,1080,nnls_nonneg,6.541676500005556e-05,False,6.541676500005556e-05,3.116958003570436e-06,0.6761769253904902,2.091568737869992,True
ARS,1100,nnls_original_legacy,0.0001982364270082,False,0.0001982364270082,2.854456168948643e-06,2.1266189184581674,3.2549783044196,False
ARS,1100,nnls_nonneg,7.955820764032834e-05,False,7.955820764032834e-05,2.854456168948643e-06,0.8348756453576572,2.36348642367387,True
ARS,1120,nnls_original_legacy,0.0001312845369568,False,0.0001312845369568,2.099709637713608e-06,1.4212093669656678,3.1515615173478,False
ARS,1120,nnls_nonneg,6.071032826831799e-05,False,6.071032826831799e-05,2.099709637713608e-06,0.6447967762937723,2.398900476071071,True
ARS,1140,nnls_original_legacy,0.0095783649518342,False,0.0095783649518342,8.753995639387985e-06,24.183257421603283,5.998665876906203,False
ARS,1140,nnls_nonneg,0.0003550936939329,False,0.0003550936939329,8.753995639387985e-06,0.8752311998358778,2.727524076744327,True
ARS,1160,nnls_original_legacy,0.0015465497345825,False,0.0015465497345825,1.2492860292698082e-07,3.836534957070642,8.423875411411736,False
ARS,1160,nnls_nonneg,0.0003070140987497,False,0.0003070140987497,1.2492860292698082e-07,0.761363258441064,6.80731346711924,True
ARS,1180,nnls_original_legacy,0.0009028860740334,False,0.0009028860740334,0.0008057825708118,0.2361748179507259,0.0062345365060121,False
ARS,1180,nnls_nonneg,0.0003370703497376,False,0.0003370703497376,0.0008057825708118,1.1400003070001097,0.5190248891056182,True
ARS,1200,nnls_original_legacy,1.505261225473233e-05,False,1.505261225473233e-05,3.774620165070934e-05,0.053860325678951,0.5882847099660009,False
ARS,1200,nnls_nonneg,0.00022091922233,False,0.00022091922233,3.774620165070934e-05,0.4347376863677826,0.9377720162266638,True
ARS,1220,nnls_original_legacy,0.0002066237857079,False,0.0002066237857079,2.983148765896939e-05,0.4169096703885254,1.0797110751735397,False
ARS,1220,nnls_nonneg,0.0001960468544085,False,0.0001960468544085,2.983148765896939e-05,0.3919672662769362,1.03495430735773,True
ARS,1240,nnls_original_legacy,-0.0001518633684581,True,1e-12,7.346023975013896e-06,0.0173116575388146,73448.03525055591,False
ARS,1240,nnls_nonneg,0.0002494872688289,False,0.0002494872688289,7.346023975013896e-06,0.5706307101394477,2.5546931603966327,True
ARS,1260,nnls_original_legacy,0.0008357309677352,False,0.0008357309677352,0.0005001391165139,0.7896893031927692,0.1118655763109031,False
ARS,1260,nnls_nonneg,0.0002729979719653,False,0.0002729979719653,0.0005001391165139,0.5344913218609529,0.226603099072018,True
ARS,1280,nnls_original_legacy,0.0009231097093884,False,0.0009231097093884,1.928541021110103e-05,2.077237375457264,2.88929101243871,False
ARS,1280,nnls_nonneg,0.0003097812799529,False,0.0003097812799529,1.928541021110103e-05,0.6676395828181619,1.8387725620487712,True
ARS,1300,nnls_original_legacy,0.0002528048305623,False,0.0002528048305623,9.277571894391584e-05,0.3672339769329037,0.3694183607492287,False
ARS,1300,nnls_nonneg,0.0002074592388649,False,0.0002074592388649,9.277571894391584e-05,0.2631751478423525,0.2519496710116957,True
ARS,1320,nnls_original_legacy,-0.0002127201796433,True,1e-12,5.113328455854767e-06,0.0117173304245722,51121.44236762229,False
ARS,1320,nnls_nonneg,0.0002705945486354,False,0.0002705945486354,5.113328455854767e-06,0.6083575138143832,2.987667659195302,True
ARS,1340,nnls_original_legacy,0.0002861729839966,False,0.0002861729839966,1.5805284583809228e-05,0.6196947104944478,1.9514819433352084,False
ARS,1340,nnls_nonneg,0.0002227647973873,False,0.0002227647973873,1.5805284583809228e-05,0.4743603457417166,1.7167226917762362,True
ARS,1360,nnls_original_legacy,0.0002086925593779,False,0.0002086925593779,4.3656287790098105e-05,0.3783432630923738,0.7737043182329382,False
ARS,1360,nnls_nonneg,0.0002033271265338,False,0.0002033271265338,4.3656287790098105e-05,0.3660430859821465,0.7531784294731316,True
ARS,1380,nnls_original_legacy,-0.0003292658930348,True,1e-12,1.651630016166982e-07,0.000376616801168,1643.2204981991415,False
ARS,1380,nnls_nonneg,0.0002822455115339,False,0.0002822455115339,1.651630016166982e-07,0.643224213176904,6.444184879535967,True
ARS,1400,nnls_original_legacy,0.0003411451932197,False,0.0003411451932197,6.53801517314817e-05,0.6263465732248528,0.8437384998222104,False
ARS,1400,nnls_nonneg,0.0002211842252094,False,0.0002211842252094,6.53801517314817e-05,0.353878602562385,0.5143686166273562,True
ARS,1420,nnls_original_legacy,0.0002099231177501,False,0.0002099231177501,6.470790576223418e-05,0.3293646067506945,0.485103707800717,False
ARS,1420,nnls_nonneg,0.000206411609253,False,0.000206411609253,6.470790576223418e-05,0.3214001063419585,0.4734785559952672,True
ARS,1440,nnls_original_legacy,0.0001307000408359,False,0.0001307000408359,8.325018794115728e-06,0.2765701535236221,1.817335249394977,False
ARS,1440,nnls_nonneg,0.0002223364732593,False,0.0002223364732593,8.325018794115728e-06,0.4836704405009808,2.32236992018306,True
ARS,1460,nnls_original_legacy,0.0002753608940512,False,0.0002753608940512,1.7784544460959226e-07,0.6213089258606896,6.345568836998574,False
ARS,1460,nnls_nonneg,0.0002275008290646,False,0.0002275008290646,1.7784544460959226e-07,0.5132503600477903,6.154776012574962,True
ARS,1480,nnls_original_legacy,0.0005305847334665,False,0.0005305847334665,2.455272332826415e-05,1.1388773922787971,2.1194317305235497,False
ARS,1480,nnls_nonneg,0.0002531008730078,False,0.0002531008730078,2.455272332826415e-05,0.5143712561703752,1.4299729984297214,True
ARS,1500,nnls_original_legacy,0.0007804975811513,False,0.0007804975811513,1.3923600097761442e-07,1.7396306909739536,7.631694971548427,False
ARS,1500,nnls_nonneg,0.0003136595035647,False,0.0003136595035647,1.3923600097761442e-07,0.6989218262171144,6.720336858916005,True
ARS,1520,nnls_original_legacy,0.0005090651471348,False,0.0005090651471348,1.76676832354329e-05,1.0978705717688222,2.395544967992995,False
ARS,1520,nnls_nonneg,0.0002530627680691,False,0.0002530627680691,1.76676832354329e-05,0.5259150796734753,1.731715807430465,True
ARS,1540,nnls_original_legacy,0.0005596272615096,False,0.0005596272615096,0.0001060512448909,1.0016195213014762,0.8528518953072606,False
ARS,1540,nnls_nonneg,0.0002671878729498,False,0.0002671878729498,0.0001060512448909,0.3558336118908927,0.3209460212196893,True
ARS,1560,nnls_original_legacy,0.0001044481245785,False,0.0001044481245785,1.828465537034513e-05,0.188648143529597,0.917688009886182,False
ARS,1560,nnls_nonneg,0.000233834495436,False,0.000233834495436,1.828465537034513e-05,0.4719294329738132,1.6267462357729428,True
ARS,1580,nnls_original_legacy,0.0001289256820471,False,0.0001289256820471,5.283041705121321e-06,0.269840051162365,2.235711536916205,False
ARS,1580,nnls_nonneg,0.0002380869055973,False,0.0002380869055973,5.283041705121321e-06,0.5080755827415859,2.830323295944434,True
ARS,1600,nnls_original_legacy,0.0001452632619159,False,0.0001452632619159,1.1279249473948971e-06,0.3148649581605338,3.8659327759322286,False
ARS,1600,nnls_nonneg,0.0002313938668086,False,0.0002313938668086,1.1279249473948971e-06,0.5030180500828079,4.32861617556845,True
ARS,1620,nnls_original_legacy,0.0002412968888017,False,0.0002412968888017,1.0588860643309309e-06,0.5246897528791451,4.433198918339633,False
ARS,1620,nnls_nonneg,0.0002203743170364,False,0.0002203743170364,1.0588860643309309e-06,0.478993989161268,4.342915011909475,True
ARS,1640,nnls_original_legacy,4.525069733025513e-05,False,4.525069733025513e-05,1.473276778326063e-05,0.382767526787952,0.4477249776695853,False
ARS,1640,nnls_nonneg,5.389541459948674e-05,False,5.389541459948674e-05,1.473276778326063e-05,0.491192872086344,0.5703297525913136,True
ARS,1660,nnls_original_legacy,7.894812785026388e-05,False,7.894812785026388e-05,0.0005931730139018,6.168800649133245,4.496757478071976,False
ARS,1660,nnls_nonneg,5.0303858571735445e-05,False,5.0303858571735445e-05,0.0005931730139018,6.512426155623419,8.32439515951994,True
ARS,1680,nnls_original_legacy,4.9456674863198896e-05,False,4.9456674863198896e-05,3.190761473011146e-07,0.6320035518999859,4.049874159032875,False
ARS,1680,nnls_nonneg,0.0001004929219117,False,0.0001004929219117,3.190761473011146e-07,1.2884273547156273,4.75558790534681,True
ARS,1700,nnls_original_legacy,5.075319366734008e-05,False,5.075319366734008e-05,1.1461917287247217e-05,0.5531312480846524,0.7137809206943972,False
ARS,1700,nnls_nonneg,4.199155860112382e-05,False,4.199155860112382e-05,1.1461917287247217e-05,0.4297874785273499,0.5713962656854013,True
ARS,1720,nnls_original_legacy,2.6567584221719357e-05,False,2.6567584221719357e-05,3.204868326139272e-06,0.3421835251860626,1.235651605664268,False
ARS,1720,nnls_nonneg,2.366965769887748e-05,False,2.366965769887748e-05,3.204868326139272e-06,0.2997388574621434,1.134922815860013,True
ARS,1740,nnls_original_legacy,0.0001252723124924,False,0.0001252723124924,8.296668741509172e-07,1.8164866496840049,4.023843789943474,False
ARS,1740,nnls_nonneg,7.992464121514868e-05,False,7.992464121514868e-05,8.296668741509172e-07,1.1545476571449722,3.5781958354258494,True
ARS,1760,nnls_original_legacy,7.722098667431675e-05,False,7.722098667431675e-05,8.68509212303309e-05,0.0911194159917797,0.0071843522079588,False
ARS,1760,nnls_nonneg,4.6593565210141866e-05,False,4.6593565210141866e-05,8.68509212303309e-05,0.3809191795225521,0.2412804137974373,True
ARS,1780,nnls_original_legacy,-2.542228111093038e-05,True,1e-12,8.317137471760241e-06,0.0735895705740123,83159.04605908867,False
ARS,1780,nnls_nonneg,0.0002047120238713,False,0.0002047120238713,8.317137471760241e-06,1.7376912597442873,2.243914563798469,True
ARS,1800,nnls_original_legacy,3.394350130960261e-05,False,3.394350130960261e-05,1.2903433871840377e-05,0.1785769972867002,0.3473484056050029,False
ARS,1800,nnls_nonneg,0.0001068798016772,False,0.0001068798016772,1.2903433871840377e-05,0.7976218530784847,1.2349398467574852,True
ARS,1820,nnls_original_legacy,0.0001056581399588,False,0.0001056581399588,8.107546821367549e-08,0.8508213705845801,6.17335097693914,False
ARS,1820,nnls_nonneg,7.617082772958443e-05,False,7.617082772958443e-05,8.107546821367549e-08,0.613189878111962,5.846417792945529,True
ARS,1840,nnls_original_legacy,0.0004395858504241,False,0.0004395858504241,0.0001130434419174,1.6479756516557729,0.6152198121183043,False
ARS,1840,nnls_nonneg,0.0003301679759997,False,0.0003301679759997,0.0001130434419174,1.0957717473238613,0.414210962690952,True
ARS,1860,nnls_original_legacy,0.0001220379085507,False,0.0001220379085507,5.821083460731219e-07,0.5674489783560881,4.3502003069877935,False
ARS,1860,nnls_nonneg,8.053201365529095e-05,False,8.053201365529095e-05,5.821083460731219e-07,0.3735308812831227,3.9369817624634686,True
ARS,1880,nnls_original_legacy,7.1538972752051e-05,False,7.1538972752051e-05,1.2615231506949472e-05,0.2732410541114377,0.9116781266780424,False
ARS,1880,nnls_nonneg,3.316586397481052e-05,False,3.316586397481052e-05,1.2615231506949472e-05,0.0952973514498606,0.3469841642727176,True
ARS,1900,nnls_original_legacy,-1.6870192427818694e-05,True,1e-12,6.96731089259214e-05,0.3072829473785967,696716.6351044104,False
ARS,1900,nnls_nonneg,0.0002343491620964,False,0.0002343491620964,6.96731089259214e-05,0.7262793994306624,0.5103024240835046,True
ARS,1920,nnls_original_legacy,5.785668130770169e-05,False,5.785668130770169e-05,2.5878353406183405e-08,0.2534853722623525,6.712764659927164,False
ARS,1920,nnls_nonneg,9.088490883667056e-05,False,9.088490883667056e-05,2.5878353406183405e-08,0.3982554968785194,7.164227141185613,True
ARS,1940,nnls_original_legacy,2.286921264845913e-05,False,2.286921264845913e-05,1.0435098693828605e-07,0.0996595729549622,4.394349713919032,False
ARS,1940,nnls_nonneg,8.460743088268755e-05,False,8.460743088268755e-05,1.0435098693828605e-07,0.3699359557288346,5.6992506406599945,True
ARS,1960,nnls_original_legacy,0.0004272328801038,False,0.0004272328801038,1.4173803308242982e-09,1.8585918026122124,11.616277517426942,False
ARS,1960,nnls_nonneg,0.0004556528373105,False,0.0004556528373105,1.4173803308242982e-09,1.9822275928191309,11.680679257158005,True
ARS,1980,nnls_original_legacy,0.0001354898189543,False,0.0001354898189543,0.0002344628679117,0.4076558191031651,0.1820825628888978,False
ARS,1980,nnls_nonneg,0.0001335566329553,False,0.0001335566329553,0.0002344628679117,0.4156183354673079,0.1927598132629679,True
ARS,2000,nnls_original_legacy,0.0002987367635363,False,0.0002987367635363,0.0002167197302631,0.3330957975514509,0.0464116762935726,False
ARS,2000,nnls_nonneg,2.7594382179231323e-05,False,2.7594382179231323e-05,0.0002167197302631,0.7680948230274364,4.792769982693268,True
ARS,2020,nnls_original_legacy,0.000112896314922,False,0.000112896314922,3.9081281331396514e-05,0.2979213547452842,0.4069958974736678,False
ARS,2020,nnls_nonneg,1.3633475256711437e-05,False,1.3633475256711437e-05,3.9081281331396514e-05,0.1027086826663796,0.8134523819413628,True
ARS,2040,nnls_original_legacy,7.046898481677842e-06,False,7.046898481677842e-06,1.2292651215902952e-06,0.0236405407408942,0.920611648612857,False
ARS,2040,nnls_nonneg,0.0001695692971513,False,0.0001695692971513,1.2292651215902952e-06,0.6840667225312965,3.934094485147272,True
ARS,2060,nnls_original_legacy,9.51743068310633e-05,False,9.51743068310633e-05,1.397643606808426e-05,0.3323353921031876,1.0651881818715516,False
ARS,2060,nnls_nonneg,6.01318959892555e-06,False,6.01318959892555e-06,1.397643606808426e-05,0.0325928329508463,0.480879137560537,True
ARS,2080,nnls_original_legacy,0.0002989464616921,False,0.0002989464616921,3.744342177090635e-06,0.7160817807587674,3.392543677837192,False
ARS,2080,nnls_nonneg,0.0003355106811534,False,0.0003355106811534,3.744342177090635e-06,0.8047768464545899,3.5065679726246364,True
ARS,2100,nnls_original_legacy,0.0002583700690622,False,0.0002583700690622,1.5092529379129702e-05,0.5757723646087662,1.8986074427859212,False
ARS,2100,nnls_nonneg,0.0001737691736075,False,0.0001737691736075,1.5092529379129702e-05,0.3755448479732352,1.5303818457301066,True
ARS,2120,nnls_original_legacy,0.0002479474372443,False,0.0002479474372443,1.5825981710602088e-05,0.549999166474534,1.8153917460771145,False
ARS,2120,nnls_nonneg,0.0001465784720964,False,0.0001465784720964,1.5825981710602088e-05,0.3098109158470881,1.333877274823617,True
ARS,2140,nnls_original_legacy,0.0002217243968136,False,0.0002217243968136,1.4756765910597785e-07,0.5244015779037952,6.315569202836023,False
ARS,2140,nnls_nonneg,0.0001332169065355,False,0.0001332169065355,1.4756765910597785e-07,0.3149326197314531,5.806554903276483,True
ARS,2160,nnls_original_legacy,0.0002065695424869,False,0.0002065695424869,8.084384983779665e-06,0.4846513165094805,2.2798390860840314,False
ARS,2160,nnls_nonneg,0.0001014555324911,False,0.0001014555324911,8.084384983779665e-06,0.2279890855956026,1.6093702006047763,True
ARS,2180,nnls_original_legacy,0.0001908153951035,False,0.0001908153951035,1.225460054683807e-07,0.470418584783283,6.35121743038393,False
ARS,2180,nnls_nonneg,9.953094175928489e-05,False,9.953094175928489e-05,1.225460054683807e-07,0.2452297349756963,5.700968568199417,True
ARS,2200,nnls_original_legacy,0.0002232021505858,False,0.0002232021505858,2.79531604515739e-06,0.5465919465448745,3.3926563870348048,False
ARS,2200,nnls_nonneg,0.000131272632918,False,0.000131272632918,2.79531604515739e-06,0.3186138345608958,2.8706251265793323,True
ARS,2220,nnls_original_legacy,0.0002414348064073,False,0.0002414348064073,3.462550344942181e-07,0.5980965989432631,5.54861332082781,False
ARS,2220,nnls_nonneg,0.0001502230438288,False,0.0001502230438288,3.462550344942181e-07,0.3718168993425757,5.075005769603638,True
ARS,2240,nnls_original_legacy,0.0002093710646651,False,0.0002093710646651,9.925083654732195e-07,0.5174394885448458,4.356368372102663,False
ARS,2240,nnls_nonneg,0.0001063188906825,False,0.0001063188906825,9.925083654732195e-07,0.2615433678215977,3.683298020776326,True
ARS,2260,nnls_original_legacy,0.0002018093870818,False,0.0002018093870818,2.9579126223348007e-06,0.5462413856406787,3.2374967617028174,False
ARS,2260,nnls_nonneg,0.0001087252415336,False,0.0001087252415336,2.9579126223348007e-06,0.2905409298927429,2.631545545795729,True
ARS,2280,nnls_original_legacy,0.0001795310132888,False,0.0001795310132888,4.194211543829828e-07,0.5168613613192038,5.0615638956002105,False
ARS,2280,nnls_nonneg,7.885193557430582e-05,False,7.885193557430582e-05,4.194211543829828e-07,0.2263322864348159,4.24177068057513,True
ARS,2300,nnls_original_legacy,0.0002072350037037,False,0.0002072350037037,2.99972496632333e-06,0.598881891222013,3.249807818075414,False
ARS,2300,nnls_nonneg,0.0001222030836127,False,0.0001222030836127,2.99972496632333e-06,0.3495416330984151,2.731710722051096,True
ARS,2320,nnls_original_legacy,0.00020852304906,False,0.00020852304906,3.0184601578656395e-06,0.6156609968905162,3.249778189248341,False
ARS,2320,nnls_nonneg,0.0001244664537976,False,0.0001244664537976,3.0184601578656395e-06,0.363840015612471,2.7435406066610946,True
ARS,2340,nnls_original_legacy,0.0001274326685837,False,0.0001274326685837,1.474038824793929e-05,0.4354832382545083,1.2726688827832575,False
ARS,2340,nnls_nonneg,9.332837837831146e-05,False,9.332837837831146e-05,1.474038824793929e-05,0.3036920748067312,1.0034741142549684,True
ARS,2360,nnls_original_legacy,0.0001237371183176,False,0.0001237371183176,1.1521029651389498e-06,0.5058686834893246,3.685881256049943,False
ARS,2360,nnls_nonneg,9.592977715176774e-05,False,9.592977715176774e-05,1.1521029651389498e-06,0.3911167863958197,3.434037355677333,True
ARS,2380,nnls_original_legacy,0.0001065960999838,False,0.0001065960999838,7.75403237470834e-06,0.4162298843381188,1.6935760880985575,False
ARS,2380,nnls_nonneg,9.245282386696886e-05,False,9.245282386696886e-05,7.75403237470834e-06,0.3566716989957864,1.5623556395307538,True
ARS,2400,nnls_original_legacy,0.000120767221123,False,0.000120767221123,1.2904860926564282e-06,0.5319524544410612,3.549531668398986,False
ARS,2400,nnls_nonneg,8.900708028297638e-05,False,8.900708028297638e-05,1.2904860926564282e-06,0.3905451346899186,3.248195647212879,True
ARS,2420,nnls_original_legacy,9.413317351940544e-05,False,9.413317351940544e-05,1.1622159230992086e-06,0.41729719622128,3.4067285652155075,False
ARS,2420,nnls_nonneg,8.718446060312211e-05,False,8.718446060312211e-05,1.1622159230992086e-06,0.3861081185535802,3.3310281893641864,True
ARS,2440,nnls_original_legacy,0.0001044351840666,False,0.0001044351840666,3.725614909181434e-06,0.4555680865644473,2.3690086603186318,False
ARS,2440,nnls_nonneg,8.888515198261043e-05,False,8.888515198261043e-05,3.725614909181434e-06,0.3852262270785558,2.214028124594254,True
ARS,2460,nnls_original_legacy,0.0001110070877281,False,0.0001110070877281,1.1870728529581156e-06,0.5036177976579403,3.548797230434359,False
ARS,2460,nnls_nonneg,6.58850692932633e-05,False,6.58850692932633e-05,1.1870728529581156e-06,0.2966951198938564,3.0344386875101064,True
ARS,2480,nnls_original_legacy,9.046523442755692e-05,False,9.046523442755692e-05,6.692369148697588e-07,0.4398044515575147,3.91398050050711,False
ARS,2480,nnls_nonneg,5.285091038781641e-05,False,5.285091038781641e-05,6.692369148697588e-07,0.2555763387992887,3.381754818766161,True
ARS,2500,nnls_original_legacy,0.0001010319271909,False,0.0001010319271909,2.4175849510140483e-07,0.5128279810146367,5.037645474977124,False
ARS,2500,nnls_nonneg,8.440621799534892e-05,False,8.440621799534892e-05,2.4175849510140483e-07,0.4282351185357412,4.858321303188323,True
ARS,2520,nnls_original_legacy,9.00165742511887e-05,False,9.00165742511887e-05,3.2748126780567604e-07,0.4596860979162173,4.619956245587678,False
ARS,2520,nnls_nonneg,5.913521399529349e-05,False,5.913521399529349e-05,3.2748126780567604e-07,0.3014089705401213,4.201688846089141,True
ARS,2540,nnls_original_legacy,7.65181389880326e-05,False,7.65181389880326e-05,1.3004523502624598e-08,0.3991520050927717,7.680155797459143,False
ARS,2540,nnls_nonneg,3.9048944382618455e-05,False,3.9048944382618455e-05,1.3004523502624598e-08,0.203663110646134,7.007606895141333,True
ARS,2560,nnls_original_legacy,7.673848821406996e-05,False,7.673848821406996e-05,1.758496390835599e-06,0.3952811518845125,2.7988597061978795,False
ARS,2560,nnls_nonneg,4.0357193655221565e-05,False,4.0357193655221565e-05,1.758496390835599e-06,0.2034854518506391,2.17688384677536,True
ARS,2580,nnls_original_legacy,-1.0118956245837324e-05,True,1e-12,5.182769293440215e-08,0.002575847746045,511.0264196319832,False
ARS,2580,nnls_nonneg,9.968421546990948e-06,False,9.968421546990948e-06,5.182769293440215e-08,0.4928664068870229,4.2644520986392855,True
ARS,2600,nnls_original_legacy,4.315769285032817e-06,False,4.315769285032817e-06,1.7301135433593292e-06,0.2888946734515453,0.3149703945051891,False
ARS,2600,nnls_nonneg,4.63903878551945e-06,False,4.63903878551945e-06,1.7301135433593292e-06,0.3250134944046725,0.359266705239105,True
ARS,2620,nnls_original_legacy,4.669711223525339e-06,False,4.669711223525339e-06,3.356480860154384e-07,0.522300896132909,1.7046669606897344,False
ARS,2620,nnls_nonneg,4.903820142752396e-06,False,4.903820142752396e-06,3.356480860154384e-07,0.5505135211975385,1.7501528005373,True
ARS,2640,nnls_original_legacy,4.302160952956519e-06,False,4.302160952956519e-06,2.331658840991961e-06,0.2672728032948611,0.1545113551167867,False
ARS,2640,nnls_nonneg,4.522514356046353e-06,False,4.522514356046353e-06,2.331658840991961e-06,0.2971608563965479,0.1780550791397321,True
ARS,2660,nnls_original_legacy,4.278785740202066e-06,False,4.278785740202066e-06,3.509490024201003e-07,0.5496600292684986,1.582804322304734,False
ARS,2660,nnls_nonneg,4.440025852453377e-06,False,4.440025852453377e-06,3.509490024201003e-07,0.5722239113073836,1.6168166652545666,True
ARS,2680,nnls_original_legacy,4.676029527832733e-06,False,4.676029527832733e-06,1.7118249345665794e-06,0.4165875913264712,0.3709744858957051,False
ARS,2680,nnls_nonneg,4.777260441998851e-06,False,4.777260441998851e-06,1.7118249345665794e-06,0.4308145251879333,0.3846349776395266,True
ARS,2700,nnls_original_legacy,5.231788241598623e-06,False,5.231788241598623e-06,2.286652385204102e-06,0.4069867340828901,0.2647332187881521,False
ARS,2700,nnls_nonneg,5.301353619836344e-06,False,5.301353619836344e-06,2.286652385204102e-06,0.4165999361471478,0.2722069640610001,True
ARS,2720,nnls_original_legacy,8.535964090807098e-06,False,8.535964090807098e-06,1.9386099898400785e-07,1.1424143992577631,2.807613268182128,False
ARS,2720,nnls_nonneg,9.147601622601022e-06,False,9.147601622601022e-06,1.9386099898400785e-07,1.2261754743435846,2.8752981533579574,True
ARS,2740,nnls_original_legacy,3.967961121743896e-06,False,3.967961121743896e-06,3.2542032392638144e-08,0.5760566499986833,3.81167630967168,False
ARS,2740,nnls_nonneg,4.031985308009461e-06,False,4.031985308009461e-06,3.2542032392638144e-08,0.5854283477573362,3.827552577753842,True
ARS,2760,nnls_original_legacy,4.073954340393515e-06,False,4.073954340393515e-06,1.0587198367415882e-06,0.4761460312876168,0.6074288669121941,False
ARS,2760,nnls_nonneg,4.884608462408291e-06,False,4.884608462408291e-06,1.0587198367415882e-06,0.6041592065404168,0.7457747547225952,True
ARS,2780,nnls_original_legacy,8.088613031969962e-06,False,8.088613031969962e-06,1.893637016346143e-06,0.9332699804783576,0.6860694081773102,False
ARS,2780,nnls_nonneg,6.992447263690648e-06,False,6.992447263690648e-06,1.893637016346143e-06,0.7681331659720526,0.5771430465276324,True
ARS,2800,nnls_original_legacy,7.22992109725868e-06,False,7.22992109725868e-06,2.016587555116251e-06,0.7960240668286082,0.5557438536220036,False
ARS,2800,nnls_nonneg,6.714208744809856e-06,False,6.714208744809856e-06,2.016587555116251e-06,0.717279931086747,0.5031655057017979,True
ARS,2820,nnls_original_legacy,4.4200872899320736e-06,False,4.4200872899320736e-06,4.302985137495708e-05,5.653038234170652,6.4593335875262685,False
ARS,2820,nnls_nonneg,4.794061861543879e-06,False,4.794061861543879e-06,4.302985137495708e-05,5.5982828477540565,5.781140210477568,True
ARS,2840,nnls_original_legacy,1.832751295579225e-05,False,1.832751295579225e-05,6.185895503233863e-06,1.5942419007110873,0.4236512254488671,False
ARS,2840,nnls_nonneg,1.6930501624421277e-05,False,1.6930501624421277e-05,6.185895503233863e-06,1.4108088442058777,0.3722149326058213,True
ARS,2860,nnls_original_legacy,5.5540525679841145e-06,False,5.5540525679841145e-06,3.1122995812155044e-05,3.099166068562698,2.880236139134971,False
ARS,2860,nnls_nonneg,4.48758638867695e-06,False,4.48758638867695e-06,3.1122995812155044e-05,3.2284305346227864,3.998721063215792,True
ARS,2880,nnls_original_legacy,1.3898047474167131e-05,False,1.3898047474167131e-05,5.319142673971151e-06,1.027292475289567,0.3431621180547897,False
ARS,2880,nnls_nonneg,1.29762940179626e-05,False,1.29762940179626e-05,5.319142673971151e-06,0.9169158699203788,0.3017243282298556,True
ARS,2900,nnls_original_legacy,-1.152521198031514e-05,True,1e-12,9.885529392733546e-05,8.567700439902383,988538.1352758792,False
ARS,2900,nnls_nonneg,2.3524797604976973e-05,False,2.3524797604976973e-05,9.885529392733546e-05,6.528827211645105,1.7665720244501788,True
ARS,2920,nnls_original_legacy,4.805861568094874e-05,False,4.805861568094874e-05,5.341245178091554e-06,3.5255569090642798,1.308102841925817,False
ARS,2920,nnls_nonneg,1.200659850400993e-05,False,1.200659850400993e-05,5.341245178091554e-06,0.5501060152561205,0.254856716556644,True
ARS,2940,nnls_original_legacy,7.778984322754448e-05,False,7.778984322754448e-05,4.177142756917226e-06,5.765338145100369,1.9780812022268173,False
ARS,2940,nnls_nonneg,3.093800604522496e-05,False,3.093800604522496e-05,4.177142756917226e-06,2.0959077024141943,1.1373744826911991,True
ARS,2960,nnls_original_legacy,5.8332457628854174e-05,False,5.8332457628854174e-05,1.6290554636496227e-06,4.208173532635761,2.606085380693259,False
ARS,2960,nnls_nonneg,3.412799605064034e-05,False,3.412799605064034e-05,1.6290554636496227e-06,2.4118690659587703,2.08985136749959,True
ARS,2980,nnls_original_legacy,4.113177489562774e-05,False,4.113177489562774e-05,5.055710738738942e-06,2.633378818424284,1.219177457526876,False
ARS,2980,nnls_nonneg,2.070042747237441e-05,False,2.070042747237441e-05,5.055710738738942e-06,1.1419889233880485,0.6538680973289028,True
ARS,3000,nnls_original_legacy,4.486816024676712e-05,False,4.486816024676712e-05,3.1792266552185627e-06,2.908614363353072,1.7179475165847364,False
ARS,3000,nnls_nonneg,2.078796848450373e-05,False,2.078796848450373e-05,3.1792266552185627e-06,1.2285523997096903,1.0306723033888492,True
ARS,3020,nnls_original_legacy,6.463755128247134e-05,False,6.463755128247134e-05,4.078188728470181e-06,4.000624556904225,1.8262357614552407,False
ARS,3020,nnls_nonneg,4.561691507307283e-05,False,4.561691507307283e-05,4.078188728470181e-06,2.744098379974811,1.5040264421776226,True
ARS,3040,nnls_original_legacy,7.131231019182147e-05,False,7.131231019182147e-05,8.764030969361486e-06,4.07168209642858,1.21930947745478,False
ARS,3040,nnls_nonneg,3.336383303297768e-05,False,3.336383303297768e-05,8.764030969361486e-06,1.601364176332868,0.5994970932498209,True
ARS,3060,nnls_original_legacy,7.586725658949734e-05,False,7.586725658949734e-05,6.328033885955034e-06,4.2724133559722,1.5674048923764112,False
ARS,3060,nnls_nonneg,5.564362214706217e-05,False,5.564362214706217e-05,6.328033885955034e-06,3.02989550002041,1.2877022135438891,True
ARS,3080,nnls_original_legacy,9.11014476907614e-06,False,9.11014476907614e-06,3.5536349716992595e-10,0.5256754726875897,9.151796966483776,False
ARS,3080,nnls_nonneg,1.2617781852299755e-05,False,1.2617781852299755e-05,3.5536349716992595e-10,0.7280817742658537,9.477504597557042,True
ARS,3100,nnls_original_legacy,3.7495949242785815e-05,False,3.7495949242785815e-05,8.449801634277354e-06,1.494533007443791,0.7154423272781385,False
ARS,3100,nnls_nonneg,2.357135961611674e-05,False,2.357135961611674e-05,8.449801634277354e-06,0.7780607546459614,0.3843669152551112,True
ARS,3120,nnls_original_legacy,0.0793379428193659,False,0.0793379428193659,1.2226809040852417e-08,791.5525057405229,14.685596194940358,False
ARS,3120,nnls_nonneg,0.0047897607161321,False,0.0047897607161321,1.2226809040852417e-08,47.78719825780631,11.878362562743115,True
ARS,3140,nnls_original_legacy,8.798729037223476e-05,False,8.798729037223476e-05,6.843368766210799e-12,0.4941861555075658,12.687533884963262,False
ARS,3140,nnls_nonneg,8.756571483099762e-05,False,8.756571483099762e-05,6.843368766210799e-12,0.4918183497562762,12.682731052099813,True
ARS,3160,nnls_original_legacy,8.836734809531119e-05,False,8.836734809531119e-05,1.4685856569787976e-08,0.496067030782867,7.702539113417217,False
ARS,3160,nnls_nonneg,8.751237930285105e-05,False,8.751237930285105e-05,1.4685856569787976e-08,0.4912667019694389,7.692818462181249,True
ARS,3180,nnls_original_legacy,7.143914603847562e-05,False,7.143914603847562e-05,1.352973992371243e-07,0.4001895862608665,5.271019832342626,False
ARS,3180,nnls_nonneg,9.018429006543044e-05,False,9.018429006543044e-05,1.352973992371243e-07,0.5053958489761061,5.503635442753813,True
ARS,3200,nnls_original_legacy,9.306802676193368e-05,False,9.306802676193368e-05,2.37705193120022e-06,0.5077305602033694,2.693010676491289,False
ARS,3200,nnls_nonneg,9.1890007114307e-05,False,9.1890007114307e-05,2.37705193120022e-06,0.5011354543867608,2.6805997000824378,True
ARS,3220,nnls_original_legacy,0.0013257388726107,False,0.0013257388726107,9.645082631886797e-08,0.5057024245839966,8.528519947548366,False
ARS,3220,nnls_nonneg,0.0013137842875898,False,0.0013137842875898,9.645082631886797e-08,0.5011420223739674,8.519462407717976,True
ARS,3240,nnls_original_legacy,0.0013171913944494,False,0.0013171913944494,3.8399367008582737e-07,0.5023104990132619,7.140677752529395,False
ARS,3240,nnls_nonneg,0.0013138361328963,False,0.0013138361328963,3.8399367008582737e-07,0.5010305980162879,7.138127962421178,True
ARS,3260,nnls_original_legacy,0.0012833066792706,False,0.0012833066792706,3.110007377587833e-07,0.4894265466392584,7.325397706860024,False
ARS,3260,nnls_nonneg,0.0013138114894957,False,0.0013138114894957,3.110007377587833e-07,0.5010632685504801,7.348884436659592,True
ARS,3280,nnls_original_legacy,0.0012861768181363,False,0.0012861768181363,3.739050924878344e-07,0.4905637512102278,7.143473377670897,False
ARS,3280,nnls_nonneg,0.0013135801094217,False,0.0013135801094217,3.739050924878344e-07,0.5010187449204627,7.16454951954408,True
ARS,3300,nnls_original_legacy,0.0012476186098538,False,0.0012476186098538,3.240972445731416e-07,0.4758468837927539,7.255963344487613,False
ARS,3300,nnls_nonneg,0.0013136404650321,False,0.0013136404650321,3.240972445731416e-07,0.5010344347129356,7.307515930413119,True
ARS,3320,nnls_original_legacy,0.0012001088972809,False,0.0012001088972809,3.15415974160331e-07,0.4577660068041313,7.244293360617089,False
ARS,3320,nnls_nonneg,0.0013135852500557,False,0.0013135852500557,3.15415974160331e-07,0.5010614719702403,7.334618586811791,True
ARS,3340,nnls_original_legacy,0.0012678828561354,False,0.0012678828561354,1.2949302013190426e-05,0.4788899857966538,3.594275184727412,False
ARS,3340,nnls_nonneg,0.0013132252878509,False,0.0013132252878509,1.2949302013190426e-05,0.4961929229991145,3.629060239857826,True
ARS,3360,nnls_original_legacy,0.0012774275757698,False,0.0012774275757698,3.088792024528232e-07,0.4874126117691975,7.327650435224736,False
ARS,3360,nnls_nonneg,0.0013130032822413,False,0.0013130032822413,3.088792024528232e-07,0.5009900874207731,7.355112629523013,True
ARS,3380,nnls_original_legacy,0.001281406113257,False,0.001281406113257,1.0741499321022708e-06,0.4886374652037249,6.085021950814698,False
ARS,3380,nnls_nonneg,0.0013130076695814,False,0.0013130076695814,1.0741499321022708e-06,0.5006981688502713,6.109364211139797,True
ARS,3400,nnls_original_legacy,0.0013048657054433,False,0.0013048657054433,7.595260092713865e-08,0.4985034376051093,8.751559419243316,False
ARS,3400,nnls_nonneg,0.001310924740256,False,0.001310924740256,7.595260092713865e-08,0.5008183313848421,8.756191819208352,True
ARS,3420,nnls_original_legacy,0.0013597672136907,False,0.0013597672136907,3.487342707738468e-07,0.5194683685075594,7.268770312419301,False
ARS,3420,nnls_nonneg,0.0013104446324841,False,0.0013104446324841,3.487342707738468e-07,0.5006209560456618,7.231832940347164,True
ARS,3440,nnls_original_legacy,0.0012436974979722,False,0.0012436974979722,3.5198278210483638e-09,0.4754355132415351,11.775190110071392,False
ARS,3440,nnls_nonneg,0.0013097750383347,False,0.0013097750383347,3.5198278210483638e-09,0.5006954323759943,11.826956567382798,True
ARS,3460,nnls_original_legacy,0.0013043299965336,False,0.0013043299965336,5.234586236818497e-08,0.4986860488979573,9.12336729032016,False
ARS,3460,nnls_nonneg,0.0013095481752915,False,0.0013095481752915,5.234586236818497e-08,0.500681201499014,9.127359807450924,True
ARS,3480,nnls_original_legacy,0.0014280568997703,False,0.0014280568997703,3.5537882964914826e-08,0.5459812337584754,9.601250899066834,False
ARS,3480,nnls_nonneg,0.0013095670424632,False,0.0013095670424632,3.5537882964914826e-08,0.5006785231639229,9.5146350224572,True
ARS,3500,nnls_original_legacy,0.0012824313580624,False,0.0012824313580624,9.0574387414923e-07,0.4901262214641581,6.256218036995994,False
ARS,3500,nnls_nonneg,0.0013089808709015,False,0.0013089808709015,9.0574387414923e-07,0.500280222496593,6.276694810647793,True
ARS,3520,nnls_original_legacy,0.0013077329576357,False,0.0013077329576357,2.2224068980530778e-07,0.5001881985235845,7.680214589929982,False
ARS,3520,nnls_nonneg,0.0013084953014207,False,0.0013084953014207,2.2224068980530778e-07,0.5004798331232259,7.680797271724888,True
ARS,3540,nnls_original_legacy,0.0013215314202183,False,0.0013215314202183,1.9683318937033379e-07,0.5055793814997338,7.812094116601097,False
ARS,3540,nnls_nonneg,0.0013080130786086,False,0.0013080130786086,1.9683318937033379e-07,0.5004068878277839,7.80181367689703,True
ARS,3560,nnls_original_legacy,0.0033502460241065,False,0.0033502460241065,1.0176788429362776e-05,1.2467753412651676,4.799717203466468,False
ARS,3560,nnls_nonneg,0.0013421194611211,False,0.0013421194611211,1.0176788429362776e-05,0.4971852866260126,3.889478472790273,True
ARS,3580,nnls_original_legacy,0.0013527485745125,False,0.0013527485745125,4.388196256138062e-06,0.5015423022849015,4.73421942689597,False
ARS,3580,nnls_nonneg,0.0013493792634238,False,0.0013493792634238,4.388196256138062e-06,0.5002890378996593,4.731733704794801,True
ARS,3600,nnls_original_legacy,0.0005433277151644,False,0.0005433277151644,4.140948013339394e-06,0.2004882890266994,3.884409370057506,False
ARS,3600,nnls_nonneg,0.001351250568886,False,0.001351250568886,4.140948013339394e-06,0.5009019498886743,4.790925569687513,True
ARS,3620,nnls_original_legacy,0.0012725335777962,False,0.0012725335777962,4.116892488057791e-07,0.5014163367273056,7.036575119396911,False
ARS,3620,nnls_nonneg,0.0012756792334601,False,0.0012756792334601,4.116892488057791e-07,0.5026562203845218,7.0390432341651135,True
ARS,3640,nnls_original_legacy,0.0011652550036586,False,0.0011652550036586,3.1548626428213736e-06,0.4563331321889523,4.914457714589148,False
ARS,3640,nnls_nonneg,0.0012821048552244,False,0.0012821048552244,3.1548626428213736e-06,0.5022176965899712,5.00977415582182,True
ARS,3660,nnls_original_legacy,0.0014606517873692,False,0.0014606517873692,0.0001627103867218,0.505757118643891,1.3060619328737242,False
ARS,3660,nnls_nonneg,0.0012928591740807,False,0.0012928591740807,0.0001627103867218,0.4403748844504195,1.1984927469124718,True
ARS,3680,nnls_original_legacy,0.0012420254334387,False,0.0012420254334387,6.254311714505867e-06,0.4790720408400574,4.296263214468768,False
ARS,3680,nnls_nonneg,0.001303539707924,False,0.001303539707924,6.254311714505867e-06,0.5029193119895463,4.3443655401526815,True
ARS,3700,nnls_original_legacy,0.0011837241817876,False,0.0011837241817876,0.0008724252266987,0.1197240426373896,0.0421612056012263,False
ARS,3700,nnls_nonneg,0.0013198715344534,False,0.0013198715344534,0.0008724252266987,0.1720856429224803,0.0750052695284813,True
ARS,3720,nnls_original_legacy,6.878724448576276e-05,False,6.878724448576276e-05,6.958363824807175e-05,0.0048861217388581,6.650799710605781e-05,False
ARS,3720,nnls_nonneg,8.472817786854622e-05,False,8.472817786854622e-05,6.958363824807175e-05,0.0929164287400444,0.0181761109378988,True
ARS,3740,nnls_original_legacy,0.0001240749089525,False,0.0001240749089525,2.9275217617644625e-06,0.7359304606984205,2.7703240303814742,False
ARS,3740,nnls_nonneg,0.0001240822352286,False,0.0001240822352286,2.9275217617644625e-06,0.7359749654121515,2.770381682715577,True
ARS,3760,nnls_original_legacy,7.221278747635743e-05,False,7.221278747635743e-05,2.3150233992411747e-05,0.2977998257148289,0.4581958347836199,False
ARS,3760,nnls_nonneg,7.26908530877154e-05,False,7.26908530877154e-05,2.3150233992411747e-05,0.3007015877641532,0.4626858714893831,True
ARS,3780,nnls_original_legacy,8.623595939623099e-05,False,8.623595939623099e-05,0.0002233145573601,0.8240354291706932,0.638081748662418,False
ARS,3780,nnls_nonneg,9.591077976021924e-05,False,9.591077976021924e-05,0.0002233145573601,0.7658761331959315,0.4831942618199043,True
ARS,3800,nnls_original_legacy,0.0001224029586817,False,0.0001224029586817,0.0001283264927237,0.034989036128967,0.0011345174545891,False
ARS,3800,nnls_nonneg,0.0001383620155023,False,0.0001383620155023,0.0001283264927237,0.0592776654248012,0.0027649011362804,True
ARS,3820,nnls_original_legacy,0.0001401627077349,False,0.0001401627077349,6.945420289409851e-05,0.4087536394186167,0.1976619120708129,False
ARS,3820,nnls_nonneg,0.0001301803266056,False,0.0001301803266056,6.945420289409851e-05,0.3510472202847108,0.1617760674018227,True
ARS,3840,nnls_original_legacy,9.635168627025431e-05,False,9.635168627025431e-05,4.556321395109894e-05,0.2922287151932888,0.2217886646039291,False
ARS,3840,nnls_nonneg,9.007723502705508e-05,False,9.007723502705508e-05,4.556321395109894e-05,0.2561265301576601,0.1873906413974706,True
ARS,3860,nnls_original_legacy,9.525841679621164e-05,False,9.525841679621164e-05,4.190348260555132e-05,0.3045570878331633,0.2611171395198091,False
ARS,3860,nnls_nonneg,9.508252008935156e-05,False,9.508252008935156e-05,4.190348260555132e-05,0.3035530459462533,0.2600826851313567,True
ARS,3880,nnls_original_legacy,0.0002228636371478,False,0.0002228636371478,6.518092229032637e-06,1.218909717860319,2.56122535905626,False
ARS,3880,nnls_nonneg,0.0003363019546293,False,0.0003363019546293,6.518092229032637e-06,1.85803111787748,2.962809366882297,True
GTQ,500,nnls_original_legacy,2.079241547264588e-05,False,2.079241547264588e-05,5.657423118041454e-05,1.1898975481602982,0.7199417916069928,False
GTQ,500,nnls_nonneg,2.304269863379033e-05,False,2.304269863379033e-05,5.657423118041454e-05,1.115066062861165,0.556986566869671,True
GTQ,520,nnls_original_legacy,1.796811581401988e-05,False,1.796811581401988e-05,4.291319073035549e-05,0.8148820535011085,0.5177162344628936,False
GTQ,520,nnls_nonneg,3.222995663997167e-05,False,3.222995663997167e-05,4.291319073035549e-05,0.3489897610170756,0.0451861760398801,True
GTQ,540,nnls_original_legacy,1.6450794976383303e-05,False,1.6450794976383303e-05,0.0001621660119696,4.896553959223358,6.569393067769344,False
GTQ,540,nnls_nonneg,1.0367248485319864e-05,False,1.0367248485319864e-05,0.0001621660119696,5.100982942493544,11.892176840267748,True
GTQ,560,nnls_original_legacy,2.221313355993828e-05,False,2.221313355993828e-05,5.022139978999012e-06,0.5611096168817876,0.7129163493002513,False
GTQ,560,nnls_nonneg,1.8761924848203296e-05,False,1.8761924848203296e-05,5.022139978999012e-06,0.4484630505909462,0.5856506336571845,True
GTQ,580,nnls_original_legacy,4.371038474503324e-05,False,4.371038474503324e-05,1.9587007933452228e-07,1.4143735176385197,4.412370499107413,False
GTQ,580,nnls_nonneg,2.8992671238484835e-05,False,2.8992671238484835e-05,1.9587007933452228e-07,0.9359964891050552,4.004102630190066,True
GTQ,600,nnls_original_legacy,1.7656464240441118e-05,False,1.7656464240441118e-05,1.102948170212069e-06,0.5408888306667923,1.8355823159063007,False
GTQ,600,nnls_nonneg,1.0095236852292124e-05,False,1.0095236852292124e-05,1.102948170212069e-06,0.2938244956318341,1.3233312778253072,True
GTQ,620,nnls_original_legacy,1.9986966825298367e-05,False,1.9986966825298367e-05,5.414916917672999e-08,0.6592627076102037,4.913802274994873,False
GTQ,620,nnls_nonneg,1.5757883394908695e-05,False,1.5757883394908695e-05,5.414916917672999e-08,0.5193890058020758,4.676789744200943,True
GTQ,640,nnls_original_legacy,2.196026931516439e-05,False,2.196026931516439e-05,7.986977512043258e-06,0.4544428567007358,0.3751237311912712,False
GTQ,640,nnls_nonneg,1.8057705712765e-05,False,1.8057705712765e-05,7.986977512043258e-06,0.3275227166994685,0.2580631042700902,True
GTQ,660,nnls_original_legacy,1.8301543696243758e-05,False,1.8301543696243758e-05,6.680563878126413e-07,0.5808138951589479,2.346870841744604,False
GTQ,660,nnls_nonneg,1.4084499101935078e-05,False,1.4084499101935078e-05,6.680563878126413e-07,0.4419123804422127,2.0958895645680395,True
GTQ,680,nnls_original_legacy,1.694451295529368e-05,False,1.694451295529368e-05,3.67869499673547e-07,0.5486919759307983,2.8516813294725787,False
GTQ,680,nnls_nonneg,7.705274420539672e-06,False,7.705274420539672e-06,3.67869499673547e-07,0.2428703503826303,2.089674664739304,True
GTQ,700,nnls_original_legacy,1.692168521576554e-05,False,1.692168521576554e-05,2.778967956065915e-09,0.5713448449245783,7.714435832538223,False
GTQ,700,nnls_nonneg,9.827567997322596e-06,False,9.827567997322596e-06,2.778967956065915e-09,0.3317792818390307,7.171149929109374,True
GTQ,720,nnls_original_legacy,1.4313805133235288e-05,False,1.4313805133235288e-05,1.658012840621352e-06,0.4707517309738161,1.2714377934666945,False
GTQ,720,nnls_nonneg,5.265570320502417e-06,False,5.265570320502417e-06,1.658012840621352e-06,0.1341886694231443,0.4704477732784886,True
GTQ,740,nnls_original_legacy,1.4067966650779152e-05,False,1.4067966650779152e-05,1.5729485552568543e-06,0.4832191424982208,1.3027590796082658,False
GTQ,740,nnls_nonneg,9.23006353390046e-06,False,9.23006353390046e-06,1.5729485552568543e-06,0.2961231833122673,0.939929801745604,True
GTQ,760,nnls_original_legacy,1.2310917948364018e-05,False,1.2310917948364018e-05,5.8312046222108055e-06,0.2645326179129054,0.2209241398370232,False
GTQ,760,nnls_nonneg,1.856484864772027e-06,False,1.856484864772027e-06,5.8312046222108055e-06,0.1622669044109757,0.996453515068714,True
GTQ,780,nnls_original_legacy,1.130529651829726e-05,False,1.130529651829726e-05,9.809680147304683e-07,0.4565226129004062,1.531257416776255,False
GTQ,780,nnls_nonneg,8.157483224824673e-06,False,8.157483224824673e-06,9.809680147304683e-07,0.3173321610310886,1.238404875917905,True
GTQ,800,nnls_original_legacy,1.1732796143339004e-05,False,1.1732796143339004e-05,4.0054253563616426e-05,1.1971400814297373,1.1860242258691636,False
GTQ,800,nnls_nonneg,7.0526686266749e-06,False,7.0526686266749e-06,4.0054253563616426e-05,1.39496776216164,2.942475826520452,True
GTQ,820,nnls_original_legacy,1.5455984772071323e-05,False,1.5455984772071323e-05,0.0002500087199743,9.42828979100541,12.392028852617006,False
GTQ,820,nnls_nonneg,3.0023128026823427e-05,False,3.0023128026823427e-05,0.0002500087199743,8.84273597977219,5.207676494074689,True
GTQ,840,nnls_original_legacy,6.127526402420685e-05,False,6.127526402420685e-05,6.304820562228607e-05,0.0655838605748031,0.0004106865735213,False
GTQ,840,nnls_nonneg,9.835907327527103e-05,False,9.835907327527103e-05,6.304820562228607e-05,1.3062037821424126,0.085725596276055,True
GTQ,860,nnls_original_legacy,1.2164842421946351e-05,False,1.2164842421946351e-05,2.4910198839152743e-06,0.3654210802800316,0.7906298676252419,False
GTQ,860,nnls_nonneg,4.664824058044369e-06,False,4.664824058044369e-06,2.4910198839152743e-06,0.082113752501105,0.1613587222419132,True
GTQ,880,nnls_original_legacy,1.3634085341384416e-05,False,1.3634085341384416e-05,5.101646841054907e-07,0.517369017920215,2.3230129562517146,False
GTQ,880,nnls_nonneg,1.1722156948750504e-05,False,1.1722156948750504e-05,5.101646841054907e-07,0.4419972947391427,2.178023902816875,True
GTQ,900,nnls_original_legacy,1.476351804102861e-05,False,1.476351804102861e-05,1.771570283553039e-05,0.1329563662447611,0.0176725867008575,False
GTQ,900,nnls_nonneg,1.398957886154818e-05,False,1.398957886154818e-05,1.771570283553039e-05,0.167811955633953,0.0302112478417715,True
GTQ,920,nnls_original_legacy,7.912976203275452e-06,False,7.912976203275452e-06,4.618150079430827e-08,0.3905429020978366,4.149516119462104,False
GTQ,920,nnls_nonneg,4.207254072260797e-06,False,4.207254072260797e-06,4.618150079430827e-08,0.2065742680926565,3.5229628093336505,True
GTQ,940,nnls_original_legacy,7.66413866189354e-06,False,7.66413866189354e-06,3.037867036400394e-08,0.4143385337903105,4.534530424992637,False
GTQ,940,nnls_nonneg,5.602453522734801e-06,False,5.602453522734801e-06,3.037867036400394e-08,0.3024361948846902,4.222641567302573,True
GTQ,960,nnls_original_legacy,2.6923824348051903e-05,False,2.6923824348051903e-05,6.887872493192891e-07,1.4880800126395677,2.6914172118027837,False
GTQ,960,nnls_nonneg,1.171518066279957e-05,False,1.171518066279957e-05,6.887872493192891e-07,0.6254291003420475,1.892502750564394,True
GTQ,980,nnls_original_legacy,5.296386529755371e-06,False,5.296386529755371e-06,2.4388324118865388e-06,0.1732406326908159,0.2359763980529297,False
GTQ,980,nnls_nonneg,5.7512254078208745e-06,False,5.7512254078208745e-06,2.4388324118865388e-06,0.2008154647878595,0.2819479366329382,True
GTQ,1000,nnls_original_legacy,1.327442424246085e-05,False,1.327442424246085e-05,2.462635612917588e-06,0.7335263366056284,0.8701243510575416,False
GTQ,1000,nnls_nonneg,1.1919103778223606e-05,False,1.1919103778223606e-05,2.462635612917588e-06,0.6415745523890899,0.7835227904758026,True
GTQ,1020,nnls_original_legacy,3.4649685369985346e-06,False,3.4649685369985346e-06,1.295003170356646e-06,0.154660571669508,0.3579320914331236,False
GTQ,1020,nnls_nonneg,4.921795607992468e-06,False,4.921795607992468e-06,1.295003170356646e-06,0.2584934305193334,0.5982762810196918,True
GTQ,1040,nnls_original_legacy,9.068680780204687e-06,False,9.068680780204687e-06,6.667537282701248e-05,4.46598382613784,4.357259289132122,False
GTQ,1040,nnls_nonneg,5.338436864357324e-06,False,5.338436864357324e-06,6.667537282701248e-05,4.755172606187684,8.964778105050552,True
GTQ,1060,nnls_original_legacy,4.888185268656365e-06,False,4.888185268656365e-06,7.462541712742401e-07,0.3224726807245515,1.0321750190997934,False
GTQ,1060,nnls_nonneg,7.346906424951059e-06,False,7.346906424951059e-06,7.462541712742401e-07,0.5138979806107921,1.3885422863839487,True
GTQ,1080,nnls_original_legacy,5.7867628051430485e-06,False,5.7867628051430485e-06,1.1089858248039566e-06,0.3774347218557325,0.8437689398033166,False
GTQ,1080,nnls_nonneg,5.031473991327709e-06,False,5.031473991327709e-06,1.1089858248039566e-06,0.3164929059971932,0.7326767850584086,True
GTQ,1100,nnls_original_legacy,1.2032158530291824e-06,False,1.2032158530291824e-06,7.446420121609578e-06,0.4460903255428895,3.3660294227309717,False
GTQ,1100,nnls_nonneg,6.125111393924337e-06,False,6.125111393924337e-06,7.446420121609578e-06,0.0944103404468289,0.0203834973735801,True
GTQ,1120,nnls_original_legacy,1.8060749313003447e-05,False,1.8060749313003447e-05,2.314445185965961e-05,0.2573311719145156,0.0334638879560817,False
GTQ,1120,nnls_nonneg,4.7722158903790186e-05,False,4.7722158903790186e-05,2.314445185965961e-05,1.244095243298177,0.2086240826550942,True
GTQ,1140,nnls_original_legacy,2.676034025154106e-06,False,2.676034025154106e-06,7.40069523046498e-06,0.2393150011083885,0.7483079248341082,False
GTQ,1140,nnls_nonneg,2.899636237851878e-05,False,2.899636237851878e-05,7.40069523046498e-06,1.093870413748075,0.6208248429244447,True
GTQ,1160,nnls_original_legacy,5.092006346798129e-06,False,5.092006346798129e-06,0.0002358730748922,11.193670533220772,41.48660528345783,False
GTQ,1160,nnls_nonneg,1.7282029757922954e-05,False,1.7282029757922954e-05,0.0002358730748922,10.602412737612187,10.034832394841343,True
GTQ,1180,nnls_original_legacy,7.582917324766838e-06,False,7.582917324766838e-06,9.98700588711569e-07,0.2979594007000119,1.1589022591901543,False
GTQ,1180,nnls_nonneg,1.117753383409529e-05,False,1.117753383409529e-05,9.98700588711569e-07,0.4606286784290984,1.5045550334659414,True
GTQ,1200,nnls_original_legacy,5.8839171948321625e-06,False,5.8839171948321625e-06,1.754426597044473e-08,0.2546276979224527,4.818232569792868,False
GTQ,1200,nnls_nonneg,5.980432626599568e-06,False,5.980432626599568e-06,1.754426597044473e-08,0.2588169137297224,4.834454630225369,True
GTQ,1220,nnls_original_legacy,4.698848111478131e-06,False,4.698848111478131e-06,2.562636350883749e-06,0.0925716815335233,0.1516562817135605,False
GTQ,1220,nnls_nonneg,6.467158082542096e-06,False,6.467158082542096e-06,2.562636350883749e-06,0.1692005207307855,0.3219540731148256,True
GTQ,1240,nnls_original_legacy,5.840030149779796e-06,False,5.840030149779796e-06,2.460321221381608e-07,0.2384327874930852,2.209157703780233,False
GTQ,1240,nnls_nonneg,6.068077278979927e-06,False,6.068077278979927e-06,2.460321221381608e-07,0.2481528325174675,2.245880288546848,True
GTQ,1260,nnls_original_legacy,3.3689762004400275e-05,False,3.3689762004400275e-05,0.0001444657096572,4.68052968472654,1.8322708498030424,False
GTQ,1260,nnls_nonneg,3.751753857899527e-05,False,3.751753857899527e-05,0.0001444657096572,4.518797627691548,1.502384350809297,True
GTQ,1280,nnls_original_legacy,-1.2350519153499895e-05,True,1e-12,3.337179763905558e-05,1.3151357570784208,333704.2583390225,False
GTQ,1280,nnls_nonneg,5.488963427294778e-05,False,5.488963427294778e-05,3.337179763905558e-05,0.8479877987475491,0.1055933182103181,True
GTQ,1300,nnls_original_legacy,5.6060038531078354e-06,False,5.6060038531078354e-06,6.704422959695308e-07,0.2031416779434802,1.2432494014759363,False
GTQ,1300,nnls_nonneg,1.145582177536814e-05,False,1.145582177536814e-05,6.704422959695308e-07,0.4439130298219917,1.8968398495252237,True
GTQ,1320,nnls_original_legacy,8.399853846703701e-06,False,8.399853846703701e-06,1.635323553403748e-05,0.3412237778496959,0.2806361643877757,False
GTQ,1320,nnls_nonneg,7.79486222225918e-06,False,7.79486222225918e-06,1.635323553403748e-05,0.3671797215948764,0.35698961357126,True
GTQ,1340,nnls_original_legacy,-7.311327808804544e-06,True,1e-12,1.1136890556387492e-05,0.5043030466050424,111356.2849604316,False
GTQ,1340,nnls_nonneg,1.806312383885765e-05,False,1.806312383885765e-05,1.1136890556387492e-05,0.3136351966284518,0.1001633930379701,True
GTQ,1360,nnls_original_legacy,2.865611157447681e-05,False,2.865611157447681e-05,0.0001484542495372,5.459086550841589,2.535634004753925,False
GTQ,1360,nnls_nonneg,5.362412481924572e-06,False,5.362412481924572e-06,0.0001484542495372,6.520558136276429,23.36336509168307,True
GTQ,1380,nnls_original_legacy,4.698725367899306e-05,False,4.698725367899306e-05,3.135965308630373e-05,0.6628773657936698,0.0717618947345499,False
GTQ,1380,nnls_nonneg,5.670298490729261e-05,False,5.670298490729261e-05,3.135965308630373e-05,1.074990427243892,0.1453559066859346,True
GTQ,1400,nnls_original_legacy,8.542661713952012e-06,False,8.542661713952012e-06,5.1172016260579545e-06,0.1335632255460009,0.1114821412392843,False
GTQ,1400,nnls_nonneg,1.357994796393956e-05,False,1.357994796393956e-05,5.1172016260579545e-06,0.329973687873263,0.3528069729808416,True
GTQ,1420,nnls_original_legacy,2.76441566236256e-05,False,2.76441566236256e-05,5.272439929945412e-05,0.9317621375467566,0.2615889897786778,False
GTQ,1420,nnls_nonneg,9.04121050654638e-06,False,9.04121050654638e-06,5.272439929945412e-05,1.6228846702414792,3.068278914018117,True
GTQ,1440,nnls_original_legacy,1.3970116526242689e-05,False,1.3970116526242689e-05,5.870863221564308e-07,0.4794434186273564,2.2115283677782416,False
GTQ,1440,nnls_nonneg,1.046392414610508e-05,False,1.046392414610508e-05,5.870863221564308e-07,0.3538350298347275,1.936622710090795,True
GTQ,1460,nnls_original_legacy,2.17691557469357e-05,False,2.17691557469357e-05,1.0641437611681266e-05,0.4017194184627674,0.2045694794738193,False
GTQ,1460,nnls_nonneg,1.4959308458184752e-05,False,1.4959308458184752e-05,1.0641437611681266e-05,0.1558785497953356,0.0519370836344501,True
GTQ,1480,nnls_original_legacy,2.294352009711862e-05,False,2.294352009711862e-05,1.518287579787582e-05,0.2771985017123502,0.0746174072731651,False
GTQ,1480,nnls_nonneg,2.5058284816790263e-05,False,2.5058284816790263e-05,1.518287579787582e-05,0.3527347058164752,0.1069387389528,True
GTQ,1500,nnls_original_legacy,3.9197781980222645e-05,False,3.9197781980222645e-05,5.447932721106523e-05,0.5313069623619517,0.0606562470625318,False
GTQ,1500,nnls_nonneg,4.695598173206365e-05,False,4.695598173206365e-05,5.447932721106523e-05,0.2615707883506659,0.0116105285189891,True
GTQ,1520,nnls_original_legacy,8.360510618164817e-06,False,8.360510618164817e-06,1.4633125152793016e-05,0.2135501852568458,0.1904986171357032,False
GTQ,1520,nnls_nonneg,1.5361158558962717e-05,False,1.5361158558962717e-05,1.4633125152793016e-05,0.0247857839665462,0.0011599136461519,True
GTQ,1540,nnls_original_legacy,1.0037327419467395e-05,False,1.0037327419467395e-05,2.280448401099837e-07,0.33137436461457,2.8072435650812726,False
GTQ,1540,nnls_nonneg,1.7188234659766298e-05,False,1.7188234659766298e-05,2.280448401099837e-07,0.5729442576216697,3.335705616890168,True
GTQ,1560,nnls_original_legacy,1.8965970306446728e-05,False,1.8965970306446728e-05,5.104400417117629e-05,1.0358639445825513,0.7013050850006857,False
GTQ,1560,nnls_nonneg,1.1805652678013414e-05,False,1.1805652678013414e-05,5.104400417117629e-05,1.2670849381861575,1.8595822114995788,True
GTQ,1580,nnls_original_legacy,2.441051959873865e-05,False,2.441051959873865e-05,0.0001092278313517,2.645378822922426,1.976199590631552,False
GTQ,1580,nnls_nonneg,4.958499118283754e-05,False,4.958499118283754e-05,0.0001092278313517,1.8602087599902688,0.4130928865302929,True
GTQ,1600,nnls_original_legacy,1.7492764855673274e-05,False,1.7492764855673274e-05,1.5833594111984834e-08,0.5546242932907673,6.008313896166057,False
GTQ,1600,nnls_nonneg,2.044750654310462e-05,False,2.044750654310462e-05,1.5833594111984834e-08,0.6483919860122401,6.16425668543418,True
GTQ,1620,nnls_original_legacy,1.9268165926921816e-05,False,1.9268165926921816e-05,3.7068251285500335e-06,0.5755466192333664,0.8406593480707987,False
GTQ,1620,nnls_nonneg,1.5721510637032513e-05,False,1.5721510637032513e-05,3.7068251285500335e-06,0.4443711962328299,0.6806345966861171,True
GTQ,1640,nnls_original_legacy,4.011259879413213e-05,False,4.011259879413213e-05,8.191757984568891e-06,1.1560842602576242,0.7927810234610086,False
GTQ,1640,nnls_nonneg,2.5831156739678864e-05,False,2.5831156739678864e-05,8.191757984568891e-06,0.63885006610105,0.4655798926352756,True
GTQ,1660,nnls_original_legacy,1.67755671240839e-05,False,1.67755671240839e-05,2.238005671158733e-07,0.6163755627208312,3.3302643035114787,False
GTQ,1660,nnls_nonneg,1.639886967667772e-05,False,1.639886967667772e-05,2.238005671158733e-07,0.6023476279791624,3.3078596760249264,True
GTQ,1680,nnls_original_legacy,1.563091744219806e-05,False,1.563091744219806e-05,2.8753978402820804e-06,0.4768132176377763,0.8770155910438713,False
GTQ,1680,nnls_nonneg,1.4582191174908098e-05,False,1.4582191174908098e-05,2.8753978402820804e-06,0.4376108517966646,0.8207955388117905,True
GTQ,1700,nnls_original_legacy,1.317433420255556e-05,False,1.317433420255556e-05,3.0836742204748093e-09,0.5112778242576252,7.360138089283108,False
GTQ,1700,nnls_nonneg,1.2578896493569403e-05,False,1.2578896493569403e-05,3.0836742204748093e-09,0.4881642940976406,7.313899139198593,True
GTQ,1720,nnls_original_legacy,1.285376052152814e-05,False,1.285376052152814e-05,1.489489477408291e-07,0.4927977137079778,3.469376047088886,False
GTQ,1720,nnls_nonneg,1.400146162398207e-05,False,1.400146162398207e-05,1.489489477408291e-07,0.537315058654387,3.5539514901563747,True
GTQ,1740,nnls_original_legacy,1.2806548240190564e-05,False,1.2806548240190564e-05,2.2220898316321262e-06,0.4169658574461807,0.9250205053063474,False
GTQ,1740,nnls_nonneg,1.2790232715024208e-05,False,1.2790232715024208e-05,2.2220898316321262e-06,0.416323121022825,0.9239670304692194,True
GTQ,1760,nnls_original_legacy,1.384331269317761e-05,False,1.384331269317761e-05,6.830842456614509e-08,0.5519694543130814,4.316458850230462,False
GTQ,1760,nnls_nonneg,1.2111891683254614e-05,False,1.2111891683254614e-05,6.830842456614509e-08,0.4825907817989033,4.183549708894674,True
GTQ,1780,nnls_original_legacy,1.0593492755470525e-05,False,1.0593492755470525e-05,2.2581865035607488e-08,0.4495335192465533,5.152979721735044,False
GTQ,1780,nnls_nonneg,1.0351231250973294e-05,False,1.0351231250973294e-05,2.2581865035607488e-08,0.4392312219494351,5.129895164147157,True
GTQ,1800,nnls_original_legacy,1.0824621839992305e-05,False,1.0824621839992305e-05,1.1950796801155236e-08,0.4736802405303018,5.80988470250791,False
GTQ,1800,nnls_nonneg,1.2017150239686964e-05,False,1.2017150239686964e-05,1.1950796801155236e-08,0.5259223865227383,5.914286619458068,True
GTQ,1820,nnls_original_legacy,9.090662570570248e-06,False,9.090662570570248e-06,7.452471577239696e-10,0.4134279371451285,8.409124414264333,False
GTQ,1820,nnls_nonneg,8.184546970800321e-06,False,8.184546970800321e-06,7.452471577239696e-10,0.3722159557926662,8.304133555244494,True
GTQ,1840,nnls_original_legacy,3.271106986262248e-05,False,3.271106986262248e-05,3.153523780953939e-07,1.5442222893693305,3.6514186933148913,False
GTQ,1840,nnls_nonneg,1.223539241644102e-05,False,1.223539241644102e-05,3.153523780953939e-07,0.5681982973885312,2.6841711597926,True
GTQ,1860,nnls_original_legacy,7.249131431098697e-06,False,7.249131431098697e-06,2.1332022676369982e-08,0.3581444979019826,4.83137028280422,False
GTQ,1860,nnls_nonneg,1.3778118801152366e-05,False,1.3778118801152366e-05,2.1332022676369982e-08,0.6816621789172423,5.4721759165286485,True
GTQ,1880,nnls_original_legacy,1.0262173551370812e-05,False,1.0262173551370812e-05,4.058820938399661e-06,0.3263812850049681,0.3230849366895167,False
GTQ,1880,nnls_nonneg,1.2149351304538142e-05,False,1.2149351304538142e-05,4.058820938399661e-06,0.4256726744422891,0.4304604286781919,True
GTQ,1900,nnls_original_legacy,9.072010840976033e-06,False,9.072010840976033e-06,2.282156428855249e-06,0.3982645809939092,0.6316332961743352,False
GTQ,1900,nnls_nonneg,1.0274822323017057e-05,False,1.0274822323017057e-05,2.282156428855249e-06,0.4688164929840376,0.7266871923914053,True
GTQ,1920,nnls_original_legacy,7.376520161761897e-06,False,7.376520161761897e-06,8.347832679162414e-06,0.0622201308670273,0.0079763094277165,False
GTQ,1920,nnls_nonneg,6.3735956488568345e-06,False,6.3735956488568345e-06,8.347832679162414e-06,0.1264652562255543,0.0399143061490023,True
GTQ,1940,nnls_original_legacy,9.264895129753907e-06,False,9.264895129753907e-06,4.206987137827892e-07,0.600443579051551,2.13747870894813,False
GTQ,1940,nnls_nonneg,1.853323832233315e-05,False,1.853323832233315e-05,4.206987137827892e-07,1.229683014347301,2.8081038190565373,True
GTQ,1960,nnls_original_legacy,5.718442128767899e-06,False,5.718442128767899e-06,1.747058078752113e-10,0.4039688380620024,9.396134061007356,False
GTQ,1960,nnls_nonneg,4.144978866824735e-06,False,4.144978866824735e-06,1.747058078752113e-10,0.2928110207293883,9.0743469354088,True
GTQ,1980,nnls_original_legacy,5.7141810983614486e-06,False,5.7141810983614486e-06,2.178020300736314e-07,0.399060378587234,2.305235797898888,False
GTQ,1980,nnls_nonneg,6.118807090315048e-06,False,6.118807090315048e-06,2.178020300736314e-07,0.4284379378001465,2.3711314106300927,True
GTQ,2000,nnls_original_legacy,5.348018298142282e-06,False,5.348018298142282e-06,2.4666727859004933e-06,0.2221523294131444,0.2350870675917944,False
GTQ,2000,nnls_nonneg,5.15204851641429e-06,False,5.15204851641429e-06,2.4666727859004933e-06,0.2070430190855582,0.2152993604741979,True
GTQ,2020,nnls_original_legacy,4.543227210521675e-06,False,4.543227210521675e-06,1.203836009840676e-05,0.6007570174264091,0.6752770020460053,False
GTQ,2020,nnls_nonneg,2.3706515488651506e-06,False,2.3706515488651506e-06,1.203836009840676e-05,0.7748953674935108,2.453147399859212,True
GTQ,2040,nnls_original_legacy,6.116737875001787e-06,False,6.116737875001787e-06,3.581829443864157e-07,0.4767304343205868,1.8962981705278483,False
GTQ,2040,nnls_nonneg,6.196765876856695e-06,False,6.196765876856695e-06,3.581829443864157e-07,0.4833556700857725,1.9085405223039265,True
GTQ,2060,nnls_original_legacy,4.31336571060464e-06,False,4.31336571060464e-06,3.0090231161766008e-06,0.1287071582354771,0.0577074771948291,False
GTQ,2060,nnls_nonneg,2.023083388253799e-06,False,2.023083388253799e-06,3.0090231161766008e-06,0.0972884739902621,0.0903523736264506,True
GTQ,2080,nnls_original_legacy,4.277273334048559e-06,False,4.277273334048559e-06,1.2033677903175862e-07,0.4709305252750571,2.598910703439885,False
GTQ,2080,nnls_nonneg,4.557121721241478e-06,False,4.557121721241478e-06,1.2033677903175862e-07,0.5026339554895715,2.6605585100949414,True
GTQ,2100,nnls_original_legacy,3.719610157186889e-05,False,3.719610157186889e-05,5.7291769868763694e-08,4.0888759130725,5.477342519972407,False
GTQ,2100,nnls_nonneg,1.0792515909122077e-05,False,1.0792515909122077e-05,5.7291769868763694e-08,1.181917235324632,4.243759692547891,True
GTQ,2120,nnls_original_legacy,2.498585217845064e-06,False,2.498585217845064e-06,2.006095277721287e-07,0.2949215218909258,1.6024088148606237,False
GTQ,2120,nnls_nonneg,3.50922160390875e-06,False,3.50922160390875e-06,2.006095277721287e-07,0.4246262974217702,1.9189555449623563,True
GTQ,2140,nnls_original_legacy,2.5698067974399747e-06,False,2.5698067974399747e-06,3.34897334318159e-08,0.3984244721360516,3.353379076207627,False
GTQ,2140,nnls_nonneg,3.108710879963666e-06,False,3.108710879963666e-06,3.34897334318159e-08,0.4830797298159228,3.5414973525250506,True
GTQ,2160,nnls_original_legacy,3.5632915571491335e-07,False,3.5632915571491335e-07,2.0616765104467847e-06,0.3006213327876056,3.0304566896727128,False
GTQ,2160,nnls_nonneg,2.7768303432720254e-06,False,2.7768303432720254e-06,2.0616765104467847e-06,0.1260684503808263,0.0402473993564542,True
GTQ,2180,nnls_original_legacy,1.7485850320573198e-06,False,1.7485850320573198e-06,2.850664769328407e-05,5.56826492405797,12.511364157280568,False
GTQ,2180,nnls_nonneg,2.229512506476676e-06,False,2.229512506476676e-06,2.850664769328407e-05,5.468185496756774,9.237690847303153,True
GTQ,2200,nnls_original_legacy,1.2789563390674264e-05,False,1.2789563390674264e-05,4.771779453603959e-08,2.563039069013901,4.594811372621667,False
GTQ,2200,nnls_nonneg,7.950178731933415e-06,False,7.950178731933415e-06,4.771779453603959e-08,1.5895904538385186,4.121647413368914,True
GTQ,2220,nnls_original_legacy,1.970808826301958e-06,False,1.970808826301958e-06,2.4558886243434197e-08,0.3978713597466061,3.3975868787915,False
GTQ,2220,nnls_nonneg,2.3191493255855544e-06,False,2.3191493255855544e-06,2.4558886243434197e-08,0.4690825157508594,3.5584715832792755,True
GTQ,2240,nnls_original_legacy,0.0002551484977215,False,0.0002551484977215,0.0002304152411273,4.308050279924929,0.0050259297068735,False
GTQ,2240,nnls_nonneg,0.0001385825980963,False,0.0001385825980963,0.0002304152411273,15.99545300508493,0.1542398284238211,True
GTQ,2260,nnls_original_legacy,-3.4577612900901003e-06,True,1e-12,2.054264665676235e-07,0.0208919735007651,2045.6369924402616,False
GTQ,2260,nnls_nonneg,9.597837581015045e-06,False,9.597837581015045e-06,2.054264665676235e-07,0.9552175170391184,2.865608368554083,True
GTQ,2280,nnls_original_legacy,3.981241844087282e-06,False,3.981241844087282e-06,1.0063505661481816e-05,0.6133962534490403,0.600408517653594,False
GTQ,2280,nnls_nonneg,1.1128395949791428e-05,False,1.1128395949791428e-05,1.0063505661481816e-05,0.1073941763780966,0.0048931909006164,True
GTQ,2300,nnls_original_legacy,5.589708770093637e-06,False,5.589708770093637e-06,0.0,0.5647407519335577,9.931285449432488,False
GTQ,2300,nnls_nonneg,2.387434805016588e-06,False,2.387434805016588e-06,0.0,0.2412078665334166,9.080601744137285,True
GTQ,2320,nnls_original_legacy,4.376266275675282e-06,False,4.376266275675282e-06,6.261372684716521e-08,0.4443214805611953,3.261274226467749,False
GTQ,2320,nnls_nonneg,4.07368706929086e-07,False,4.07368706929086e-07,6.261372684716521e-08,0.0355109831973971,1.0264369955820325,True
GTQ,2340,nnls_original_legacy,9.666803571940696e-07,False,9.666803571940696e-07,6.413355236304516e-07,0.0340822460152974,0.0737562776702631,False
GTQ,2340,nnls_nonneg,7.602595717637454e-06,False,7.602595717637454e-06,6.413355236304516e-07,0.7292428157223237,1.5570496934981182,True
GTQ,2360,nnls_original_legacy,2.978860171595529e-06,False,2.978860171595529e-06,9.064597288697175e-08,0.3058155456810568,2.5227642530835834,False
GTQ,2360,nnls_nonneg,1.327555225785471e-06,False,1.327555225785471e-06,9.064597288697175e-08,0.1309688451439098,1.7524132204275469,True
GTQ,2380,nnls_original_legacy,2.750332062183787e-06,False,2.750332062183787e-06,4.992679117425572e-07,0.2462368616403296,0.8878641324764751,False
GTQ,2380,nnls_nonneg,1.47905966205066e-06,False,1.47905966205066e-06,4.992679117425572e-07,0.107176352841683,0.4235766078127891,True
GTQ,2400,nnls_original_legacy,1.449709217452448e-06,False,1.449709217452448e-06,2.87204862437193e-06,0.1598895844247552,0.2974578976048736,False
GTQ,2400,nnls_nonneg,1.0212647579298931e-06,False,1.0212647579298931e-06,2.87204862437193e-06,0.208052355032733,0.7782631117316914,True
GTQ,2420,nnls_original_legacy,6.869286869505627e-06,False,6.869286869505627e-06,1.3342317952258894e-07,0.7564215710651558,2.960712846918844,False
GTQ,2420,nnls_nonneg,2.343279871458807e-06,False,2.343279871458807e-06,1.3342317952258894e-07,0.2481616831452613,1.9227196479758168,True
GTQ,2440,nnls_original_legacy,2.497638497811163e-06,False,2.497638497811163e-06,7.959059794370371e-08,0.2748707009520255,2.4780713341255614,False
GTQ,2440,nnls_nonneg,2.2449469120323687e-06,False,2.2449469120323687e-06,7.959059794370371e-08,0.2461460783705194,2.3749944036332127,True
GTQ,2460,nnls_original_legacy,2.7444071789925404e-06,False,2.7444071789925404e-06,3.547689942839496e-07,0.2731389442060832,1.1751233192328856,False
GTQ,2460,nnls_nonneg,2.804775438291493e-06,False,2.804775438291493e-06,3.547689942839496e-07,0.2800391196025045,1.194099385870699,True
GTQ,2480,nnls_original_legacy,8.744989523387806e-06,False,8.744989523387806e-06,5.61327415094902e-08,0.9956756538130092,4.054935765591583,False
GTQ,2480,nnls_nonneg,1.8935620696637857e-05,False,1.8935620696637857e-05,5.61327415094902e-08,2.1634430150330592,4.824045249622459,True
GTQ,2500,nnls_original_legacy,2.090678628451223e-06,False,2.090678628451223e-06,1.2103148596866834e-07,0.2258264939260959,1.907084273037448,False
GTQ,2500,nnls_nonneg,2.459515258539119e-06,False,2.459515258539119e-06,1.2103148596866834e-07,0.2681148212146493,2.06087832151435,True
GTQ,2520,nnls_original_legacy,2.0644535509785417e-06,False,2.0644535509785417e-06,4.198385768671409e-08,0.2338486386099753,2.9156721900325757,False
GTQ,2520,nnls_nonneg,1.5843501738561098e-06,False,1.5843501738561098e-06,4.198385768671409e-08,0.1783365478703628,2.6571435162040915,True
GTQ,2540,nnls_original_legacy,3.731847602051177e-06,False,3.731847602051177e-06,9.979911189433853e-08,0.4086072004518282,2.6482419887825346,False
GTQ,2540,nnls_nonneg,2.6871801872811134e-06,False,2.6871801872811134e-06,9.979911189433853e-08,0.2910816142958978,2.330227353653699,True
GTQ,2560,nnls_original_legacy,3.0068924386013407e-06,False,3.0068924386013407e-06,5.363301709549172e-07,0.2802477856553221,0.9022793792814208,False
GTQ,2560,nnls_nonneg,2.1597264428142734e-06,False,2.1597264428142734e-06,5.363301709549172e-07,0.1841496635756119,0.641319339392364,True
GTQ,2580,nnls_original_legacy,1.6153379754743726e-06,False,1.6153379754743726e-06,1.7257381442320484e-06,0.0125341110778811,0.0022342737529625,False
GTQ,2580,nnls_nonneg,4.639244307359015e-06,False,4.639244307359015e-06,1.7257381442320484e-06,0.3307803809148217,0.3608835272839124,True
GTQ,2600,nnls_original_legacy,-6.0413271761749856e-06,True,1e-12,1.453877498422296e-07,0.0197346843255282,1445.5955090191808,False
GTQ,2600,nnls_nonneg,1.2837104218525709e-05,False,1.2837104218525709e-05,1.453877498422296e-07,1.7227637204241666,3.4920163012510197,True
GTQ,2620,nnls_original_legacy,1.6008557958860043e-06,False,1.6008557958860043e-06,1.0762811262334077e-07,0.2058118351362516,1.766843364382042,False
GTQ,2620,nnls_nonneg,5.539689936308682e-07,False,5.539689936308682e-07,1.0762811262334077e-07,0.0615192424076775,0.8327122789934811,True
GTQ,2640,nnls_original_legacy,1.8342465500867023e-06,False,1.8342465500867023e-06,5.719384531301085e-07,0.174821268594129,0.4771688007762216,False
GTQ,2640,nnls_nonneg,2.5552811662205725e-06,False,2.5552811662205725e-06,5.719384531301085e-07,0.2746797632015185,0.7207121914450001,True
GTQ,2660,nnls_original_legacy,2.6095073116422184e-06,False,2.6095073116422184e-06,2.9796614062809784e-08,0.3616292680255529,3.483940430697511,False
GTQ,2660,nnls_nonneg,3.673025632482376e-07,False,3.673025632482376e-07,2.9796614062809784e-08,0.0473122933795326,1.5929139710091,True
GTQ,2680,nnls_original_legacy,2.231726444385315e-06,False,2.231726444385315e-06,4.7649779777778e-08,0.3107062833362222,2.868003831251296,False
GTQ,2680,nnls_nonneg,1.3096923511091707e-06,False,1.3096923511091707e-06,4.7649779777778e-08,0.1795379086754393,2.350051955682697,True
GTQ,2700,nnls_original_legacy,1.032813063403261e-06,False,1.032813063403261e-06,4.8896901779008257e-08,0.1352267846750361,2.097670870977001,False
GTQ,2700,nnls_nonneg,2.463028197728836e-06,False,2.463028197728836e-06,4.8896901779008257e-08,0.3317916969630417,2.9392851620124385,True
GTQ,2720,nnls_original_legacy,3.128448554808355e-06,False,3.128448554808355e-06,2.1606999130035435e-08,0.4223839221359914,3.982181813268145,False
GTQ,2720,nnls_nonneg,7.50888652944455e-06,False,7.50888652944455e-06,2.1606999130035435e-08,1.0179168900205775,4.853702696435497,True
GTQ,2740,nnls_original_legacy,7.646928524728528e-06,False,7.646928524728528e-06,5.624465048961584e-07,1.1049283874381763,1.68331526906438,False
GTQ,2740,nnls_nonneg,2.67237328714458e-06,False,2.67237328714458e-06,5.624465048961584e-07,0.3290738815619905,0.7688932445307954,True
GTQ,2760,nnls_original_legacy,1.281497239765104e-05,False,1.281497239765104e-05,5.097288463204558e-06,2.6231277909460866,0.3196658749147696,False
GTQ,2760,nnls_nonneg,6.279170476432914e-06,False,6.279170476432914e-06,5.097288463204558e-06,0.4017043948484736,0.0203065224693717,True
GTQ,2780,nnls_original_legacy,-9.694604656971823e-06,True,1e-12,1.9328035171423808e-07,0.0584173757294367,1924.236790314928,False
GTQ,2780,nnls_nonneg,3.18735523447513e-05,False,3.18735523447513e-05,1.9328035171423808e-07,9.57514776314136,4.111454103049666,True
GTQ,2800,nnls_original_legacy,1.812321004627149e-06,False,1.812321004627149e-06,1.203462961009947e-06,0.1670622791516114,0.073450288278658,False
GTQ,2800,nnls_nonneg,2.708998608862342e-06,False,2.708998608862342e-06,1.203462961009947e-06,0.4130982900052679,0.2556222779271295,True
GTQ,2820,nnls_original_legacy,-3.928237828250305e-06,True,1e-12,2.462216978569817e-07,0.063148510904035,2453.408161135937,False
GTQ,2820,nnls_nonneg,3.682583761410197e-06,False,3.682583761410197e-06,2.462216978569817e-07,0.8813278052137944,1.7719986792581572,True
GTQ,2840,nnls_original_legacy,-2.1909893057534237e-07,True,1e-12,1.3539622761725054e-07,0.0337954257149735,1345.751485580446,False
GTQ,2840,nnls_nonneg,6.735233831872025e-06,False,6.735233831872025e-06,1.3539622761725054e-07,1.6473573360798692,2.927004984698778,True
GTQ,2860,nnls_original_legacy,2.8571053850119547e-06,False,2.8571053850119547e-06,4.468362588216916e-07,0.5719460728605271,1.0117668137477631,False
GTQ,2860,nnls_nonneg,2.84440313409111e-06,False,2.84440313409111e-06,4.468362588216916e-07,0.5689318855850384,1.008009467443324,True
GTQ,2880,nnls_original_legacy,2.1232766901165543e-06,False,2.1232766901165543e-06,5.126814266856104e-06,0.6874980240127371,0.533052664511108,False
GTQ,2880,nnls_nonneg,2.63658202794177e-06,False,2.63658202794177e-06,5.126814266856104e-06,0.5700044363836093,0.2794915354629892,True
GTQ,2900,nnls_original_legacy,7.312319936821091e-06,False,7.312319936821091e-06,2.017351513107308e-05,2.082542064093107,0.7440292099346355,False
GTQ,2900,nnls_nonneg,3.4413777869319157e-06,False,3.4413777869319157e-06,2.017351513107308e-05,2.709342274575728,3.0935473686023744,True
GTQ,2920,nnls_original_legacy,1.000498747462815e-05,False,1.000498747462815e-05,1.109073524227258e-07,1.44782539844018,3.513229011700448,False
GTQ,2920,nnls_nonneg,6.461842797350057e-06,False,6.461842797350057e-06,1.109073524227258e-07,0.929348208974294,3.08213805363841,True
GTQ,2940,nnls_original_legacy,3.938675407183137e-06,False,3.938675407183137e-06,5.005008184157977e-09,0.5059658163944901,5.669431440589677,False
GTQ,2940,nnls_nonneg,4.617859047462801e-06,False,4.617859047462801e-06,5.005008184157977e-09,0.5933253738000445,5.8283312564315,True
GTQ,2960,nnls_original_legacy,3.007109697477036e-06,False,3.007109697477036e-06,7.525244842472983e-07,0.290545691529542,0.6355495609301895,False
GTQ,2960,nnls_nonneg,3.74089361977525e-06,False,3.74089361977525e-06,7.525244842472983e-07,0.3851075452516217,0.8048079547605225,True
GTQ,2980,nnls_original_legacy,3.2157991549520865e-06,False,3.2157991549520865e-06,6.097013524246841e-07,0.3379678634064495,0.8524575198914426,False
GTQ,2980,nnls_nonneg,3.854370339586088e-06,False,3.854370339586088e-06,6.097013524246841e-07,0.4207800044912466,1.0021781096272266,True
GTQ,3000,nnls_original_legacy,1.7359253605002084e-06,False,1.7359253605002084e-06,1.1145779715036057e-06,0.0760596594682983,0.0851303955368698,False
GTQ,3000,nnls_nonneg,4.05324971743969e-06,False,4.05324971743969e-06,1.1145779715036057e-06,0.3597252941642771,0.5660269169556589,True
GTQ,3020,nnls_original_legacy,-3.716324600935495e-06,True,1e-12,4.165951530283297e-08,0.004612350998283,409.56303813416406,False
GTQ,3020,nnls_nonneg,4.403526945869083e-06,False,4.403526945869083e-06,4.165951530283297e-08,0.482937604749021,3.670091764583484,True
GTQ,3040,nnls_original_legacy,5.2914558967615565e-06,False,5.2914558967615565e-06,7.052238130908259e-09,0.5876007007120412,5.621836431449473,False
GTQ,3040,nnls_nonneg,4.359948751475509e-06,False,4.359948751475509e-06,7.052238130908259e-09,0.484021510580644,5.428488055027891,True
GTQ,3060,nnls_original_legacy,5.034936547364696e-06,False,5.034936547364696e-06,1.1663753626649189e-07,0.5043156564963968,2.788250699014183,False
GTQ,3060,nnls_nonneg,4.7830438540921e-06,False,4.7830438540921e-06,1.1663753626649189e-07,0.4784869241058361,2.738146896586973,True
GTQ,3080,nnls_original_legacy,5.757930508636782e-06,False,5.757930508636782e-06,1.4467511365734935e-07,0.5678904343379879,2.7089690041258065,False
GTQ,3080,nnls_nonneg,4.894927290141106e-06,False,4.894927290141106e-06,1.4467511365734935e-07,0.480580800604783,2.5510201991793635,True
GTQ,3100,nnls_original_legacy,1.013681436964747e-05,False,1.013681436964747e-05,0.0001221639249181,10.716564058773931,8.562320504796654,False
GTQ,3100,nnls_nonneg,5.761745777396286e-06,False,5.761745777396286e-06,0.0001221639249181,11.135085098911553,17.148465252921802,True
GTQ,3120,nnls_original_legacy,9.381685698082857e-06,False,9.381685698082857e-06,2.1897971381738265e-07,0.8203366318283124,2.780876833825536,False
GTQ,3120,nnls_nonneg,5.698363430695829e-06,False,5.698363430695829e-06,2.1897971381738265e-07,0.4905689640721676,2.297383727771438,True
GTQ,3140,nnls_original_legacy,-1.7938517368303762e-06,True,1e-12,8.832186020005051e-06,0.7718245448396601,88309.47145712716,False
GTQ,3140,nnls_nonneg,5.905987940037263e-06,False,5.905987940037263e-06,8.832186020005051e-06,0.2557137895171192,0.0930271183913928,True
GTQ,3160,nnls_original_legacy,4.519761829960425e-06,False,4.519761829960425e-06,4.963816897938638e-06,0.0384250825813172,0.0045317678775316,False
GTQ,3160,nnls_nonneg,5.988774572020949e-06,False,5.988774572020949e-06,4.963816897938638e-06,0.0886918900583292,0.0165653538090979,True
GTQ,3180,nnls_original_legacy,6.158747739375498e-06,False,6.158747739375498e-06,3.3718694324453173e-07,0.4992380072605238,1.9597405125876095,False
GTQ,3180,nnls_nonneg,6.025178662238629e-06,False,6.025178662238629e-06,3.3718694324453173e-07,0.4877835602081534,1.9390278855120449,True
GTQ,3200,nnls_original_legacy,5.116426100466852e-06,False,5.116426100466852e-06,1.2190363099845844e-07,0.4230170163671364,2.7608065583858434,False
GTQ,3200,nnls_nonneg,6.525581482490595e-06,False,6.525581482490595e-06,1.2190363099845844e-07,0.5423671061795912,2.998935405614092,True
GTQ,3220,nnls_original_legacy,6.216033672747729e-06,False,6.216033672747729e-06,7.178987580605747e-07,0.464092405429658,1.2740502080874876,False
GTQ,3220,nnls_nonneg,6.147061495302218e-06,False,6.147061495302218e-06,7.178987580605747e-07,0.4582705286959857,1.2641881943637037,True
GTQ,3240,nnls_original_legacy,5.583827740016732e-06,False,5.583827740016732e-06,2.5641892840336216e-07,0.4464708444956959,2.126738960900977,False
GTQ,3240,nnls_nonneg,6.22322461977014e-06,False,6.22322461977014e-06,2.5641892840336216e-07,0.5000563820367812,2.2304344800108726,True
GTQ,3260,nnls_original_legacy,5.376996982052136e-06,False,5.376996982052136e-06,1.927320516245393e-08,0.4576352365200569,4.634753898686208,False
GTQ,3260,nnls_nonneg,6.156019999991434e-06,False,6.156019999991434e-06,1.927320516245393e-08,0.5241762524281564,4.76960073597109,True
GTQ,3280,nnls_original_legacy,1.0019269917002732e-05,False,1.0019269917002732e-05,1.4002087802564128e-10,0.8983692872393774,10.1782432233043,False
GTQ,3280,nnls_nonneg,1.1712107875851412e-05,False,1.1712107875851412e-05,1.4002087802564128e-10,1.0501582795241144,10.334354140831286,True
GTQ,3300,nnls_original_legacy,5.905911544433233e-06,False,5.905911544433233e-06,9.136088126148522e-08,0.5240380168389063,3.184361088525546,False
GTQ,3300,nnls_nonneg,6.37579421867871e-06,False,6.37579421867871e-06,9.136088126148522e-08,0.5663863252504532,3.259775887129013,True
GTQ,3320,nnls_original_legacy,4.350523024498294e-06,False,4.350523024498294e-06,3.3435292593993814e-08,0.3957113843760853,3.876124695882843,False
GTQ,3320,nnls_nonneg,5.190678281617134e-06,False,5.190678281617134e-06,3.3435292593993814e-08,0.4727214014365196,4.051449062203473,True
GTQ,3340,nnls_original_legacy,-9.276883313313036e-06,True,1e-12,2.524304131310411e-06,0.2260679929454372,25231.905007298945,False
GTQ,3340,nnls_nonneg,9.295103632221663e-06,False,9.295103632221663e-06,2.524304131310411e-06,0.606369748078703,0.5750958699882001,True
GTQ,3360,nnls_original_legacy,4.961218827327775e-06,False,4.961218827327775e-06,3.5636719862998387e-06,0.1267279844814369,0.0491657168485692,False
GTQ,3360,nnls_nonneg,5.244868013526056e-06,False,5.244868013526056e-06,3.5636719862998387e-06,0.1524489754431914,0.0659174566908302,True
GTQ,3380,nnls_original_legacy,1.0442469366694733e-05,False,1.0442469366694733e-05,6.613277562092406e-08,0.9279663087281912,4.068304948946394,False
GTQ,3380,nnls_nonneg,6.446346206891553e-06,False,6.446346206891553e-06,6.613277562092406e-08,0.5705889602509058,3.589863251727553,True
GTQ,3400,nnls_original_legacy,5.747011566229106e-06,False,5.747011566229106e-06,4.801918841707965e-06,0.0961427126343136,0.0152149743753757,False
GTQ,3400,nnls_nonneg,4.9092369598647845e-06,False,4.9092369598647845e-06,4.801918841707965e-06,0.0109172938556206,0.0002424799150808,True
GTQ,3420,nnls_original_legacy,6.457163946320047e-06,False,6.457163946320047e-06,1.8132926541694602e-07,0.6801352147908709,2.6007128323760287,False
GTQ,3420,nnls_nonneg,5.848232884440279e-06,False,5.848232884440279e-06,1.8132926541694602e-07,0.6141431229620862,2.504586120571109,True
GTQ,3440,nnls_original_legacy,2.857697022325977e-06,False,2.857697022325977e-06,3.558389949452932e-07,0.2958499394657656,1.207812472027606,False
GTQ,3440,nnls_nonneg,3.964002708292982e-06,False,3.964002708292982e-06,3.558389949452932e-07,0.4266728984993913,1.5002988078345156,True
GTQ,3460,nnls_original_legacy,1.2479422352752164e-05,False,1.2479422352752164e-05,9.48648466974428e-06,0.3407338068207886,0.0343831313954741,False
GTQ,3460,nnls_nonneg,9.550288096541428e-06,False,9.550288096541428e-06,9.48648466974428e-06,0.0072637611615604,2.241634280975013e-05,True
GTQ,3480,nnls_original_legacy,2.16861175970823e-06,False,2.16861175970823e-06,0.0,0.2436486141035674,8.984473705185717,False
GTQ,3480,nnls_nonneg,8.120984199044432e-06,False,8.120984199044432e-06,0.0,0.9124116091302392,10.304804039362114,True
GTQ,3500,nnls_original_legacy,5.820136943965113e-06,False,5.820136943965113e-06,8.444027232364306e-09,0.6808251579911864,5.537070544951479,False
GTQ,3500,nnls_nonneg,5.88029324319348e-06,False,5.88029324319348e-06,8.444027232364306e-09,0.6878723166269084,5.5473385433432645,True
GTQ,3520,nnls_original_legacy,4.3463030973929165e-06,False,4.3463030973929165e-06,2.5840315513859025e-07,0.4620697543455003,1.8820134694775823,False
GTQ,3520,nnls_nonneg,4.316109580801916e-06,False,4.316109580801916e-06,2.5840315513859025e-07,0.4586568746294824,1.875458194581194,True
GTQ,3540,nnls_original_legacy,3.087886752936909e-06,False,3.087886752936909e-06,4.839169413334308e-09,0.3613702851475099,5.4600662860265805,False
GTQ,3540,nnls_nonneg,4.104389613334933e-06,False,4.104389613334933e-06,4.839169413334308e-09,0.480516655277637,5.744248243097592,True
GTQ,3560,nnls_original_legacy,7.191964817021675e-06,False,7.191964817021675e-06,7.819938432723916e-08,0.8455087921986154,3.532331069734031,False
GTQ,3560,nnls_nonneg,6.225856130340534e-06,False,6.225856130340534e-06,7.819938432723916e-08,0.730681645234484,3.389764891033238,True
GTQ,3580,nnls_original_legacy,3.687291118217597e-06,False,3.687291118217597e-06,8.205892327369095e-07,0.3438903826535441,0.7251699739861199,False
GTQ,3580,nnls_nonneg,3.996179470834985e-06,False,3.996179470834985e-06,8.205892327369095e-07,0.3809447182706586,0.7884148310000076,True
GTQ,3600,nnls_original_legacy,2.1642595454760885e-05,False,2.1642595454760885e-05,1.7179788242036607e-05,0.5916194672676647,0.0247249872609778,False
GTQ,3600,nnls_nonneg,1.2470790953448715e-05,False,1.2470790953448715e-05,1.7179788242036607e-05,0.6242560645003973,0.0572577305005288,True
GTQ,3620,nnls_original_legacy,3.8933167650120645e-06,False,3.8933167650120645e-06,8.519480794518652e-08,0.5333838693719546,2.843958540964881,False
GTQ,3620,nnls_nonneg,3.996977349183853e-06,False,3.996977349183853e-06,8.519480794518652e-08,0.5479030691534376,2.8696680081654686,True
GTQ,3640,nnls_original_legacy,6.436338877498886e-06,False,6.436338877498886e-06,2.667145208558173e-06,0.476904805116455,0.2953397525229682,False
GTQ,3640,nnls_nonneg,6.754887403397662e-06,False,6.754887403397662e-06,2.667145208558173e-06,0.5172097976446272,0.3241043433808923,True
GTQ,3660,nnls_original_legacy,9.801381549583942e-06,False,9.801381549583942e-06,4.261805571725667e-06,0.6671177228538399,0.2676472580773978,False
GTQ,3660,nnls_nonneg,8.771447796444715e-06,False,8.771447796444715e-06,4.261805571725667e-06,0.5430852945902251,0.2076814987173407,True
GTQ,3680,nnls_original_legacy,4.315746819296557e-06,False,4.315746819296557e-06,3.542642343945807e-08,0.5160676240382426,3.810776339808095,False
GTQ,3680,nnls_nonneg,4.210298247179487e-06,False,4.210298247179487e-06,3.542642343945807e-08,0.5033539509862548,3.7862450315155662,True
GTQ,3700,nnls_original_legacy,1.025136303937434e-05,False,1.025136303937434e-05,5.119271389694424e-06,0.630952814637503,0.1937732585855986,False
GTQ,3700,nnls_nonneg,8.390447923285896e-06,False,8.390447923285896e-06,5.119271389694424e-06,0.4021670270004662,0.1042126663349654,True
GTQ,3720,nnls_original_legacy,4.665330934499626e-06,False,4.665330934499626e-06,9.413176293580064e-06,0.5866258091833466,0.3157350553817992,False
GTQ,3720,nnls_nonneg,7.329332494620948e-06,False,7.329332494620948e-06,9.413176293580064e-06,0.2574718556151231,0.0340896375843078,True
GTQ,3740,nnls_original_legacy,6.269182399744469e-06,False,6.269182399744469e-06,2.885175228682053e-07,0.7372910730899632,2.124666959451462,False
GTQ,3740,nnls_nonneg,4.527185916705383e-06,False,4.527185916705383e-06,2.885175228682053e-07,0.5225392883402955,1.8168299851928351,True
GTQ,3760,nnls_original_legacy,3.019846645280031e-06,False,3.019846645280031e-06,6.397072657932401e-07,0.2982381557066642,0.7637850096849264,False
GTQ,3760,nnls_nonneg,3.954396177465142e-06,False,3.954396177465142e-06,6.397072657932401e-07,0.4153398394557524,0.9833436831134894,True
GTQ,3780,nnls_original_legacy,7.689590243203126e-06,False,7.689590243203126e-06,1.3157304314382497e-05,0.674685216672454,0.1739444543052668,False
GTQ,3780,nnls_nonneg,8.027931921949626e-06,False,8.027931921949626e-06,1.3157304314382497e-05,0.63293575321063,0.1448905790952206,True
GTQ,3800,nnls_original_legacy,4.5209562531779566e-06,False,4.5209562531779566e-06,3.712583128657667e-06,0.0987333003916223,0.0181898530804822,False
GTQ,3800,nnls_nonneg,4.224986536780443e-06,False,4.224986536780443e-06,3.712583128657667e-06,0.0625840692636823,0.0080088791784453,True
GTQ,3820,nnls_original_legacy,4.044788501691128e-06,False,4.044788501691128e-06,3.840465271889604e-07,0.4376628681051991,1.4493693137059287,False
GTQ,3820,nnls_nonneg,4.18842365197819e-06,False,4.18842365197819e-06,3.840465271889604e-07,0.4548352807672268,1.4810083942039491,True
GTQ,3840,nnls_original_legacy,4.674493285005708e-06,False,4.674493285005708e-06,1.391258189003875e-09,0.5776060455713579,7.119965165541405,False
GTQ,3840,nnls_nonneg,4.0580908608824834e-06,False,4.0580908608824834e-06,1.391258189003875e-09,0.5014173031396104,6.97860223666872,True
GTQ,3860,nnls_original_legacy,4.812128219414407e-06,False,4.812128219414407e-06,9.376398419440117e-08,0.5862877106387782,2.957598834594931,False
GTQ,3860,nnls_nonneg,4.021307521035488e-06,False,4.021307521035488e-06,9.376398419440117e-08,0.488023050755708,2.7818983545501945,True
GTQ,3880,nnls_original_legacy,4.2617721490804775e-06,False,4.2617721490804775e-06,1.8263693008957302e-05,1.7935992926379736,1.830239106522832,False
GTQ,3880,nnls_nonneg,4.877877343504736e-06,False,4.877877343504736e-06,1.8263693008957302e-05,1.7146782751598295,1.423983708870851,True
GTQ,3900,nnls_original_legacy,2.749639184270993e-06,False,2.749639184270993e-06,1.1429004913922913e-07,0.3541193905956487,2.222050939967619,False
GTQ,3900,nnls_nonneg,3.936018132511618e-06,False,3.936018132511618e-06,1.1429004913922913e-07,0.5135365185070407,2.568222329349177,True
BTC,500,nnls_original_legacy,0.0011808968137261,False,0.0011808968137261,0.0085727710140423,2.94404689065182,4.277225986623666,False
BTC,500,nnls_nonneg,0.0036212039052104,False,0.0036212039052104,0.0085727710140423,1.9721176734835,0.5055969890110887,True
BTC,520,nnls_original_legacy,0.0028777763607617,False,0.0028777763607617,0.0035253036457648,0.2297553305974351,0.022060917842708,False
BTC,520,nnls_nonneg,0.0043458757557822,False,0.0043458757557822,0.0035253036457648,0.2911550150588186,0.0204444362621885,True
BTC,540,nnls_original_legacy,0.0030883599227502,False,0.0030883599227502,0.0034513584507062,0.11788001274371,0.0064099104341612,False
BTC,540,nnls_nonneg,0.0027353841200124,False,0.0027353841200124,0.0034513584507062,0.2325052492680703,0.0292494086027592,True
BTC,560,nnls_original_legacy,0.0014165634681008,False,0.0014165634681008,0.0012767637989637,0.0433925961879185,0.0052159426819775,False
BTC,560,nnls_nonneg,0.0020517639842046,False,0.0020517639842046,0.0012767637989637,0.2405532880821269,0.0966474618842121,True
BTC,580,nnls_original_legacy,0.0019974704270281,False,0.0019974704270281,0.0002947646394605,0.517033345616037,1.0610286299338505,False
BTC,580,nnls_nonneg,0.0018500343957481,False,0.0018500343957481,0.0002947646394605,0.4722638116932404,0.9961115798797956,True
BTC,600,nnls_original_legacy,0.0016785828665061,False,0.0016785828665061,0.0154074961936748,4.074361133557268,5.961967105760323,False
BTC,600,nnls_nonneg,0.0019860413363532,False,0.0019860413363532,0.0154074961936748,3.983115977449483,4.70918222884889,True
BTC,620,nnls_original_legacy,0.0019404334254851,False,0.0019404334254851,0.0001622821560827,0.5099305024907742,1.5649620291422464,False
BTC,620,nnls_nonneg,0.0017625175010078,False,0.0017625175010078,0.0001622821560827,0.4589085459615575,1.4772360077592457,True
BTC,640,nnls_original_legacy,0.0018392526547617,False,0.0018392526547617,0.0021012571380675,0.0762979728843715,0.0092751203381671,False
BTC,640,nnls_nonneg,0.0016477658661178,False,0.0016477658661178,0.0021012571380675,0.1320605828340901,0.0321003900950296,True
BTC,660,nnls_original_legacy,0.0037769756595412,False,0.0037769756595412,0.0003118466310629,1.034716660922124,1.5767325467754092,False
BTC,660,nnls_nonneg,0.003523509907135,False,0.003523509907135,0.0003118466310629,0.9590296562442558,1.5132059467912655,True
BTC,680,nnls_original_legacy,0.0017797948731939,False,0.0017797948731939,8.082168109461933e-06,0.5200872491894003,4.399134297142334,False
BTC,680,nnls_nonneg,0.0023849094016389,False,0.0023849094016389,8.082168109461933e-06,0.6977189553008577,4.69064512741279,True
BTC,700,nnls_original_legacy,0.0018953436296694,False,0.0018953436296694,7.781579755100262e-05,0.529216697637127,2.2338672725373017,False
BTC,700,nnls_nonneg,0.0016463804779851,False,0.0016463804779851,7.781579755100262e-05,0.4567251216406717,2.0992548154656507,True
BTC,720,nnls_original_legacy,0.0019661972314323,False,0.0019661972314323,0.0036197401109315,0.4946498699617238,0.2306843618857732,False
BTC,720,nnls_nonneg,0.0023484885960896,False,0.0023484885960896,0.0036197401109315,0.3802891381296599,0.1086759727963271,True
BTC,740,nnls_original_legacy,0.0020312181478169,False,0.0020312181478169,9.661751326314092e-05,0.5787654190526093,2.0931972342558964,False
BTC,740,nnls_nonneg,0.0018816830507798,False,0.0018816830507798,9.661751326314092e-05,0.5340297038078458,2.020508200620864,True
BTC,760,nnls_original_legacy,0.001782315244957,False,0.001782315244957,1.82017056849348e-05,0.524868865226202,3.594365582975726,False
BTC,760,nnls_nonneg,0.0016439601110713,False,0.0016439601110713,1.82017056849348e-05,0.4837046768084971,3.514419869111672,True
BTC,780,nnls_original_legacy,0.0016962693936862,False,0.0016962693936862,2.0812056990667e-06,0.5164766711898235,5.704466186683844,False
BTC,780,nnls_nonneg,0.0013960787106905,False,0.0013960787106905,2.0812056990667e-06,0.4249629386687567,5.509966026937594,True
BTC,800,nnls_original_legacy,0.0016018030467894,False,0.0016018030467894,0.0005755461760009,0.3218862738087879,0.3828771671326278,False
BTC,800,nnls_nonneg,0.0011628226173593,False,0.0011628226173593,0.0005755461760009,0.1841997172299618,0.1982422823632701,True
BTC,820,nnls_original_legacy,0.0016002358597706,False,0.0016002358597706,0.0001533522603013,0.453117164229143,1.4409997157847785,False
BTC,820,nnls_nonneg,0.0014876534346812,False,0.0014876534346812,0.0001533522603013,0.417859988588163,1.3753009750463945,True
BTC,840,nnls_original_legacy,0.0020599318886946,False,0.0020599318886946,0.0002654622775419,0.5810744677402804,1.1778248919088168,False
BTC,840,nnls_nonneg,0.0021922292186549,False,0.0021922292186549,0.0002654622775419,0.6239142016161738,1.2322938543134008,True
BTC,860,nnls_original_legacy,0.0027017514939443,False,0.0027017514939443,0.0050467222453237,0.7613734340836502,0.2431059406653086,False
BTC,860,nnls_nonneg,0.0027275194757563,False,0.0027275194757563,0.0050467222453237,0.7530069942079645,0.2349510256459028,True
BTC,880,nnls_original_legacy,0.0019270705916257,False,0.0019270705916257,4.127401497184855e-05,0.6095738243756832,2.8649411849855952,False
BTC,880,nnls_nonneg,0.0018310289984674,False,0.0018310289984674,4.127401497184855e-05,0.5785288845526811,2.814941689161829,True
BTC,900,nnls_original_legacy,0.0014254582353187,False,0.0014254582353187,0.0002337135801966,0.4268878538044326,0.972109066865562,False
BTC,900,nnls_nonneg,0.0012952733196638,False,0.0012952733196638,0.0002337135801966,0.3802550797426823,0.8928163848959674,True
BTC,920,nnls_original_legacy,0.0017937676953011,False,0.0017937676953011,5.366147460863836e-05,0.6327174381458748,2.5392937287663546,False
BTC,920,nnls_nonneg,0.0019616585138937,False,0.0019616585138937,5.366147460863836e-05,0.693763969308703,2.6262054057310373,True
BTC,940,nnls_original_legacy,0.0013358002204343,False,0.0013358002204343,3.263596455994395e-06,0.4942293097169825,5.016899189719709,False
BTC,940,nnls_nonneg,0.0012360450197673,False,0.0012360450197673,3.263596455994395e-06,0.4572307439146119,4.939482620496989,True
BTC,960,nnls_original_legacy,0.0013613504768758,False,0.0013613504768758,0.0007352823449549,0.2321421790479508,0.1560903681224985,False
BTC,960,nnls_nonneg,0.0012863994469325,False,0.0012863994469325,0.0007352823449549,0.2043508021581303,0.1309295708598643,True
BTC,980,nnls_original_legacy,0.0014358964458836,False,0.0014358964458836,4.395765610139299e-06,0.5856630466807314,4.791964256763137,False
BTC,980,nnls_nonneg,0.0016092363012318,False,0.0016092363012318,4.395765610139299e-06,0.6565807550642465,4.905604867072232,True
BTC,1000,nnls_original_legacy,0.0015438818589053,False,0.0015438818589053,0.0050525479767449,1.5508267845187238,1.087033308215819,False
BTC,1000,nnls_nonneg,0.0015516739234701,False,0.0015516739234701,0.0050525479767449,1.5473827000638634,1.075633478606365,True
BTC,1020,nnls_original_legacy,0.0016292454218106,False,0.0016292454218106,7.966001923879205e-08,0.787796220249641,8.925908608739764,False
BTC,1020,nnls_nonneg,0.0020952206118651,False,0.0020952206118651,7.966001923879205e-08,1.0131222748871949,9.17743961039432,True
BTC,1040,nnls_original_legacy,0.0013674484686505,False,0.0013674484686505,0.0097748147315652,4.51913188615077,4.181351743773979,False
BTC,1040,nnls_nonneg,0.0013831317248912,False,0.0013831317248912,0.0097748147315652,4.510701814099748,4.111702248190697,True
BTC,1060,nnls_original_legacy,0.0022598654698845,False,0.0022598654698845,0.0194258660585191,8.845567984347985,5.444727452309724,False
BTC,1060,nnls_nonneg,0.0027341272606073,False,0.0027341272606073,0.0194258660585191,8.601182876089618,4.144167257054733,True
BTC,1080,nnls_original_legacy,0.0012225432980939,False,0.0012225432980939,0.0053871801664983,2.124534173035408,1.9234465451372544,False
BTC,1080,nnls_nonneg,0.0011152013967359,False,0.0011152013967359,0.0053871801664983,2.179293218022908,2.255692103664517,True
BTC,1100,nnls_original_legacy,0.0010487586385199,False,0.0010487586385199,4.463946592500865e-06,0.5428196389785737,4.463585643596908,False
BTC,1100,nnls_nonneg,0.0011635472933955,False,0.0011635472933955,4.463946592500865e-06,0.6024862605558676,4.5670318662461895,True
BTC,1120,nnls_original_legacy,0.0009878922367285,False,0.0009878922367285,5.81487697689116e-08,0.5313166799116764,8.74038303752011,False
BTC,1120,nnls_nonneg,0.0008910772977572,False,0.0008910772977572,5.81487697689116e-08,0.4792437735733643,8.637246990758689,True
BTC,1140,nnls_original_legacy,0.0008909532384239,False,0.0008909532384239,4.310481964949762e-05,0.4511263154320928,2.077037691706371,False
BTC,1140,nnls_nonneg,0.0009351135690096,False,0.0009351135690096,4.310481964949762e-05,0.4746233070926905,2.12312898282158,True
BTC,1160,nnls_original_legacy,0.0012187451107753,False,0.0012187451107753,7.968652453931496e-06,0.6564131852778845,4.03660001715457,False
BTC,1160,nnls_nonneg,0.0015677084030105,False,0.0015677084030105,7.968652453931496e-06,0.845600961953628,4.286937808970369,True
BTC,1180,nnls_original_legacy,0.0010034075663759,False,0.0010034075663759,7.050979325516521e-07,0.5321715941017894,6.261278330579492,False
BTC,1180,nnls_nonneg,0.0011657297323492,False,0.0011657297323492,7.050979325516521e-07,0.6183220211155175,6.411125979408985,True
BTC,1200,nnls_original_legacy,0.0009969111667362,False,0.0009969111667362,6.335707826092624e-08,0.5339382191656686,8.663693864656064,False
BTC,1200,nnls_nonneg,0.0010353147974908,False,0.0010353147974908,6.335707826092624e-08,0.5545082259570091,8.701490653420413,True
BTC,1220,nnls_original_legacy,0.001143322534954,False,0.001143322534954,0.0004402115483877,0.3825416214271935,0.3394667179878892,False
BTC,1220,nnls_nonneg,0.0010366453383203,False,0.0010366453383203,0.0004402115483877,0.3245017549633738,0.2811398409083818,True
BTC,1240,nnls_original_legacy,0.0009715114837049,False,0.0009715114837049,0.0003646426667407,0.3290009764165843,0.3552706263680161,False
BTC,1240,nnls_nonneg,0.0013156259183283,False,0.0013156259183283,0.0003646426667407,0.5155552725435333,0.5603128147072078,True
BTC,1260,nnls_original_legacy,0.0009191259642755,False,0.0009191259642755,2.041659058518185e-05,0.4857810700566706,2.82928839487736,False
BTC,1260,nnls_nonneg,0.0009897991057559,False,0.0009897991057559,2.041659058518185e-05,0.5239821563006481,2.9017811692247166,True
BTC,1280,nnls_original_legacy,0.0010913622928442,False,0.0010913622928442,6.531115962399939e-05,0.5483754211764327,1.8758627871785356,False
BTC,1280,nnls_nonneg,0.0017293394239139,False,0.0017293394239139,6.531115962399939e-05,0.8893437868106935,2.314098395249291,True
BTC,1300,nnls_original_legacy,0.000930216810942,False,0.000930216810942,0.2159741358713361,112.61455387565346,225.7286301451011,False
BTC,1300,nnls_nonneg,0.0007848663903431,False,0.0007848663903431,0.2159741358713361,112.69067122341625,268.5557226928359,True
BTC,1320,nnls_original_legacy,0.0015967568869604,False,0.0015967568869604,0.0006644951360483,0.3190104862484814,0.292855326635375,False
BTC,1320,nnls_nonneg,0.0019039777330814,False,0.0019039777330814,0.0006644951360483,0.4241383340989803,0.4016765898378687,True
BTC,1340,nnls_original_legacy,0.0016847037968852,False,0.0016847037968852,5.6474123227253364e-08,0.613504461287161,9.303351302547831,False
BTC,1340,nnls_nonneg,0.0017022979504571,False,0.0017022979504571,5.6474123227253364e-08,0.6199117915117852,9.3137402697834,True
BTC,1360,nnls_original_legacy,0.0020532020417385,False,0.0020532020417385,0.0003174581967823,0.6327800722309109,1.021425830050212,False
BTC,1360,nnls_nonneg,0.0020945419860724,False,0.0020945419860724,0.0003174581967823,0.6478508979392459,1.0383085343078795,True
BTC,1380,nnls_original_legacy,0.0016301082791099,False,0.0016301082791099,0.0006242148748733,0.3686960777425325,0.3428355340906748,False
BTC,1380,nnls_nonneg,0.0017156082372628,False,0.0017156082372628,0.0006242148748733,0.4000348847029422,0.3748729419809955,True
BTC,1400,nnls_original_legacy,0.0016264322974998,False,0.0016264322974998,2.266362725338045e-05,0.5827974615100447,3.287317370060194,False
BTC,1400,nnls_nonneg,0.0014931944267023,False,0.0014931944267023,2.266362725338045e-05,0.5343798222841415,3.20308964675397,True
BTC,1420,nnls_original_legacy,0.0015963224602944,False,0.0015963224602944,8.193169863413881e-09,0.5913972789824731,11.179917348209148,False
BTC,1420,nnls_nonneg,0.0015248916201028,False,0.0015248916201028,8.193169863413881e-09,0.5649338153683702,11.134138405971456,True
BTC,1440,nnls_original_legacy,0.0017467276287559,False,0.0017467276287559,9.362642247241128e-07,0.6377987608914281,6.531892951395228,False
BTC,1440,nnls_nonneg,0.002158859935389,False,0.002158859935389,9.362642247241128e-07,0.7883651343048718,6.743626789179445,True
BTC,1460,nnls_original_legacy,0.0016408370614086,False,0.0016408370614086,0.000384861490006,0.4718068363377762,0.6846302147384327,False
BTC,1460,nnls_nonneg,0.0014650110323651,False,0.0014650110323651,0.000384861490006,0.4057578427126485,0.5994366591395148,True
BTC,1480,nnls_original_legacy,0.0016014135372534,False,0.0016014135372534,0.0005393497908584,0.3942560950322131,0.4250737290979711,False
BTC,1480,nnls_nonneg,0.0016356058567595,False,0.0016356058567595,0.0005393497908584,0.4069488645710848,0.4391596017946444,True
BTC,1500,nnls_original_legacy,0.0015416482893247,False,0.0015416482893247,3.7310438871411015e-05,0.5800691006442937,2.7455359450182493,False
BTC,1500,nnls_nonneg,0.0013853259390897,False,0.0013853259390897,3.7310438871411015e-05,0.5197915738346643,2.641350182863687,True
BTC,1520,nnls_original_legacy,0.0014737677279035,False,0.0014737677279035,0.0001202902945223,0.5448910625221597,1.5872904697871797,False
BTC,1520,nnls_nonneg,0.0013050741579085,False,0.0013050741579085,0.0001202902945223,0.4769773933850295,1.4762784348647306,True
BTC,1540,nnls_original_legacy,0.0017025665163954,False,0.0017025665163954,0.0023209405880811,0.2477019419948135,0.0533654222589179,False
BTC,1540,nnls_nonneg,0.0013655293637492,False,0.0013655293637492,0.0023209405880811,0.3827088270786537,0.169233261056914,True
BTC,1560,nnls_original_legacy,0.0017171947391397,False,0.0017171947391397,6.075210724550241e-06,0.7417263464498156,4.647768466326741,False
BTC,1560,nnls_nonneg,0.0018022557029978,False,0.0018022557029978,6.075210724550241e-06,0.7785980885463061,4.695948544635688,True
BTC,1580,nnls_original_legacy,0.0017376278476342,False,0.0017376278476342,0.0045944574250239,1.2554805181683213,0.6717676945731925,False
BTC,1580,nnls_nonneg,0.0016685646377391,False,0.0016685646377391,0.0045944574250239,1.2858314761784229,0.7406518619332381,True
BTC,1600,nnls_original_legacy,0.0015232603437098,False,0.0015232603437098,0.0064034929934125,2.125163925064513,1.7678167057090413,False
BTC,1600,nnls_nonneg,0.0015148036031902,False,0.0015148036031902,0.0064034929934125,2.1288465281627533,1.7857182247849934,True
BTC,1620,nnls_original_legacy,0.0014440626845915,False,0.0014440626845915,3.926756167633293e-05,0.5792916408613549,2.632009375322953,False
BTC,1620,nnls_nonneg,0.0014745063000906,False,0.0014745063000906,3.926756167633293e-05,0.5918455938816696,2.65231071495666,True
BTC,1640,nnls_original_legacy,0.0015703277968755,False,0.0015703277968755,0.0002553040233967,0.5159781822492298,0.9791646636590656,False
BTC,1640,nnls_nonneg,0.0015039636533334,False,0.0015039636533334,0.0002553040233967,0.4899387669611085,0.9431583718893986,True
BTC,1660,nnls_original_legacy,0.0015812784487146,False,0.0015812784487146,0.0021012710698491,0.1969157605719325,0.044534403784824,False
BTC,1660,nnls_nonneg,0.0016491220465333,False,0.0016491220465333,0.0021012710698491,0.1712241004955722,0.0318762183271215,True
BTC,1680,nnls_original_legacy,0.0017928757594123,False,0.0017928757594123,0.0002265599637863,0.5996536881543318,1.1949333236543491,False
BTC,1680,nnls_nonneg,0.0018036312779958,False,0.0018036312779958,0.0002265599637863,0.603771367618872,1.200160875047135,True
BTC,1700,nnls_original_legacy,0.0015782292382045,False,0.0015782292382045,0.0007776636795751,0.3062880794433171,0.2005090583183701,False
BTC,1700,nnls_nonneg,0.0016881841931337,False,0.0016881841931337,0.0007776636795751,0.3483557047708598,0.2357656122385103,True
BTC,1720,nnls_original_legacy,0.0018534256458109,False,0.0018534256458109,0.0003259864033751,0.5712836579042005,0.9138184168889104,False
BTC,1720,nnls_nonneg,0.0018309148130704,False,0.0018309148130704,0.0003259864033751,0.5628642913505822,0.903760987740974,True
BTC,1740,nnls_original_legacy,0.001400430290986,False,0.001400430290986,0.0005272335045741,0.2997369412744766,0.3533709351173528,False
BTC,1740,nnls_nonneg,0.0019506634603567,False,0.0019506634603567,0.0005272335045741,0.4886121292519977,0.5785654924349699,True
BTC,1760,nnls_original_legacy,0.0016369425046642,False,0.0016369425046642,2.170118740475276e-05,0.5374917708661096,3.3364756232059216,False
BTC,1760,nnls_nonneg,0.0019371924763991,False,0.0019371924763991,2.170118740475276e-05,0.6374037080397592,3.502830439527337,True
BTC,1780,nnls_original_legacy,0.0019190530760186,False,0.0019190530760186,0.0019958338470393,0.0245642758180239,0.000779660631986,False
BTC,1780,nnls_nonneg,0.001884365442123,False,0.001884365442123,0.0019958338470393,0.0356618018673178,0.0016835430567514,True
BTC,1800,nnls_original_legacy,0.0019277122779579,False,0.0019277122779579,0.0009228605408107,0.3751300961019586,0.2153446501787081,False
BTC,1800,nnls_nonneg,0.0018865953924349,False,0.0018865953924349,0.0009228605408107,0.3597803876350595,0.2042181504791325,True
BTC,1820,nnls_original_legacy,0.001412869519155,False,0.001412869519155,0.0002154361618247,0.5663303228787832,1.0331946888830208,False
BTC,1820,nnls_nonneg,0.0015202701907719,False,0.0015202701907719,0.0002154361618247,0.617125848710636,1.0956878494922675,True
BTC,1840,nnls_original_legacy,0.0013567944484457,False,0.0013567944484457,0.0001972375314541,0.5537773813484289,1.0738416652217753,False
BTC,1840,nnls_nonneg,0.0013958823781149,False,0.0013958823781149,0.0001972375314541,0.5724448663311784,1.0981728129392103,True
BTC,1860,nnls_original_legacy,0.0019985831716354,False,0.0019985831716354,0.0008913991884902,0.5313742301654606,0.2534170021724227,False
BTC,1860,nnls_nonneg,0.0019043872907052,False,0.0019043872907052,0.0008913991884902,0.4861665099708075,0.2271998852173966,True
BTC,1880,nnls_original_legacy,0.0013892492476425,False,0.0013892492476425,0.0005749835600032,0.3826711570798815,0.2960580999115514,False
BTC,1880,nnls_nonneg,0.0015834389292273,False,0.0015834389292273,0.0005749835600032,0.4739322666575581,0.3761361433005885,True
BTC,1900,nnls_original_legacy,0.0013635293208858,False,0.0013635293208858,0.001279913400053,0.0390701034187929,0.0019608520813074,False
BTC,1900,nnls_nonneg,0.0012759437952301,False,0.0012759437952301,0.001279913400053,0.0018548246483965,4.829496670133437e-06,True
BTC,1920,nnls_original_legacy,0.0014645535617038,False,0.0014645535617038,0.0018023857995158,0.1550574217119888,0.0231117328730743,False
BTC,1920,nnls_nonneg,0.0014554067996361,False,0.0014554067996361,0.0018023857995158,0.159255580396977,0.0245811013535937,True
BTC,1940,nnls_original_legacy,0.0012993612838536,False,0.0012993612838536,0.0002189396035164,0.4888884362096139,0.9493300598669504,False
BTC,1940,nnls_nonneg,0.0014405035935212,False,0.0014405035935212,0.0002189396035164,0.5527550211848944,1.0359403787549837,True
BTC,1960,nnls_original_legacy,0.0014751308897892,False,0.0014751308897892,0.0008628161990363,0.2735867764668289,0.1212085452391364,False
BTC,1960,nnls_nonneg,0.0014511728745428,False,0.0014511728745428,0.0008628161990363,0.2628821563412924,0.1144904217353164,True
BTC,1980,nnls_original_legacy,0.0014398570401874,False,0.0014398570401874,0.0120131865169941,4.794308993560593,5.221857850009983,False
BTC,1980,nnls_nonneg,0.001425457026482,False,0.001425457026482,0.0120131865169941,4.800838451983928,5.296090983651907,True
BTC,2000,nnls_original_legacy,0.0015549710050756,False,0.0015549710050756,0.0003098794726226,0.5431263958411375,0.8123118737991364,False
BTC,2000,nnls_nonneg,0.0014382407051665,False,0.0014382407051665,0.0003098794726226,0.492207001224277,0.7504497986494736,True
BTC,2020,nnls_original_legacy,0.0013307536250792,False,0.0013307536250792,9.513497454861688e-05,0.5144101614465116,1.7096935757166447,False
BTC,2020,nnls_nonneg,0.0018894708422109,False,0.0018894708422109,9.513497454861688e-05,0.7470141398214357,2.039105485485797,True
BTC,2040,nnls_original_legacy,0.0016047919869889,False,0.0016047919869889,0.0009427228008064,0.2758148789439686,0.1194195046252208,False
BTC,2040,nnls_nonneg,0.0016292851116501,False,0.0016292851116501,0.0009427228008064,0.2860185983654245,0.1257356458763734,True
BTC,2060,nnls_original_legacy,0.0015931395536716,False,0.0015931395536716,0.0043226672929953,1.1526999842321235,0.7151350841949684,False
BTC,2060,nnls_nonneg,0.0015919648465199,False,0.0015919648465199,0.0043226672929953,1.1531960718504106,0.7163995971932615,True
BTC,2080,nnls_original_legacy,0.0015162592719415,False,0.0015162592719415,0.0003920629762725,0.4810730765292871,0.6111516115794557,False
BTC,2080,nnls_nonneg,0.0015830995857733,False,0.0015830995857733,0.0003920629762725,0.5096757996792484,0.6433727699959717,True
BTC,2100,nnls_original_legacy,0.0013646199854835,False,0.0013646199854835,6.234928204825266e-05,0.5516181265020986,2.131568962459818,False
BTC,2100,nnls_nonneg,0.0016647877940691,False,0.0016647877940691,6.234928204825266e-05,0.6787637374502855,2.322152575599908,True
BTC,2120,nnls_original_legacy,0.0015562333841396,False,0.0015562333841396,0.0012070217975673,0.1535885834610878,0.0297170198765666,False
BTC,2120,nnls_nonneg,0.0015192325975012,False,0.0015192325975012,0.0012070217975673,0.1373150730013645,0.024543740372281,True
BTC,2140,nnls_original_legacy,0.0015409198579978,False,0.0015409198579978,0.0002563108705192,0.5629116652334767,0.960080057565545,False
BTC,2140,nnls_nonneg,0.0014475600786501,False,0.0014475600786501,0.0002563108705192,0.5220017001228967,0.9083077320403424,True
BTC,2160,nnls_original_legacy,0.0012400510742399,False,0.0012400510742399,4.576852145943613e-05,0.5428418448799619,2.336219873942285,False
BTC,2160,nnls_nonneg,0.0016147399492664,False,0.0016147399492664,4.576852145943613e-05,0.7131506212259119,2.591676855941011,True
BTC,2180,nnls_original_legacy,0.0012790826476956,False,0.0012790826476956,0.0007546554836778,0.2416306163511618,0.1176345232539819,False
BTC,2180,nnls_nonneg,0.0013372886819189,False,0.0013372886819189,0.0007546554836778,0.2684491354701678,0.1364556976300406,True
BTC,2200,nnls_original_legacy,0.0019563903511539,False,0.0019563903511539,0.001165197653579,0.3585436829748099,0.1137958486245014,False
BTC,2200,nnls_nonneg,0.0015091966152656,False,0.0015091966152656,0.001165197653579,0.1558895260796327,0.0307515808349581,True
BTC,2220,nnls_original_legacy,0.0012797378055542,False,0.0012797378055542,0.0012825570769959,0.0012888137634158,2.4230620601084496e-06,False
BTC,2220,nnls_nonneg,0.0013193890158944,False,0.0013193890158944,0.0012825570769959,0.0168375095369993,0.0003970557846995,True
BTC,2240,nnls_original_legacy,0.0012976310281079,False,0.0012976310281079,4.472115046721605e-05,0.6404819639556031,2.402312728141458,False
BTC,2240,nnls_nonneg,0.0012441941662371,False,0.0012441941662371,4.472115046721605e-05,0.6131652775367087,2.3617406564469072,True
BTC,2260,nnls_original_legacy,0.0011539564630545,False,0.0011539564630545,0.0002292950815177,0.506591808871233,0.8146453873967534,False
BTC,2260,nnls_nonneg,0.0012160015606392,False,0.0012160015606392,0.0002292950815177,0.5405842939523895,0.8568783984350106,True
BTC,2280,nnls_original_legacy,0.0010664225527365,False,0.0010664225527365,1.174881310460995e-06,0.5982133815940013,5.811999490358977,False
BTC,2280,nnls_nonneg,0.0010527571700254,False,0.0010527571700254,1.174881310460995e-06,0.5905392838027792,5.799116751749176,True
BTC,2300,nnls_original_legacy,0.0010431436340216,False,0.0010431436340216,0.0002023499943333,0.4804379814051934,0.8339762657595209,False
BTC,2300,nnls_nonneg,0.0009506931946801,False,0.0009506931946801,0.0002023499943333,0.4276108662123037,0.7600372396220678,True
BTC,2320,nnls_original_legacy,0.0010067760167635,False,0.0010067760167635,0.0001451602526013,0.5081740183083416,1.0808533836085925,False
BTC,2320,nnls_nonneg,0.0008345396729786,False,0.0008345396729786,0.0001451602526013,0.4065904139217575,0.9229824660154218,True
BTC,2340,nnls_original_legacy,0.0014509891805609,False,0.0014509891805609,0.0001887249494871,0.7551499190052223,1.1697765420651844,False
BTC,2340,nnls_nonneg,0.0009519415037806,False,0.0009519415037806,0.0001887249494871,0.4565945108560125,0.816465600837365,True
BTC,2360,nnls_original_legacy,0.000933066512637,False,0.000933066512637,0.0002642083876606,0.421348598530804,0.5448997136598248,False
BTC,2360,nnls_nonneg,0.0007523774627947,False,0.0007523774627947,0.0002642083876606,0.3075231472460327,0.3976646798608234,True
BTC,2380,nnls_original_legacy,0.0011226213411514,False,0.0011226213411514,9.62847800713262e-07,0.7177759914468064,6.062139317651991,False
BTC,2380,nnls_nonneg,0.0011379372416526,False,0.0011379372416526,9.62847800713262e-07,0.727577001052062,6.075678526295288,True
BTC,2400,nnls_original_legacy,0.0009613902407037,False,0.0009613902407037,0.0081777327274548,4.579517800891681,5.365363443038666,False
BTC,2400,nnls_nonneg,0.0011285118756282,False,0.0011285118756282,0.0081777327274548,4.473461789351747,4.265959576328656,True
BTC,2420,nnls_original_legacy,0.0008783172789274,False,0.0008783172789274,2.2669571520356376e-05,0.5438273675421554,2.682794560885482,False
BTC,2420,nnls_nonneg,0.0006498493404448,False,0.0006498493404448,2.2669571520356376e-05,0.3986191042847525,2.390601337995113,True
BTC,2440,nnls_original_legacy,0.0008965291493685,False,0.0008965291493685,1.6466762354895718e-05,0.5789246818083994,3.0155540964892777,False
BTC,2440,nnls_nonneg,0.0010913323641697,False,0.0010913323641697,1.6466762354895718e-05,0.7070705846537277,3.2088993124173744,True
BTC,2460,nnls_original_legacy,0.0008332801241437,False,0.0008332801241437,3.311937246324554e-05,0.5408158684577249,2.264997271915476,False
BTC,2460,nnls_nonneg,0.0007308618906032,False,0.0007308618906032,3.311937246324554e-05,0.4715930206714796,2.139421628413698,True
BTC,2480,nnls_original_legacy,0.0008148044025285,False,0.0008148044025285,0.0026430236448795,1.2629299033588888,1.067021514631279,False
BTC,2480,nnls_nonneg,0.0005753691505047,False,0.0005753691505047,0.0026430236448795,1.4283312582369805,2.068946731484783,True
BTC,2500,nnls_original_legacy,0.0007284249311686,False,0.0007284249311686,5.029527115923636e-06,0.5182813282006524,3.982463268484749,False
BTC,2500,nnls_nonneg,0.000559823033133,False,0.000559823033133,5.029527115923636e-06,0.3974854050285296,3.721278892090029,True
BTC,2520,nnls_original_legacy,0.0006573253867303,False,0.0006573253867303,1.592999762162413e-06,0.5102215899615182,5.024983732570172,False
BTC,2520,nnls_nonneg,0.0011939789680027,False,0.0011939789680027,1.592999762162413e-06,0.9277886477079792,5.620761991589719,True
BTC,2540,nnls_original_legacy,0.0006239848618713,False,0.0006239848618713,1.2894085557206096e-05,0.5019377222924096,2.9000214859161044,False
BTC,2540,nnls_nonneg,0.0004001543871445,False,0.0004001543871445,1.2894085557206096e-05,0.3180878541244768,2.467304495145413,True
BTC,2560,nnls_original_legacy,0.00065048128404,False,0.00065048128404,0.0001048487069764,0.4545088714327677,0.9863804554441428,False
BTC,2560,nnls_nonneg,0.0006878479450792,False,0.0006878479450792,0.0001048487069764,0.4856350901595876,1.033479443300561,True
BTC,2580,nnls_original_legacy,0.000601757598135,False,0.000601757598135,0.0002302458136118,0.310718679032437,0.3433294061916729,False
BTC,2580,nnls_nonneg,0.0009535786966361,False,0.0009535786966361,0.0002302458136118,0.6049687985064837,0.6625289066653481,True
BTC,2600,nnls_original_legacy,0.000467015844534,False,0.000467015844534,1.3456550096300117e-05,0.4167363331879793,2.575711106745807,False
BTC,2600,nnls_nonneg,0.0006224170145299,False,0.0006224170145299,1.3456550096300117e-05,0.559521002252042,2.8557641560342777,True
BTC,2620,nnls_original_legacy,0.0006979198039835,False,0.0006979198039835,0.0096282027126401,8.563092381184894,10.171224071815573,False
BTC,2620,nnls_nonneg,0.0004381620358707,False,0.0004381620358707,0.0096282027126401,8.812169570321203,17.884205712861124,True
BTC,2640,nnls_original_legacy,0.0004357162810502,False,0.0004357162810502,5.070344700996529e-06,0.4856996389217626,3.465219299741664,False
BTC,2640,nnls_nonneg,0.0004400261366907,False,0.0004400261366907,5.070344700996529e-06,0.4905604657674353,3.4749481492739367,True
BTC,2660,nnls_original_legacy,0.0006165989007595,False,0.0006165989007595,0.0004061209644593,0.2451507875454195,0.0762145915672607,False
BTC,2660,nnls_nonneg,0.0006310001335904,False,0.0006310001335904,0.0004061209644593,0.2619243916208416,0.0842697214129535,True
BTC,2680,nnls_original_legacy,0.0004595969600027,False,0.0004595969600027,8.588215833076946e-06,0.5273672269566935,2.998645326835433,False
BTC,2680,nnls_nonneg,0.0004229185050679,False,0.0004229185050679,8.588215833076946e-06,0.4844788898277191,2.9170955124888445,True
BTC,2700,nnls_original_legacy,0.0004808880725526,False,0.0004808880725526,3.1072164370733526e-05,0.547521534644943,1.8039362934072305,False
BTC,2700,nnls_nonneg,0.0004273920841169,False,0.0004273920841169,3.1072164370733526e-05,0.4824055501879423,1.694091217493797,True
BTC,2720,nnls_original_legacy,0.0003690819351742,False,0.0003690819351742,7.484936600772768e-05,0.3777204191203546,0.7983398048265042,False
BTC,2720,nnls_nonneg,0.0003730846383168,False,0.0003730846383168,7.484936600772768e-05,0.3828588805521281,0.8069506833512037,True
BTC,2740,nnls_original_legacy,0.0003720921626756,False,0.0003720921626756,9.447216642031508e-05,0.3586232097867192,0.6247308512998817,False
BTC,2740,nnls_nonneg,0.0003625633808853,False,0.0003625633808853,9.447216642031508e-05,0.3463141457528344,0.6054613612507671,True
BTC,2760,nnls_original_legacy,0.0004217190277032,False,0.0004217190277032,0.0019353223345935,1.8281822259257847,2.0654374833845544,False
BTC,2760,nnls_nonneg,0.0003994182522298,False,0.0003994182522298,0.0019353223345935,1.8551178709255207,2.267332715691417,True
BTC,2780,nnls_original_legacy,0.0004561146169655,False,0.0004561146169655,0.000573739439725,0.1495849545888502,0.0284531281416338,False
BTC,2780,nnls_nonneg,0.0004108986637822,False,0.0004108986637822,0.000573739439725,0.2070866463655436,0.0624752487231177,True
BTC,2800,nnls_original_legacy,0.0005644558928634,False,0.0005644558928634,0.0003191893782649,0.2993524870720741,0.1355591802883577,False
BTC,2800,nnls_nonneg,0.000462411985486,False,0.000462411985486,0.0003191893782649,0.1748059401698611,0.0609422041568126,True
BTC,2820,nnls_original_legacy,0.0006401209097237,False,0.0006401209097237,0.0013290730845894,0.8214299603273402,0.3457044706035534,False
BTC,2820,nnls_nonneg,0.0007769846601707,False,0.0007769846601707,0.0013290730845894,0.6582488438415232,0.1737360991885552,True
BTC,2840,nnls_original_legacy,0.0005423533165788,False,0.0005423533165788,0.0001340271583699,0.4656278853003514,0.6449966983988322,False
BTC,2840,nnls_nonneg,0.0005549510562743,False,0.0005549510562743,0.0001340271583699,0.4799935064491148,0.6623491427524439,True
BTC,2860,nnls_original_legacy,0.0005866665560409,False,0.0005866665560409,7.69500673518828e-06,0.677022643731644,3.347001459465432,False
BTC,2860,nnls_nonneg,0.0006307212752022,False,0.0006307212752022,7.69500673518828e-06,0.7285382017434003,3.418492731701055,True
BTC,2880,nnls_original_legacy,0.0004699023891224,False,0.0004699023891224,0.0005170150119653,0.0563411885181309,0.0047135250783643,False
BTC,2880,nnls_nonneg,0.000585072779879,False,0.000585072779879,0.0005170150119653,0.0813891331190576,0.0073407457871188,True
BTC,2900,nnls_original_legacy,0.0005060320929277,False,0.0005060320929277,0.0004520830906799,0.0679014728118097,0.0061222804704088,False
BTC,2900,nnls_nonneg,0.0004767781954561,False,0.0004767781954561,0.0004520830906799,0.0310818349863091,0.0013895987028629,True
BTC,2920,nnls_original_legacy,0.0005997897174616,False,0.0005997897174616,0.0002846049276957,0.3676035659971556,0.2199849702727918,False
BTC,2920,nnls_nonneg,0.0005574222320007,False,0.0005574222320007,0.0002846049276957,0.3181898910881406,0.1827943339293622,True
BTC,2940,nnls_original_legacy,0.0007266570948241,False,0.0007266570948241,1.2481508578449712e-05,0.8215023912937635,3.0813830736553878,False
BTC,2940,nnls_nonneg,0.0007913801378262,False,0.0007913801378262,1.2481508578449712e-05,0.8959520583252704,3.165302020215421,True
BTC,2960,nnls_original_legacy,0.0005521862894709,False,0.0005521862894709,8.666920419554915e-05,0.5328646714313198,1.008743307250414,False
BTC,2960,nnls_nonneg,0.0007314257144696,False,0.0007314257144696,8.666920419554915e-05,0.7380351374152908,1.2513905573204829,True
BTC,2980,nnls_original_legacy,0.0007753160832755,False,0.0007753160832755,9.944743811870754e-06,0.8697002589289401,3.369053340253755,False
BTC,2980,nnls_nonneg,0.0007251215584257,False,0.0007251215584257,9.944743811870754e-06,0.812663642834512,3.303009744651152,True
BTC,3000,nnls_original_legacy,0.0004810255318422,False,0.0004810255318422,0.0075115209810139,8.127424921193766,11.867365943889874,False
BTC,3000,nnls_nonneg,0.0005777845518545,False,0.0005777845518545,0.0075115209810139,8.015569124360761,9.435564766802909,True
BTC,3020,nnls_original_legacy,0.0008199150765841,False,0.0008199150765841,0.0001456813401992,0.7151043142169371,0.9054577070472,False
BTC,3020,nnls_nonneg,0.0008947263711341,False,0.0008947263711341,0.0001456813401992,0.7944505061943752,0.977918532848917,True
BTC,3040,nnls_original_legacy,0.0006576904836639,False,0.0006576904836639,0.0002709502805465,0.3975464472822276,0.2987714230095015,False
BTC,3040,nnls_nonneg,0.0007176085305336,False,0.0007176085305336,0.0002709502805465,0.459138716379506,0.351562801244458,True
BTC,3060,nnls_original_legacy,0.0006494170956753,False,0.0006494170956753,6.418557889035797e-07,0.6611969919681566,5.920455169841388,False
BTC,3060,nnls_nonneg,0.0005873110178097,False,0.0005873110178097,6.418557889035797e-07,0.5979018022890948,5.820039022896329,True
BTC,3080,nnls_original_legacy,0.0006402160054862,False,0.0006402160054862,1.0013153462571133e-06,0.6454840881520958,5.46205517339161,False
BTC,3080,nnls_nonneg,0.0006134270102669,False,0.0006134270102669,1.0013153462571133e-06,0.6184323472920292,5.419379132512544,True
BTC,3100,nnls_original_legacy,0.0006472810274415,False,0.0006472810274415,8.314846323258178e-05,0.5699812411243866,1.1806108883978577,False
BTC,3100,nnls_nonneg,0.0006473221652546,False,0.0006473221652546,8.314846323258178e-05,0.5700228054361146,1.1806662775667789,True
BTC,3120,nnls_original_legacy,0.0013284169364811,False,0.0013284169364811,5.372789601936589e-05,1.2628003449607654,2.2482559483479885,False
BTC,3120,nnls_nonneg,0.0011773017289758,False,0.0011773017289758,5.372789601936589e-05,1.113094549971428,2.132684553935297,True
BTC,3140,nnls_original_legacy,0.0006693996537889,False,0.0006693996537889,4.286526526542477e-05,0.6049876105781308,1.8123548271472665,False
BTC,3140,nnls_nonneg,0.0006474865036135,False,0.0006474865036135,4.286526526542477e-05,0.5838280627421202,1.781238680805417,True
BTC,3160,nnls_original_legacy,0.000631465019201,False,0.000631465019201,0.000107840490926,0.4943189472102389,0.9381675975749326,False
BTC,3160,nnls_nonneg,0.0006820475233648,False,0.0006820475233648,0.000107840490926,0.5420705112706335,1.0025590075713828,True
BTC,3180,nnls_original_legacy,0.0006507490132604,False,0.0006507490132604,2.0891433235250104e-05,0.6050438739393537,2.470888518222801,False
BTC,3180,nnls_nonneg,0.0006654646038871,False,0.0006654646038871,2.0891433235250104e-05,0.6191797329692162,2.492540023033174,True
BTC,3200,nnls_original_legacy,0.0005764945173823,False,0.0005764945173823,0.0001317191774003,0.4295533928215967,0.70477658338247,False
BTC,3200,nnls_nonneg,0.0006291233762025,False,0.0006291233762025,0.0001317191774003,0.4803810867927423,0.7730245614511735,True
BTC,3220,nnls_original_legacy,0.0005584827442999,False,0.0005584827442999,3.419390245634467e-05,0.525764331127525,1.8544028101726613,False
BTC,3220,nnls_nonneg,0.0005360613560504,False,0.0005360613560504,3.419390245634467e-05,0.503279843083685,1.8159885797283888,True
BTC,3240,nnls_original_legacy,0.0006579294332047,False,0.0006579294332047,0.0002198078785643,0.4418284489222472,0.4304341516389178,False
BTC,3240,nnls_nonneg,0.0005783933738902,False,0.0005783933738902,0.0002198078785643,0.3616194444847787,0.3475321354643748,True
BTC,3260,nnls_original_legacy,0.0005204762532102,False,0.0005204762532102,1.0652408116033912e-05,0.5438889957318984,2.9094249385977613,False
BTC,3260,nnls_nonneg,0.0005175192278617,False,0.0005175192278617,1.0652408116033912e-05,0.5407343893660751,2.903844297680259,True
BTC,3280,nnls_original_legacy,0.0006196195894454,False,0.0006196195894454,0.0006784001227575,0.0667089559233394,0.0042339768852328,False
BTC,3280,nnls_nonneg,0.0005503329182269,False,0.0005503329182269,0.0006784001227575,0.1453411362721025,0.0234947384409636,True
BTC,3300,nnls_original_legacy,0.0005007858329933,False,0.0005007858329933,0.0003129850070189,0.2182609136374064,0.0950109842011661,False
BTC,3300,nnls_nonneg,0.0004659985707436,False,0.0004659985707436,0.0003129850070189,0.1778313809014873,0.069670984496492,True
BTC,3320,nnls_original_legacy,0.0004896433769428,False,0.0004896433769428,0.0005031288250083,0.0162698683640544,0.0003724405748135,False
BTC,3320,nnls_nonneg,0.0004084569526557,False,0.0004084569526557,0.0005031288250083,0.1142193343136752,0.0233195932119225,True
BTC,3340,nnls_original_legacy,0.0007763390843856,False,0.0007763390843856,0.0014906816251032,0.874758703116463,0.2677430700414396,False
BTC,3340,nnls_nonneg,0.0006477738691981,False,0.0006477738691981,0.0014906816251032,1.032195135210071,0.4677905706207501,True
BTC,3360,nnls_original_legacy,0.0004467295614472,False,0.0004467295614472,2.138900787612579e-05,0.518676975831661,2.086955360869462,False
BTC,3360,nnls_nonneg,0.0005479002688786,False,0.0005479002688786,2.138900787612579e-05,0.6420485098476407,2.2822542807368897,True
BTC,3380,nnls_original_legacy,0.0005701120907594,False,0.0005701120907594,0.0003222201081957,0.3023735428649965,0.1357854051987057,False
BTC,3380,nnls_nonneg,0.0007924588303431,False,0.0007924588303431,0.0003222201081957,0.5735875236362122,0.3065136876940886,True
BTC,3400,nnls_original_legacy,0.0004804151355754,False,0.0004804151355754,2.824890725050802e-05,0.5531008809319999,1.8923968555588435,False
BTC,3400,nnls_nonneg,0.0004272040667639,False,0.0004272040667639,2.824890725050802e-05,0.4880117893737908,1.7823321214692087,True
BTC,3420,nnls_original_legacy,0.0004750731082991,False,0.0004750731082991,0.0001096858099803,0.5024115475360432,0.6967306575887542,False
BTC,3420,nnls_nonneg,0.0004819706137996,False,0.0004819706137996,0.0001096858099803,0.5118956933412696,0.707840934923563,True
BTC,3440,nnls_original_legacy,0.0004462968661761,False,0.0004462968661761,0.0022018857124499,2.504744649381775,2.337594464455425,False
BTC,3440,nnls_nonneg,0.0004425265033068,False,0.0004425265033068,0.0022018857124499,2.510123924969609,2.3711458345417906,True
BTC,3460,nnls_original_legacy,0.0007293197852484,False,0.0007293197852484,4.205433741902399e-06,0.8916357788877147,4.161501102655142,False
BTC,3460,nnls_nonneg,0.0004707198645917,False,0.0004707198645917,4.205433741902399e-06,0.5736487728437623,3.726819760299513,True
BTC,3480,nnls_original_legacy,0.0003560544527623,False,0.0003560544527623,0.0003591831274989,0.0038072988071447,3.838160589797468e-05,False
BTC,3480,nnls_nonneg,0.0005128317270119,False,0.0005128317270119,0.0003591831274989,0.1869756938301214,0.0565071936418426,True
BTC,3500,nnls_original_legacy,0.000342663322778,False,0.000342663322778,0.0006768377522042,0.4024503479708383,0.2945435348679761,False
BTC,3500,nnls_nonneg,0.0004579693575725,False,0.0004579693575725,0.0006768377522042,0.2635858815726375,0.0872812552725876,True
BTC,3520,nnls_original_legacy,0.0003530194507187,False,0.0003530194507187,0.0002800960876976,0.093477298352805,0.0248200592939189,False
BTC,3520,nnls_nonneg,0.000389908553155,False,0.000389908553155,0.0002800960876976,0.1407638398882138,0.0491430557801209,True
BTC,3540,nnls_original_legacy,0.0004104948536161,False,0.0004104948536161,4.82495121042966e-05,0.4716586395395888,1.2585175469536587,False
BTC,3540,nnls_nonneg,0.000388545406378,False,0.000388545406378,4.82495121042966e-05,0.4430795379292163,1.2102041778958823,True
BTC,3560,nnls_original_legacy,0.0003015575993187,False,0.0003015575993187,8.404736106270093e-05,0.2920587105945919,0.5562913826529812,False
BTC,3560,nnls_nonneg,0.0003390270895275,False,0.0003390270895275,8.404736106270093e-05,0.3423703238995553,0.6426070606207794,True
BTC,3580,nnls_original_legacy,0.0004818876407324,False,0.0004818876407324,0.0005382063566732,0.0756570505537462,0.0063399800293528,False
BTC,3580,nnls_nonneg,0.000440223825193,False,0.000440223825193,0.0005382063566732,0.1316271014662065,0.021615591376275,True
BTC,3600,nnls_original_legacy,0.0003096455042808,False,0.0003096455042808,0.0001025871236796,0.2774272870661818,0.4360207481194833,False
BTC,3600,nnls_nonneg,0.0003342813294086,False,0.0003342813294086,0.0001025871236796,0.3104356111436669,0.4881591009153139,True
BTC,3620,nnls_original_legacy,0.0003175192724812,False,0.0003175192724812,2.670243096539124e-06,0.4500219959383411,3.78677870556052,False
BTC,3620,nnls_nonneg,0.0003356634386073,False,0.0003356634386073,2.670243096539124e-06,0.4759559296419642,3.841894591968874,True
BTC,3640,nnls_original_legacy,0.0002879867812128,False,0.0002879867812128,1.4249692088761401e-07,0.4359881080817738,6.61184427151533,False
BTC,3640,nnls_nonneg,0.0003119871458901,False,0.0003119871458901,1.4249692088761401e-07,0.4723406575675403,6.691853614921369,True
ETH,500,nnls_original_legacy,0.0028006491219695,False,0.0028006491219695,0.0001256695826123,0.6183538811975797,2.148821987489004,False
ETH,500,nnls_nonneg,0.0026844845884492,False,0.0026844845884492,0.0001256695826123,0.5915010439691394,2.108401226669504,True
ETH,520,nnls_original_legacy,0.0028672685905257,False,0.0028672685905257,1.6169555646423682e-05,0.662571363945685,4.183624310434006,False
ETH,520,nnls_nonneg,0.0026924003939428,False,0.0026924003939428,1.6169555646423682e-05,0.621933470241106,4.121063849532333,True
ETH,540,nnls_original_legacy,0.0024960892370154,False,0.0024960892370154,0.0002779440011118,0.5658663729950189,1.3064126109350935,False
ETH,540,nnls_nonneg,0.0027148692748521,False,0.0027148692748521,0.0002779440011118,0.6216788890063756,1.381457833946247,True
ETH,560,nnls_original_legacy,0.0027284623786327,False,0.0027284623786327,0.0004604915670227,0.5874841100841345,0.947972243433117,False
ETH,560,nnls_nonneg,0.0025251912701037,False,0.0025251912701037,0.0004604915670227,0.534829752413996,0.8841366305355227,True
ETH,580,nnls_original_legacy,0.0020577453734691,False,0.0020577453734691,5.739672267266504e-07,0.5729887224665259,7.184828094243928,False
ETH,580,nnls_nonneg,0.0021098769095368,False,0.0021098769095368,5.739672267266504e-07,0.5875090401031522,7.209839906895871,True
ETH,600,nnls_original_legacy,0.0021220183899564,False,0.0021220183899564,2.4497181837128367e-06,0.6048619268749448,5.765304422931511,False
ETH,600,nnls_nonneg,0.0022977063332843,False,0.0022977063332843,2.4497181837128367e-06,0.6549980462398229,5.844759825138391,True
ETH,620,nnls_original_legacy,0.0023245165624435,False,0.0023245165624435,2.795442996324883e-09,0.6294966527347304,12.6310332577928,False
ETH,620,nnls_nonneg,0.0023017600714832,False,0.0023017600714832,2.795442996324883e-09,0.6233340155884891,12.621195261148028,True
ETH,640,nnls_original_legacy,0.0028807662800726,False,0.0028807662800726,0.0001020131480787,0.782670818617029,2.3761217094701217,False
ETH,640,nnls_nonneg,0.0027682481010506,False,0.0027682481010506,0.0001020131480787,0.7509786563049179,2.33771939486615,True
ETH,660,nnls_original_legacy,0.0021486760356351,False,0.0021486760356351,0.0003891890321023,0.507009887575411,0.8896716584245632,False
ETH,660,nnls_nonneg,0.002082071704593,False,0.002082071704593,0.0003891890321023,0.4878173306960995,0.8639774526745303,True
ETH,680,nnls_original_legacy,0.0021688682259628,False,0.0021688682259628,0.0335824616147855,9.442590794050092,11.744065968960864,False
ETH,680,nnls_nonneg,0.0020579236521422,False,0.0020579236521422,0.0335824616147855,9.475939548471208,12.526307532192178,True
ETH,700,nnls_original_legacy,0.0021207978720733,False,0.0021207978720733,0.0007011919907924,0.4189509434494264,0.4373924269728029,False
ETH,700,nnls_nonneg,0.0020723360758979,False,0.0020723360758979,0.0007011919907924,0.4046490054984236,0.4220082998525312,True
ETH,720,nnls_original_legacy,0.0019599394125107,False,0.0019599394125107,6.712117866778431e-05,0.5652451127936374,2.4084157751023976,False
ETH,720,nnls_nonneg,0.0018944530138914,False,0.0018944530138914,6.712117866778431e-05,0.5456891585492452,2.3756161801437705,True
ETH,740,nnls_original_legacy,0.0026678244451779,False,0.0026678244451779,0.0004302847371162,0.6907217809812335,0.9858581868717546,False
ETH,740,nnls_nonneg,0.0021226758073347,False,0.0021226758073347,0.0004302847371162,0.5224360354036746,0.7986942213882431,True
ETH,760,nnls_original_legacy,0.0018585130910625,False,0.0018585130910625,2.0593568631943345e-05,0.569326909873324,3.513633878009218,False
ETH,760,nnls_nonneg,0.0018305119748843,False,0.0018305119748843,2.0593568631943345e-05,0.5606530866987038,3.4986223184452525,True
ETH,780,nnls_original_legacy,0.0018102006120203,False,0.0018102006120203,0.0006902760656709,0.3585557676640538,0.3454270684437117,False
ETH,780,nnls_nonneg,0.0017641382185572,False,0.0017641382185572,0.0006902760656709,0.3438084019576519,0.329608279337263,True
ETH,800,nnls_original_legacy,0.001735322849581,False,0.001735322849581,6.892379117734104e-05,0.5542974091905897,2.2656654742837543,False
ETH,800,nnls_nonneg,0.0018410317886523,False,0.0018410317886523,6.892379117734104e-05,0.5894595696347067,2.3225176184750422,True
ETH,820,nnls_original_legacy,0.0016206190789108,False,0.0016206190789108,0.0028824104014369,0.4439772309248508,0.2027673324220074,False
ETH,820,nnls_nonneg,0.0015583965315174,False,0.0015583965315174,0.0028824104014369,0.4658710209673276,0.2346306525994341,True
ETH,840,nnls_original_legacy,0.0016227258250859,False,0.0016227258250859,0.002664220299055,0.3673345984918943,0.146013794685762,False
ETH,840,nnls_nonneg,0.0012894315909417,False,0.0012894315909417,0.002664220299055,0.4848873140741699,0.3404875262843581,True
ETH,860,nnls_original_legacy,0.0023779180282397,False,0.0023779180282397,0.0055046273312688,0.718823647141703,0.475529900050317,False
ETH,860,nnls_nonneg,0.0027775784154557,False,0.0027775784154557,0.0055046273312688,0.6269425960704156,0.2977984775324389,True
ETH,880,nnls_original_legacy,0.002576382503987,False,0.002576382503987,1.539429740342232e-06,0.6044290987963991,6.423327030393794,False
ETH,880,nnls_nonneg,0.0029905023433388,False,0.0029905023433388,1.539429740342232e-06,0.7016412682667054,6.572299383668649,True
ETH,900,nnls_original_legacy,0.0024316526152341,False,0.0024316526152341,0.0009844720585302,0.339189841735611,0.3090780730794742,False
ETH,900,nnls_nonneg,0.0026258446634927,False,0.0026258446634927,0.0009844720585302,0.384704528766214,0.3559687189264042,True
ETH,920,nnls_original_legacy,0.0023189015526351,False,0.0023189015526351,0.0024833147158294,0.040366678711299,0.0024006704586982,False
ETH,920,nnls_nonneg,0.0023546628119967,False,0.0023546628119967,0.0024833147158294,0.0315865832559729,0.0014403723283635,True
ETH,940,nnls_original_legacy,0.0022375306153198,False,0.0022375306153198,0.000105912669621,0.5343914960710634,2.097847873503668,False
ETH,940,nnls_nonneg,0.0022914152728641,False,0.0022914152728641,0.000105912669621,0.5479002502164445,2.1205315538027976,True
ETH,960,nnls_original_legacy,0.0022460448252165,False,0.0022460448252165,6.842783609272164e-05,0.5540849547351323,2.5216123169273903,False
ETH,960,nnls_nonneg,0.0022703228847494,False,0.0022703228847494,6.842783609272164e-05,0.5602623989709564,2.5320377721297582,True
ETH,980,nnls_original_legacy,0.0021569272745934,False,0.0021569272745934,9.675406742355604e-05,0.5425371612192621,2.149124920178347,False
ETH,980,nnls_nonneg,0.0021766158681667,False,0.0021766158681667,9.675406742355604e-05,0.547722061997757,2.157805828365201,True
ETH,1000,nnls_original_legacy,0.0021136585341271,False,0.0021136585341271,5.333769299016564e-05,0.5296429367258969,2.704767133485618,False
ETH,1000,nnls_nonneg,0.0023477975183822,False,0.0023477975183822,5.333769299016564e-05,0.589832620170761,2.807307857366921,True
ETH,1020,nnls_original_legacy,0.002187456635558,False,0.002187456635558,0.0001034404257015,0.5425628412500886,2.098786933565632,False
ETH,1020,nnls_nonneg,0.0023003154441837,False,0.0023003154441837,0.0001034404257015,0.5719450483454112,2.1467736230544547,True
ETH,1040,nnls_original_legacy,0.0025548684565228,False,0.0025548684565228,0.0001448980636721,0.6020749820175115,1.9264400213883583,False
ETH,1040,nnls_nonneg,0.002600624423698,False,0.002600624423698,0.0001448980636721,0.6135060449035671,1.9431930155149704,True
ETH,1060,nnls_original_legacy,0.0021656931540454,False,0.0021656931540454,0.0006691872016539,0.3846496587783559,0.4834263755648726,False
ETH,1060,nnls_nonneg,0.0022349912893706,False,0.0022349912893706,0.0006691872016539,0.4024614850956606,0.5053425506986364,True
ETH,1080,nnls_original_legacy,0.0022535035568792,False,0.0022535035568792,0.0014997346513251,0.1950777340040186,0.0727103884671995,False
ETH,1080,nnls_nonneg,0.0022612498658995,False,0.0022612498658995,0.0014997346513251,0.1970825028388994,0.0738621154796665,True
ETH,1100,nnls_original_legacy,0.0023373637860971,False,0.0023373637860971,0.0018869699936442,0.1197580327329054,0.021358277305151,False
ETH,1100,nnls_nonneg,0.0022141216525291,False,0.0022141216525291,0.0018869699936442,0.0869884082104782,0.0121265569528099,True
ETH,1120,nnls_original_legacy,0.0017213179507964,False,0.0017213179507964,0.0002844019141976,0.3930207564169871,0.965680445939728,False
ETH,1120,nnls_nonneg,0.0021334777654549,False,0.0021334777654549,0.0002844019141976,0.5057534130203594,1.1484246246191607,True
ETH,1140,nnls_original_legacy,0.002435532312694,False,0.002435532312694,0.0050453568059259,0.7180885811236477,0.3432592189897798,False
ETH,1140,nnls_nonneg,0.002143187961985,False,0.002143187961985,0.0050453568059259,0.7985266107859915,0.4979624522904275,True
ETH,1160,nnls_original_legacy,0.0036803183646832,False,0.0036803183646832,0.0026332894254715,0.2648303650413624,0.0502713425012022,False
ETH,1160,nnls_nonneg,0.0024575684787292,False,0.0024575684787292,0.0026332894254715,0.0444459944977518,0.0024405944156262,True
ETH,1180,nnls_original_legacy,0.0046272656492897,False,0.0046272656492897,0.0055972341762143,0.2315356078290429,0.0193137805547034,False
ETH,1180,nnls_nonneg,0.0028332701732614,False,0.0028332701732614,0.0055972341762143,0.6597699488975245,0.2946974575834296,True
ETH,1200,nnls_original_legacy,0.0042856362602777,False,0.0042856362602777,0.0094754674347719,1.240323084830134,0.4175455977228259,False
ETH,1200,nnls_nonneg,0.0028590986376854,False,0.0028590986376854,0.0094754674347719,1.5812527769895888,1.11594532334031,True
ETH,1220,nnls_original_legacy,0.0026758561427782,False,0.0026758561427782,8.240178887355238e-05,0.610713509207686,2.511212066344226,False
ETH,1220,nnls_nonneg,0.0025590472290794,False,0.0025590472290794,8.240178887355238e-05,0.5832070364277375,2.467983328666317,True
ETH,1240,nnls_original_legacy,0.0023994515407022,False,0.0023994515407022,2.465129617084264e-05,0.5523642410533052,3.5884397046146512,False
ETH,1240,nnls_nonneg,0.0025905977899315,False,0.0025905977899315,2.465129617084264e-05,0.5968237079616648,3.664330131568154,True
ETH,1260,nnls_original_legacy,0.0027968831168608,False,0.0027968831168608,0.0081219521368796,1.2238127914662316,0.8378648550146737,False
ETH,1260,nnls_nonneg,0.0027976494212782,False,0.0027976494212782,0.0081219521368796,1.2236366786037216,0.8373433869525613,True
ETH,1280,nnls_original_legacy,0.0034666399588357,False,0.0034666399588357,0.0001962899451421,0.7165664020185476,1.92797074996404,False
ETH,1280,nnls_nonneg,0.0037533652666332,False,0.0037533652666332,0.0001962899451421,0.7793907851322192,2.0031122966603907,True
ETH,1300,nnls_original_legacy,0.0036418087088444,False,0.0036418087088444,0.0004694507734958,0.606719309360815,1.1775782304955866,False
ETH,1300,nnls_nonneg,0.0035727740545925,False,0.0035727740545925,0.0004694507734958,0.5935163043395324,1.1609308895668289,True
ETH,1320,nnls_original_legacy,0.0030706730148416,False,0.0030706730148416,0.0085111391792521,1.009386868899851,0.7522713706161532,False
ETH,1320,nnls_nonneg,0.0033827217389896,False,0.0033827217389896,0.0085111391792521,0.9514914836344324,0.5933672962000589,True
ETH,1340,nnls_original_legacy,0.0037937822382478,False,0.0037937822382478,0.0018139272256242,0.3687612326898256,0.2160008550394265,False
ETH,1340,nnls_nonneg,0.003406030920136,False,0.003406030920136,0.0018139272256242,0.2965399573275779,0.1626167742779427,True
ETH,1360,nnls_original_legacy,0.0021268376921665,False,0.0021268376921665,0.0072418037203597,1.3095100739504548,1.1797289505843125,False
ETH,1360,nnls_nonneg,0.0019659257860848,False,0.0019659257860848,0.0072418037203597,1.3507059999587774,1.3797537472457106,True
ETH,1380,nnls_original_legacy,0.0018971265409791,False,0.0018971265409791,0.0020461975227032,0.038902846463806,0.0029344382748521,False
ETH,1380,nnls_nonneg,0.0015602122598681,False,0.0015602122598681,0.0020461975227032,0.1268268971270021,0.0403253047583758,True
ETH,1400,nnls_original_legacy,0.0021904611061293,False,0.0021904611061293,0.0013860226753125,0.2086183368009977,0.0904276510825472,False
ETH,1400,nnls_nonneg,0.0024214256268102,False,0.0024214256268102,0.0013860226753125,0.2685153187434875,0.1303176488582567,True
ETH,1420,nnls_original_legacy,0.0050774455420421,False,0.0050774455420421,6.132309125116791e-05,1.2739138512586017,3.4284846513250447,False
ETH,1420,nnls_nonneg,0.0041582788872734,False,0.0041582788872734,6.132309125116791e-05,1.0404787338721928,3.231447303159947,True
ETH,1440,nnls_original_legacy,0.0021004058255215,False,0.0021004058255215,0.0024505456689889,0.0894169991383051,0.0125208982891298,False
ETH,1440,nnls_nonneg,0.0025054889860536,False,0.0025054889860536,0.0024505456689889,0.0140311553406304,0.0002440184640977,True
ETH,1460,nnls_original_legacy,0.0021803171791311,False,0.0021803171791311,0.0001813138675906,0.5080565416146882,1.570155435250702,False
ETH,1460,nnls_nonneg,0.0020730836748614,False,0.0020730836748614,0.0001813138675906,0.4808026181169521,1.5240238211603616,True
ETH,1480,nnls_original_legacy,0.0027666915723077,False,0.0027666915723077,0.0002768306455052,0.6237486953287411,1.402059944699559,False
ETH,1480,nnls_nonneg,0.0025521188542382,False,0.0025521188542382,0.0002768306455052,0.5699949087183062,1.329744191668726,True
ETH,1500,nnls_original_legacy,0.0020669341594758,False,0.0020669341594758,9.096122328557776e-05,0.4971403183236757,2.1673962071524477,False
ETH,1500,nnls_nonneg,0.0018534930680797,False,0.0018534930680797,9.096122328557776e-05,0.4434401030137566,2.0634695517344337,True
ETH,1520,nnls_original_legacy,0.0020764795910844,False,0.0020764795910844,0.0024064331036188,0.0836057016332897,0.0114287804339954,False
ETH,1520,nnls_nonneg,0.0021940946407591,False,0.0021940946407591,0.0024064331036188,0.0538036586874212,0.0044011438033877,True
ETH,1540,nnls_original_legacy,0.002482799038121,False,0.002482799038121,0.0010276701125616,0.3775486691127969,0.2960083007726537,False
ETH,1540,nnls_nonneg,0.0021982724464065,False,0.0021982724464065,0.0010276701125616,0.3037252201096822,0.2278674625293868,True
ETH,1560,nnls_original_legacy,0.003258328691192,False,0.003258328691192,0.0025101075639721,0.1915690929765,0.0312553764255503,False
ETH,1560,nnls_nonneg,0.0026519723355255,False,0.0026519723355255,0.0025101075639721,0.0363220238284154,0.0014839726917112,True
ETH,1580,nnls_original_legacy,0.0021719171847792,False,0.0021719171847792,3.501701649369474e-05,0.5361464973248112,3.14365405259144,False
ETH,1580,nnls_nonneg,0.0026847474613259,False,0.0026847474613259,3.501701649369474e-05,0.6648151925559985,3.352550764397403,True
ETH,1600,nnls_original_legacy,0.0021726865036965,False,0.0021726865036965,0.0024900380863466,0.079837219611832,0.0097305545111581,False
ETH,1600,nnls_nonneg,0.0021697546378402,False,0.0021697546378402,0.0024900380863466,0.0805747991010743,0.0099288347694077,True
ETH,1620,nnls_original_legacy,0.0021829304764314,False,0.0021829304764314,0.0008860743324325,0.3327053340004703,0.3075331331069839,False
ETH,1620,nnls_nonneg,0.0020728788706571,False,0.0020728788706571,0.0008860743324325,0.3044718584327734,0.2773535733730095,True
ETH,1640,nnls_original_legacy,0.0048074908187977,False,0.0048074908187977,0.0151495405060914,2.645905048074023,1.0034415794597875,False
ETH,1640,nnls_nonneg,0.0041464664423708,False,0.0041464664423708,0.0151495405060914,2.815021208542352,1.3578888934743878,True
ETH,1660,nnls_original_legacy,0.0030933314170611,False,0.0030933314170611,0.0007550944821509,0.6337023245366281,0.6542650051656804,False
ETH,1660,nnls_nonneg,0.0025678599600271,False,0.0025678599600271,0.0007550944821509,0.4912905446060099,0.5180411903260584,True
ETH,1680,nnls_original_legacy,0.0031806085920547,False,0.0031806085920547,1.5497710690937818e-10,0.8719723594743449,15.837061036650296,False
ETH,1680,nnls_nonneg,0.0036189366999412,False,0.0036189366999412,1.5497710690937818e-10,0.9921411894385066,15.966168724511077,True
ETH,1700,nnls_original_legacy,0.0017984509495813,False,0.0017984509495813,0.0016592823055216,0.038449657665163,0.003158040532204,False
ETH,1700,nnls_nonneg,0.0019825319760822,False,0.0019825319760822,0.0016592823055216,0.0893077550435769,0.0149407343810283,True
ETH,1720,nnls_original_legacy,0.0065244659881854,False,0.0065244659881854,0.0003373425255817,1.6429399640677036,2.013919812835686,False
ETH,1720,nnls_nonneg,0.0033470474614839,False,0.0033470474614839,0.0003373425255817,0.799202496787527,1.395523162294424,True
ETH,1740,nnls_original_legacy,0.0020895605038365,False,0.0020895605038365,0.0183545601318702,4.350358212896178,5.611009025515271,False
ETH,1740,nnls_nonneg,0.0019445540564995,False,0.0019445540564995,0.0183545601318702,4.389142719722006,6.194110597546112,True
ETH,1760,nnls_original_legacy,0.0020495642934034,False,0.0020495642934034,1.1107841240567168e-05,0.5349327526347082,4.223150843772676,False
ETH,1760,nnls_nonneg,0.0023409824407178,False,0.0023409824407178,1.1107841240567168e-05,0.6114068473082607,4.355419638261162,True
ETH,1780,nnls_original_legacy,0.0018324135039819,False,0.0018324135039819,2.981848524200355e-05,0.4920901751310179,3.134533512995048,False
ETH,1780,nnls_nonneg,0.0019968469458706,False,0.0019968469458706,2.981848524200355e-05,0.5369788386273597,3.219128961678037,True
ETH,1800,nnls_original_legacy,0.0016129068262783,False,0.0016129068262783,0.0002591531543806,0.4656024853592587,0.9890486926704524,False
ETH,1800,nnls_nonneg,0.0016883642540429,False,0.0016883642540429,0.0002591531543806,0.491554892089757,1.0275898533862535,True
ETH,1820,nnls_original_legacy,0.0017866938329225,False,0.0017866938329225,5.38262465425664e-06,0.6495042701922955,4.807958678358368,False
ETH,1820,nnls_nonneg,0.002226569223191,False,0.002226569223191,5.38262465425664e-06,0.8098922714610778,5.02745855789659,True
ETH,1840,nnls_original_legacy,0.0014813371101882,False,0.0014813371101882,8.049783978476927e-05,0.4985770856361901,1.966811400079468,False
ETH,1840,nnls_nonneg,0.0014977117830579,False,0.0014977117830579,8.049783978476927e-05,0.5044050466664625,1.977210612027864,True
ETH,1860,nnls_original_legacy,0.0032157962572895,False,0.0032157962572895,0.0002850065462232,1.0589835103619816,1.5119451795270562,False
ETH,1860,nnls_nonneg,0.002610606854217,False,0.002610606854217,0.0002850065462232,0.8403101623289614,1.3239983618710718,True
ETH,1880,nnls_original_legacy,0.0014230481867862,False,0.0014230481867862,0.0002260048635908,0.4441371869135969,0.9988173764583554,False
ETH,1880,nnls_nonneg,0.0014816928120415,False,0.0014816928120415,0.0002260048635908,0.4658960141705248,1.0329155102796397,True
ETH,1900,nnls_original_legacy,0.0011594405734774,False,0.0011594405734774,2.8659040643838912e-05,0.4376072564067161,2.7249419455107877,False
ETH,1900,nnls_nonneg,0.0017145913390841,False,0.0017145913390841,2.8659040643838912e-05,0.652448051357153,3.108175890591005,True
ETH,1920,nnls_original_legacy,0.0012288375487529,False,0.0012288375487529,0.0052393748094592,1.6303229062097186,1.813550308989336,False
ETH,1920,nnls_nonneg,0.0013653862080294,False,0.0013653862080294,0.0052393748094592,1.574814531007246,1.492519261726283,True
ETH,1940,nnls_original_legacy,0.0011815459748335,False,0.0011815459748335,1.2201958789493004e-05,0.4754970310932698,3.5833096257551267,False
ETH,1940,nnls_nonneg,0.0010963076517534,False,0.0010963076517534,1.2201958789493004e-05,0.4408360852947204,3.5092366867320965,True
ETH,1960,nnls_original_legacy,0.001276217075596,False,0.001276217075596,0.001190241768304,0.0348621267995367,0.0023765324507725,False
ETH,1960,nnls_nonneg,0.0012779555316544,False,0.0012779555316544,0.001190241768304,0.0355670533354483,0.0024691011045523,True
ETH,1980,nnls_original_legacy,0.0018825268406641,False,0.0018825268406641,0.0001709607756168,0.7108363840396971,1.489750591956784,False
ETH,1980,nnls_nonneg,0.0015535037110792,False,0.0015535037110792,0.0001709607756168,0.5741886574483602,1.3168824843107625,True
ETH,2000,nnls_original_legacy,0.001532860682988,False,0.001532860682988,0.0023720762675547,0.3554430427046933,0.1108533567112839,False
ETH,2000,nnls_nonneg,0.0018611584265496,False,0.0018611584265496,0.0023720762675547,0.2163951615278304,0.0319495099101836,True
ETH,2020,nnls_original_legacy,0.001093009313155,False,0.001093009313155,0.0001565216303506,0.4033625926107105,1.0866982625661403,False
ETH,2020,nnls_nonneg,0.0012662254325797,False,0.0012662254325797,0.0001565216303506,0.4779699839262174,1.214214207904825,True
ETH,2040,nnls_original_legacy,0.0014694082837178,False,0.0014694082837178,8.185353357230903e-05,0.6223113018309517,1.9433886952171968,False
ETH,2040,nnls_nonneg,0.0014111301907751,False,0.0014111301907751,8.185353357230903e-05,0.5961738713017746,1.9052203986568736,True
ETH,2060,nnls_original_legacy,0.0009431923091281,False,0.0009431923091281,0.0001833349815012,0.3548426153565113,0.8323323110971024,False
ETH,2060,nnls_nonneg,0.000888433437265,False,0.000888433437265,0.0001833349815012,0.3292709973706266,0.7845023377359812,True
ETH,2080,nnls_original_legacy,0.0009256283001993,False,0.0009256283001993,1.7430461807338275e-05,0.4415674654485978,2.9910843479317952,False
ETH,2080,nnls_nonneg,0.0009713859553126,False,0.0009713859553126,1.7430461807338275e-05,0.4638149218277518,3.038448427103549,True
ETH,2100,nnls_original_legacy,0.0008780639727805,False,0.0008780639727805,7.094772499974134e-06,0.4317454765997603,3.826441225424088,False
ETH,2100,nnls_nonneg,0.0006384243474585,False,0.0006384243474585,7.094772499974134e-06,0.3129544513677473,3.510757880014812,True
ETH,2120,nnls_original_legacy,0.0011012834927838,False,0.0011012834927838,3.07630160290812e-07,0.551927391582906,7.183367923856954,False
ETH,2120,nnls_nonneg,0.0009153142184184,False,0.0009153142184184,3.07630160290812e-07,0.458699610666388,6.998460502637679,True
ETH,2140,nnls_original_legacy,0.0009079957841011,False,0.0009079957841011,1.3683463290627285e-07,0.4816314639815229,7.800372576479619,False
ETH,2140,nnls_nonneg,0.0009541748425259,False,0.0009541748425259,1.3683463290627285e-07,0.5061300796832673,7.84997247530543,True
ETH,2160,nnls_original_legacy,0.0008009705763532,False,0.0008009705763532,6.514684156417803e-05,0.4149849122812106,1.5905152646237195,False
ETH,2160,nnls_nonneg,0.0005985013327768,False,0.0005985013327768,6.514684156417803e-05,0.3007976724400327,1.3266348812731574,True
ETH,2180,nnls_original_legacy,0.0007776658233153,False,0.0007776658233153,0.0006492144669835,0.0869794866024234,0.0153582597129691,False
ETH,2180,nnls_nonneg,0.0006178358169632,False,0.0006178358169632,0.0006492144669835,0.0212477232392306,0.0012476414623519,True
ETH,2200,nnls_original_legacy,0.0009718255343368,False,0.0009718255343368,0.0040547632907338,2.083374870898512,1.7438447732308466,False
ETH,2200,nnls_nonneg,0.0011144566709667,False,0.0011144566709667,0.0040547632907338,1.9869881938578435,1.346806614474235,True
ETH,2220,nnls_original_legacy,0.0018276486308132,False,0.0018276486308132,0.0001037196797563,1.3807840948935186,1.9258439845702169,False
ETH,2220,nnls_nonneg,0.00193424997711,False,0.00193424997711,0.0001037196797563,1.4661666411815737,1.979405734812183,True
ETH,2240,nnls_original_legacy,0.0005748705950188,False,0.0005748705950188,0.0009354380154656,0.3034768393291278,0.1403450087498998,False
ETH,2240,nnls_nonneg,0.0005167670777615,False,0.0005167670777615,0.0009354380154656,0.3523805138465682,0.2167507558725787,True
ETH,2260,nnls_original_legacy,0.0005066465052457,False,0.0005066465052457,4.054959964915228e-05,0.4096599484823932,1.605322913964073,False
ETH,2260,nnls_nonneg,0.000462064196359,False,0.000462064196359,4.054959964915228e-05,0.3704758514792741,1.5209354291195254,True
ETH,2280,nnls_original_legacy,0.0010768823418739,False,0.0010768823418739,3.022193866258073e-05,1.0051725620799128,2.6013216088912854,False
ETH,2280,nnls_nonneg,0.0007841088540026,False,0.0007841088540026,3.022193866258073e-05,0.724004118132144,2.294522788342297,True
ETH,2300,nnls_original_legacy,0.0003051241147332,False,0.0003051241147332,0.0007555482145894,0.4202511368693997,0.5694746418340295,False
ETH,2300,nnls_nonneg,0.0004746306453603,False,0.0004746306453603,0.0007555482145894,0.262099492173699,0.1269589519878866,True
ETH,2320,nnls_original_legacy,0.0038209232977905,False,0.0038209232977905,3.391672209771828e-05,3.5283154731749717,3.733215780988522,False
ETH,2320,nnls_nonneg,0.0067073971616683,False,0.0067073971616683,3.391672209771828e-05,6.217613786572323,4.292114694908604,True
ETH,2340,nnls_original_legacy,0.0007484609642057,False,0.0007484609642057,0.0001197868646913,0.6484027962983455,0.9923492524478776,False
ETH,2340,nnls_nonneg,0.001168299796038,False,0.001168299796038,0.0001197868646913,1.0814167740731235,1.3801216991903584,True
ETH,2360,nnls_original_legacy,0.000614124126435,False,0.000614124126435,0.0042590275729135,3.7980024000329817,3.998525908742417,False
ETH,2360,nnls_nonneg,0.0006024596174479,False,0.0006024596174479,0.0042590275729135,3.810156860028647,4.113623752783791,True
ETH,2380,nnls_original_legacy,0.0006454290207908,False,0.0006454290207908,0.0310599337345751,30.606871071308063,43.24916841014184,False
ETH,2380,nnls_nonneg,0.0006571687116367,False,0.0006571687116367,0.0310599337345751,30.595057128996032,42.40752384992612,True
ETH,2400,nnls_original_legacy,0.0006011873053879,False,0.0006011873053879,4.564778109573172e-05,0.5177069353068604,1.6538809261085905,False
ETH,2400,nnls_nonneg,0.0006195998821994,False,0.0006195998821994,4.564778109573172e-05,0.5348656041240373,1.6817919177886247,True
ETH,2420,nnls_original_legacy,0.0006933963030295,False,0.0006933963030295,3.923912234691005e-08,0.6631450131785352,8.7797393021507,False
ETH,2420,nnls_nonneg,0.0006965837342907,False,0.0006965837342907,3.923912234691005e-08,0.6661935566430157,8.78432534914343,True
ETH,2440,nnls_original_legacy,0.0006335690844354,False,0.0006335690844354,0.000525844397815,0.101388050946653,0.0163353791229361,False
ETH,2440,nnls_nonneg,0.0006693674417537,False,0.0006693674417537,0.000525844397815,0.1350806592935601,0.0269118702146049,True
ETH,2460,nnls_original_legacy,0.0012509983229842,False,0.0012509983229842,0.0191475646318536,16.619024601345043,11.57759393458734,False
ETH,2460,nnls_nonneg,0.0029954163035945,False,0.0029954163035945,0.0191475646318536,14.99913144226324,3.537196000776939,True
ETH,2480,nnls_original_legacy,0.001779459955035,False,0.001779459955035,0.00078116193825,0.8468120777988257,0.2622709343234486,False
ETH,2480,nnls_nonneg,0.0010131195321138,False,0.0010131195321138,0.00078116193825,0.1967593731715489,0.0310531929873385,True
ETH,2500,nnls_original_legacy,0.0007310926400484,False,0.0007310926400484,0.0004009616987043,0.2797493584139252,0.1491159854065498,False
ETH,2500,nnls_nonneg,0.0005905568698832,False,0.0005905568698832,0.0004009616987043,0.1606608798306679,0.0661553001523116,True
ETH,2520,nnls_original_legacy,0.0008724197452737,False,0.0008724197452737,5.581666310739577e-05,0.6812587256137018,1.8131773583525508,False
ETH,2520,nnls_nonneg,0.0007387231768676,False,0.0007387231768676,5.581666310739577e-05,0.5697211184207193,1.6584091066168494,True
ETH,2540,nnls_original_legacy,0.0006144560283871,False,0.0006144560283871,0.0001116320372723,0.4192283304284881,0.8872054902046422,False
ETH,2540,nnls_nonneg,0.0006614525539947,False,0.0006614525539947,0.0001116320372723,0.4584115740974068,0.9479981941335092,True
ETH,2560,nnls_original_legacy,0.0006117079711308,False,0.0006117079711308,9.401230920437252e-05,0.4070807128466016,1.0265174945323858,False
ETH,2560,nnls_nonneg,0.0007450219563603,False,0.0007450219563603,9.401230920437252e-05,0.5119097777409868,1.1961752670117618,True
ETH,2580,nnls_original_legacy,0.0007171171701834,False,0.0007171171701834,0.0024852362396772,1.318968903580834,1.2227092365828502,False
ETH,2580,nnls_nonneg,0.0006474151679866,False,0.0006474151679866,0.0024852362396772,1.3709647080495715,1.4935703836127203,True
ETH,2600,nnls_original_legacy,0.0009911993710777,False,0.0009911993710777,0.0022551090251968,0.8954341524508493,0.453093711121578,False
ETH,2600,nnls_nonneg,0.0006985017020959,False,0.0006985017020959,0.0022551090251968,1.1027998358245847,1.0564786907971475,True
ETH,2620,nnls_original_legacy,0.0007244704773747,False,0.0007244704773747,0.0046246885182608,2.7209079894381203,3.529819813431171,False
ETH,2620,nnls_nonneg,0.0007894360301857,False,0.0007894360301857,0.0046246885182608,2.675586089526719,3.0903727024954044,True
ETH,2640,nnls_original_legacy,0.0011581460035062,False,0.0011581460035062,0.0028328473392923,1.1279771698092436,0.5515573021453073,False
ETH,2640,nnls_nonneg,0.0009188641003285,False,0.0009188641003285,0.0028328473392923,1.2891429360061593,0.9570889966151724,True
ETH,2660,nnls_original_legacy,0.0009365996583525,False,0.0009365996583525,0.0133165603988501,8.261601380348909,10.5634777891407,False
ETH,2660,nnls_nonneg,0.0010873898635952,False,0.0010873898635952,0.0133165603988501,8.160973551724163,8.74112505863274,True
ETH,2680,nnls_original_legacy,0.0010811520776344,False,0.0010811520776344,0.0006825319679152,0.2358780302758343,0.0912737363755802,False
ETH,2680,nnls_nonneg,0.0010303147624459,False,0.0010303147624459,0.0006825319679152,0.2057957401986475,0.0742602186485614,True
ETH,2700,nnls_original_legacy,0.0011240718719748,False,0.0011240718719748,2.6733908091763724e-05,0.6587061343291122,2.762563340758962,False
ETH,2700,nnls_nonneg,0.0008545954001386,False,0.0008545954001386,2.6733908091763724e-05,0.4969457552133595,2.495977947221078,True
ETH,2720,nnls_original_legacy,0.0019735920341307,False,0.0019735920341307,8.928845749162214e-05,1.038149142481041,2.1409799029132843,False
ETH,2720,nnls_nonneg,0.0017016914548789,False,0.0017016914548789,8.928845749162214e-05,0.8883466601794336,1.9999762001124903,True
ETH,2740,nnls_original_legacy,0.0010354808662609,False,0.0010354808662609,0.0006009569918496,0.219256463398119,0.1244629660373037,False
ETH,2740,nnls_nonneg,0.0012454250743971,False,0.0012454250743971,0.0006009569918496,0.3251922411485114,0.2112404353810768,True
ETH,2760,nnls_original_legacy,0.0011033465225466,False,0.0011033465225466,3.4887911904731854e-05,0.5522899337881924,2.4855828141284717,False
ETH,2760,nnls_nonneg,0.0010712800679292,False,0.0010712800679292,3.4887911904731854e-05,0.5357146730143301,2.4570356970907845,True
ETH,2780,nnls_original_legacy,0.0017301288454053,False,0.0017301288454053,0.0001156396317208,0.8182318683379974,1.7723111691936442,False
ETH,2780,nnls_nonneg,0.0026542617167874,False,0.0026542617167874,0.0001156396317208,1.2865874073742998,2.177010621582768,True
ETH,2800,nnls_original_legacy,0.0011824275105149,False,0.0011824275105149,0.0001785013592962,0.5047716208632249,1.0416903782612232,False
ETH,2800,nnls_nonneg,0.0011241508442576,False,0.0011241508442576,0.0001785013592962,0.4754702551706145,0.9989747369477002,True
ETH,2820,nnls_original_legacy,0.0015023815572254,False,0.0015023815572254,0.0009226808654025,0.2978332413350519,0.1016689112561304,False
ETH,2820,nnls_nonneg,0.0013596836525479,False,0.0013596836525479,0.0009226808654025,0.224519236226351,0.0663235872888781,True
ETH,2840,nnls_original_legacy,0.0034198057075408,False,0.0034198057075408,0.0001323272701347,1.633955351581441,2.290755226938096,False
ETH,2840,nnls_nonneg,0.0044207035875048,False,0.0044207035875048,0.0001323272701347,2.131425518608288,2.5387095032597697,True
ETH,2860,nnls_original_legacy,0.0012527910017274,False,0.0012527910017274,0.0030664829895263,0.8882856271224999,0.552563681355394,False
ETH,2860,nnls_nonneg,0.001099881196633,False,0.001099881196633,0.0030664829895263,0.9631757314098878,0.7626837946269072,True
ETH,2880,nnls_original_legacy,0.0013650650586703,False,0.0013650650586703,0.0009584399349615,0.2036915332472269,0.0557708076806844,False
ETH,2880,nnls_nonneg,0.0014464918186937,False,0.0014464918186937,0.0009584399349615,0.2444808023539897,0.0741857408152881,True
ETH,2900,nnls_original_legacy,0.0011911967241803,False,0.0011911967241803,0.0003191435592324,0.4247462691044708,0.5849911334318905,False
ETH,2900,nnls_nonneg,0.0012718312908578,False,0.0012718312908578,0.0003191435592324,0.4640205160583909,0.6335043780879175,True
ETH,2920,nnls_original_legacy,0.0012691449793051,False,0.0012691449793051,0.0019249266834988,0.3131908519482434,0.1001669683814878,False
ETH,2920,nnls_nonneg,0.0012731749296,False,0.0012731749296,0.0019249266834988,0.3112662121510431,0.0985364541082329,True
ETH,2940,nnls_original_legacy,0.001194586128915,False,0.001194586128915,0.004394731837349,1.530794060342779,1.376267264929448,False
ETH,2940,nnls_nonneg,0.0011602177732905,False,0.0011602177732905,0.004394731837349,1.5472342100882095,1.4560520235322598,True
ETH,2960,nnls_original_legacy,0.0012875295225661,False,0.0012875295225661,6.461476502319596e-05,0.5971740335736666,2.042222691529897,False
ETH,2960,nnls_nonneg,0.0012860665555047,False,0.0012860665555047,6.461476502319596e-05,0.5964596371403288,2.0411428745680498,True
ETH,2980,nnls_original_legacy,0.0012124453816618,False,0.0012124453816618,4.4612600542363986e-08,0.617894244890635,9.210170307786733,False
ETH,2980,nnls_nonneg,0.0012133842195153,False,0.0012133842195153,4.4612600542363986e-08,0.6183727191059082,9.21094431381604,True
ETH,3000,nnls_original_legacy,0.0014955549839643,False,0.0014955549839643,0.0017622253558976,0.1342172660566662,0.0142285853577366,False
ETH,3000,nnls_nonneg,0.001565422127028,False,0.001565422127028,0.0017622253558976,0.0990525911765174,0.0072970519894806,True
ETH,3020,nnls_original_legacy,0.0012697788178651,False,0.0012697788178651,8.755096624236395e-06,0.5906748184325359,3.9838569806766175,False
ETH,3020,nnls_nonneg,0.001289779476432,False,0.001289779476432,8.755096624236395e-06,0.6000433062480742,3.999378589115944,True
ETH,3040,nnls_original_legacy,0.0014401026514016,False,0.0014401026514016,4.997996624267568e-05,0.6339987551370944,2.3955532615961035,False
ETH,3040,nnls_nonneg,0.001379058023109,False,0.001379058023109,4.997996624267568e-05,0.6061578898965659,2.353775808551334,True
ETH,3060,nnls_original_legacy,0.0012783538473725,False,0.0012783538473725,0.0015476997062837,0.1251709742482443,0.0195008464629928,False
ETH,3060,nnls_nonneg,0.0012913537791922,False,0.0012913537791922,0.0015476997062837,0.1191296185815376,0.0174307901068131,True
ETH,3080,nnls_original_legacy,0.0015350428348858,False,0.0015350428348858,0.0004823875826463,0.4991289219615748,0.4718159029936217,False
ETH,3080,nnls_nonneg,0.0014811806660677,False,0.0014811806660677,0.0004823875826463,0.4735895383889388,0.4475246390556058,True
ETH,3100,nnls_original_legacy,0.0011634304393577,False,0.0011634304393577,0.0003248569843933,0.4094756810149169,0.5549665418702379,False
ETH,3100,nnls_nonneg,0.0011846917460098,False,0.0011846917460098,0.0003248569843933,0.4198575837201623,0.568065098238012,True
ETH,3120,nnls_original_legacy,0.0011293033800945,False,0.0011293033800945,1.3769363353797474e-05,0.557399339566153,3.4191029603247323,False
ETH,3120,nnls_nonneg,0.0011351687239813,False,0.0011351687239813,1.3769363353797474e-05,0.5603300783510883,3.4242202914858977,True
ETH,3140,nnls_original_legacy,0.0013477849703183,False,0.0013477849703183,7.177916049546671e-07,0.6571377170684916,6.538326328346795,False
ETH,3140,nnls_nonneg,0.0011985767357409,False,0.0011985767357409,7.177916049546671e-07,0.584349692694219,6.421064944129927,True
ETH,3160,nnls_original_legacy,0.0011995387564534,False,0.0011995387564534,1.0740768483055975e-06,0.5938850294299122,6.019126253588954,False
ETH,3160,nnls_nonneg,0.0011507463360729,False,0.0011507463360729,1.0740768483055975e-06,0.569706521288009,5.977637825980815,True
ETH,3180,nnls_original_legacy,0.0012518628180418,False,0.0012518628180418,3.565026769042841e-05,0.6525778841612501,2.587109094744533,False
ETH,3180,nnls_nonneg,0.0012539648808627,False,0.0012539648808627,3.565026769042841e-05,0.6537057788763881,2.588739096214421,True
