entity,t0,variant,raw_pred,pred_negativa,positive_by_construction,yhat_clipped,y_test,mase,qlike_floor_1e-12,qlike_floor_1e-10,qlike_floor_1e-08,qlike_floor_1e-06,qlike
MXN,500,nnls_original_legacy,3.244704061748028e-05,False,False,3.244704061748028e-05,8.428466030064329e-05,0.6635374921482101,0.6430163721854871,0.6430163721854871,0.6430163721854871,0.6430163721854871,0.6430163721854871
MXN,500,nnls_intermedia_legacy,2.8689698384093004e-05,False,False,2.8689698384093004e-05,8.428466030064329e-05,0.7116326295777964,0.860140478436106,0.860140478436106,0.860140478436106,0.860140478436106,0.860140478436106
MXN,500,nnls_nonneg,3.087623792520073e-05,False,True,3.087623792520073e-05,8.428466030064329e-05,0.6836442502413749,0.7255450971808217,0.7255450971808217,0.7255450971808217,0.7255450971808217,0.7255450971808217
MXN,520,nnls_original_legacy,8.301668183608918e-05,False,False,8.301668183608918e-05,0.000446781782022138,4.884996908553785,2.6988026453377274,2.6988026453377274,2.6988026453377274,2.6988026453377274,2.6988026453377274
MXN,520,nnls_intermedia_legacy,7.199948902193731e-05,False,False,7.199948902193731e-05,0.000446781782022138,5.032946650875264,3.3799352969738665,3.3799352969738665,3.3799352969738665,3.3799352969738665,3.3799352969738665
MXN,520,nnls_nonneg,8.46699880508412e-05,False,True,8.46699880508412e-05,0.000446781782022138,4.862794680402086,2.6134340947959225,2.6134340947959225,2.6134340947959225,2.6134340947959225,2.6134340947959225
MXN,540,nnls_original_legacy,4.5695508622812415e-05,False,False,4.5695508622812415e-05,0.0004439620409388863,5.755873400652901,6.441921290188528,6.441921290188528,6.441921290188528,6.441921290188528,6.441921290188528
MXN,540,nnls_intermedia_legacy,5.1708274094526386e-05,False,False,5.1708274094526386e-05,0.0004439620409388863,5.668975019707509,5.4357781712035385,5.4357781712035385,5.4357781712035385,5.4357781712035385,5.4357781712035385
MXN,540,nnls_nonneg,4.675186015034554e-05,False,True,4.675186015034554e-05,0.0004439620409388863,5.740606675568802,6.245251378804866,6.245251378804866,6.245251378804866,6.245251378804866,6.245251378804866
MXN,560,nnls_original_legacy,2.771690187537856e-05,False,False,2.771690187537856e-05,0.00012421616718056084,1.5679884858369195,1.9816226699312791,1.9816226699312791,1.9816226699312791,1.9816226699312791,1.9816226699312791
MXN,560,nnls_intermedia_legacy,3.4343647765986344e-05,False,False,3.4343647765986344e-05,0.00012421616718056084,1.4603124198878232,1.331253781732892,1.331253781732892,1.331253781732892,1.331253781732892,1.331253781732892
MXN,560,nnls_nonneg,3.445393491371687e-05,False,True,3.445393491371687e-05,0.00012421616718056084,1.4585203961119908,1.3228823391663482,1.3228823391663482,1.3228823391663482,1.3228823391663482,1.3228823391663482
MXN,580,nnls_original_legacy,3.280167511522565e-05,False,False,3.280167511522565e-05,0.00016568927978349567,2.3002077577305857,2.4316098212797104,2.4316098212797104,2.4316098212797104,2.4316098212797104,2.4316098212797104
MXN,580,nnls_intermedia_legacy,3.9370921199662054e-05,False,False,3.9370921199662054e-05,0.00016568927978349567,2.18649789860879,1.7713309301954032,1.7713309301954032,1.7713309301954032,1.7713309301954032,1.7713309301954032
MXN,580,nnls_nonneg,3.99783581227116e-05,False,True,3.99783581227116e-05,0.00016568927978349567,2.1759835159752967,1.722698384682296,1.722698384682296,1.722698384682296,1.722698384682296,1.722698384682296
MXN,600,nnls_original_legacy,3.6968297884480106e-05,False,False,3.6968297884480106e-05,0.00017495858549953087,2.4132736136774118,2.1781768723972847,2.1781768723972847,2.1781768723972847,2.1781768723972847,2.1781768723972847
MXN,600,nnls_intermedia_legacy,5.1657942322802664e-05,False,False,5.1657942322802664e-05,0.00017495858549953087,2.1563705233946986,1.1669617678275097,1.1669617678275097,1.1669617678275097,1.1669617678275097,1.1669617678275097
MXN,600,nnls_nonneg,4.89330503386227e-05,False,True,4.89330503386227e-05,0.00017495858549953087,2.204025398525384,1.3013723630512621,1.3013723630512621,1.3013723630512621,1.3013723630512621,1.3013723630512621
MXN,620,nnls_original_legacy,3.235809603968284e-05,False,False,3.235809603968284e-05,7.990637415081531e-05,0.8331506587764059,0.5654485491245356,0.5654485491245356,0.5654485491245356,0.5654485491245356,0.5654485491245356
MXN,620,nnls_intermedia_legacy,3.7346306191839e-05,False,False,3.7346306191839e-05,7.990637415081531e-05,0.7457462197624298,0.37898420515330544,0.37898420515330544,0.37898420515330544,0.37898420515330544,0.37898420515330544
MXN,620,nnls_nonneg,3.6840330927513175e-05,False,True,3.6840330927513175e-05,7.990637415081531e-05,0.7546120218806968,0.3947293261733642,0.3947293261733642,0.3947293261733642,0.3947293261733642,0.3947293261733642
MXN,640,nnls_original_legacy,6.325668818277137e-05,False,False,6.325668818277137e-05,1.1534596235692525e-05,0.8932459942123854,0.8841958526872731,0.8841958526872731,0.8841958526872731,0.8841958526872731,0.8841958526872731
MXN,640,nnls_intermedia_legacy,6.78334124252156e-05,False,False,6.78334124252156e-05,1.1534596235692525e-05,0.972286505573777,0.9417469840662556,0.9417469840662556,0.9417469840662556,0.9417469840662556,0.9417469840662556
MXN,640,nnls_nonneg,5.745602594996818e-05,False,True,5.745602594996818e-05,1.1534596235692525e-05,0.7930679444047315,0.8064242059640783,0.8064242059640783,0.8064242059640783,0.8064242059640783,0.8064242059640783
MXN,660,nnls_original_legacy,3.573670241491971e-05,False,False,3.573670241491971e-05,8.14818558978533e-06,0.48451810306363013,0.7063890485543731,0.7063890485543731,0.7063890485543731,0.7063890485543731,0.7063890485543731
MXN,660,nnls_intermedia_legacy,3.42738732100156e-05,False,False,3.42738732100156e-05,8.14818558978533e-06,0.4588274421281899,0.6743255936634518,0.6743255936634518,0.6743255936634518,0.6743255936634518,0.6743255936634518
MXN,660,nnls_nonneg,3.538110006380142e-05,False,True,3.538110006380142e-05,8.14818558978533e-06,0.47827290410274104,0.6986801949216115,0.6986801949216115,0.6986801949216115,0.6986801949216115,0.6986801949216115
MXN,680,nnls_original_legacy,3.397816913375569e-05,False,False,3.397816913375569e-05,8.494175152166053e-06,0.467737523965392,0.6363267768027301,0.6363267768027301,0.6363267768027301,0.6363267768027301,0.6363267768027301
MXN,680,nnls_intermedia_legacy,2.41355346678769e-05,False,False,2.41355346678769e-05,8.494175152166053e-06,0.2870841508052637,0.39624105129619647,0.39624105129619647,0.39624105129619647,0.39624105129619647,0.39624105129619647
MXN,680,nnls_nonneg,2.8329684095862443e-05,False,True,2.8329684095862443e-05,8.494175152166053e-06,0.3640642768406119,0.5043625451548306,0.5043625451548306,0.5043625451548306,0.5043625451548306,0.5043625451548306
MXN,700,nnls_original_legacy,3.3053815622395296e-05,False,False,3.3053815622395296e-05,5.224570473288478e-06,0.5407923121864028,1.002826973914118,1.002826973914118,1.002826973914118,1.002826973914118,1.002826973914118
MXN,700,nnls_intermedia_legacy,2.3245507659968708e-05,False,False,2.3245507659968708e-05,5.224570473288478e-06,0.350192189430029,0.7174954417032267,0.7174954417032267,0.7174954417032267,0.7174954417032267,0.7174954417032267
MXN,700,nnls_nonneg,2.5921559449599095e-05,False,True,2.5921559449599095e-05,5.224570473288478e-06,0.4021946144721335,0.8032555378688631,0.8032555378688631,0.8032555378688631,0.8032555378688631,0.8032555378688631
MXN,720,nnls_original_legacy,2.4886714155897195e-05,False,False,2.4886714155897195e-05,4.377929937919515e-07,0.5151555412919496,3.05793462444438,3.05793462444438,3.05793462444438,2.254516175481429,3.05793462444438
MXN,720,nnls_intermedia_legacy,1.8708703984921696e-05,False,False,1.8708703984921696e-05,4.377929937919515e-07,0.38498062876169864,2.7783984647402664,2.7783984647402664,2.7783984647402664,1.9824399261442918,2.7783984647402664
MXN,720,nnls_nonneg,2.2143128467877898e-05,False,True,2.2143128467877898e-05,4.377929937919515e-07,0.457346308695499,2.9433073726459447,2.9433073726459447,2.9433073726459447,2.1426879581274423,2.9433073726459447
MXN,740,nnls_original_legacy,2.5009628676523062e-05,False,False,2.5009628676523062e-05,1.8947167068744652e-05,0.13499744083202017,0.03520136978086952,0.03520136978086952,0.03520136978086952,0.03520136978086952,0.03520136978086952
MXN,740,nnls_intermedia_legacy,2.6438233640979634e-05,False,False,2.6438233640979634e-05,1.8947167068744652e-05,0.1668092734899146,0.049814608054887355,0.049814608054887355,0.049814608054887355,0.049814608054887355,0.049814608054887355
MXN,740,nnls_nonneg,2.7220620827529647e-05,False,True,2.7220620827529647e-05,1.8947167068744652e-05,0.18423128368268854,0.05837970845542917,0.05837970845542917,0.05837970845542917,0.05837970845542917,0.05837970845542917
MXN,760,nnls_original_legacy,2.098605488475182e-05,False,False,2.098605488475182e-05,2.3439427073646238e-07,0.4796324377100718,3.505777876645406,3.505777876645406,3.505777876645406,2.091508854243379,3.505777876645406
MXN,760,nnls_intermedia_legacy,2.4703818943466837e-05,False,False,2.4703818943466837e-05,2.3439427073646238e-07,0.5655609940545243,3.6671966881986666,3.6671966881986666,3.6671966881986666,2.2474374160660617,3.6671966881986666
MXN,760,nnls_nonneg,2.5074222757475027e-05,False,True,2.5074222757475027e-05,2.3439427073646238e-07,0.5741221250191406,3.6819390178896203,3.6819390178896203,3.6819390178896203,2.261721931778228,3.6819390178896203
MXN,780,nnls_original_legacy,2.316492614709566e-05,False,False,2.316492614709566e-05,3.969815887411803e-05,0.39519663236714747,0.1750528640205098,0.1750528640205098,0.1750528640205098,0.1750528640205098,0.1750528640205098
MXN,780,nnls_intermedia_legacy,1.2286669838251064e-05,False,False,1.2286669838251064e-05,3.969815887411803e-05,0.6552214157995838,1.0582043020543024,1.0582043020543024,1.0582043020543024,1.0582043020543024,1.0582043020543024
MXN,780,nnls_nonneg,1.5349519155252365e-05,False,True,1.5349519155252365e-05,3.969815887411803e-05,0.5820096153300619,0.6360596289283811,0.6360596289283811,0.6360596289283811,0.6360596289283811,0.6360596289283811
MXN,800,nnls_original_legacy,2.7057844271181797e-05,False,False,2.7057844271181797e-05,5.7800020689444504e-05,0.7346342280611342,0.37715285006403443,0.37715285006403443,0.37715285006403443,0.37715285006403443,0.37715285006403443
MXN,800,nnls_intermedia_legacy,2.6334223133044897e-05,False,False,2.6334223133044897e-05,5.7800020689444504e-05,0.7519263302529661,0.4087435498691818,0.4087435498691818,0.4087435498691818,0.4087435498691818,0.4087435498691818
MXN,800,nnls_nonneg,2.772414538149788e-05,False,True,2.772414538149788e-05,5.7800020689444504e-05,0.7187118810166827,0.35014063094174275,0.35014063094174275,0.35014063094174275,0.35014063094174275,0.35014063094174275
MXN,820,nnls_original_legacy,2.663702658697774e-05,False,False,2.663702658697774e-05,2.9082512029559862e-05,0.058312417562832015,0.003972941179335665,0.003972941179335665,0.003972941179335665,0.003972941179335665,0.003972941179335665
MXN,820,nnls_intermedia_legacy,1.769315592880878e-05,False,False,1.769315592880878e-05,2.9082512029559862e-05,0.2715783447958442,0.14675621399897643,0.14675621399897643,0.14675621399897643,0.14675621399897643,0.14675621399897643
MXN,820,nnls_nonneg,1.9312441708423616e-05,False,True,1.9312441708423616e-05,2.9082512029559862e-05,0.23296659643280507,0.09650763979691024,0.09650763979691024,0.09650763979691024,0.09650763979691024,0.09650763979691024
MXN,840,nnls_original_legacy,2.2242919715832282e-05,False,False,2.2242919715832282e-05,1.1731620119774383e-05,0.2494432339364206,0.16716763448063876,0.16716763448063876,0.16716763448063876,0.16716763448063876,0.16716763448063876
MXN,840,nnls_intermedia_legacy,2.9821779945338584e-05,False,False,2.9821779945338584e-05,1.1731620119774383e-05,0.42929686553770946,0.32634223601532586,0.32634223601532586,0.32634223601532586,0.32634223601532586,0.32634223601532586
MXN,840,nnls_nonneg,2.8820725965871733e-05,False,True,2.8820725965871733e-05,1.1731620119774383e-05,0.40554089324321,0.3058619922123793,0.3058619922123793,0.3058619922123793,0.3058619922123793,0.3058619922123793
MXN,860,nnls_original_legacy,5.847342395833911e-05,False,False,5.847342395833911e-05,7.644192137274826e-05,0.4269142471450549,0.03933450763002666,0.03933450763002666,0.03933450763002666,0.03933450763002666,0.03933450763002666
MXN,860,nnls_intermedia_legacy,4.633576437269845e-05,False,False,4.633576437269845e-05,7.644192137274826e-05,0.7152933856227912,0.1491219386514242,0.1491219386514242,0.1491219386514242,0.1491219386514242,0.1491219386514242
MXN,860,nnls_nonneg,4.175655062644656e-05,False,True,4.175655062644656e-05,7.644192137274826e-05,0.8240911077645284,0.22598207762638234,0.22598207762638234,0.22598207762638234,0.22598207762638234,0.22598207762638234
MXN,880,nnls_original_legacy,3.450948837874773e-05,False,False,3.450948837874773e-05,0.0001553076176025405,2.8094012749988857,1.9962588737700102,1.9962588737700102,1.9962588737700102,1.9962588737700102,1.9962588737700102
MXN,880,nnls_intermedia_legacy,3.648281432088854e-05,False,False,3.648281432088854e-05,0.0001553076176025405,2.7635076468983373,1.8084411230191004,1.8084411230191004,1.8084411230191004,1.8084411230191004,1.8084411230191004
MXN,880,nnls_nonneg,3.636656312455002e-05,False,True,3.636656312455002e-05,0.0001553076176025405,2.7662113001859514,1.8188577367681846,1.8188577367681846,1.8188577367681846,1.8188577367681846,1.8188577367681846
MXN,900,nnls_original_legacy,6.317451638488055e-05,False,False,6.317451638488055e-05,0.00019362234607509185,2.909631788480731,0.9448719488548789,0.9448719488548789,0.9448719488548789,0.9448719488548789,0.9448719488548789
MXN,900,nnls_intermedia_legacy,6.950941587223117e-05,False,False,6.950941587223117e-05,0.00019362234607509185,2.7683321979164526,0.7611082809289531,0.7611082809289531,0.7611082809289531,0.7611082809289531,0.7611082809289531
MXN,900,nnls_nonneg,6.961587404247978e-05,False,True,6.961587404247978e-05,0.00019362234607509185,2.7659576541847977,0.758378939270425,0.758378939270425,0.758378939270425,0.758378939270425,0.758378939270425
MXN,920,nnls_original_legacy,2.5003006440545133e-05,False,False,2.5003006440545133e-05,1.7493452222884784e-05,0.16413173232569653,0.05682337323255027,0.05682337323255027,0.05682337323255027,0.05682337323255027,0.05682337323255027
MXN,920,nnls_intermedia_legacy,2.9306573228860575e-05,False,False,2.9306573228860575e-05,1.7493452222884784e-05,0.25819215877343527,0.11289741921969076,0.11289741921969076,0.11289741921969076,0.11289741921969076,0.11289741921969076
MXN,920,nnls_nonneg,3.03445326026831e-05,False,True,3.03445326026831e-05,1.7493452222884784e-05,0.28087820180226686,0.12728407473363434,0.12728407473363434,0.12728407473363434,0.12728407473363434,0.12728407473363434
MXN,940,nnls_original_legacy,3.582787862645292e-05,False,False,3.582787862645292e-05,6.938888868216794e-05,0.7007755551760245,0.27572849379750153,0.27572849379750153,0.27572849379750153,0.27572849379750153,0.27572849379750153
MXN,940,nnls_intermedia_legacy,2.524164326475953e-05,False,False,2.524164326475953e-05,6.938888868216794e-05,0.921822983441714,0.7377529946000545,0.7377529946000545,0.7377529946000545,0.7377529946000545,0.7377529946000545
MXN,940,nnls_nonneg,2.5425937753657785e-05,False,True,2.5425937753657785e-05,6.938888868216794e-05,0.9179747955427456,0.7251022490584111,0.7251022490584111,0.7251022490584111,0.7251022490584111,0.7251022490584111
MXN,960,nnls_original_legacy,3.172448735718732e-05,False,False,3.172448735718732e-05,3.580431108082344e-06,0.5911949623659427,1.294465812364221,1.294465812364221,1.294465812364221,1.294465812364221,1.294465812364221
MXN,960,nnls_intermedia_legacy,3.201445647347911e-05,False,False,3.201445647347911e-05,3.580431108082344e-06,0.5972860630685596,1.3025422988462827,1.3025422988462827,1.3025422988462827,1.3025422988462827,1.3025422988462827
MXN,960,nnls_nonneg,3.184317681930102e-05,False,True,3.184317681930102e-05,3.580431108082344e-06,0.5936881570734319,1.2977794232234698,1.2977794232234698,1.2977794232234698,1.2977794232234698,1.2977794232234698
MXN,980,nnls_original_legacy,2.729510114383844e-05,False,False,2.729510114383844e-05,5.178032234934008e-07,0.6062119385359628,2.983837782348589,2.983837782348589,2.983837782348589,2.343343851705001,2.983837782348589
MXN,980,nnls_intermedia_legacy,2.2597914949234883e-05,False,False,2.2597914949234883e-05,5.178032234934008e-07,0.49987221907788043,2.7989313905141837,2.7989313905141837,2.7989313905141837,2.162109513377472,2.7989313905141837
MXN,980,nnls_nonneg,2.288453994064298e-05,False,True,2.288453994064298e-05,5.178032234934008e-07,0.5063611296539673,2.811248327201858,2.811248327201858,2.811248327201858,2.174159193857363,2.811248327201858
MXN,1000,nnls_original_legacy,2.608988455117507e-05,False,False,2.608988455117507e-05,5.217004090671793e-05,0.6129311530450164,0.3066664006642892,0.3066664006642892,0.3066664006642892,0.3066664006642892,0.3066664006642892
MXN,1000,nnls_intermedia_legacy,2.619099225521376e-05,False,False,2.619099225521376e-05,5.217004090671793e-05,0.6105549379344427,0.3028149107707785,0.3028149107707785,0.3028149107707785,0.3028149107707785,0.3028149107707785
MXN,1000,nnls_nonneg,2.6417258006456672e-05,False,True,2.6417258006456672e-05,5.217004090671793e-05,0.605237280865472,0.29435603907672236,0.29435603907672236,0.29435603907672236,0.29435603907672236,0.29435603907672236
MXN,1020,nnls_original_legacy,3.439093319128143e-05,False,False,3.439093319128143e-05,3.558728084103287e-05,0.029296614872093573,0.0005913820392153823,0.0005913820392153823,0.0005913820392153823,0.0005913820392153823,0.0005913820392153823
MXN,1020,nnls_intermedia_legacy,2.5961407094009172e-05,False,False,2.5961407094009172e-05,3.558728084103287e-05,0.23572204620666945,0.05539907082375484,0.05539907082375484,0.05539907082375484,0.05539907082375484,0.05539907082375484
MXN,1020,nnls_nonneg,2.506445436228825e-05,False,True,2.506445436228825e-05,3.558728084103287e-05,0.2576869648029986,0.06929304974221906,0.06929304974221906,0.06929304974221906,0.06929304974221906,0.06929304974221906
MXN,1040,nnls_original_legacy,2.4374859912378582e-05,False,False,2.4374859912378582e-05,0.00012022702053959367,2.4969369190389847,2.336589410103553,2.336589410103553,2.336589410103553,2.336589410103553,2.336589410103553
MXN,1040,nnls_intermedia_legacy,2.115303178328984e-05,False,False,2.115303178328984e-05,0.00012022702053959367,2.580865142979676,2.9460794088770452,2.9460794088770452,2.9460794088770452,2.9460794088770452,2.9460794088770452
MXN,1040,nnls_nonneg,2.2405379488522352e-05,False,True,2.2405379488522352e-05,0.00012022702053959367,2.5482416402833685,2.6859083220322693,2.6859083220322693,2.6859083220322693,2.6859083220322693,2.6859083220322693
MXN,1060,nnls_original_legacy,2.6244256483003762e-05,False,False,2.6244256483003762e-05,9.398432019466764e-05,1.7659155748112048,1.3054578130148782,1.3054578130148782,1.3054578130148782,1.3054578130148782,1.3054578130148782
MXN,1060,nnls_intermedia_legacy,2.408500588552042e-05,False,False,2.408500588552042e-05,9.398432019466764e-05,1.8222050739803604,1.5406536432790148,1.5406536432790148,1.5406536432790148,1.5406536432790148,1.5406536432790148
MXN,1060,nnls_nonneg,2.5561777174923037e-05,False,True,2.5561777174923037e-05,9.398432019466764e-05,1.783707126421727,1.3747223841820233,1.3747223841820233,1.3747223841820233,1.3747223841820233,1.3747223841820233
MXN,1080,nnls_original_legacy,5.0367324030966136e-05,False,False,5.0367324030966136e-05,0.0001607680696490692,2.816613347473092,1.0312919397071107,1.0312919397071107,1.0312919397071107,1.0312919397071107,1.0312919397071107
MXN,1080,nnls_intermedia_legacy,5.085890420863822e-05,False,False,5.085890420863822e-05,0.0001607680696490692,2.8040718444059483,1.0101528801456645,1.0101528801456645,1.0101528801456645,1.0101528801456645,1.0101528801456645
MXN,1080,nnls_nonneg,4.726866538706613e-05,False,True,4.726866538706613e-05,0.0001607680696490692,2.8956682781876224,1.1770400997750405,1.1770400997750405,1.1770400997750405,1.1770400997750405,1.1770400997750405
MXN,1100,nnls_original_legacy,3.656661228972024e-05,False,False,3.656661228972024e-05,3.6662785157296626e-06,0.8425619920154376,1.4002214796899848,1.4002214796899848,1.4002214796899848,1.4002214796899848,1.4002214796899848
MXN,1100,nnls_intermedia_legacy,2.9883529671875484e-05,False,False,2.9883529671875484e-05,3.6662785157296626e-06,0.6714114060676878,1.2208159539110324,1.2208159539110324,1.2208159539110324,1.2208159539110324,1.2208159539110324
MXN,1100,nnls_nonneg,3.080419682210471e-05,False,True,3.080419682210471e-05,3.6662785157296626e-06,0.6949892564751982,1.2474926211629396,1.2474926211629396,1.2474926211629396,1.2474926211629396,1.2474926211629396
MXN,1120,nnls_original_legacy,6.078921926649468e-05,False,False,6.078921926649468e-05,1.8628687742011607e-05,1.072137148677216,0.4891569424074558,0.4891569424074558,0.4891569424074558,0.4891569424074558,0.4891569424074558
MXN,1120,nnls_intermedia_legacy,6.646784926522062e-05,False,False,6.646784926522062e-05,1.8628687742011607e-05,1.216544013464758,0.5522817597432492,0.5522817597432492,0.5522817597432492,0.5522817597432492,0.5522817597432492
MXN,1120,nnls_nonneg,4.696562251305534e-05,False,True,4.696562251305534e-05,1.8628687742011607e-05,0.7206047777181478,0.32135833281154236,0.32135833281154236,0.32135833281154236,0.32135833281154236,0.32135833281154236
MXN,1140,nnls_original_legacy,2.5296501400928257e-05,False,False,2.5296501400928257e-05,0.00013627841780089765,2.959225341368244,2.7032098186815627,2.7032098186815627,2.7032098186815627,2.7032098186815627,2.7032098186815627
MXN,1140,nnls_intermedia_legacy,2.2876182146460837e-05,False,False,2.2876182146460837e-05,0.00013627841780089765,3.0237608107884086,3.1726149064674605,3.1726149064674605,3.1726149064674605,3.1726149064674605,3.1726149064674605
MXN,1140,nnls_nonneg,2.2428814862831937e-05,False,True,2.2428814862831937e-05,0.00013627841780089765,3.035689426238178,3.271688379338948,3.271688379338948,3.271688379338948,3.271688379338948,3.271688379338948
MXN,1160,nnls_original_legacy,6.439171657533863e-05,False,False,6.439171657533863e-05,0.0002465958325511073,4.390344908515322,1.4868547273380197,1.4868547273380197,1.4868547273380197,1.4868547273380197,1.4868547273380197
MXN,1160,nnls_intermedia_legacy,6.902045681040011e-05,False,False,6.902045681040011e-05,0.0002465958325511073,4.278811938938802,1.299445645125206,1.299445645125206,1.299445645125206,1.299445645125206,1.299445645125206
MXN,1160,nnls_nonneg,6.541273041480254e-05,False,True,6.541273041480254e-05,0.0002465958325511073,4.365742813839206,1.4428108647657476,1.4428108647657476,1.4428108647657476,1.4428108647657476,1.4428108647657476
MXN,1180,nnls_original_legacy,4.831091443522952e-05,False,False,4.831091443522952e-05,9.708915850626453e-06,0.8394654402541932,0.8055802212664847,0.8055802212664847,0.8055802212664847,0.8055802212664847,0.8055802212664847
MXN,1180,nnls_intermedia_legacy,7.135764074195681e-05,False,False,7.135764074195681e-05,9.708915850626453e-06,1.3406552997142551,1.1307197366265047,1.1307197366265047,1.1307197366265047,1.1307197366265047,1.1307197366265047
MXN,1180,nnls_nonneg,6.359468220488602e-05,False,True,6.359468220488602e-05,9.708915850626453e-06,1.1718366984774669,1.0321539052274957,1.0321539052274957,1.0321539052274957,1.0321539052274957,1.0321539052274957
MXN,1200,nnls_original_legacy,3.3290073380120565e-05,False,False,3.3290073380120565e-05,1.2011009950008637e-05,0.4406821201466489,0.3802340732157363,0.3802340732157363,0.3802340732157363,0.3802340732157363,0.3802340732157363
MXN,1200,nnls_intermedia_legacy,4.5882835443938956e-05,False,False,4.5882835443938956e-05,1.2011009950008637e-05,0.7014739121826102,0.6020430358099123,0.6020430358099123,0.6020430358099123,0.6020430358099123,0.6020430358099123
MXN,1200,nnls_nonneg,4.192773431781498e-05,False,True,4.192773431781498e-05,1.2011009950008637e-05,0.6195651216299076,0.5365931296695119,0.5365931296695119,0.5365931296695119,0.5365931296695119,0.5365931296695119
MXN,1220,nnls_original_legacy,3.3649774243405895e-05,False,False,3.3649774243405895e-05,2.289310438158815e-05,0.2132620605707531,0.06550516141889329,0.06550516141889329,0.06550516141889329,0.06550516141889329,0.06550516141889329
MXN,1220,nnls_intermedia_legacy,4.6460113202911684e-05,False,False,4.6460113202911684e-05,2.289310438158815e-05,0.4672402265095871,0.2005059120430741,0.2005059120430741,0.2005059120430741,0.2005059120430741,0.2005059120430741
MXN,1220,nnls_nonneg,5.177854063731631e-05,False,True,5.177854063731631e-05,2.289310438158815e-05,0.5726835289654166,0.25827503032014354,0.25827503032014354,0.25827503032014354,0.25827503032014354,0.25827503032014354
MXN,1240,nnls_original_legacy,3.508681847294725e-05,False,False,3.508681847294725e-05,1.9536685265449408e-06,0.6061463707820898,1.9437975995709778,1.9437975995709778,1.9437975995709778,1.9437975995709778,1.9437975995709778
MXN,1240,nnls_intermedia_legacy,3.4848362971933274e-05,False,False,3.4848362971933274e-05,1.9536685265449408e-06,0.6017840044883187,1.9373592503061503,1.9373592503061503,1.9373592503061503,1.9373592503061503,1.9373592503061503
MXN,1240,nnls_nonneg,4.013221798964343e-05,False,True,4.013221798964343e-05,1.9536685265449408e-06,0.6984482077984393,2.0711513532671493,2.0711513532671493,2.0711513532671493,2.0711513532671493,2.0711513532671493
MXN,1260,nnls_original_legacy,4.46172265842863e-05,False,False,4.46172265842863e-05,0.00015133606389252746,1.8539551777961851,1.1704922680641445,1.1704922680641445,1.1704922680641445,1.1704922680641445,1.1704922680641445
MXN,1260,nnls_intermedia_legacy,3.9438396163243795e-05,False,False,3.9438396163243795e-05,0.00015133606389252746,1.9439235443582026,1.4925142503455975,1.4925142503455975,1.4925142503455975,1.4925142503455975,1.4925142503455975
MXN,1260,nnls_nonneg,3.501141092948056e-05,False,True,3.501141092948056e-05,0.00015133606389252746,2.0208306059714833,1.8586493794291208,1.8586493794291208,1.8586493794291208,1.8586493794291208,1.8586493794291208
MXN,1280,nnls_original_legacy,5.810791798758093e-05,False,False,5.810791798758093e-05,9.594327443383072e-05,0.5914190344297984,0.14966702917042873,0.14966702917042873,0.14966702917042873,0.14966702917042873,0.14966702917042873
MXN,1280,nnls_intermedia_legacy,5.09133302805713e-05,False,False,5.09133302805713e-05,9.594327443383072e-05,0.7038804069252564,0.25081076492010235,0.25081076492010235,0.25081076492010235,0.25081076492010235,0.25081076492010235
MXN,1280,nnls_nonneg,6.540676586897646e-05,False,True,6.540676586897646e-05,9.594327443383072e-05,0.47732793097746673,0.08373937297410672,0.08373937297410672,0.08373937297410672,0.08373937297410672,0.08373937297410672
MXN,1300,nnls_original_legacy,4.405788854871251e-05,False,False,4.405788854871251e-05,8.462115764578331e-06,0.5418674587004858,0.8419733039535469,0.8419733039535469,0.8419733039535469,0.8419733039535469,0.8419733039535469
MXN,1300,nnls_intermedia_legacy,4.3431284410587486e-05,False,False,4.3431284410587486e-05,8.462115764578331e-06,0.5323287869599933,0.8304199658965101,0.8304199658965101,0.8304199658965101,0.8304199658965101,0.8304199658965101
MXN,1300,nnls_nonneg,4.386417900712979e-05,False,True,4.386417900712979e-05,8.462115764578331e-06,0.5389186563901663,0.8384151010972487,0.8384151010972487,0.8384151010972487,0.8384151010972487,0.8384151010972487
MXN,1320,nnls_original_legacy,8.258554197474889e-05,False,False,8.258554197474889e-05,7.999052029031222e-05,0.03775243978672606,0.0005042698442423443,0.0005042698442423443,0.0005042698442423443,0.0005042698442423443,0.0005042698442423443
MXN,1320,nnls_intermedia_legacy,6.940839302679764e-05,False,False,6.940839302679764e-05,7.999052029031222e-05,0.15394904972365564,0.01056144757157429,0.01056144757157429,0.01056144757157429,0.01056144757157429,0.01056144757157429
MXN,1320,nnls_nonneg,7.391102054090758e-05,False,True,7.391102054090758e-05,7.999052029031222e-05,0.08844471304394438,0.003208119970432577,0.003208119970432577,0.003208119970432577,0.003208119970432577,0.003208119970432577
MXN,1340,nnls_original_legacy,5.9189477605092396e-05,False,False,5.9189477605092396e-05,1.110424459253308e-05,0.6493555069853043,0.8610213966983238,0.8610213966983238,0.8610213966983238,0.8610213966983238,0.8610213966983238
MXN,1340,nnls_intermedia_legacy,5.980470081238772e-05,False,False,5.980470081238772e-05,1.110424459253308e-05,0.6576636413678086,0.8694319490108045,0.8694319490108045,0.8694319490108045,0.8694319490108045,0.8694319490108045
MXN,1340,nnls_nonneg,6.108318712123863e-05,False,True,6.108318712123863e-05,1.110424459253308e-05,0.6749286533734864,0.8866981143572321,0.8866981143572321,0.8866981143572321,0.8866981143572321,0.8866981143572321
MXN,1360,nnls_original_legacy,7.996089982647711e-05,False,False,7.996089982647711e-05,0.006881008012150135,89.3703041919412,80.59967688282637,80.59967688282637,80.59967688282637,80.59967688282637,80.59967688282637
MXN,1360,nnls_intermedia_legacy,9.604804182768742e-05,False,False,9.604804182768742e-05,0.006881008012150135,89.15890839501722,66.36964298969274,66.36964298969274,66.36964298969274,66.36964298969274,66.36964298969274
MXN,1360,nnls_nonneg,8.8533142948521e-05,False,True,8.8533142948521e-05,0.006881008012150135,89.25765918849221,72.3692527344518,72.3692527344518,72.3692527344518,72.3692527344518,72.3692527344518
MXN,1380,nnls_original_legacy,8.064512691564588e-05,False,False,8.064512691564588e-05,1.0704430191947533e-05,0.6740422522328068,1.1521356786740142,1.1521356786740142,1.1521356786740142,1.1521356786740142,1.1521356786740142
MXN,1380,nnls_intermedia_legacy,5.7261769014971676e-05,False,False,5.7261769014971676e-05,1.0704430191947533e-05,0.4486888891343272,0.8639140184129106,0.8639140184129106,0.8639140184129106,0.8639140184129106,0.8639140184129106
MXN,1380,nnls_nonneg,5.020842333688307e-05,False,True,5.020842333688307e-05,1.0704430191947533e-05,0.3807134009086791,0.7587250029687482,0.7587250029687482,0.7587250029687482,0.7587250029687482,0.7587250029687482
MXN,1400,nnls_original_legacy,0.0001185512603850213,False,False,0.0001185512603850213,0.00028476948133116187,1.6067247982724377,0.5257443301995148,0.5257443301995148,0.5257443301995148,0.5257443301995148,0.5257443301995148
MXN,1400,nnls_intermedia_legacy,8.942899461299713e-05,False,False,8.942899461299713e-05,0.00028476948133116187,1.8882310394741988,1.026073143803861,1.026073143803861,1.026073143803861,1.026073143803861,1.026073143803861
MXN,1400,nnls_nonneg,8.426231302527143e-05,False,True,8.426231302527143e-05,0.00028476948133116187,1.938174032393527,1.161813964461548,1.161813964461548,1.161813964461548,1.161813964461548,1.161813964461548
MXN,1420,nnls_original_legacy,7.709328370328443e-05,False,False,7.709328370328443e-05,2.0909986310684468e-05,0.5140844906605354,0.5760189818639074,0.5760189818639074,0.5760189818639074,0.5760189818639074,0.5760189818639074
MXN,1420,nnls_intermedia_legacy,6.42784824597452e-05,False,False,6.42784824597452e-05,2.0909986310684468e-05,0.3968273897793656,0.4483011222591793,0.4483011222591793,0.4483011222591793,0.4483011222591793,0.4483011222591793
MXN,1420,nnls_nonneg,5.516137409680904e-05,False,True,5.516137409680904e-05,2.0909986310684468e-05,0.31340466048839527,0.34910545653384695,0.34910545653384695,0.34910545653384695,0.34910545653384695,0.34910545653384695
MXN,1440,nnls_original_legacy,7.841226772766375e-05,False,False,7.841226772766375e-05,0.00016756357696463158,0.8265883265237433,0.37757368792312596,0.37757368792312596,0.37757368792312596,0.37757368792312596,0.37757368792312596
MXN,1440,nnls_intermedia_legacy,4.931468428080843e-05,False,False,4.931468428080843e-05,0.00016756357696463158,1.0963737398068016,1.1747024989192996,1.1747024989192996,1.1747024989192996,1.1747024989192996,1.1747024989192996
MXN,1440,nnls_nonneg,5.06984616231771e-05,False,True,5.06984616231771e-05,0.00016756357696463158,1.0835437072755947,1.1096345280603521,1.1096345280603521,1.1096345280603521,1.1096345280603521,1.1096345280603521
MXN,1460,nnls_original_legacy,7.119262127053745e-05,False,False,7.119262127053745e-05,0.00022547096213652856,1.379339247721361,1.0142530099638796,1.0142530099638796,1.0142530099638796,1.0142530099638796,1.0142530099638796
MXN,1460,nnls_intermedia_legacy,6.972675877822831e-05,False,False,6.972675877822831e-05,0.00022547096213652856,1.3924449218947754,1.060028846724161,1.060028846724161,1.060028846724161,1.060028846724161,1.060028846724161
MXN,1460,nnls_nonneg,8.118921269155164e-05,False,True,8.118921269155164e-05,0.00022547096213652856,1.289963831748897,0.7556959315551275,0.7556959315551275,0.7556959315551275,0.7556959315551275,0.7556959315551275
MXN,1480,nnls_original_legacy,6.855252570617208e-05,False,False,6.855252570617208e-05,0.00024383259169534266,1.5630319832996862,1.287990833671886,1.287990833671886,1.287990833671886,1.287990833671886,1.287990833671886
MXN,1480,nnls_intermedia_legacy,3.529406127242314e-05,False,False,3.529406127242314e-05,0.00024383259169534266,1.859609026057055,3.9758339566818224,3.9758339566818224,3.9758339566818224,3.9758339566818224,3.9758339566818224
MXN,1480,nnls_nonneg,2.7306388174371145e-05,False,True,2.7306388174371145e-05,0.00024383259169534266,1.9308378246882076,5.740146052747814,5.740146052747814,5.740146052747814,5.740146052747814,5.740146052747814
MXN,1500,nnls_original_legacy,7.013736010155769e-05,False,False,7.013736010155769e-05,0.00012834814290491953,0.5066296658870879,0.22566317161126292,0.22566317161126292,0.22566317161126292,0.22566317161126292,0.22566317161126292
MXN,1500,nnls_intermedia_legacy,3.425638148916205e-05,False,False,3.425638148916205e-05,0.00012834814290491953,0.8189149046461499,1.4258193766836413,1.4258193766836413,1.4258193766836413,1.4258193766836413,1.4258193766836413
MXN,1500,nnls_nonneg,3.0142129780260635e-05,False,True,3.0142129780260635e-05,0.00012834814290491953,0.8547227372894127,1.809275427732718,1.809275427732718,1.809275427732718,1.809275427732718,1.809275427732718
MXN,1520,nnls_original_legacy,0.00010118756793078876,False,False,0.00010118756793078876,2.0035839518106407e-06,0.8502228713680982,2.9418390428212833,2.9418390428212833,2.9418390428212833,2.9418390428212833,2.9418390428212833
MXN,1520,nnls_intermedia_legacy,8.060628109300162e-05,False,False,8.060628109300162e-05,2.0035839518106407e-06,0.6737963951400143,2.7194954475217106,2.7194954475217106,2.7194954475217106,2.7194954475217106,2.7194954475217106
MXN,1520,nnls_nonneg,8.098093084456072e-05,False,True,8.098093084456072e-05,2.0035839518106407e-06,0.6770079598982462,2.7240175815042598,2.7240175815042598,2.7240175815042598,2.7240175815042598,2.7240175815042598
MXN,1540,nnls_original_legacy,7.008629467252672e-05,False,False,7.008629467252672e-05,2.0864946644377455e-05,0.4214657767654855,0.5093603698957878,0.5093603698957878,0.5093603698957878,0.5093603698957878,0.5093603698957878
MXN,1540,nnls_intermedia_legacy,4.386888303531443e-05,False,False,4.386888303531443e-05,2.0864946644377455e-05,0.19697493685311857,0.21875534676263486,0.21875534676263486,0.21875534676263486,0.21875534676263486,0.21875534676263486
MXN,1540,nnls_nonneg,4.338940608832991e-05,False,True,4.338940608832991e-05,2.0864946644377455e-05,0.19286933771783266,0.2130212760209722,0.2130212760209722,0.2130212760209722,0.2130212760209722,0.2130212760209722
MXN,1560,nnls_original_legacy,7.095732207147392e-05,False,False,7.095732207147392e-05,6.180690747182988e-05,0.07936231556605261,0.00910687475268479,0.00910687475268479,0.00910687475268479,0.00910687475268479,0.00910687475268479
MXN,1560,nnls_intermedia_legacy,4.78822295617887e-05,False,False,4.78822295617887e-05,6.180690747182988e-05,0.12076990287361623,0.03554029157784733,0.03554029157784733,0.03554029157784733,0.03554029157784733,0.03554029157784733
MXN,1560,nnls_nonneg,4.421046172315963e-05,False,True,4.421046172315963e-05,6.180690747182988e-05,0.1526154542113555,0.06296174786471798,0.06296174786471798,0.06296174786471798,0.06296174786471798,0.06296174786471798
MXN,1580,nnls_original_legacy,6.660480641817025e-05,False,False,6.660480641817025e-05,4.259380615531717e-06,0.5424787118687416,1.8136030378096253,1.8136030378096253,1.8136030378096253,1.8136030378096253,1.8136030378096253
MXN,1580,nnls_intermedia_legacy,4.602060865887694e-05,False,False,4.602060865887694e-05,4.259380615531717e-06,0.36337192189089057,1.4725193215486647,1.4725193215486647,1.4725193215486647,1.4725193215486647,1.4725193215486647
MXN,1580,nnls_nonneg,4.2651618052037136e-05,False,True,4.2651618052037136e-05,4.259380615531717e-06,0.3340577314564257,1.4038059123972109,1.4038059123972109,1.4038059123972109,1.4038059123972109,1.4038059123972109
MXN,1600,nnls_original_legacy,9.653918622807391e-05,False,False,9.653918622807391e-05,4.161000004126416e-05,0.4753002616776797,0.2726251620484432,0.2726251620484432,0.2726251620484432,0.2726251620484432,0.2726251620484432
MXN,1600,nnls_intermedia_legacy,0.00010764912660807106,False,False,0.00010764912660807106,4.161000004126416e-05,0.5714341740185126,0.33707014563045634,0.33707014563045634,0.33707014563045634,0.33707014563045634,0.33707014563045634
MXN,1600,nnls_nonneg,9.909491072912585e-05,False,True,9.909491072912585e-05,4.161000004126416e-05,0.4974148533629601,0.2876380356840278,0.2876380356840278,0.2876380356840278,0.2876380356840278,0.2876380356840278
MXN,1620,nnls_original_legacy,4.768968216875661e-05,False,False,4.768968216875661e-05,5.0852659127798855e-06,0.36646400829015474,1.345000159648829,1.345000159648829,1.345000159648829,1.345000159648829,1.345000159648829
MXN,1620,nnls_intermedia_legacy,6.406369154479952e-05,False,False,6.406369154479952e-05,5.0852659127798855e-06,0.5073058654270539,1.6129087313604078,1.6129087313604078,1.6129087313604078,1.6129087313604078,1.6129087313604078
MXN,1620,nnls_nonneg,8.984024967208399e-05,False,True,8.984024967208399e-05,5.0852659127798855e-06,0.7290242139309764,1.9282891936761457,1.9282891936761457,1.9282891936761457,1.9282891936761457,1.9282891936761457
MXN,1640,nnls_original_legacy,8.03693559538179e-05,False,False,8.03693559538179e-05,1.8565557328902053e-05,0.533017692107323,0.6963277888210953,0.6963277888210953,0.6963277888210953,0.6963277888210953,0.6963277888210953
MXN,1640,nnls_intermedia_legacy,4.6856924465357354e-05,False,False,4.6856924465357354e-05,1.8565557328902053e-05,0.24399469859697315,0.32200870012981775,0.32200870012981775,0.32200870012981775,0.32200870012981775,0.32200870012981775
MXN,1640,nnls_nonneg,3.8294422262943134e-05,False,True,3.8294422262943134e-05,1.8565557328902053e-05,0.17014866867423048,0.20880714979870452,0.20880714979870452,0.20880714979870452,0.20880714979870452,0.20880714979870452
MXN,1660,nnls_original_legacy,7.690833694328071e-05,False,False,7.690833694328071e-05,5.672838588927453e-05,0.17802141749261577,0.041949922258700534,0.041949922258700534,0.041949922258700534,0.041949922258700534,0.041949922258700534
MXN,1660,nnls_intermedia_legacy,4.222314942149956e-05,False,False,4.222314942149956e-05,5.672838588927453e-05,0.12796080377738328,0.048231446857836424,0.048231446857836424,0.048231446857836424,0.048231446857836424,0.048231446857836424
MXN,1660,nnls_nonneg,3.2918021409395455e-05,False,True,3.2918021409395455e-05,5.672838588927453e-05,0.2100478254075058,0.17906862791848566,0.17906862791848566,0.17906862791848566,0.17906862791848566,0.17906862791848566
MXN,1680,nnls_original_legacy,8.288955725122398e-05,False,False,8.288955725122398e-05,9.173620132481404e-05,0.08119145018382261,0.005320094206495485,0.005320094206495485,0.005320094206495485,0.005320094206495485,0.005320094206495485
MXN,1680,nnls_intermedia_legacy,7.832174808865073e-05,False,False,7.832174808865073e-05,9.173620132481404e-05,0.12311322831655272,0.01318190645586137,0.01318190645586137,0.01318190645586137,0.01318190645586137,0.01318190645586137
MXN,1680,nnls_nonneg,8.310476382886815e-05,False,True,8.310476382886815e-05,9.173620132481404e-05,0.07921635838825801,0.005047071863312658,0.005047071863312658,0.005047071863312658,0.005047071863312658,0.005047071863312658
MXN,1700,nnls_original_legacy,8.731306865093067e-05,False,False,8.731306865093067e-05,4.292222540851008e-08,0.8075179021458664,6.618357252163107,6.618357252163107,6.618357252163107,3.480953189043494,6.618357252163107
MXN,1700,nnls_intermedia_legacy,8.845162539757113e-05,False,False,8.845162539757113e-05,4.292222540851008e-08,0.8180530621424841,6.631306571449826,6.631306571449826,6.631306571449826,3.4937614116348277,6.631306571449826
MXN,1700,nnls_nonneg,8.952617549670462e-05,False,True,8.952617549670462e-05,4.292222540851008e-08,0.8279959633216799,6.643375996303536,6.643375996303536,6.643375996303536,3.505700963734662,6.643375996303536
MXN,1720,nnls_original_legacy,7.349454349563363e-05,False,False,7.349454349563363e-05,1.0326055893089457e-05,0.5895220478238385,1.1030417529180734,1.1030417529180734,1.1030417529180734,1.1030417529180734,1.1030417529180734
MXN,1720,nnls_intermedia_legacy,0.00010114754678543208,False,False,0.00010114754678543208,1.0326055893089457e-05,0.8475946366509414,1.3839989502338201,1.3839989502338201,1.3839989502338201,1.3839989502338201,1.3839989502338201
MXN,1720,nnls_nonneg,9.46644307869537e-05,False,True,9.46644307869537e-05,1.0326055893089457e-05,0.7870907372422664,1.324748562997541,1.324748562997541,1.324748562997541,1.324748562997541,1.324748562997541
MXN,1740,nnls_original_legacy,0.0001732063768621756,False,False,0.0001732063768621756,3.718982404702326e-05,1.2868124307696205,0.7531625791540253,0.7531625791540253,0.7531625791540253,0.7531625791540253,0.7531625791540253
MXN,1740,nnls_intermedia_legacy,0.00013619070260097554,False,False,0.00013619070260097554,3.718982404702326e-05,0.936618069959992,0.5710926324502843,0.5710926324502843,0.5710926324502843,0.5710926324502843,0.5710926324502843
MXN,1740,nnls_nonneg,0.00012356314738649326,False,True,0.00012356314738649326,3.718982404702326e-05,0.8171524998958215,0.5016954473724973,0.5016954473724973,0.5016954473724973,0.5016954473724973,0.5016954473724973
MXN,1760,nnls_original_legacy,7.079131628281814e-05,False,False,7.079131628281814e-05,9.5483052486807e-06,0.5768128050851611,1.138252275584989,1.138252275584989,1.138252275584989,1.138252275584989,1.138252275584989
MXN,1760,nnls_intermedia_legacy,8.083985564405206e-05,False,False,8.083985564405206e-05,9.5483052486807e-06,0.6714542356433545,1.2542202624481789,1.2542202624481789,1.2542202624481789,1.2542202624481789,1.2542202624481789
MXN,1760,nnls_nonneg,7.504160635640225e-05,False,True,7.504160635640225e-05,9.5483052486807e-06,0.6168438502341841,1.1889191832592099,1.1889191832592099,1.1889191832592099,1.1889191832592099,1.1889191832592099
MXN,1780,nnls_original_legacy,6.746047169205688e-05,False,False,6.746047169205688e-05,3.664236415945624e-06,0.6258828926517261,1.9672386451513049,1.9672386451513049,1.9672386451513049,1.9672386451513049,1.9672386451513049
MXN,1780,nnls_intermedia_legacy,7.318357788382282e-05,False,False,7.318357788382282e-05,3.664236415945624e-06,0.6820303164417435,2.0444201885468196,2.0444201885468196,2.0444201885468196,2.0444201885468196,2.0444201885468196
MXN,1780,nnls_nonneg,8.230668358949205e-05,False,True,8.230668358949205e-05,3.664236415945624e-06,0.7715339644911741,2.156351651529691,2.156351651529691,2.156351651529691,2.156351651529691,2.156351651529691
MXN,1800,nnls_original_legacy,7.146206135935134e-05,False,False,7.146206135935134e-05,7.54438008994045e-06,0.607042738782356,1.3539355943343345,1.3539355943343345,1.3539355943343345,1.3539355943343345,1.3539355943343345
MXN,1800,nnls_intermedia_legacy,5.126707375427862e-05,False,False,5.126707375427862e-05,7.54438008994045e-06,0.4152457220259616,1.0634041729197303,1.0634041729197303,1.0634041729197303,1.0634041729197303,1.0634041729197303
MXN,1800,nnls_nonneg,4.449423973229601e-05,False,True,4.449423973229601e-05,7.54438008994045e-06,0.3509223668545931,0.9441153890478986,0.9441153890478986,0.9441153890478986,0.9441153890478986,0.9441153890478986
MXN,1820,nnls_original_legacy,0.00012648966736493176,False,False,0.00012648966736493176,0.0001742854338282679,0.4624947701215387,0.05732925458286364,0.05732925458286364,0.05732925458286364,0.05732925458286364,0.05732925458286364
MXN,1820,nnls_intermedia_legacy,0.0001909947486488669,False,False,0.0001909947486488669,0.0001742854338282679,0.16168734782754124,0.004065825195670891,0.004065825195670891,0.004065825195670891,0.004065825195670891,0.004065825195670891
MXN,1820,nnls_nonneg,0.0001583427866641237,False,True,0.0001583427866641237,0.0001742854338282679,0.15426870371386894,0.00475223109819134,0.00475223109819134,0.00475223109819134,0.00475223109819134,0.00475223109819134
MXN,1840,nnls_original_legacy,5.5539643999396275e-05,False,False,5.5539643999396275e-05,1.103033782834356e-05,0.4435992653737392,0.8150505735093976,0.8150505735093976,0.8150505735093976,0.8150505735093976,0.8150505735093976
MXN,1840,nnls_intermedia_legacy,4.084777484693932e-05,False,False,4.084777484693932e-05,1.103033782834356e-05,0.29717365411054614,0.5792381066247572,0.5792381066247572,0.5792381066247572,0.5792381066247572,0.5792381066247572
MXN,1840,nnls_nonneg,4.412281149255584e-05,False,True,4.412281149255584e-05,1.103033782834356e-05,0.3298141056261084,0.6363191818081224,0.6363191818081224,0.6363191818081224,0.6363191818081224,0.6363191818081224
MXN,1860,nnls_original_legacy,1.720379103344942e-05,False,False,1.720379103344942e-05,6.484408018274832e-06,0.12507217156850778,0.35264662984473527,0.35264662984473527,0.35264662984473527,0.35264662984473527,0.35264662984473527
MXN,1860,nnls_intermedia_legacy,0.0001296023539628194,False,False,0.0001296023539628194,6.484408018274832e-06,1.4365219375536553,2.045103521934355,2.045103521934355,2.045103521934355,2.045103521934355,2.045103521934355
MXN,1860,nnls_nonneg,0.00016657846860122178,False,True,0.00016657846860122178,6.484408018274832e-06,1.8679537603968426,2.2849930003103744,2.2849930003103744,2.2849930003103744,2.2849930003103744,2.2849930003103744
MXN,1880,nnls_original_legacy,4.875810715624054e-05,False,False,4.875810715624054e-05,6.702736252491327e-05,0.23796519071577366,0.05646219716379863,0.05646219716379863,0.05646219716379863,0.05646219716379863,0.05646219716379863
MXN,1880,nnls_intermedia_legacy,6.221432216877055e-05,False,False,6.221432216877055e-05,6.702736252491327e-05,0.0626919950024994,0.002846557878430911,0.002846557878430911,0.002846557878430911,0.002846557878430911,0.002846557878430911
MXN,1880,nnls_nonneg,6.324837758406563e-05,False,True,6.324837758406563e-05,6.702736252491327e-05,0.049222962513451166,0.0017168745984397216,0.0017168745984397216,0.0017168745984397216,0.0017168745984397216,0.0017168745984397216
MXN,1900,nnls_original_legacy,5.2255545885012506e-05,False,False,5.2255545885012506e-05,6.550998020153112e-05,0.1709191636770936,0.02758998770198673,0.02758998770198673,0.02758998770198673,0.02758998770198673,0.02758998770198673
MXN,1900,nnls_intermedia_legacy,4.3032476599837115e-05,False,False,4.3032476599837115e-05,6.550998020153112e-05,0.2898528919006698,0.10209073556092108,0.10209073556092108,0.10209073556092108,0.10209073556092108,0.10209073556092108
MXN,1900,nnls_nonneg,4.3665186801187816e-05,False,True,4.3665186801187816e-05,6.550998020153112e-05,0.2816939395167078,0.09462804216252407,0.09462804216252407,0.09462804216252407,0.09462804216252407,0.09462804216252407
MXN,1920,nnls_original_legacy,5.4291664484810456e-05,False,False,5.4291664484810456e-05,7.565803927760644e-08,0.7549477530428335,5.577295829594504,5.577295829594504,5.577295829594504,3.012789740330203,5.577295829594504
MXN,1920,nnls_intermedia_legacy,6.490387325396813e-05,False,False,6.490387325396813e-05,7.565803927760644e-08,0.9027207759995466,5.75560457104286,5.75560457104286,5.75560457104286,3.188314703241897,5.75560457104286
MXN,1920,nnls_nonneg,6.32064520750554e-05,False,True,6.32064520750554e-05,7.565803927760644e-08,0.8790845034482866,5.729134959437535,5.729134959437535,5.729134959437535,3.162227555367343,5.729134959437535
MXN,1940,nnls_original_legacy,4.3619354035923486e-05,False,False,4.3619354035923486e-05,7.81964340664205e-06,0.5082073539852769,0.8981320398869757,0.8981320398869757,0.8981320398869757,0.8981320398869757,0.8981320398869757
MXN,1940,nnls_intermedia_legacy,3.503121943131059e-05,False,False,3.503121943131059e-05,7.81964340664205e-06,0.3862914757180978,0.7228199693966657,0.7228199693966657,0.7228199693966657,0.7228199693966657,0.7228199693966657
MXN,1940,nnls_nonneg,3.5537213200300054e-05,False,True,3.5537213200300054e-05,7.81964340664205e-06,0.3934744878137555,0.7339824385393079,0.7339824385393079,0.7339824385393079,0.7339824385393079,0.7339824385393079
MXN,1960,nnls_original_legacy,3.737825709017656e-05,False,False,3.737825709017656e-05,1.1169429885851128e-05,0.4002644947515185,0.5067301833144418,0.5067301833144418,0.5067301833144418,0.5067301833144418,0.5067301833144418
MXN,1960,nnls_intermedia_legacy,4.229336097963558e-05,False,False,4.229336097963558e-05,1.1169429885851128e-05,0.47532857753660596,0.5955437166599222,0.5955437166599222,0.5955437166599222,0.5955437166599222,0.5955437166599222
MXN,1960,nnls_nonneg,4.294712871461561e-05,False,True,4.294712871461561e-05,1.1169429885851128e-05,0.48531300034524816,0.6068631835401288,0.6068631835401288,0.6068631835401288,0.6068631835401288,0.6068631835401288
MXN,1980,nnls_original_legacy,6.790624830540183e-05,False,False,6.790624830540183e-05,1.4481231016773894e-05,0.8235130882713524,0.7585279464563197,0.7585279464563197,0.7585279464563197,0.7585279464563197,0.7585279464563197
MXN,1980,nnls_intermedia_legacy,5.921528618848524e-05,False,False,5.921528618848524e-05,1.4481231016773894e-05,0.6895473655410244,0.6528785652035045,0.6528785652035045,0.6528785652035045,0.6528785652035045,0.6528785652035045
MXN,1980,nnls_nonneg,5.6919146752999796e-05,False,True,5.6919146752999796e-05,1.4481231016773894e-05,0.6541538182183779,0.6231959547455692,0.6231959547455692,0.6231959547455692,0.6231959547455692,0.6231959547455692
MXN,2000,nnls_original_legacy,3.729761281862505e-05,False,False,3.729761281862505e-05,1.6790731651771836e-05,0.3278617722157745,0.24828475336183864,0.24828475336183864,0.24828475336183864,0.24828475336183864,0.24828475336183864
MXN,2000,nnls_intermedia_legacy,3.0062726344610195e-05,False,False,3.0062726344610195e-05,1.6790731651771836e-05,0.21219119891647859,0.14098228118832012,0.14098228118832012,0.14098228118832012,0.14098228118832012,0.14098228118832012
MXN,2000,nnls_nonneg,3.101853963738775e-05,False,True,3.101853963738775e-05,1.6790731651771836e-05,0.22747263725552613,0.15507080302966303,0.15507080302966303,0.15507080302966303,0.15507080302966303,0.15507080302966303
MXN,2020,nnls_original_legacy,3.461140720164801e-05,False,False,3.461140720164801e-05,1.1153077510354214e-05,0.38932145709649274,0.4547048889070231,0.4547048889070231,0.4547048889070231,0.4547048889070231,0.4547048889070231
MXN,2020,nnls_intermedia_legacy,3.1534309172472935e-05,False,False,3.1534309172472935e-05,1.1153077510354214e-05,0.3382530176929917,0.39304139416780437,0.39304139416780437,0.39304139416780437,0.39304139416780437,0.39304139416780437
MXN,2020,nnls_nonneg,3.206802978850485e-05,False,True,3.206802978850485e-05,1.1153077510354214e-05,0.347110804698735,0.4039383929606717,0.4039383929606717,0.4039383929606717,0.4039383929606717,0.4039383929606717
MXN,2040,nnls_original_legacy,3.704781202793276e-05,False,False,3.704781202793276e-05,3.666392414412938e-05,0.006133295137456178,5.4058851333360636e-05,5.4058851333360636e-05,5.4058851333360636e-05,5.4058851333360636e-05,5.4058851333360636e-05
MXN,2040,nnls_intermedia_legacy,3.2970590521579746e-05,False,False,3.2970590521579746e-05,3.666392414412938e-05,0.05900760639736371,0.005841721173047487,0.005841721173047487,0.005841721173047487,0.005841721173047487,0.005841721173047487
MXN,2040,nnls_nonneg,3.357640218118235e-05,False,True,3.357640218118235e-05,3.666392414412938e-05,0.04932868225617375,0.003985342099951605,0.003985342099951605,0.003985342099951605,0.003985342099951605,0.003985342099951605
MXN,2060,nnls_original_legacy,3.901510919944362e-05,False,False,3.901510919944362e-05,2.76216903523942e-06,0.580876051972837,1.7187301521047829,1.7187301521047829,1.7187301521047829,1.7187301521047829,1.7187301521047829
MXN,2060,nnls_intermedia_legacy,3.836409732747161e-05,False,False,3.836409732747161e-05,2.76216903523942e-06,0.5704449750928454,1.7031046050753922,1.7031046050753922,1.7031046050753922,1.7031046050753922,1.7031046050753922
MXN,2060,nnls_nonneg,3.786916055000334e-05,False,True,3.786916055000334e-05,2.76216903523942e-06,0.5625146687516289,1.691060622645188,1.691060622645188,1.691060622645188,1.691060622645188,1.691060622645188
MXN,2080,nnls_original_legacy,4.010708439509682e-05,False,False,4.010708439509682e-05,0.00019987790764257592,2.560045751086365,2.3774522986981332,2.3774522986981332,2.3774522986981332,2.3774522986981332,2.3774522986981332
MXN,2080,nnls_intermedia_legacy,3.104021865405477e-05,False,False,3.104021865405477e-05,0.00019987790764257592,2.705326288823041,3.5768972421803316,3.5768972421803316,3.5768972421803316,3.5768972421803316,3.5768972421803316
MXN,2080,nnls_nonneg,3.3808584647512497e-05,False,True,3.3808584647512497e-05,0.00019987790764257592,2.660968104675578,3.135054035884309,3.135054035884309,3.135054035884309,3.135054035884309,3.135054035884309
MXN,2100,nnls_original_legacy,4.5883123380586185e-05,False,False,4.5883123380586185e-05,1.4401975673873772e-07,0.7277243072108558,4.767040995784999,4.767040995784999,4.767040995784999,2.847891872944238,4.767040995784999
MXN,2100,nnls_intermedia_legacy,5.060031076529179e-05,False,False,5.060031076529179e-05,1.4401975673873772e-07,0.8027763228723275,4.864608729895061,4.864608729895061,4.864608729895061,2.9437204423560415,4.864608729895061
MXN,2100,nnls_nonneg,4.974058802918346e-05,False,True,4.974058802918346e-05,1.4401975673873772e-07,0.7890978490291789,4.847521466859013,4.847521466859013,4.847521466859013,2.9269255663163323,4.847521466859013
MXN,2120,nnls_original_legacy,4.440161673103311e-05,False,False,4.440161673103311e-05,4.225542211575825e-06,0.6558221609323461,1.4472946993095674,1.4472946993095674,1.4472946993095674,1.4472946993095674,1.4472946993095674
MXN,2120,nnls_intermedia_legacy,4.392268259966114e-05,False,False,4.392268259966114e-05,4.225542211575825e-06,0.6480041841703679,1.4374873893101863,1.4374873893101863,1.4374873893101863,1.4374873893101863,1.4374873893101863
MXN,2120,nnls_nonneg,4.3200666962239045e-05,False,True,4.3200666962239045e-05,4.225542211575825e-06,0.6362182179896306,1.4225203144024463,1.4225203144024463,1.4225203144024463,1.4225203144024463,1.4225203144024463
MXN,2140,nnls_original_legacy,4.875304532604335e-05,False,False,4.875304532604335e-05,3.546797614824003e-06,0.7448868727967511,1.6934728259699074,1.6934728259699074,1.6934728259699074,1.6934728259699074,1.6934728259699074
MXN,2140,nnls_intermedia_legacy,4.9218492284856544e-05,False,False,4.9218492284856544e-05,3.546797614824003e-06,0.7525562845961532,1.7022865934122402,1.7022865934122402,1.7022865934122402,1.7022865934122402,1.7022865934122402
MXN,2140,nnls_nonneg,4.870085899706285e-05,False,True,4.870085899706285e-05,3.546797614824003e-06,0.7440269714918396,1.6924797876672253,1.6924797876672253,1.6924797876672253,1.6924797876672253,1.6924797876672253
MXN,2160,nnls_original_legacy,3.395077572566375e-05,False,False,3.395077572566375e-05,3.6902792945115995e-05,0.049579419230661406,0.0035743846468021534,0.0035743846468021534,0.0035743846468021534,0.0035743846468021534,0.0035743846468021534
MXN,2160,nnls_intermedia_legacy,2.7616101638566864e-05,False,False,2.7616101638566864e-05,3.6902792945115995e-05,0.15597089289288493,0.04638989805388083,0.04638989805388083,0.04638989805388083,0.04638989805388083,0.04638989805388083
MXN,2160,nnls_nonneg,2.8532356118060927e-05,False,True,2.8532356118060927e-05,3.6902792945115995e-05,0.14058230888955828,0.03611798607079253,0.03611798607079253,0.03611798607079253,0.03611798607079253,0.03611798607079253
MXN,2180,nnls_original_legacy,4.111366179833408e-05,False,False,4.111366179833408e-05,9.67724715824938e-07,0.6809673468123524,2.772685876221366,2.772685876221366,2.772685876221366,2.7406632853664985,2.772685876221366
MXN,2180,nnls_intermedia_legacy,3.8197471569632065e-05,False,False,3.8197471569632065e-05,9.67724715824938e-07,0.6315020592352314,2.7009117254093162,2.7009117254093162,2.7009117254093162,2.6689490674347507,2.7009117254093162
MXN,2180,nnls_nonneg,3.831381734110877e-05,False,True,3.831381734110877e-05,9.67724715824938e-07,0.6334755508777978,2.703876065524774,2.703876065524774,2.703876065524774,2.6719108417039075,2.703876065524774
MXN,2200,nnls_original_legacy,3.555487252130247e-05,False,False,3.555487252130247e-05,5.079072087602837e-06,0.527029090616817,1.088800269641629,1.088800269641629,1.088800269641629,1.088800269641629,1.088800269641629
MXN,2200,nnls_intermedia_legacy,4.08395435897408e-05,False,False,4.08395435897408e-05,5.079072087602837e-06,0.6184188276466034,1.2088887569142366,1.2088887569142366,1.2088887569142366,1.2088887569142366,1.2088887569142366
MXN,2200,nnls_nonneg,4.025826062773087e-05,False,True,4.025826062773087e-05,5.079072087602837e-06,0.6083664901690163,1.1963488645569114,1.1963488645569114,1.1963488645569114,1.1963488645569114,1.1963488645569114
MXN,2220,nnls_original_legacy,4.724856520443077e-05,False,False,4.724856520443077e-05,0.00013970480817610505,1.592523164719705,0.8726959073305929,0.8726959073305929,0.8726959073305929,0.8726959073305929,0.8726959073305929
MXN,2220,nnls_intermedia_legacy,4.8380223875458415e-05,False,False,4.8380223875458415e-05,0.00013970480817610505,1.5730307801035617,0.8272023119015084,0.8272023119015084,0.8272023119015084,0.8272023119015084,0.8272023119015084
MXN,2220,nnls_nonneg,4.681339998653398e-05,False,True,4.681339998653398e-05,0.00013970480817610505,1.6000187179425764,0.8909288011255965,0.8909288011255965,0.8909288011255965,0.8909288011255965,0.8909288011255965
MXN,2240,nnls_original_legacy,0.000273164458057976,False,False,0.000273164458057976,0.0009727818133748442,8.438335157539264,1.2910722751680037,1.2910722751680037,1.2910722751680037,1.2910722751680037,1.2910722751680037
MXN,2240,nnls_intermedia_legacy,0.00037215720843912004,False,False,0.00037215720843912004,0.0009727818133748442,7.244348188041659,0.6530567841469153,0.6530567841469153,0.6530567841469153,0.6530567841469153,0.6530567841469153
MXN,2240,nnls_nonneg,0.0005634735791856799,False,True,0.0005634735791856799,0.0009727818133748442,4.936813011541745,0.1803624508195898,0.1803624508195898,0.1803624508195898,0.1803624508195898,0.1803624508195898
MXN,2260,nnls_original_legacy,0.00012207407048821136,False,False,0.00012207407048821136,2.054256721353582e-05,1.04164858589039,0.9504083429609,0.9504083429609,0.9504083429609,0.9504083429609,0.9504083429609
MXN,2260,nnls_intermedia_legacy,0.0001244836270724556,False,False,0.0001244836270724556,2.054256721353582e-05,1.0663691024556847,0.9666972569081633,0.9666972569081633,0.9666972569081633,0.9666972569081633,0.9666972569081633
MXN,2260,nnls_nonneg,0.00013480338888846805,False,True,0.00013480338888846805,2.054256721353582e-05,1.1722432888478036,1.0337072563112546,1.0337072563112546,1.0337072563112546,1.0337072563112546,1.0337072563112546
MXN,2280,nnls_original_legacy,3.0347147467418576e-05,False,False,3.0347147467418576e-05,0.0004021663246294132,3.634075864659594,9.668032065881949,9.668032065881949,9.668032065881949,9.668032065881949,9.668032065881949
MXN,2280,nnls_intermedia_legacy,6.185656004323812e-05,False,False,6.185656004323812e-05,0.0004021663246294132,3.3261100501327694,3.6295477850707254,3.6295477850707254,3.6295477850707254,3.6295477850707254,3.6295477850707254
MXN,2280,nnls_nonneg,5.628492294273481e-05,False,True,5.628492294273481e-05,0.0004021663246294132,3.3805659608475613,4.178748397640803,4.178748397640803,4.178748397640803,4.178748397640803,4.178748397640803
MXN,2300,nnls_original_legacy,7.014185564539033e-05,False,False,7.014185564539033e-05,1.0471659246528388e-05,0.5472407405950799,1.0511398013592976,1.0511398013592976,1.0511398013592976,1.0511398013592976,1.0511398013592976
MXN,2300,nnls_intermedia_legacy,0.00016924789457780685,False,False,0.00016924789457780685,1.0471659246528388e-05,1.4561511416986836,1.8445637087359619,1.8445637087359619,1.8445637087359619,1.8445637087359619,1.8445637087359619
MXN,2300,nnls_nonneg,0.00015886969432149351,False,True,0.00015886969432149351,1.0471659246528388e-05,1.360971733265946,1.7853253554410076,1.7853253554410076,1.7853253554410076,1.7853253554410076,1.7853253554410076
MXN,2320,nnls_original_legacy,6.92113689763485e-05,False,False,6.92113689763485e-05,1.2109815636761053e-05,0.5068644027893096,0.9181173972230694,0.9181173972230694,0.9181173972230694,0.9181173972230694,0.9181173972230694
MXN,2320,nnls_intermedia_legacy,0.00011137966762914953,False,False,0.00011137966762914953,1.2109815636761053e-05,0.8811731258144556,1.327654010775678,1.327654010775678,1.327654010775678,1.327654010775678,1.327654010775678
MXN,2320,nnls_nonneg,0.00013944364472449528,False,True,0.00013944364472449528,1.2109815636761053e-05,1.1302842297756786,1.5304880032101882,1.5304880032101882,1.5304880032101882,1.5304880032101882,1.5304880032101882
MXN,2340,nnls_original_legacy,5.850641013853373e-05,False,False,5.850641013853373e-05,9.92661262126623e-06,0.4287973266214025,0.9435841237045006,0.9435841237045006,0.9435841237045006,0.9435841237045006,0.9435841237045006
MXN,2340,nnls_intermedia_legacy,2.678128812974934e-05,False,False,2.678128812974934e-05,9.92661262126623e-06,0.14877048008567537,0.3631389314654143,0.3631389314654143,0.3631389314654143,0.3631389314654143,0.3631389314654143
MXN,2340,nnls_nonneg,2.8046008533727966e-05,False,True,2.8046008533727966e-05,9.92661262126623e-06,0.15993373633343583,0.39256732758525725,0.39256732758525725,0.39256732758525725,0.39256732758525725,0.39256732758525725
MXN,2360,nnls_original_legacy,9.62707197899145e-05,False,False,9.62707197899145e-05,0.000503698703468499,3.617453004935838,2.5772929060862495,2.5772929060862495,2.5772929060862495,2.5772929060862495,2.5772929060862495
MXN,2360,nnls_intermedia_legacy,9.29521630441942e-05,False,False,9.29521630441942e-05,0.000503698703468499,3.6469176552611984,2.7290091499267106,2.7290091499267106,2.7290091499267106,2.7290091499267106,2.7290091499267106
MXN,2360,nnls_nonneg,9.417071942407178e-05,False,True,9.417071942407178e-05,0.000503698703468499,3.6360983924352324,2.671913598978211,2.671913598978211,2.671913598978211,2.671913598978211,2.671913598978211
MXN,2380,nnls_original_legacy,6.765172454579251e-05,False,False,6.765172454579251e-05,0.00012219968373251947,0.48518641511180977,0.21502191151346572,0.21502191151346572,0.21502191151346572,0.21502191151346572,0.21502191151346572
MXN,2380,nnls_intermedia_legacy,0.00015258139605351406,False,False,0.00015258139605351406,0.00012219968373251947,0.27023548278903375,0.02292367475516488,0.02292367475516488,0.02292367475516488,0.02292367475516488,0.02292367475516488
MXN,2380,nnls_nonneg,0.00018104751452247282,False,True,0.00018104751452247282,0.00012219968373251947,0.5234323792086321,0.06806223925267751,0.06806223925267751,0.06806223925267751,0.06806223925267751,0.06806223925267751
MXN,2400,nnls_original_legacy,4.8813979037873526e-05,False,False,4.8813979037873526e-05,2.3306443210715175e-05,0.22744230063772247,0.21674115244309933,0.21674115244309933,0.21674115244309933,0.21674115244309933,0.21674115244309933
MXN,2400,nnls_intermedia_legacy,0.00010892266792470206,False,False,0.00010892266792470206,2.3306443210715175e-05,0.7634116934232592,0.7558806934644782,0.7558806934644782,0.7558806934644782,0.7558806934644782,0.7558806934644782
MXN,2400,nnls_nonneg,0.00012760688015820158,False,True,0.00012760688015820158,2.3306443210715175e-05,0.9300126636144291,0.882866962422705,0.882866962422705,0.882866962422705,0.882866962422705,0.882866962422705
MXN,2420,nnls_original_legacy,6.469675488957311e-05,False,False,6.469675488957311e-05,3.2998632384936358e-06,0.5470825625222414,2.02683510048031,2.02683510048031,2.02683510048031,2.02683510048031,2.02683510048031
MXN,2420,nnls_intermedia_legacy,6.959272067266191e-05,False,False,6.959272067266191e-05,3.2998632384936358e-06,0.5907085089603025,2.096195736469222,2.096195736469222,2.096195736469222,2.096195736469222,2.096195736469222
MXN,2420,nnls_nonneg,7.54726442787738e-05,False,True,7.54726442787738e-05,3.2998632384936358e-06,0.6431021006774192,2.1736118782048326,2.1736118782048326,2.1736118782048326,2.1736118782048326,2.1736118782048326
MXN,2440,nnls_original_legacy,7.470769930467065e-05,False,False,7.470769930467065e-05,4.904588322354966e-06,0.6167531988354958,1.7890623701699,1.7890623701699,1.7890623701699,1.7890623701699,1.7890623701699
MXN,2440,nnls_intermedia_legacy,5.824302553874412e-05,False,False,5.824302553874412e-05,4.904588322354966e-06,0.47127773119493904,1.55866221652024,1.55866221652024,1.55866221652024,1.55866221652024,1.55866221652024
MXN,2440,nnls_nonneg,6.05166902709968e-05,False,True,6.05166902709968e-05,4.904588322354966e-06,0.4913669503853496,1.593793257396594,1.593793257396594,1.593793257396594,1.593793257396594,1.593793257396594
MXN,2460,nnls_original_legacy,0.00011140225799945274,False,False,0.00011140225799945274,0.00028987601550135725,1.5583892712566354,0.645760186804833,0.645760186804833,0.645760186804833,0.645760186804833,0.645760186804833
MXN,2460,nnls_intermedia_legacy,9.716351439590434e-05,False,False,9.716351439590434e-05,0.00028987601550135725,1.6827185036240722,0.8903253714362895,0.8903253714362895,0.8903253714362895,0.8903253714362895,0.8903253714362895
MXN,2460,nnls_nonneg,9.874805218103195e-05,False,True,9.874805218103195e-05,0.00028987601550135725,1.6688827065925826,0.8586296037841927,0.8586296037841927,0.8586296037841927,0.8586296037841927,0.8586296037841927
MXN,2480,nnls_original_legacy,0.00010996484105747717,False,False,0.00010996484105747717,4.4058887748096894e-05,0.5660766374100106,0.3152969968306727,0.3152969968306727,0.3152969968306727,0.3152969968306727,0.3152969968306727
MXN,2480,nnls_intermedia_legacy,0.00013072686914977977,False,False,0.00013072686914977977,4.4058887748096894e-05,0.7444049743529808,0.4246131657193668,0.4246131657193668,0.4246131657193668,0.4246131657193668,0.4246131657193668
MXN,2480,nnls_nonneg,0.00014919956774169944,False,True,0.00014919956774169944,4.4058887748096894e-05,0.9030698988054765,0.5150594053257849,0.5150594053257849,0.5150594053257849,0.5150594053257849,0.5150594053257849
MXN,2500,nnls_original_legacy,8.400300604132878e-05,False,False,8.400300604132878e-05,1.297552810999544e-05,0.5897297970049383,1.0222524990866195,1.0222524990866195,1.0222524990866195,1.0222524990866195,1.0222524990866195
MXN,2500,nnls_intermedia_legacy,9.194732014956492e-05,False,False,9.194732014956492e-05,1.297552810999544e-05,0.6556901673129316,1.0992698304817643,1.0992698304817643,1.0992698304817643,1.0992698304817643,1.0992698304817643
MXN,2500,nnls_nonneg,0.00010939233952878533,False,True,0.00010939233952878533,1.297552810999544e-05,0.800533374996594,1.2504903301593888,1.2504903301593888,1.2504903301593888,1.2504903301593888,1.2504903301593888
MXN,2520,nnls_original_legacy,5.174306961347793e-05,False,False,5.174306961347793e-05,9.196774294064454e-06,0.35160325050789226,0.9051769485289964,0.9051769485289964,0.9051769485289964,0.9051769485289964,0.9051769485289964
MXN,2520,nnls_intermedia_legacy,6.786575958715583e-05,False,False,6.786575958715583e-05,9.196774294064454e-06,0.4848414128230384,1.1341930305408905,1.1341930305408905,1.1341930305408905,1.1341930305408905,1.1341930305408905
MXN,2520,nnls_nonneg,7.273635692548633e-05,False,True,7.273635692548633e-05,9.196774294064454e-06,0.5250921054677323,1.1944284056606165,1.1944284056606165,1.1944284056606165,1.1944284056606165,1.1944284056606165
MXN,2540,nnls_original_legacy,4.957877530237592e-05,False,False,4.957877530237592e-05,1.8314183406390404e-05,0.2643080183067858,0.3652826551347217,0.3652826551347217,0.3652826551347217,0.3652826551347217,0.3652826551347217
MXN,2540,nnls_intermedia_legacy,6.113164451842631e-05,False,False,6.113164451842631e-05,1.8314183406390404e-05,0.3619749246400116,0.5049398127924178,0.5049398127924178,0.5049398127924178,0.5049398127924178,0.5049398127924178
MXN,2540,nnls_nonneg,6.323453888719306e-05,False,True,6.323453888719306e-05,1.8314183406390404e-05,0.37975260250532245,0.5287979476606557,0.5287979476606557,0.5287979476606557,0.5287979476606557,0.5287979476606557
MXN,2560,nnls_original_legacy,0.00011160074260907866,False,False,0.00011160074260907866,0.0003472381078556291,1.9937746263192557,0.9763488449678501,0.9763488449678501,0.9763488449678501,0.9763488449678501,0.9763488449678501
MXN,2560,nnls_intermedia_legacy,6.5311024596318e-05,False,False,6.5311024596318e-05,0.0003472381078556291,2.3854411395513573,2.645834551821002,2.645834551821002,2.645834551821002,2.645834551821002,2.645834551821002
MXN,2560,nnls_nonneg,6.0055308360516646e-05,False,True,6.0055308360516646e-05,0.0003472381078556291,2.429910800223004,3.0272271503333785,3.0272271503333785,3.0272271503333785,3.0272271503333785,3.0272271503333785
MXN,2580,nnls_original_legacy,8.094655466405306e-05,False,False,8.094655466405306e-05,5.002184027654895e-05,0.2576074656632876,0.0992907286085769,0.0992907286085769,0.0992907286085769,0.0992907286085769,0.0992907286085769
MXN,2580,nnls_intermedia_legacy,7.993070457146369e-05,False,False,7.993070457146369e-05,5.002184027654895e-05,0.24914528345631126,0.09451543087679481,0.09451543087679481,0.09451543087679481,0.09451543087679481,0.09451543087679481
MXN,2580,nnls_nonneg,8.717256006911902e-05,False,True,8.717256006911902e-05,5.002184027654895e-05,0.30947101575166147,0.12925541532992657,0.12925541532992657,0.12925541532992657,0.12925541532992657,0.12925541532992657
MXN,2600,nnls_original_legacy,7.812708162001616e-05,False,False,7.812708162001616e-05,4.970209415090535e-05,0.2407427342136544,0.0884595389434395,0.0884595389434395,0.0884595389434395,0.0884595389434395,0.0884595389434395
MXN,2600,nnls_intermedia_legacy,1.5006781699774245e-05,False,False,1.5006781699774245e-05,4.970209415090535e-05,0.29384865667782956,1.1144306993354474,1.1144306993354474,1.1144306993354474,1.1144306993354474,1.1144306993354474
MXN,2600,nnls_nonneg,1.4477811097914817e-05,False,True,1.4477811097914817e-05,4.970209415090535e-05,0.29832872299795254,1.1995541607078568,1.1995541607078568,1.1995541607078568,1.1995541607078568,1.1995541607078568
MXN,2620,nnls_original_legacy,6.035129792265529e-05,False,False,6.035129792265529e-05,2.2581215624857465e-10,0.5073113619485625,11.495993266874798,11.495993266874798,7.705518336408803,3.116752105829736,11.495993266874798
MXN,2620,nnls_intermedia_legacy,2.548702800834702e-05,False,False,2.548702800834702e-05,2.2581215624857465e-10,0.2142421647487819,10.633985548405082,10.633985548405082,6.843732159619538,2.2774052628402073,10.633985548405082
MXN,2620,nnls_nonneg,2.6297201221754356e-05,False,True,2.6297201221754356e-05,2.2581215624857465e-10,0.2210524841339187,10.665278174369076,10.665278174369076,6.875012970689373,2.307489376505927,10.665278174369076
MXN,2640,nnls_original_legacy,9.058366619270434e-05,False,False,9.058366619270434e-05,3.8136330476253955e-07,0.7559038640163054,4.474486781351588,4.474486781351588,4.474486781351588,3.5173134297985538,4.474486781351588
MXN,2640,nnls_intermedia_legacy,6.121128916012852e-05,False,False,6.121128916012852e-05,3.8136330476253955e-07,0.5097605552157506,4.08456471559184,4.08456471559184,4.08456471559184,3.1306684916368717,4.08456471559184
MXN,2640,nnls_nonneg,6.155517870640783e-05,False,True,6.155517870640783e-05,3.8136330476253955e-07,0.5126423822701027,4.090132260366164,4.090132260366164,4.090132260366164,3.1361795741159533,4.090132260366164
MXN,2660,nnls_original_legacy,0.00014556381768991402,False,False,0.00014556381768991402,0.00014485060012903463,0.005907338589352518,1.2042833878567194e-05,1.2042833878567194e-05,1.2042833878567194e-05,1.2042833878567194e-05,1.2042833878567194e-05
MXN,2660,nnls_intermedia_legacy,0.00011151593629750226,False,False,0.00011151593629750226,0.00014485060012903463,0.2760996879722157,0.037387510729839146,0.037387510729839146,0.037387510729839146,0.037387510729839146,0.037387510729839146
MXN,2660,nnls_nonneg,0.00010453214371241435,False,True,0.00010453214371241435,0.00014485060012903463,0.33394406772508656,0.0594956608462236,0.0594956608462236,0.0594956608462236,0.0594956608462236,0.0594956608462236
MXN,2680,nnls_original_legacy,6.113102833230769e-05,False,False,6.113102833230769e-05,7.770161266520596e-06,0.4331813553961414,1.1898353138498714,1.1898353138498714,1.1898353138498714,1.1898353138498714,1.1898353138498714
MXN,2680,nnls_intermedia_legacy,9.543827166767783e-05,False,False,9.543827166767783e-05,7.770161266520596e-06,0.711686165852067,1.5896043191201885,1.5896043191201885,1.5896043191201885,1.5896043191201885,1.5896043191201885
MXN,2680,nnls_nonneg,9.497812296542323e-05,False,True,9.497812296542323e-05,7.770161266520596e-06,0.7079506973432687,1.5851656721304161,1.5851656721304161,1.5851656721304161,1.5851656721304161,1.5851656721304161
MXN,2700,nnls_original_legacy,7.271406251822806e-05,False,False,7.271406251822806e-05,2.556113216719003e-05,0.38085400644057454,0.3969912942113898,0.3969912942113898,0.3969912942113898,0.3969912942113898,0.3969912942113898
MXN,2700,nnls_intermedia_legacy,3.400374727188602e-05,False,False,3.400374727188602e-05,2.556113216719003e-05,0.06819096424170369,0.03711296487685933,0.03711296487685933,0.03711296487685933,0.03711296487685933,0.03711296487685933
MXN,2700,nnls_nonneg,3.507259964354413e-05,False,True,3.507259964354413e-05,2.556113216719003e-05,0.07682408004190844,0.04515358247148038,0.04515358247148038,0.04515358247148038,0.04515358247148038,0.04515358247148038
MXN,2720,nnls_original_legacy,8.85918166362729e-05,False,False,8.85918166362729e-05,2.7526577351313127e-05,0.49899177266215433,0.47959991884471087,0.47959991884471087,0.47959991884471087,0.47959991884471087,0.47959991884471087
MXN,2720,nnls_intermedia_legacy,5.286591152133366e-05,False,False,5.286591152133366e-05,2.7526577351313127e-05,0.20705919478303694,0.17329345577933575,0.17329345577933575,0.17329345577933575,0.17329345577933575,0.17329345577933575
MXN,2720,nnls_nonneg,5.192423653409793e-05,False,True,5.192423653409793e-05,2.7526577351313127e-05,0.1993643412680995,0.16476332952236739,0.16476332952236739,0.16476332952236739,0.16476332952236739,0.16476332952236739
MXN,2740,nnls_original_legacy,4.3563905347616004e-05,False,False,4.3563905347616004e-05,9.57422167752603e-06,0.36336517764935583,0.7349288860155274,0.7349288860155274,0.7349288860155274,0.7349288860155274,0.7349288860155274
MXN,2740,nnls_intermedia_legacy,1.76756185635229e-05,False,False,1.76756185635229e-05,9.57422167752603e-06,0.08660761739535183,0.15477457247823168,0.15477457247823168,0.15477457247823168,0.15477457247823168,0.15477457247823168
MXN,2740,nnls_nonneg,2.551948511662671e-05,False,True,2.551948511662671e-05,9.57422167752603e-06,0.17046211840191747,0.3555410333779294,0.3555410333779294,0.3555410333779294,0.3555410333779294,0.3555410333779294
MXN,2760,nnls_original_legacy,3.223808348638805e-05,False,False,3.223808348638805e-05,5.062000728703016e-06,0.33554375509090656,1.0084059467868967,1.0084059467868967,1.0084059467868967,1.0084059467868967,1.0084059467868967
MXN,2760,nnls_intermedia_legacy,4.3046382366183e-05,False,False,4.3046382366183e-05,5.062000728703016e-06,0.46899408436051654,1.2581104911200232,1.2581104911200232,1.2581104911200232,1.2581104911200232,1.2581104911200232
MXN,2760,nnls_nonneg,3.5126190282014106e-05,False,True,3.5126190282014106e-05,5.062000728703016e-06,0.3712032799734575,1.0812942243563537,1.0812942243563537,1.0812942243563537,1.0812942243563537,1.0812942243563537
MXN,2780,nnls_original_legacy,3.18861440935161e-05,False,False,3.18861440935161e-05,4.932800789378517e-06,0.36151059513603695,1.020965071231593,1.020965071231593,1.020965071231593,1.020965071231593,1.020965071231593
MXN,2780,nnls_intermedia_legacy,3.512025906202118e-05,False,False,3.512025906202118e-05,4.932800789378517e-06,0.4048880275313405,1.1033257743264877,1.1033257743264877,1.1033257743264877,1.1033257743264877,1.1033257743264877
MXN,2780,nnls_nonneg,6.794156892263415e-05,False,True,6.794156892263415e-05,4.932800789378517e-06,0.8451024798524759,1.6953446919761066,1.6953446919761066,1.6953446919761066,1.6953446919761066,1.6953446919761066
MXN,2800,nnls_original_legacy,3.85725820047008e-05,False,False,3.85725820047008e-05,1.918113406402581e-05,0.29789754368274957,0.19588830871893825,0.19588830871893825,0.19588830871893825,0.19588830871893825,0.19588830871893825
MXN,2800,nnls_intermedia_legacy,4.8418213200677784e-05,False,False,4.8418213200677784e-05,1.918113406402581e-05,0.4491492376388072,0.3221042008592858,0.3221042008592858,0.3221042008592858,0.3221042008592858,0.3221042008592858
MXN,2800,nnls_nonneg,4.284151592427772e-05,False,True,4.284151592427772e-05,1.918113406402581e-05,0.3634782539358732,0.25130348292186167,0.25130348292186167,0.25130348292186167,0.25130348292186167,0.25130348292186167
MXN,2820,nnls_original_legacy,0.0002338379075050548,False,False,0.0002338379075050548,0.0002755910255594781,0.6829079467532568,0.014266011611747675,0.014266011611747675,0.014266011611747675,0.014266011611747675,0.014266011611747675
MXN,2820,nnls_intermedia_legacy,0.0001808408903070529,False,False,0.0001808408903070529,0.0002755910255594781,1.5497194780875105,0.10264159645566928,0.10264159645566928,0.10264159645566928,0.10264159645566928,0.10264159645566928
MXN,2820,nnls_nonneg,0.00013946003728958298,False,True,0.00013946003728958298,0.0002755910255594781,2.2265387118564464,0.2949891248251628,0.2949891248251628,0.2949891248251628,0.2949891248251628,0.2949891248251628
MXN,2840,nnls_original_legacy,8.55050822556535e-05,False,False,8.55050822556535e-05,1.3195331336298486e-05,1.1740932116347989,1.0230349228791167,1.0230349228791167,1.0230349228791167,1.0230349228791167,1.0230349228791167
MXN,2840,nnls_intermedia_legacy,7.534948793272157e-05,False,False,7.534948793272157e-05,1.3195331336298486e-05,1.0091968566747416,0.9173957609618679,0.9173957609618679,0.9173957609618679,0.9173957609618679,0.9173957609618679
MXN,2840,nnls_nonneg,4.914583609885834e-05,False,True,4.914583609885834e-05,1.3195331336298486e-05,0.5837282394132539,0.5834224180609557,0.5834224180609557,0.5834224180609557,0.5834224180609557,0.5834224180609557
MXN,2860,nnls_original_legacy,3.708346472909681e-05,False,False,3.708346472909681e-05,0.00012485426429318405,1.4204413423711304,1.1528686397693053,1.1528686397693053,1.1528686397693053,1.1528686397693053,1.1528686397693053
MXN,2860,nnls_intermedia_legacy,3.501204060605709e-05,False,False,3.501204060605709e-05,0.00012485426429318405,1.453964296207299,1.2945827634694629,1.2945827634694629,1.2945827634694629,1.2945827634694629,1.2945827634694629
MXN,2860,nnls_nonneg,4.116813686298151e-05,False,True,4.116813686298151e-05,0.00012485426429318405,1.3543369295388799,0.923306206087483,0.923306206087483,0.923306206087483,0.923306206087483,0.923306206087483
MXN,2880,nnls_original_legacy,3.545134710694783e-05,False,False,3.545134710694783e-05,5.570982452092481e-05,0.3556974227738577,0.11944924088960907,0.11944924088960907,0.11944924088960907,0.11944924088960907,0.11944924088960907
MXN,2880,nnls_intermedia_legacy,4.619418639242951e-05,False,False,4.619418639242951e-05,5.570982452092481e-05,0.16707514040612084,0.018689554758479554,0.018689554758479554,0.018689554758479554,0.018689554758479554,0.018689554758479554
MXN,2880,nnls_nonneg,3.5502616843309924e-05,False,True,3.5502616843309924e-05,5.570982452092481e-05,0.35479723108039357,0.1186250550602459,0.1186250550602459,0.1186250550602459,0.1186250550602459,0.1186250550602459
MXN,2900,nnls_original_legacy,3.261935767893104e-05,False,False,3.261935767893104e-05,1.1768685532209988e-05,0.370018352173801,0.3802520602167463,0.3802520602167463,0.3802520602167463,0.3802520602167463,0.3802520602167463
MXN,2900,nnls_intermedia_legacy,3.453783065156717e-05,False,False,3.453783065156717e-05,1.1768685532209988e-05,0.40406378740148147,0.4173607044761529,0.4173607044761529,0.4173607044761529,0.4173607044761529,0.4173607044761529
MXN,2900,nnls_nonneg,3.1372858651349327e-05,False,True,3.1372858651349327e-05,1.1768685532209988e-05,0.34789784148107666,0.35562405849427403,0.35562405849427403,0.35562405849427403,0.35562405849427403,0.35562405849427403
MXN,2920,nnls_original_legacy,3.0104972774095015e-05,False,False,3.0104972774095015e-05,5.570409955062062e-06,0.44421831190774413,0.8722545994325757,0.8722545994325757,0.8722545994325757,0.8722545994325757,0.8722545994325757
MXN,2920,nnls_intermedia_legacy,2.8666531620665495e-05,False,False,2.8666531620665495e-05,5.570409955062062e-06,0.4181741591886505,0.8325791866379826,0.8325791866379826,0.8325791866379826,0.8325791866379826,0.8325791866379826
MXN,2920,nnls_nonneg,3.042092946414773e-05,False,True,3.042092946414773e-05,5.570409955062062e-06,0.44993896601217725,0.8807732921776541,0.8807732921776541,0.8807732921776541,0.8807732921776541,0.8807732921776541
MXN,2940,nnls_original_legacy,2.8473606424145576e-05,False,False,2.8473606424145576e-05,2.912645023504503e-06,0.4734976168746451,1.3822087600584099,1.3822087600584099,1.3822087600584099,1.3822087600584099,1.3822087600584099
MXN,2940,nnls_intermedia_legacy,3.174310073751561e-05,False,False,3.174310073751561e-05,2.912645023504503e-06,0.5340625440501576,1.4803705808380716,1.4803705808380716,1.4803705808380716,1.4803705808380716,1.4803705808380716
MXN,2940,nnls_nonneg,3.116556494197834e-05,False,True,3.116556494197834e-05,2.912645023504503e-06,0.5233641270946889,1.4637093410974198,1.4637093410974198,1.4637093410974198,1.4637093410974198,1.4637093410974198
MXN,2960,nnls_original_legacy,2.4027984987540735e-05,False,False,2.4027984987540735e-05,4.190328536644632e-06,0.3666732120438549,0.9208337237995321,0.9208337237995321,0.9208337237995321,0.9208337237995321,0.9208337237995321
MXN,2960,nnls_intermedia_legacy,3.720330105575619e-05,False,False,3.720330105575619e-05,4.190328536644632e-06,0.6102017495192252,1.2962516002164444,1.2962516002164444,1.2962516002164444,1.2962516002164444,1.2962516002164444
MXN,2960,nnls_nonneg,3.6332669389198534e-05,False,True,3.6332669389198534e-05,4.190328536644632e-06,0.5941092584291616,1.2752704298981343,1.2752704298981343,1.2752704298981343,1.2752704298981343,1.2752704298981343
MXN,2980,nnls_original_legacy,2.313678722041595e-05,False,False,2.313678722041595e-05,1.552877134024888e-07,0.442894125506481,4.010611261657823,4.010611261657823,4.010611261657823,2.1846450838049494,4.010611261657823
MXN,2980,nnls_intermedia_legacy,3.586131779549917e-05,False,False,3.586131779549917e-05,1.552877134024888e-07,0.6881183259470177,4.446465111908097,4.446465111908097,4.446465111908097,2.6075444153129603,4.446465111908097
MXN,2980,nnls_nonneg,3.337425464723956e-05,False,True,3.337425464723956e-05,1.552877134024888e-07,0.6401882220914499,4.374913370301032,4.374913370301032,4.374913370301032,2.53774799977906,4.374913370301032
MXN,3000,nnls_original_legacy,2.1969533256667196e-05,False,False,2.1969533256667196e-05,1.2605946187534172e-05,0.18827493057964112,0.12928019050828166,0.12928019050828166,0.12928019050828166,0.12928019050828166,0.12928019050828166
MXN,3000,nnls_intermedia_legacy,2.592866691287367e-05,False,False,2.592866691287367e-05,1.2605946187534172e-05,0.26788177449259165,0.20735851732479915,0.20735851732479915,0.20735851732479915,0.20735851732479915,0.20735851732479915
MXN,3000,nnls_nonneg,2.8857824508502314e-05,False,True,2.8857824508502314e-05,1.2605946187534172e-05,0.3267787483661815,0.26504194813331217,0.26504194813331217,0.26504194813331217,0.26504194813331217,0.26504194813331217
MXN,3020,nnls_original_legacy,1.973833205109874e-05,False,False,1.973833205109874e-05,2.719819750814027e-06,0.3058015053147072,1.1197907230875965,1.1197907230875965,1.1197907230875965,1.1197907230875965,1.1197907230875965
MXN,3020,nnls_intermedia_legacy,3.093123057486383e-05,False,False,3.093123057486383e-05,2.719819750814027e-06,0.5069239746003958,1.5191319464479016,1.5191319464479016,1.5191319464479016,1.5191319464479016,1.5191319464479016
MXN,3020,nnls_nonneg,3.65608983912656e-05,False,True,3.65608983912656e-05,2.719819750814027e-06,0.6080821053641889,1.672805200516898,1.672805200516898,1.672805200516898,1.672805200516898,1.672805200516898
MXN,3040,nnls_original_legacy,3.3374933509843397e-05,False,False,3.3374933509843397e-05,2.744283921304718e-08,0.6000539363003402,6.1042773951106675,6.1042773951106675,6.1042773951106675,2.5377677310124156,6.1042773951106675
MXN,3040,nnls_intermedia_legacy,2.498072682052657e-05,False,False,2.498072682052657e-05,2.744283921304718e-08,0.4490087852335658,5.814853172464597,5.814853172464597,5.814853172464597,2.2581354612507374,5.814853172464597
MXN,3040,nnls_nonneg,2.542778365099406e-05,False,True,2.542778365099406e-05,2.744283921304718e-08,0.4570531149710423,5.832571678566755,5.832571678566755,5.832571678566755,2.2751694817894466,5.832571678566755
MXN,3060,nnls_original_legacy,3.859439358857938e-05,False,False,3.859439358857938e-05,5.196792280740221e-05,0.241886311731888,0.04899517962135058,0.04899517962135058,0.04899517962135058,0.04899517962135058,0.04899517962135058
MXN,3060,nnls_intermedia_legacy,4.951940756019025e-05,False,False,4.951940756019025e-05,5.196792280740221e-05,0.044286165056102104,0.0011835737766698884,0.0011835737766698884,0.0011835737766698884,0.0011835737766698884,0.0011835737766698884
MXN,3060,nnls_nonneg,5.048790074555605e-05,False,True,5.048790074555605e-05,5.196792280740221e-05,0.02676908032009393,0.0004214502000376985,0.0004214502000376985,0.0004214502000376985,0.0004214502000376985,0.0004214502000376985
MXN,3080,nnls_original_legacy,2.3460828167465075e-05,False,False,2.3460828167465075e-05,3.834670177578188e-05,0.27794471832135836,0.14316269104867096,0.14316269104867096,0.14316269104867096,0.14316269104867096,0.14316269104867096
MXN,3080,nnls_intermedia_legacy,2.569611214098297e-05,False,False,2.569611214098297e-05,3.834670177578188e-05,0.23620814371813428,0.09198649959464289,0.09198649959464289,0.09198649959464289,0.09198649959464289,0.09198649959464289
MXN,3080,nnls_nonneg,2.383187079806942e-05,False,True,2.383187079806942e-05,3.834670177578188e-05,0.2710167178450597,0.13340653483530795,0.13340653483530795,0.13340653483530795,0.13340653483530795,0.13340653483530795
MXN,3100,nnls_original_legacy,2.4271799636566633e-05,False,False,2.4271799636566633e-05,6.09899740601699e-05,0.6790480312644315,0.5913972690967475,0.5913972690967475,0.5913972690967475,0.5913972690967475,0.5913972690967475
MXN,3100,nnls_intermedia_legacy,3.9008529158597186e-05,False,False,3.9008529158597186e-05,6.09899740601699e-05,0.40651413418760446,0.11657438376132023,0.11657438376132023,0.11657438376132023,0.11657438376132023,0.11657438376132023
MXN,3100,nnls_nonneg,3.471199177053503e-05,False,True,3.471199177053503e-05,6.09899740601699e-05,0.4859722036700066,0.19340465910559468,0.19340465910559468,0.19340465910559468,0.19340465910559468,0.19340465910559468
MXN,3120,nnls_original_legacy,2.0474870033052944e-05,False,False,2.0474870033052944e-05,7.604997371522925e-06,0.23246678642718763,0.3618235027854282,0.3618235027854282,0.3618235027854282,0.3618235027854282,0.3618235027854282
MXN,3120,nnls_intermedia_legacy,2.4319583987680878e-05,False,False,2.4319583987680878e-05,7.604997371522925e-06,0.30191333972803946,0.47518720428155703,0.47518720428155703,0.47518720428155703,0.47518720428155703,0.47518720428155703
MXN,3120,nnls_nonneg,2.4955924629446573e-05,False,True,2.4955924629446573e-05,7.604997371522925e-06,0.31340747552523845,0.4930428249950072,0.4930428249950072,0.4930428249950072,0.4930428249950072,0.4930428249950072
MXN,3140,nnls_original_legacy,8.75368941574362e-05,False,False,8.75368941574362e-05,0.0001261024141183225,0.6888944642907509,0.07552900198974077,0.07552900198974077,0.07552900198974077,0.07552900198974077,0.07552900198974077
MXN,3140,nnls_intermedia_legacy,6.0791849832699324e-05,False,False,6.0791849832699324e-05,0.0001261024141183225,1.1666402071514304,0.34469226928811203,0.34469226928811203,0.34469226928811203,0.34469226928811203,0.34469226928811203
MXN,3140,nnls_nonneg,5.182635046673388e-05,False,True,5.182635046673388e-05,0.0001261024141183225,1.3267905924977164,0.5439761224800819,0.5439761224800819,0.5439761224800819,0.5439761224800819,0.5439761224800819
MXN,3160,nnls_original_legacy,0.00015304387388090514,False,False,0.00015304387388090514,3.025758067127673e-06,2.6749455690403545,2.9433335040582462,2.9433335040582462,2.9433335040582462,2.9433335040582462,2.9433335040582462
MXN,3160,nnls_intermedia_legacy,0.00011445085281994752,False,False,0.00011445085281994752,3.025758067127673e-06,1.9868004732104765,2.6594210194016767,2.6594210194016767,2.6594210194016767,2.6594210194016767,2.6594210194016767
MXN,3160,nnls_nonneg,0.00014386871822478158,False,True,0.00014386871822478158,3.025758067127673e-06,2.511345047633531,2.882770926627625,2.882770926627625,2.882770926627625,2.882770926627625,2.882770926627625
MXN,3180,nnls_original_legacy,2.7580881470109212e-05,False,False,2.7580881470109212e-05,0.00025223039376953243,3.9277104046505804,5.9318971104393405,5.9318971104393405,5.9318971104393405,5.9318971104393405,5.9318971104393405
MXN,3180,nnls_intermedia_legacy,2.7693914576535172e-05,False,False,2.7693914576535172e-05,0.00025223039376953243,3.9257341648464736,5.898661050759995,5.898661050759995,5.898661050759995,5.898661050759995,5.898661050759995
MXN,3180,nnls_nonneg,2.700942709333321e-05,False,True,2.700942709333321e-05,0.00025223039376953243,3.93770155610456,6.104448872539805,6.104448872539805,6.104448872539805,6.104448872539805,6.104448872539805
MXN,3200,nnls_original_legacy,3.108085186546442e-05,False,False,3.108085186546442e-05,8.847338444494049e-05,0.9742477816422155,0.8004461383456676,0.8004461383456676,0.8004461383456676,0.8004461383456676,0.8004461383456676
MXN,3200,nnls_intermedia_legacy,2.9486487453917083e-05,False,False,2.9486487453917083e-05,8.847338444494049e-05,1.0013123825801216,0.9017024912443501,0.9017024912443501,0.9017024912443501,0.9017024912443501,0.9017024912443501
MXN,3200,nnls_nonneg,2.927369911855199e-05,False,True,2.927369911855199e-05,8.847338444494049e-05,1.0049244999475107,0.9162700654055271,0.9162700654055271,0.9162700654055271,0.9162700654055271,0.9162700654055271
MXN,3220,nnls_original_legacy,3.013437308413515e-05,False,False,3.013437308413515e-05,1.2539616747068614e-05,0.2917556817357103,0.29289687640475703,0.29289687640475703,0.29289687640475703,0.29289687640475703,0.29289687640475703
MXN,3220,nnls_intermedia_legacy,2.7473491169714638e-05,False,False,2.7473491169714638e-05,1.2539616747068614e-05,0.24763302370693704,0.24075464881587227,0.24075464881587227,0.24075464881587227,0.24075464881587227,0.24075464881587227
MXN,3220,nnls_nonneg,2.7208728718147895e-05,False,True,2.7208728718147895e-05,1.2539616747068614e-05,0.2432427412798857,0.2355122834657386,0.2355122834657386,0.2355122834657386,0.2355122834657386,0.2355122834657386
MXN,3240,nnls_original_legacy,5.2808309872913956e-05,False,False,5.2808309872913956e-05,1.733344091823443e-05,0.5756454557068909,0.4422641328048673,0.4422641328048673,0.4422641328048673,0.4422641328048673,0.4422641328048673
MXN,3240,nnls_intermedia_legacy,3.736672973736994e-05,False,False,3.736672973736994e-05,1.733344091823443e-05,0.3250772169541112,0.23201673204659112,0.23201673204659112,0.23201673204659112,0.23201673204659112,0.23201673204659112
MXN,3240,nnls_nonneg,4.1387923260582795e-05,False,True,4.1387923260582795e-05,1.733344091823443e-05,0.3903285299642504,0.2891558095176525,0.2891558095176525,0.2891558095176525,0.2891558095176525,0.2891558095176525
MXN,3260,nnls_original_legacy,3.3697251931560275e-05,False,False,3.3697251931560275e-05,2.4531518961737824e-06,0.5406847392689542,1.692842364274885,1.692842364274885,1.692842364274885,1.692842364274885,1.692842364274885
MXN,3260,nnls_intermedia_legacy,2.5611889175282146e-05,False,False,2.5611889175282146e-05,2.4531518961737824e-06,0.4007660906657965,1.441464741501925,1.441464741501925,1.441464741501925,1.441464741501925,1.441464741501925
MXN,3260,nnls_nonneg,2.5436633317085517e-05,False,True,2.5436633317085517e-05,2.4531518961737824e-06,0.3977332566943561,1.4352583952282987,1.4352583952282987,1.4352583952282987,1.4352583952282987,1.4352583952282987
MXN,3280,nnls_original_legacy,4.84521350354272e-05,False,False,4.84521350354272e-05,6.24136911072787e-05,0.24672738924754958,0.03494325816557642,0.03494325816557642,0.03494325816557642,0.03494325816557642,0.03494325816557642
MXN,3280,nnls_intermedia_legacy,3.620322116647031e-05,False,False,3.620322116647031e-05,6.24136911072787e-05,0.46318911632530035,0.17934514655261502,0.17934514655261502,0.17934514655261502,0.17934514655261502,0.17934514655261502
MXN,3280,nnls_nonneg,3.599213166495866e-05,False,True,3.599213166495866e-05,6.24136911072787e-05,0.4669194714044552,0.18360834321661024,0.18360834321661024,0.18360834321661024,0.18360834321661024,0.18360834321661024
MXN,3300,nnls_original_legacy,0.00012071971158848541,False,False,0.00012071971158848541,2.054933133151473e-05,1.7679653390586687,0.9408665194689045,0.9408665194689045,0.9408665194689045,0.9408665194689045,0.9408665194689045
MXN,3300,nnls_intermedia_legacy,9.155537693208476e-05,False,False,9.155537693208476e-05,2.054933133151473e-05,1.2532270234313228,0.718562617756288,0.718562617756288,0.718562617756288,0.718562617756288,0.718562617756288
MXN,3300,nnls_nonneg,8.646429059868004e-05,False,True,8.646429059868004e-05,2.054933133151473e-05,1.1633714777847493,0.6745657387013695,0.6745657387013695,0.6745657387013695,0.6745657387013695,0.6745657387013695
MXN,3320,nnls_original_legacy,3.7592436787581434e-05,False,False,3.7592436787581434e-05,9.467333669563722e-05,1.0203225656624437,0.5947849438969071,0.5947849438969071,0.5947849438969071,0.5947849438969071,0.5947849438969071
MXN,3320,nnls_intermedia_legacy,2.490545782242013e-05,False,False,2.490545782242013e-05,9.467333669563722e-05,1.2471026435709902,1.4659633924410942,1.4659633924410942,1.4659633924410942,1.4659633924410942,1.4659633924410942
MXN,3320,nnls_nonneg,2.500031441141326e-05,False,True,2.500031441141326e-05,9.467333669563722e-05,1.2454070795836083,1.4553418384024064,1.4553418384024064,1.4553418384024064,1.4553418384024064,1.4553418384024064
MXN,3340,nnls_original_legacy,0.00018788571905131187,False,False,0.00018788571905131187,8.640597907342e-05,1.594144169102294,0.23666285081774574,0.23666285081774574,0.23666285081774574,0.23666285081774574,0.23666285081774574
MXN,3340,nnls_intermedia_legacy,0.0001498666872980609,False,False,0.0001498666872980609,8.640597907342e-05,0.9969035987424973,0.12724154401953935,0.12724154401953935,0.12724154401953935,0.12724154401953935,0.12724154401953935
MXN,3340,nnls_nonneg,0.0001498666872980609,False,True,0.0001498666872980609,8.640597907342e-05,0.9969035987424973,0.12724154401953935,0.12724154401953935,0.12724154401953935,0.12724154401953935,0.12724154401953935
MXN,3360,nnls_original_legacy,3.2684168732750985e-05,False,False,3.2684168732750985e-05,1.0835301486984151e-05,0.34821748593436136,0.4355966483915421,0.4355966483915421,0.4355966483915421,0.4355966483915421,0.4355966483915421
MXN,3360,nnls_intermedia_legacy,3.357731759434332e-05,False,False,3.357731759434332e-05,1.0835301486984151e-05,0.3624520935069383,0.45373836205871965,0.45373836205871965,0.45373836205871965,0.45373836205871965,0.45373836205871965
MXN,3360,nnls_nonneg,3.357731759434332e-05,False,True,3.357731759434332e-05,1.0835301486984151e-05,0.3624520935069383,0.45373836205871965,0.45373836205871965,0.45373836205871965,0.45373836205871965,0.45373836205871965
MXN,3380,nnls_original_legacy,0.00029929281767262264,False,False,0.00029929281767262264,0.00016383498670863444,2.034661247028469,0.14996968571422498,0.14996968571422498,0.14996968571422498,0.14996968571422498,0.14996968571422498
MXN,3380,nnls_intermedia_legacy,0.00026187951617809936,False,False,0.00026187951617809936,0.00016383498670863444,1.4726900849881113,0.09463686531207594,0.09463686531207594,0.09463686531207594,0.09463686531207594,0.09463686531207594
MXN,3380,nnls_nonneg,0.0002732658180020668,False,True,0.0002732658180020668,0.00016383498670863444,1.6437194518643257,0.11112965577039735,0.11112965577039735,0.11112965577039735,0.11112965577039735,0.11112965577039735
MXN,3400,nnls_original_legacy,4.124227815702874e-05,False,False,4.124227815702874e-05,5.9549666069318964e-05,0.2566420951990951,0.07655177150768866,0.07655177150768866,0.07655177150768866,0.07655177150768866,0.07655177150768866
MXN,3400,nnls_intermedia_legacy,5.1625694982956913e-05,False,False,5.1625694982956913e-05,5.9549666069318964e-05,0.11108217904400121,0.010697724176982781,0.010697724176982781,0.010697724176982781,0.010697724176982781,0.010697724176982781
MXN,3400,nnls_nonneg,5.2009907652281815e-05,False,True,5.2009907652281815e-05,5.9549666069318964e-05,0.10569609420601166,0.009591277204044069,0.009591277204044069,0.009591277204044069,0.009591277204044069,0.009591277204044069
MXN,3420,nnls_original_legacy,3.8665798014786396e-05,False,False,3.8665798014786396e-05,0.0001250375173492617,1.1680454514494472,1.060143150738714,1.060143150738714,1.060143150738714,1.060143150738714,1.060143150738714
MXN,3420,nnls_intermedia_legacy,2.4079978269865232e-05,False,False,2.4079978269865232e-05,0.0001250375173492617,1.3652963634376771,2.545359502618327,2.545359502618327,2.545359502618327,2.545359502618327,2.545359502618327
MXN,3420,nnls_nonneg,2.536481939033628e-05,False,True,2.536481939033628e-05,0.0001250375173492617,1.3479208516594556,2.334313982472974,2.334313982472974,2.334313982472974,2.334313982472974,2.334313982472974
MXN,3440,nnls_original_legacy,5.958622850052332e-05,False,False,5.958622850052332e-05,3.0011081812487528e-05,0.39570806275103043,0.189515793846047,0.189515793846047,0.189515793846047,0.189515793846047,0.189515793846047
MXN,3440,nnls_intermedia_legacy,4.245053644018207e-05,False,False,4.245053644018207e-05,3.0011081812487528e-05,0.16643679046892548,0.053738745115647246,0.053738745115647246,0.053738745115647246,0.053738745115647246,0.053738745115647246
MXN,3440,nnls_nonneg,4.391893220407135e-05,False,True,4.391893220407135e-05,3.0011081812487528e-05,0.18608355838556623,0.06410781813034916,0.06410781813034916,0.06410781813034916,0.06410781813034916,0.06410781813034916
MXN,3460,nnls_original_legacy,6.830192240663017e-05,False,False,6.830192240663017e-05,6.938907582143276e-06,0.8294624957947678,1.3883852473463274,1.3883852473463274,1.3883852473463274,1.3883852473463274,1.3883852473463274
MXN,3460,nnls_intermedia_legacy,6.001978168320406e-05,False,False,6.001978168320406e-05,6.938907582143276e-06,0.7175102859070108,1.2731401929717734,1.2731401929717734,1.2731401929717734,1.2731401929717734,1.2731401929717734
MXN,3460,nnls_nonneg,5.9827037304801265e-05,False,True,5.9827037304801265e-05,6.938907582143276e-06,0.7149049016439059,1.2702961390816943,1.2702961390816943,1.2702961390816943,1.2702961390816943,1.2702961390816943
MXN,3480,nnls_original_legacy,3.7436979629766343e-05,False,False,3.7436979629766343e-05,1.985521140558785e-08,0.5028574468660891,6.542478106658455,6.542478106658455,6.542478106658455,2.6493705326649506,6.542478106658455
MXN,3480,nnls_intermedia_legacy,6.739570917627508e-05,False,False,6.739570917627508e-05,1.985521140558785e-08,0.9054797885155345,7.1301647272622795,7.1301647272622795,7.1301647272622795,3.22541909367218,7.1301647272622795
MXN,3480,nnls_nonneg,6.783483376505196e-05,False,True,6.783483376505196e-05,1.985521140558785e-08,0.9113812861052345,7.136657301683373,7.136657301683373,7.136657301683373,3.2318175240213307,7.136657301683373
MXN,3500,nnls_original_legacy,4.9657434603793704e-05,False,False,4.9657434603793704e-05,2.8072686360386723e-05,0.2862844575669897,0.13567798782026186,0.13567798782026186,0.13567798782026186,0.13567798782026186,0.13567798782026186
MXN,3500,nnls_intermedia_legacy,8.920904758867476e-05,False,False,8.920904758867476e-05,2.8072686360386723e-05,0.8108683879232204,0.4708696730861168,0.4708696730861168,0.4708696730861168,0.4708696730861168,0.4708696730861168
MXN,3500,nnls_nonneg,8.942733640300484e-05,False,True,8.942733640300484e-05,2.8072686360386723e-05,0.8137636125558504,0.47254548733074686,0.47254548733074686,0.47254548733074686,0.47254548733074686,0.47254548733074686
MXN,3520,nnls_original_legacy,7.452673612112879e-05,False,False,7.452673612112879e-05,6.044966833907781e-05,0.18705125828790292,0.02046070098809949,0.02046070098809949,0.02046070098809949,0.02046070098809949,0.02046070098809949
MXN,3520,nnls_intermedia_legacy,6.666179087569515e-05,False,False,6.666179087569515e-05,6.044966833907781e-05,0.08254455793659723,0.004632194252815136,0.004632194252815136,0.004632194252815136,0.004632194252815136,0.004632194252815136
MXN,3520,nnls_nonneg,6.073029338295251e-05,False,True,6.073029338295251e-05,6.044966833907781e-05,0.003728849528649,1.0709089595994925e-05,1.0709089595994925e-05,1.0709089595994925e-05,1.0709089595994925e-05,1.0709089595994925e-05
MXN,3540,nnls_original_legacy,6.089202773672507e-05,False,False,6.089202773672507e-05,2.699332756450578e-05,0.4502096366497947,0.2568107714108754,0.2568107714108754,0.2568107714108754,0.2568107714108754,0.2568107714108754
MXN,3540,nnls_intermedia_legacy,4.602069263229721e-05,False,False,4.602069263229721e-05,2.699332756450578e-05,0.2527029965766547,0.12004904326330434,0.12004904326330434,0.12004904326330434,0.12004904326330434,0.12004904326330434
MXN,3540,nnls_nonneg,4.5376699147043476e-05,False,True,4.5376699147043476e-05,2.699332756450578e-05,0.24415010010782415,0.11428102578904786,0.11428102578904786,0.11428102578904786,0.11428102578904786,0.11428102578904786
MXN,3560,nnls_original_legacy,4.538231576594138e-05,False,False,4.538231576594138e-05,0.00011453581162695704,0.8402665905846302,0.5980332746346044,0.5980332746346044,0.5980332746346044,0.5980332746346044,0.5980332746346044
MXN,3560,nnls_intermedia_legacy,9.657545509399755e-05,False,False,9.657545509399755e-05,0.00011453581162695704,0.21823173740869226,0.015409350685517742,0.015409350685517742,0.015409350685517742,0.015409350685517742,0.015409350685517742
MXN,3560,nnls_nonneg,8.954953923936394e-05,False,True,8.954953923936394e-05,0.00011453581162695704,0.3036018591560091,0.0329262299613553,0.0329262299613553,0.0329262299613553,0.0329262299613553,0.0329262299613553
MXN,3580,nnls_original_legacy,4.4046797802938565e-05,False,False,4.4046797802938565e-05,7.369844879369791e-05,0.3648039978528201,0.15845607201367073,0.15845607201367073,0.15845607201367073,0.15845607201367073,0.15845607201367073
MXN,3580,nnls_intermedia_legacy,2.4265577874394033e-05,False,False,2.4265577874394033e-05,7.369844879369791e-05,0.6081721703228051,0.9262373058072289,0.9262373058072289,0.9262373058072289,0.9262373058072289,0.9262373058072289
MXN,3580,nnls_nonneg,2.523175415620153e-05,False,True,2.523175415620153e-05,7.369844879369791e-05,0.5962853121392998,0.8489826193535155,0.8489826193535155,0.8489826193535155,0.8489826193535155,0.8489826193535155
MXN,3600,nnls_original_legacy,4.0275598284803755e-05,False,False,4.0275598284803755e-05,1.667291772245571e-06,0.47370191336572554,2.2259422374171707,2.2259422374171707,2.2259422374171707,2.2259422374171707,2.2259422374171707
MXN,3600,nnls_intermedia_legacy,5.0809797258765226e-05,False,False,5.0809797258765226e-05,1.667291772245571e-06,0.6029505300621788,2.4497029542357676,2.4497029542357676,2.4497029542357676,2.4497029542357676,2.4497029542357676
MXN,3600,nnls_nonneg,5.3194133868430866e-05,False,True,5.3194133868430866e-05,1.667291772245571e-06,0.6322049811409687,2.494091034862896,2.494091034862896,2.494091034862896,2.494091034862896,2.494091034862896
MXN,3620,nnls_original_legacy,4.698407006732985e-05,False,False,4.698407006732985e-05,2.355337709275108e-05,0.2936176083528023,0.19184499107751218,0.19184499107751218,0.19184499107751218,0.19184499107751218,0.19184499107751218
MXN,3620,nnls_intermedia_legacy,3.154625176983396e-05,False,False,3.154625176983396e-05,2.355337709275108e-05,0.10016130334237126,0.038815540467330045,0.038815540467330045,0.038815540467330045,0.038815540467330045,0.038815540467330045
MXN,3620,nnls_nonneg,3.172070121907324e-05,False,True,3.172070121907324e-05,2.355337709275108e-05,0.10234738593581716,0.04022413871460251,0.04022413871460251,0.04022413871460251,0.04022413871460251,0.04022413871460251
MXN,3640,nnls_original_legacy,3.4110726192335415e-05,False,False,3.4110726192335415e-05,1.5791499127545964e-05,0.23061491024722175,0.23308831577817957,0.23308831577817957,0.23308831577817957,0.23308831577817957,0.23308831577817957
MXN,3640,nnls_intermedia_legacy,3.804413816517422e-05,False,False,3.804413816517422e-05,1.5791499127545964e-05,0.2801313797944042,0.2943588851391028,0.2943588851391028,0.2943588851391028,0.2943588851391028,0.2943588851391028
MXN,3640,nnls_nonneg,3.890796142552729e-05,False,True,3.890796142552729e-05,1.5791499127545964e-05,0.29100577547448614,0.3075951960826342,0.3075951960826342,0.3075951960826342,0.3075951960826342,0.3075951960826342
MXN,3660,nnls_original_legacy,3.744268381580401e-05,False,False,3.744268381580401e-05,1.546174761988056e-05,0.2858220982483849,0.29738668116084765,0.29738668116084765,0.29738668116084765,0.29738668116084765,0.29738668116084765
MXN,3660,nnls_intermedia_legacy,1.5715361625350746e-05,False,False,1.5715361625350746e-05,1.546174761988056e-05,0.0032977888904526837,0.00013163514509129115,0.00013163514509129115,0.00013163514509129115,0.00013163514509129115,0.00013163514509129115
MXN,3660,nnls_nonneg,1.6975084191908015e-05,False,True,1.6975084191908015e-05,1.546174761988056e-05,0.01967818979671686,0.004227094573066692,0.004227094573066692,0.004227094573066692,0.004227094573066692,0.004227094573066692
MXN,3680,nnls_original_legacy,4.915912952863811e-05,False,False,4.915912952863811e-05,2.7117606409892673e-05,0.2996810891135721,0.14650847831819425,0.14650847831819425,0.14650847831819425,0.14650847831819425,0.14650847831819425
MXN,3680,nnls_intermedia_legacy,2.4914937374563907e-05,False,False,2.4914937374563907e-05,2.7117606409892673e-05,0.02994794197786987,0.003691886820697654,0.003691886820697654,0.003691886820697654,0.003691886820697654,0.003691886820697654
MXN,3680,nnls_nonneg,2.5399139426864634e-05,False,True,2.5399139426864634e-05,2.7117606409892673e-05,0.023364631123952446,0.0021905654230780502,0.0021905654230780502,0.0021905654230780502,0.0021905654230780502,0.0021905654230780502
MXN,3700,nnls_original_legacy,4.436495679055641e-05,False,False,4.436495679055641e-05,1.1351958438986638e-05,0.4633946586223026,0.6189363108333932,0.6189363108333932,0.6189363108333932,0.6189363108333932,0.6189363108333932
MXN,3700,nnls_intermedia_legacy,2.2420615005134762e-05,False,False,2.2420615005134762e-05,1.1351958438986638e-05,0.15536778199468895,0.18690845771512388,0.18690845771512388,0.18690845771512388,0.18690845771512388,0.18690845771512388
MXN,3700,nnls_nonneg,2.2167491206208565e-05,False,True,2.2167491206208565e-05,1.1351958438986638e-05,0.15181475069642736,0.18133595396041935,0.18133595396041935,0.18133595396041935,0.18133595396041935,0.18133595396041935
MXN,3720,nnls_original_legacy,3.04755835567336e-05,False,False,3.04755835567336e-05,1.3682694745652174e-06,0.4127719656743746,2.148276275996715,2.148276275996715,2.148276275996715,2.148276275996715,2.148276275996715
MXN,3720,nnls_intermedia_legacy,2.7576827220423655e-05,False,False,2.7576827220423655e-05,1.3682694745652174e-06,0.3716645880725808,2.0530456812394733,2.0530456812394733,2.0530456812394733,2.0530456812394733,2.0530456812394733
MXN,3720,nnls_nonneg,2.738604000854956e-05,False,True,2.738604000854956e-05,1.3682694745652174e-06,0.36895902711809037,2.046448908053979,2.046448908053979,2.046448908053979,2.046448908053979,2.046448908053979
MXN,3740,nnls_original_legacy,4.3138279569339954e-05,False,False,4.3138279569339954e-05,1.3642916622160254e-07,0.6252110969075639,4.759523088822298,4.759523088822298,4.759523088822298,2.7875920275348847,4.759523088822298
MXN,3740,nnls_intermedia_legacy,3.511939132624806e-05,False,False,3.511939132624806e-05,1.3642916622160254e-07,0.5086231392396052,4.554587889865997,4.554587889865997,4.554587889865997,2.5872277349551562,4.554587889865997
MXN,3740,nnls_nonneg,3.465618506274832e-05,False,True,3.465618506274832e-05,1.3642916622160254e-07,0.5018885058835456,4.541362585601365,4.541362585601365,4.541362585601365,2.5743310890287354,4.541362585601365
MXN,3760,nnls_original_legacy,4.52288811198861e-05,False,False,4.52288811198861e-05,5.393803502626147e-07,0.6472941447662066,3.440995717028481,3.440995717028481,3.440995717028481,2.8338456121040507,3.440995717028481
MXN,3760,nnls_intermedia_legacy,9.626042174335601e-05,False,False,9.626042174335601e-05,5.393803502626147e-07,1.3864480148050458,4.189994887951349,4.189994887951349,4.189994887951349,3.5774457307060183,4.189994887951349
MXN,3760,nnls_nonneg,8.758789272378892e-05,False,True,8.758789272378892e-05,5.393803502626147e-07,1.260832889149032,4.096135236353422,4.096135236353422,4.096135236353422,3.484059880557112,4.096135236353422
MXN,3780,nnls_original_legacy,4.337122747290871e-05,False,False,4.337122747290871e-05,1.54937377473119e-06,0.5917875258984623,2.367668966694964,2.367668966694964,2.367668966694964,2.367668966694964,2.367668966694964
MXN,3780,nnls_intermedia_legacy,6.248300242946164e-05,False,False,6.248300242946164e-05,1.54937377473119e-06,0.8622229326762234,2.7218404497742683,2.7218404497742683,2.7218404497742683,2.7218404497742683,2.7218404497742683
MXN,3780,nnls_nonneg,6.5007993520534e-05,False,True,6.5007993520534e-05,1.54937377473119e-06,0.8979520574894188,2.7604929952037445,2.7604929952037445,2.7604929952037445,2.7604929952037445,2.7604929952037445
MXN,3800,nnls_original_legacy,6.583283583809282e-05,False,False,6.583283583809282e-05,7.353389555964359e-06,0.8032746070334402,1.3036552683917395,1.3036552683917395,1.3036552683917395,1.3036552683917395,1.3036552683917395
MXN,3800,nnls_intermedia_legacy,5.543729533053386e-05,False,False,5.543729533053386e-05,7.353389555964359e-06,0.6604812967851936,1.1527345649981031,1.1527345649981031,1.1527345649981031,1.1527345649981031,1.1527345649981031
MXN,3800,nnls_nonneg,6.262265577577006e-05,False,True,6.262265577577006e-05,7.353389555964359e-06,0.7591795224864966,1.2593895445834309,1.2593895445834309,1.2593895445834309,1.2593895445834309,1.2593895445834309
MXN,3820,nnls_original_legacy,5.510881460319638e-05,False,False,5.510881460319638e-05,1.3857372322605447e-06,0.7301764463188396,2.708222855743739,2.708222855743739,2.708222855743739,2.708222855743739,2.708222855743739
MXN,3820,nnls_intermedia_legacy,2.8899832286516153e-05,False,False,2.8899832286516153e-05,1.3857372322605447e-06,0.3739574338171454,2.085553159649093,2.085553159649093,2.085553159649093,2.085553159649093,2.085553159649093
MXN,3820,nnls_nonneg,3.2079912521610685e-05,False,True,3.2079912521610685e-05,1.3857372322605447e-06,0.41717944935876283,2.1851941759872173,2.1851941759872173,2.1851941759872173,2.1851941759872173,2.1851941759872173
MXN,3840,nnls_original_legacy,6.705755602426474e-05,False,False,6.705755602426474e-05,3.189051303928397e-05,0.5498114115328647,0.21881199817545838,0.21881199817545838,0.21881199817545838,0.21881199817545838,0.21881199817545838
MXN,3840,nnls_intermedia_legacy,6.942913944604084e-05,False,False,6.942913944604084e-05,3.189051303928397e-05,0.5868894117858728,0.2373227066879755,0.2373227066879755,0.2373227066879755,0.2373227066879755,0.2373227066879755
MXN,3840,nnls_nonneg,6.550182317860099e-05,False,True,6.550182317860099e-05,3.189051303928397e-05,0.5254886479667686,0.20663391826783872,0.20663391826783872,0.20663391826783872,0.20663391826783872,0.20663391826783872
MXN,3860,nnls_original_legacy,2.8470982437048726e-05,False,False,2.8470982437048726e-05,2.7939295640353864e-05,0.008465153891322491,0.00017657380315982962,0.00017657380315982962,0.00017657380315982962,0.00017657380315982962,0.00017657380315982962
MXN,3860,nnls_intermedia_legacy,1.3980099899797729e-05,False,False,1.3980099899797729e-05,2.7939295640353864e-05,0.22224877668105353,0.30610545922434906,0.30610545922434906,0.30610545922434906,0.30610545922434906,0.30610545922434906
MXN,3860,nnls_nonneg,1.3307772464115539e-05,False,True,1.3307772464115539e-05,2.7939295640353864e-05,0.23295311473079874,0.3577861142581171,0.3577861142581171,0.3577861142581171,0.3577861142581171,0.3577861142581171
MXN,3880,nnls_original_legacy,3.3588020156289565e-05,False,False,3.3588020156289565e-05,7.870686996298876e-06,0.4431604220413765,0.6853542943304878,0.6853542943304878,0.6853542943304878,0.6853542943304878,0.6853542943304878
MXN,3880,nnls_intermedia_legacy,3.730214797662628e-05,False,False,3.730214797662628e-05,7.870686996298876e-06,0.5071621768942748,0.7669037844131865,0.7669037844131865,0.7669037844131865,0.7669037844131865,0.7669037844131865
MXN,3880,nnls_nonneg,4.0878614945563754e-05,False,True,4.0878614945563754e-05,7.870686996298876e-06,0.5687917635046442,0.839999718346343,0.839999718346343,0.839999718346343,0.839999718346343,0.839999718346343
MXN,3900,nnls_original_legacy,2.1956285789164718e-05,False,False,2.1956285789164718e-05,6.825322436010892e-07,0.4067278647541615,2.502084937713165,2.502084937713165,2.502084937713165,2.134598510945645,2.502084937713165
MXN,3900,nnls_intermedia_legacy,2.5335164693785384e-05,False,False,2.5335164693785384e-05,6.825322436010892e-07,0.4713278517379269,2.6410789639487993,2.6410789639487993,2.6410789639487993,2.2716641703922322,2.6410789639487993
MXN,3900,nnls_nonneg,3.0167427709338566e-05,False,True,3.0167427709338566e-05,6.825322436010892e-07,0.5637147459471208,2.8113331067845966,2.8113331067845966,2.8113331067845966,2.4399111246601417,2.8113331067845966
BRL,500,nnls_original_legacy,8.747986828656063e-05,False,False,8.747986828656063e-05,0.0002276820727271477,1.2495215124326444,0.6461380993579926,0.6461380993579926,0.6461380993579926,0.6461380993579926,0.6461380993579926
BRL,500,nnls_intermedia_legacy,0.0001138457561089315,False,False,0.0001138457561089315,0.0002276820727271477,1.0145412982492137,0.30681136293186184,0.30681136293186184,0.30681136293186184,0.30681136293186184,0.30681136293186184
BRL,500,nnls_nonneg,0.00010006253564323253,False,True,0.00010006253564323253,0.0002276820727271477,1.137381238970624,0.45324290160657466,0.45324290160657466,0.45324290160657466,0.45324290160657466,0.45324290160657466
BRL,520,nnls_original_legacy,4.780164921691289e-05,False,False,4.780164921691289e-05,0.0004957671391713687,4.228760141396478,7.032293437959222,7.032293437959222,7.032293437959222,7.032293437959222,7.032293437959222
BRL,520,nnls_intermedia_legacy,5.291789051831425e-05,False,False,5.291789051831425e-05,0.0004957671391713687,4.180463212784115,6.131246288244027,6.131246288244027,6.131246288244027,6.131246288244027,6.131246288244027
BRL,520,nnls_nonneg,0.00012967524175361305,False,True,0.00012967524175361305,0.0004957671391713687,3.4558796572606707,1.4820709744104716,1.4820709744104716,1.4820709744104716,1.4820709744104716,1.4820709744104716
BRL,540,nnls_original_legacy,6.63208573214707e-05,False,False,6.63208573214707e-05,0.0009275087602145704,8.253957480001846,10.347176661947959,10.347176661947959,10.347176661947959,10.347176661947959,10.347176661947959
BRL,540,nnls_intermedia_legacy,0.00010953433333294436,False,False,0.00010953433333294436,0.0009275087602145704,7.83978283546314,5.331480412778163,5.331480412778163,5.331480412778163,5.331480412778163,5.331480412778163
BRL,540,nnls_nonneg,0.00010079865291950438,False,True,0.00010079865291950438,0.0009275087602145704,7.923508970548399,5.982221517210107,5.982221517210107,5.982221517210107,5.982221517210107,5.982221517210107
BRL,560,nnls_original_legacy,3.9428275561968395e-05,False,False,3.9428275561968395e-05,8.171204570761152e-05,0.41965571664366275,0.34370429101819155,0.34370429101819155,0.34370429101819155,0.34370429101819155,0.34370429101819155
BRL,560,nnls_intermedia_legacy,2.796727778736529e-05,False,False,2.796727778736529e-05,8.171204570761152e-05,0.5334032187700329,0.8495355418611894,0.8495355418611894,0.8495355418611894,0.8495355418611894,0.8495355418611894
BRL,560,nnls_nonneg,4.5307307491085625e-05,False,True,4.5307307491085625e-05,8.171204570761152e-05,0.361307812734274,0.21377389235102218,0.21377389235102218,0.21377389235102218,0.21377389235102218,0.21377389235102218
BRL,580,nnls_original_legacy,3.909791024548789e-05,False,False,3.909791024548789e-05,5.819913053825549e-05,0.19490469883406003,0.09074697301749413,0.09074697301749413,0.09074697301749413,0.09074697301749413,0.09074697301749413
BRL,580,nnls_intermedia_legacy,3.097833112676575e-05,False,False,3.097833112676575e-05,5.819913053825549e-05,0.27775511878304465,0.24812206320108743,0.24812206320108743,0.24812206320108743,0.24812206320108743,0.24812206320108743
BRL,580,nnls_nonneg,5.139613867164508e-05,False,True,5.139613867164508e-05,5.819913053825549e-05,0.06941624988400917,0.008056502051810854,0.008056502051810854,0.008056502051810854,0.008056502051810854,0.008056502051810854
BRL,600,nnls_original_legacy,0.00016561058045103824,False,False,0.00016561058045103824,8.230974883071789e-06,1.6023669483852911,2.0514354481857255,2.0514354481857255,2.0514354481857255,2.0514354481857255,2.0514354481857255
BRL,600,nnls_intermedia_legacy,9.75792126135094e-05,False,False,9.75792126135094e-05,8.230974883071789e-06,0.9097027694220238,1.5571117474786886,1.5571117474786886,1.5571117474786886,1.5571117474786886,1.5571117474786886
BRL,600,nnls_nonneg,0.00010812281202999744,False,True,0.00010812281202999744,8.230974883071789e-06,1.0170528619643429,1.6514894306562322,1.6514894306562322,1.6514894306562322,1.6514894306562322,1.6514894306562322
BRL,620,nnls_original_legacy,4.241136405375194e-05,False,False,4.241136405375194e-05,2.801000626042692e-06,0.48432590149202703,1.78348326117379,1.78348326117379,1.78348326117379,1.78348326117379,1.78348326117379
BRL,620,nnls_intermedia_legacy,4.0528631050495295e-05,False,False,4.0528631050495295e-05,2.801000626042692e-06,0.46130525032493425,1.7411435956094192,1.7411435956094192,1.7411435956094192,1.7411435956094192,1.7411435956094192
BRL,620,nnls_nonneg,5.076295827808015e-05,False,True,5.076295827808015e-05,2.801000626042692e-06,0.5864429499502035,1.9523682427211853,1.9523682427211853,1.9523682427211853,1.9523682427211853,1.9523682427211853
BRL,640,nnls_original_legacy,8.087730539502943e-05,False,False,8.087730539502943e-05,4.491157048098248e-05,0.4322891496870179,0.14354278239060658,0.14354278239060658,0.14354278239060658,0.14354278239060658,0.14354278239060658
BRL,640,nnls_intermedia_legacy,8.578514086606627e-05,False,False,8.578514086606627e-05,4.491157048098248e-05,0.4912787415207072,0.17068589716765614,0.17068589716765614,0.17068589716765614,0.17068589716765614,0.17068589716765614
BRL,640,nnls_nonneg,7.893442281356954e-05,False,True,7.893442281356954e-05,4.491157048098248e-05,0.40893672657962904,0.13289515245009098,0.13289515245009098,0.13289515245009098,0.13289515245009098,0.13289515245009098
BRL,660,nnls_original_legacy,5.1858343709736695e-05,False,False,5.1858343709736695e-05,1.3558436574354718e-06,0.6036791964438143,2.6702370959028046,2.6702370959028046,2.6702370959028046,2.6702370959028046,2.6702370959028046
BRL,660,nnls_intermedia_legacy,5.062948709567392e-05,False,False,5.062948709567392e-05,1.3558436574354718e-06,0.5889901182287987,2.6468899928363547,2.6468899928363547,2.6468899928363547,2.6468899928363547,2.6468899928363547
BRL,660,nnls_nonneg,5.2085700342043913e-05,False,True,5.2085700342043913e-05,1.3558436574354718e-06,0.606396892972803,2.674497574690946,2.674497574690946,2.674497574690946,2.674497574690946,2.674497574690946
BRL,680,nnls_original_legacy,5.382645717003005e-05,False,False,5.382645717003005e-05,2.5647789586672504e-05,0.33289644255424256,0.21779811362683144,0.21779811362683144,0.21779811362683144,0.21779811362683144,0.21779811362683144
BRL,680,nnls_intermedia_legacy,4.988681380297751e-05,False,False,4.988681380297751e-05,2.5647789586672504e-05,0.2863543816869366,0.17941894006391523,0.17941894006391523,0.17941894006391523,0.17941894006391523,0.17941894006391523
BRL,680,nnls_nonneg,5.16353914773146e-05,False,True,5.16353914773146e-05,2.5647789586672504e-05,0.30701168514511623,0.1964594287842396,0.1964594287842396,0.1964594287842396,0.1964594287842396,0.1964594287842396
BRL,700,nnls_original_legacy,4.4372540396963046e-05,False,False,4.4372540396963046e-05,1.466899014031284e-06,0.5330005860999406,2.4425288717753753,2.4425288717753753,2.4425288717753753,2.4425288717753753,2.4425288717753753
BRL,700,nnls_intermedia_legacy,5.653864839850102e-05,False,False,5.653864839850102e-05,1.466899014031284e-06,0.684135553119791,2.6777188552669346,2.6777188552669346,2.6777188552669346,2.6777188552669346,2.6777188552669346
BRL,700,nnls_nonneg,5.7830160196886586e-05,False,True,5.7830160196886586e-05,1.466899014031284e-06,0.7001795166478211,2.6997254237496233,2.6997254237496233,2.6997254237496233,2.6997254237496233,2.6997254237496233
BRL,720,nnls_original_legacy,5.037985049213922e-05,False,False,5.037985049213922e-05,3.2304764380816155e-06,0.6211792904485681,1.8110840632408265,1.8110840632408265,1.8110840632408265,1.8110840632408265,1.8110840632408265
BRL,720,nnls_intermedia_legacy,3.457275687666279e-05,False,False,3.457275687666279e-05,3.2304764380816155e-06,0.41292542932926607,1.463876311187108,1.463876311187108,1.463876311187108,1.463876311187108,1.463876311187108
BRL,720,nnls_nonneg,3.7531714958753534e-05,False,True,3.7531714958753534e-05,3.2304764380816155e-06,0.45190884149064137,1.5386299208052883,1.5386299208052883,1.5386299208052883,1.5386299208052883,1.5386299208052883
BRL,740,nnls_original_legacy,3.968210631924986e-05,False,False,3.968210631924986e-05,2.45611513427169e-05,0.20451486536762678,0.09868215590833485,0.09868215590833485,0.09868215590833485,0.09868215590833485,0.09868215590833485
BRL,740,nnls_intermedia_legacy,4.740619819574081e-05,False,False,4.740619819574081e-05,2.45611513427169e-05,0.3089852253851876,0.17568700403315018,0.17568700403315018,0.17568700403315018,0.17568700403315018,0.17568700403315018
BRL,740,nnls_nonneg,5.1740880832149253e-05,False,True,5.1740880832149253e-05,2.45611513427169e-05,0.36761294018046875,0.21977748881602177,0.21977748881602177,0.21977748881602177,0.21977748881602177,0.21977748881602177
BRL,760,nnls_original_legacy,3.1859437749112655e-05,False,False,3.1859437749112655e-05,7.330249404000741e-08,0.4238879577695259,5.076795111749786,5.076795111749786,5.076795111749786,2.4927215302198533,5.076795111749786
BRL,760,nnls_intermedia_legacy,3.784598875707669e-05,False,False,3.784598875707669e-05,7.330249404000741e-08,0.5037223528756123,5.2486225054435725,5.2486225054435725,5.2486225054435725,2.659947876398638,5.2486225054435725
BRL,760,nnls_nonneg,4.084153501795964e-05,False,True,4.084153501795964e-05,7.330249404000741e-08,0.5436698323895671,5.324655026915757,5.324655026915757,5.324655026915757,2.7341844566751448,5.324655026915757
BRL,780,nnls_original_legacy,3.9772469238066776e-05,False,False,3.9772469238066776e-05,1.763788722371167e-05,0.2943881102104879,0.25659542962168835,0.25659542962168835,0.25659542962168835,0.25659542962168835,0.25659542962168835
BRL,780,nnls_intermedia_legacy,4.4226483360354014e-05,False,False,4.4226483360354014e-05,1.763788722371167e-05,0.35362612967977797,0.3180827770819017,0.3180827770819017,0.3180827770819017,0.3180827770819017,0.3180827770819017
BRL,780,nnls_nonneg,5.0115215403641617e-05,False,True,5.0115215403641617e-05,1.763788722371167e-05,0.4319457788439274,0.39622214188291416,0.39622214188291416,0.39622214188291416,0.39622214188291416,0.39622214188291416
BRL,800,nnls_original_legacy,0.0001518632714458358,False,False,0.0001518632714458358,1.1212618435622093e-05,1.7858945892705302,1.6797744380388386,1.6797744380388386,1.6797744380388386,1.6797744380388386,1.6797744380388386
BRL,800,nnls_intermedia_legacy,0.00012439936358952296,False,False,0.00012439936358952296,1.1212618435622093e-05,1.437174953839817,1.4965913241249158,1.4965913241249158,1.4965913241249158,1.4965913241249158,1.4965913241249158
BRL,800,nnls_nonneg,8.936199223995861e-05,False,True,8.936199223995861e-05,1.1212618435622093e-05,0.992292185247869,1.2011297911871326,1.2011297911871326,1.2011297911871326,1.2011297911871326,1.2011297911871326
BRL,820,nnls_original_legacy,7.647440866130332e-05,False,False,7.647440866130332e-05,3.013686677017533e-05,0.5479146698182561,0.32528472627061156,0.32528472627061156,0.32528472627061156,0.32528472627061156,0.32528472627061156
BRL,820,nnls_intermedia_legacy,8.182078612271005e-05,False,False,8.182078612271005e-05,3.013686677017533e-05,0.6111324954071291,0.36710984721112205,0.36710984721112205,0.36710984721112205,0.36710984721112205,0.36710984721112205
BRL,820,nnls_nonneg,7.225398116363973e-05,False,True,7.225398116363973e-05,3.013686677017533e-05,0.49801055223887736,0.2915344763185681,0.2915344763185681,0.2915344763185681,0.2915344763185681,0.2915344763185681
BRL,840,nnls_original_legacy,4.8963430492336696e-05,False,False,4.8963430492336696e-05,7.843110950820286e-05,0.3119155278325562,0.13068340971651615,0.13068340971651615,0.13068340971651615,0.13068340971651615,0.13068340971651615
BRL,840,nnls_intermedia_legacy,4.7008705598054277e-05,False,False,4.7008705598054277e-05,7.843110950820286e-05,0.33260630048686857,0.15655013001756313,0.15655013001756313,0.15655013001756313,0.15655013001756313,0.15655013001756313
BRL,840,nnls_nonneg,4.67544604123691e-05,False,True,4.67544604123691e-05,7.843110950820286e-05,0.33529748703227585,0.16019974797571646,0.16019974797571646,0.16019974797571646,0.16019974797571646,0.16019974797571646
BRL,860,nnls_original_legacy,5.8351769543110385e-05,False,False,5.8351769543110385e-05,0.00016323305922585684,1.0805217065889914,0.7687075937702812,0.7687075937702812,0.7687075937702812,0.7687075937702812,0.7687075937702812
BRL,860,nnls_intermedia_legacy,5.5445728563764035e-05,False,False,5.5445728563764035e-05,0.00016323305922585684,1.110460701121945,0.8642407355763293,0.8642407355763293,0.8642407355763293,0.8642407355763293,0.8642407355763293
BRL,860,nnls_nonneg,5.6606780579672344e-05,False,True,5.6606780579672344e-05,0.00016323305922585684,1.0984991595594538,0.8245806430053331,0.8245806430053331,0.8245806430053331,0.8245806430053331,0.8245806430053331
BRL,880,nnls_original_legacy,6.130106719569449e-05,False,False,6.130106719569449e-05,6.244065126186322e-05,0.011352324100775944,0.00017068115066631862,0.00017068115066631862,0.00017068115066631862,0.00017068115066631862,0.00017068115066631862
BRL,880,nnls_intermedia_legacy,5.5844165089624326e-05,False,False,5.5844165089624326e-05,6.244065126186322e-05,0.0657129659642456,0.0064716245140576945,0.0064716245140576945,0.0064716245140576945,0.0064716245140576945,0.0064716245140576945
BRL,880,nnls_nonneg,5.537720578272909e-05,False,True,5.537720578272909e-05,6.244065126186322e-05,0.07036472755965871,0.007503031997085241,0.007503031997085241,0.007503031997085241,0.007503031997085241,0.007503031997085241
BRL,900,nnls_original_legacy,0.0001305924540817959,False,False,0.0001305924540817959,1.4505407650883018e-06,1.230747078968429,3.511252393734699,3.511252393734699,3.511252393734699,3.511252393734699,3.511252393734699
BRL,900,nnls_intermedia_legacy,0.00011594855045848226,False,False,0.00011594855045848226,1.4505407650883018e-06,1.0911878828390589,3.393720344268231,3.393720344268231,3.393720344268231,3.393720344268231,3.393720344268231
BRL,900,nnls_nonneg,0.00012298626687816643,False,True,0.00012298626687816643,1.4505407650883018e-06,1.1582586633756042,3.451930600598465,3.451930600598465,3.451930600598465,3.451930600598465,3.451930600598465
BRL,920,nnls_original_legacy,0.00015760254226902234,False,False,0.00015760254226902234,9.23974156765412e-05,0.5893962359026507,0.12024586012126726,0.12024586012126726,0.12024586012126726,0.12024586012126726,0.12024586012126726
BRL,920,nnls_intermedia_legacy,0.00013946070831399637,False,False,0.00013946070831399637,9.23974156765412e-05,0.4254102243074183,0.07421756693574943,0.07421756693574943,0.07421756693574943,0.07421756693574943,0.07421756693574943
BRL,920,nnls_nonneg,0.00013077025470212075,False,True,0.00013077025470212075,9.23974156765412e-05,0.3468562682797227,0.053905933619021074,0.053905933619021074,0.053905933619021074,0.053905933619021074,0.053905933619021074
BRL,940,nnls_original_legacy,7.615771810263513e-05,False,False,7.615771810263513e-05,0.00017939831334626974,0.863339244127472,0.49881353959721597,0.49881353959721597,0.49881353959721597,0.49881353959721597,0.49881353959721597
BRL,940,nnls_intermedia_legacy,9.516864641381589e-05,False,False,9.516864641381589e-05,0.00017939831334626974,0.7043622405601829,0.25109889269639085,0.25109889269639085,0.25109889269639085,0.25109889269639085,0.25109889269639085
BRL,940,nnls_nonneg,9.486046510695443e-05,False,True,9.486046510695443e-05,0.00017939831334626974,0.7069393761907177,0.2539795186439966,0.2539795186439966,0.2539795186439966,0.2539795186439966,0.2539795186439966
BRL,960,nnls_original_legacy,8.574564393026824e-05,False,False,8.574564393026824e-05,0.00038359205888251896,2.3996464466468352,1.9754096813483124,1.9754096813483124,1.9754096813483124,1.9754096813483124,1.9754096813483124
BRL,960,nnls_intermedia_legacy,8.800948120348944e-05,False,False,8.800948120348944e-05,0.00038359205888251896,2.381407485908151,1.8863959852320562,1.8863959852320562,1.8863959852320562,1.8863959852320562,1.8863959852320562
BRL,960,nnls_nonneg,8.860252317758057e-05,False,True,8.860252317758057e-05,0.00038359205888251896,2.3766295500512817,1.8639388787287086,1.8639388787287086,1.8639388787287086,1.8639388787287086,1.8639388787287086
BRL,980,nnls_original_legacy,0.00013598434993503529,False,False,0.00013598434993503529,4.2403098216513705e-05,0.744546206999008,0.4771417440456811,0.4771417440456811,0.4771417440456811,0.4771417440456811,0.4771417440456811
BRL,980,nnls_intermedia_legacy,0.00010940192668198403,False,False,0.00010940192668198403,4.2403098216513705e-05,0.5330525366062198,0.3353971203243926,0.3353971203243926,0.3353971203243926,0.3353971203243926,0.3353971203243926
BRL,980,nnls_nonneg,0.00010934744559241044,False,True,0.00010934744559241044,4.2403098216513705e-05,0.5326190770419345,0.3350921182880686,0.3350921182880686,0.3350921182880686,0.3350921182880686,0.3350921182880686
BRL,1000,nnls_original_legacy,6.857622743991814e-05,False,False,6.857622743991814e-05,8.999694726790955e-05,0.17216416445369911,0.04053382257846461,0.04053382257846461,0.04053382257846461,0.04053382257846461,0.04053382257846461
BRL,1000,nnls_intermedia_legacy,7.757784644310749e-05,False,False,7.757784644310749e-05,8.999694726790955e-05,0.09981569872242618,0.011591812914973909,0.011591812914973909,0.011591812914973909,0.011591812914973909,0.011591812914973909
BRL,1000,nnls_nonneg,7.782685467727708e-05,False,True,7.782685467727708e-05,8.999694726790955e-05,0.0978143516658311,0.011084745742322433,0.011084745742322433,0.011084745742322433,0.011084745742322433,0.011084745742322433
BRL,1020,nnls_original_legacy,7.756677122877553e-05,False,False,7.756677122877553e-05,0.0003921917771108717,2.520713647528979,2.4355710153504013,2.4355710153504013,2.4355710153504013,2.4355710153504013,2.4355710153504013
BRL,1020,nnls_intermedia_legacy,9.685270277431152e-05,False,False,9.685270277431152e-05,0.0003921917771108717,2.3661985583171568,1.6508036177195184,1.6508036177195184,1.6508036177195184,1.6508036177195184,1.6508036177195184
BRL,1020,nnls_nonneg,9.688068638858541e-05,False,True,9.688068638858541e-05,0.0003921917771108717,2.365974359105115,1.649922862571911,1.649922862571911,1.649922862571911,1.649922862571911,1.649922862571911
BRL,1040,nnls_original_legacy,7.481340797166874e-05,False,False,7.481340797166874e-05,7.712374908480167e-05,0.019066661328466548,0.0004672348635035295,0.0004672348635035295,0.0004672348635035295,0.0004672348635035295,0.0004672348635035295
BRL,1040,nnls_intermedia_legacy,8.088250986311805e-05,False,False,8.088250986311805e-05,7.712374908480167e-05,0.031020102775082287,0.0011144821164934537,0.0011144821164934537,0.0011144821164934537,0.0011144821164934537,0.0011144821164934537
BRL,1040,nnls_nonneg,8.084038373900638e-05,False,True,8.084038373900638e-05,7.712374908480167e-05,0.030672446519063486,0.0010904012412706887,0.0010904012412706887,0.0010904012412706887,0.0010904012412706887,0.0010904012412706887
BRL,1060,nnls_original_legacy,0.00011109906102717272,False,False,0.00011109906102717272,0.00026470745470608115,1.2246060124178808,0.5144224632130119,0.5144224632130119,0.5144224632130119,0.5144224632130119,0.5144224632130119
BRL,1060,nnls_intermedia_legacy,0.00010171742067014625,False,False,0.00010171742067014625,0.00026470745470608115,1.2993988861170367,0.6459540340063779,0.6459540340063779,0.6459540340063779,0.6459540340063779,0.6459540340063779
BRL,1060,nnls_nonneg,0.00012007159653750315,False,True,0.00012007159653750315,0.00026470745470608115,1.1530746288168536,0.41404305101535277,0.41404305101535277,0.41404305101535277,0.41404305101535277,0.41404305101535277
BRL,1080,nnls_original_legacy,0.00026561674132531015,False,False,0.00026561674132531015,1.4763440794247022e-05,1.674994320050511,1.9454822800882785,1.9454822800882785,1.9454822800882785,1.9454822800882785,1.9454822800882785
BRL,1080,nnls_intermedia_legacy,0.0002621481647485407,False,False,0.0002621481647485407,1.4763440794247022e-05,1.6518339866905374,1.9330731125830862,1.9330731125830862,1.9330731125830862,1.9330731125830862,1.9330731125830862
BRL,1080,nnls_nonneg,0.0003101134383413969,False,True,0.0003101134383413969,1.4763440794247022e-05,1.972107073222059,2.0923908344094726,2.0923908344094726,2.0923908344094726,2.0923908344094726,2.0923908344094726
BRL,1100,nnls_original_legacy,0.00010785615227968718,False,False,0.00010785615227968718,1.1287609346882484e-06,0.6939759126998729,3.570143332141603,3.570143332141603,3.570143332141603,3.570143332141603,3.570143332141603
BRL,1100,nnls_intermedia_legacy,0.00010036362003839231,False,False,0.00010036362003839231,1.1287609346882484e-06,0.6452570521050526,3.498925992285095,3.498925992285095,3.498925992285095,3.498925992285095,3.498925992285095
BRL,1100,nnls_nonneg,0.00012916952030161608,False,True,0.00012916952030161608,1.1287609346882484e-06,0.8325623040594651,3.748743740679485,3.748743740679485,3.748743740679485,3.748743740679485,3.748743740679485
BRL,1120,nnls_original_legacy,7.392619837883949e-05,False,False,7.392619837883949e-05,0.00029736609169132654,1.3934607136927701,1.6305756521471872,1.6305756521471872,1.6305756521471872,1.6305756521471872,1.6305756521471872
BRL,1120,nnls_intermedia_legacy,8.948717886746705e-05,False,False,8.948717886746705e-05,0.00029736609169132654,1.2964162036190159,1.1221335442236877,1.1221335442236877,1.1221335442236877,1.1221335442236877,1.1221335442236877
BRL,1120,nnls_nonneg,0.00014301693126356088,False,True,0.00014301693126356088,0.00029736609169132654,0.9625832167166292,0.347235988101102,0.347235988101102,0.347235988101102,0.347235988101102,0.347235988101102
BRL,1140,nnls_original_legacy,0.00012396297903954776,False,False,0.00012396297903954776,2.871828800598972e-05,0.5680612293141762,0.6941170951147195,0.6941170951147195,0.6941170951147195,0.6941170951147195,0.6941170951147195
BRL,1140,nnls_intermedia_legacy,0.00011650389692047304,False,False,0.00011650389692047304,2.871828800598972e-05,0.5235735490861616,0.6468912543084817,0.6468912543084817,0.6468912543084817,0.6468912543084817,0.6468912543084817
BRL,1140,nnls_nonneg,9.668603741451013e-05,False,True,9.668603741451013e-05,2.871828800598972e-05,0.4053752798580488,0.5109610864867113,0.5109610864867113,0.5109610864867113,0.5109610864867113,0.5109610864867113
BRL,1160,nnls_original_legacy,0.00012619432537009268,False,False,0.00012619432537009268,2.4599116447342427e-06,0.7303238762046977,2.957190596053699,2.957190596053699,2.957190596053699,2.957190596053699,2.957190596053699
BRL,1160,nnls_intermedia_legacy,0.00016665377899513544,False,False,0.00016665377899513544,2.4599116447342427e-06,0.9691297517160284,3.230553659458395,3.230553659458395,3.230553659458395,3.230553659458395,3.230553659458395
BRL,1160,nnls_nonneg,0.00015463673849018,False,True,0.00015463673849018,2.4599116447342427e-06,0.8982009669272799,3.1568609904741525,3.1568609904741525,3.1568609904741525,3.1568609904741525,3.1568609904741525
BRL,1180,nnls_original_legacy,0.00020092886121403312,False,False,0.00020092886121403312,0.0005883061269247562,2.2230646648324743,0.8536359049732336,0.8536359049732336,0.8536359049732336,0.8536359049732336,0.8536359049732336
BRL,1180,nnls_intermedia_legacy,0.00022842986140851645,False,False,0.00022842986140851645,0.0005883061269247562,2.0652430599230085,0.6294161914361605,0.6294161914361605,0.6294161914361605,0.6294161914361605,0.6294161914361605
BRL,1180,nnls_nonneg,0.0002198656421847691,False,True,0.0002198656421847691,0.0005883061269247562,2.114391047746355,0.691522093443997,0.691522093443997,0.691522093443997,0.691522093443997,0.691522093443997
BRL,1200,nnls_original_legacy,0.0001231869290222223,False,False,0.0001231869290222223,7.145856864472054e-06,0.6273150601083626,1.9051784599898576,1.9051784599898576,1.9051784599898576,1.9051784599898576,1.9051784599898576
BRL,1200,nnls_intermedia_legacy,0.00015436532331732295,False,False,0.00015436532331732295,7.145856864472054e-06,0.7958646600700429,2.1190811462723014,2.1190811462723014,2.1190811462723014,2.1190811462723014,2.1190811462723014
BRL,1200,nnls_nonneg,0.00011348235700376036,False,True,0.00011348235700376036,7.145856864472054e-06,0.5748523926589323,1.8280835302060492,1.8280835302060492,1.8280835302060492,1.8280835302060492,1.8280835302060492
BRL,1220,nnls_original_legacy,9.848997993407257e-05,False,False,9.848997993407257e-05,0.00014258647820932933,0.23059872913437104,0.07773186731119752,0.07773186731119752,0.07773186731119752,0.07773186731119752,0.07773186731119752
BRL,1220,nnls_intermedia_legacy,9.738146607622093e-05,False,False,9.738146607622093e-05,0.00014258647820932933,0.2363956040982921,0.0828927254021139,0.0828927254021139,0.0828927254021139,0.0828927254021139,0.0828927254021139
BRL,1220,nnls_nonneg,9.94349939967355e-05,False,True,9.94349939967355e-05,0.00014258647820932933,0.22565686185720313,0.0735222042078687,0.0735222042078687,0.0735222042078687,0.0735222042078687,0.0735222042078687
BRL,1240,nnls_original_legacy,0.0001019110867334573,False,False,0.0001019110867334573,2.6250643939398732e-06,0.5146380053804317,2.684753686651052,2.684753686651052,2.684753686651052,2.684753686651052,2.684753686651052
BRL,1240,nnls_intermedia_legacy,9.231830493893511e-05,False,False,9.231830493893511e-05,2.6250643939398732e-06,0.4649148925750788,2.5885719435427768,2.5885719435427768,2.5885719435427768,2.5885719435427768,2.5885719435427768
BRL,1240,nnls_nonneg,9.681407795914549e-05,False,True,9.681407795914549e-05,2.6250643939398732e-06,0.48821822979461543,2.6348014808704043,2.6348014808704043,2.6348014808704043,2.6348014808704043,2.6348014808704043
BRL,1260,nnls_original_legacy,0.00010412222346195435,False,False,0.00010412222346195435,0.0001235594211665734,0.09917117561461296,0.015519995781997586,0.015519995781997586,0.015519995781997586,0.015519995781997586,0.015519995781997586
BRL,1260,nnls_intermedia_legacy,0.00012532781523103792,False,False,0.00012532781523103792,0.0001235594211665734,0.00902258242098212,0.00010049459220873302,0.00010049459220873302,0.00010049459220873302,0.00010049459220873302,0.00010049459220873302
BRL,1260,nnls_nonneg,0.0001327182620693526,False,True,0.0001327182620693526,0.0001235594211665734,0.04672962807699217,0.002496717007076432,0.002496717007076432,0.002496717007076432,0.002496717007076432,0.002496717007076432
BRL,1280,nnls_original_legacy,0.0001079087506059587,False,False,0.0001079087506059587,2.3778362538948787e-05,0.4196792639355679,0.7328661409145711,0.7328661409145711,0.7328661409145711,0.7328661409145711,0.7328661409145711
BRL,1280,nnls_intermedia_legacy,0.00010396561885229539,False,False,0.00010396561885229539,2.3778362538948787e-05,0.4000091938217787,0.703997937718668,0.703997937718668,0.703997937718668,0.703997937718668,0.703997937718668
BRL,1280,nnls_nonneg,0.00010411446393541369,False,True,0.00010411446393541369,2.3778362538948787e-05,0.40075169835977936,0.705101614052938,0.705101614052938,0.705101614052938,0.705101614052938,0.705101614052938
BRL,1300,nnls_original_legacy,0.00011158428320443841,False,False,0.00011158428320443841,0.00010558231459463456,0.030230523761448566,0.0015006708409106562,0.0015006708409106562,0.0015006708409106562,0.0015006708409106562,0.0015006708409106562
BRL,1300,nnls_intermedia_legacy,0.00010424721956460392,False,False,0.00010424721956460392,0.00010558231459463456,0.006724563997753412,8.131619156714898e-05,8.131619156714898e-05,8.131619156714898e-05,8.131619156714898e-05,8.131619156714898e-05
BRL,1300,nnls_nonneg,0.00010454913451626407,False,True,0.00010454913451626407,0.00010558231459463456,0.005203888413880748,4.8510044969862776e-05,4.8510044969862776e-05,4.8510044969862776e-05,4.8510044969862776e-05,4.8510044969862776e-05
BRL,1320,nnls_original_legacy,0.00020392227548154566,False,False,0.00020392227548154566,0.00017308812996754303,0.15584608863531035,0.012732650376408694,0.012732650376408694,0.012732650376408694,0.012732650376408694,0.012732650376408694
BRL,1320,nnls_intermedia_legacy,0.00018242697272913294,False,False,0.00018242697272913294,0.00017308812996754303,0.047201636124893434,0.0013568312484300016,0.0013568312484300016,0.0013568312484300016,0.0013568312484300016,0.0013568312484300016
BRL,1320,nnls_nonneg,0.0001758705852199657,False,True,0.0001758705852199657,0.00017308812996754303,0.014063459864516877,0.00012648851907126613,0.00012648851907126613,0.00012648851907126613,0.00012648851907126613,0.00012648851907126613
BRL,1340,nnls_original_legacy,9.634905844517785e-05,False,False,9.634905844517785e-05,5.384298210306634e-05,0.22490137218473388,0.14073801835120836,0.14073801835120836,0.14073801835120836,0.14073801835120836,0.14073801835120836
BRL,1340,nnls_intermedia_legacy,9.235240024566863e-05,False,False,9.235240024566863e-05,5.384298210306634e-05,0.20375489171477618,0.12255622186953108,0.12255622186953108,0.12255622186953108,0.12255622186953108,0.12255622186953108
BRL,1340,nnls_nonneg,9.499063349942311e-05,False,True,9.499063349942311e-05,5.384298210306634e-05,0.21771389075616604,0.13453033849217233,0.13453033849217233,0.13453033849217233,0.13453033849217233,0.13453033849217233
BRL,1360,nnls_original_legacy,0.00014347469579816303,False,False,0.00014347469579816303,0.0024078637668174373,12.104424039317923,12.962161255759801,12.962161255759801,12.962161255759801,12.962161255759801,12.962161255759801
BRL,1360,nnls_intermedia_legacy,0.00012522927545504037,False,False,0.00012522927545504037,0.0024078637668174373,12.201955999454679,15.27129375352239,15.27129375352239,15.27129375352239,15.27129375352239,15.27129375352239
BRL,1360,nnls_nonneg,0.0001809584152609362,False,True,0.0001809584152609362,0.0024078637668174373,11.904052627551657,9.717943851314383,9.717943851314383,9.717943851314383,9.717943851314383,9.717943851314383
BRL,1380,nnls_original_legacy,0.0001275151744182235,False,False,0.0001275151744182235,5.470477946362856e-06,0.600580959424285,2.1917699875760777,2.1917699875760777,2.1917699875760777,2.1917699875760777,2.1917699875760777
BRL,1380,nnls_intermedia_legacy,0.0001572704665888176,False,False,0.0001572704665888176,5.470477946362856e-06,0.7470065103607457,2.393384937527654,2.393384937527654,2.393384937527654,2.393384937527654,2.393384937527654
BRL,1380,nnls_nonneg,0.00013844031421389702,False,True,0.00013844031421389702,5.470477946362856e-06,0.6543434835651262,2.270588364394456,2.270588364394456,2.270588364394456,2.270588364394456,2.270588364394456
BRL,1400,nnls_original_legacy,8.848542340054457e-05,False,False,8.848542340054457e-05,2.6168707033485897e-05,0.31153386923198906,0.5140138377257468,0.5140138377257468,0.5140138377257468,0.5140138377257468,0.5140138377257468
BRL,1400,nnls_intermedia_legacy,0.00015131168952294273,False,False,0.00015131168952294273,2.6168707033485897e-05,0.6256150807519142,0.9277232759045964,0.9277232759045964,0.9277232759045964,0.9277232759045964,0.9277232759045964
BRL,1400,nnls_nonneg,0.00016642705313739322,False,True,0.00016642705313739322,2.6168707033485897e-05,0.7011798406779907,1.0072310859869438,1.0072310859869438,1.0072310859869438,1.0072310859869438,1.0072310859869438
BRL,1420,nnls_original_legacy,0.0001089367278478604,False,False,0.0001089367278478604,3.0971941506213846e-06,0.5336048901264366,2.588701775192787,2.588701775192787,2.588701775192787,2.588701775192787,2.588701775192787
BRL,1420,nnls_intermedia_legacy,0.00011774057620246813,False,False,0.00011774057620246813,3.0971941506213846e-06,0.5779907294233914,2.664292348821202,2.664292348821202,2.664292348821202,2.664292348821202,2.664292348821202
BRL,1420,nnls_nonneg,0.00012595291269834613,False,True,0.00012595291269834613,3.0971941506213846e-06,0.6193943785182533,2.7300016349261886,2.7300016349261886,2.7300016349261886,2.7300016349261886,2.7300016349261886
BRL,1440,nnls_original_legacy,8.731116014889262e-05,False,False,8.731116014889262e-05,0.0004525510874161026,1.9362290971307157,2.537776284325733,2.537776284325733,2.537776284325733,2.537776284325733,2.537776284325733
BRL,1440,nnls_intermedia_legacy,9.021807306996894e-05,False,False,9.021807306996894e-05,0.0004525510874161026,1.920818817584538,2.4035201302948552,2.4035201302948552,2.4035201302948552,2.4035201302948552,2.4035201302948552
BRL,1440,nnls_nonneg,0.00010474811782709055,False,True,0.00010474811782709055,0.0004525510874161026,1.8437913807107817,1.857032340025477,1.857032340025477,1.857032340025477,1.857032340025477,1.857032340025477
BRL,1460,nnls_original_legacy,9.292968489717828e-05,False,False,9.292968489717828e-05,6.668618494087755e-05,0.13919206756089825,0.049443632847681496,0.049443632847681496,0.049443632847681496,0.049443632847681496,0.049443632847681496
BRL,1460,nnls_intermedia_legacy,9.335975594846475e-05,False,False,9.335975594846475e-05,6.668618494087755e-05,0.1414731077775741,0.050755187545926006,0.050755187545926006,0.050755187545926006,0.050755187545926006,0.050755187545926006
BRL,1460,nnls_nonneg,0.00010545873506263375,False,True,0.00010545873506263375,6.668618494087755e-05,0.2056444995919872,0.09066580312456285,0.09066580312456285,0.09066580312456285,0.09066580312456285,0.09066580312456285
BRL,1480,nnls_original_legacy,0.0001276198980244619,False,False,0.0001276198980244619,9.913147813103908e-06,0.6518390647142613,1.6328714945708658,1.6328714945708658,1.6328714945708658,1.6328714945708658,1.6328714945708658
BRL,1480,nnls_intermedia_legacy,0.00010648984790630768,False,False,0.00010648984790630768,9.913147813103908e-06,0.5348246022331278,1.4672777917242765,1.4672777917242765,1.4672777917242765,1.4672777917242765,1.4672777917242765
BRL,1480,nnls_nonneg,0.00011716265585994237,False,True,0.00011716265585994237,9.913147813103908e-06,0.5939287159893909,1.5543113846858483,1.5543113846858483,1.5543113846858483,1.5543113846858483,1.5543113846858483
BRL,1500,nnls_original_legacy,0.00012283338826824504,False,False,0.00012283338826824504,4.5716687139533055e-08,0.6092766758968989,6.896492957170697,6.896492957170697,6.896492957170697,3.81896997917025,6.896492957170697
BRL,1500,nnls_intermedia_legacy,7.119295806663092e-05,False,False,7.119295806663092e-05,4.5716687139533055e-08,0.35303507403263795,6.351327964227824,6.351327964227824,6.351327964227824,3.2794402430206446,6.351327964227824
BRL,1500,nnls_nonneg,8.296130983094316e-05,False,True,8.296130983094316e-05,4.5716687139533055e-08,0.41143004277352996,6.504217315281875,6.504217315281875,6.504217315281875,3.4304281641159147,6.504217315281875
BRL,1520,nnls_original_legacy,0.00013895599542741943,False,False,0.00013895599542741943,3.5651868514463995e-06,0.6454913994662039,2.6885977868466995,2.6885977868466995,2.6885977868466995,2.6885977868466995,2.6885977868466995
BRL,1520,nnls_intermedia_legacy,9.334614896231632e-05,False,False,9.334614896231632e-05,3.5651868514463995e-06,0.42804116090235234,2.3032913363777263,2.3032913363777263,2.3032913363777263,2.3032913363777263,2.3032913363777263
BRL,1520,nnls_nonneg,9.559502918925999e-05,False,True,9.559502918925999e-05,3.5651868514463995e-06,0.43876295849105035,2.326199046200653,2.326199046200653,2.326199046200653,2.326199046200653,2.326199046200653
BRL,1540,nnls_original_legacy,0.00014336151325168014,False,False,0.00014336151325168014,0.0003548550708342395,0.975929655485505,0.5689064586151205,0.5689064586151205,0.5689064586151205,0.5689064586151205,0.5689064586151205
BRL,1540,nnls_intermedia_legacy,0.00017391743166800244,False,False,0.00017391743166800244,0.0003548550708342395,0.8349304341667005,0.32723637561559515,0.32723637561559515,0.32723637561559515,0.32723637561559515,0.32723637561559515
BRL,1540,nnls_nonneg,0.0001524837245799283,False,True,0.0001524837245799283,0.0003548550708342395,0.9338355290231993,0.4825152733225171,0.4825152733225171,0.4825152733225171,0.4825152733225171,0.4825152733225171
BRL,1560,nnls_original_legacy,0.0001348289628643824,False,False,0.0001348289628643824,1.919924651955958e-06,0.6287057303127406,3.265960796912432,3.265960796912432,3.265960796912432,3.265960796912432,3.265960796912432
BRL,1560,nnls_intermedia_legacy,0.0001156923774732271,False,False,0.0001156923774732271,1.919924651955958e-06,0.5381830611560426,3.1152438921026464,3.1152438921026464,3.1152438921026464,3.1152438921026464,3.1152438921026464
BRL,1560,nnls_nonneg,0.00013053277288951583,False,True,0.00013053277288951583,1.919924651955958e-06,0.6083832654748436,3.234046759527443,3.234046759527443,3.234046759527443,3.234046759527443,3.234046759527443
BRL,1580,nnls_original_legacy,0.00011684936940443882,False,False,0.00011684936940443882,7.276893251934097e-06,0.59023163511164,1.8384574896251595,1.8384574896251595,1.8384574896251595,1.8384574896251595,1.8384574896251595
BRL,1580,nnls_intermedia_legacy,0.0001130353322780679,False,False,0.0001130353322780679,7.276893251934097e-06,0.5696866456350748,1.8073735811366252,1.8073735811366252,1.8073735811366252,1.8073735811366252,1.8073735811366252
BRL,1580,nnls_nonneg,0.00010976506546586786,False,True,0.00010976506546586786,7.276893251934097e-06,0.5520707716894167,1.7799334594222693,1.7799334594222693,1.7799334594222693,1.7799334594222693,1.7799334594222693
BRL,1600,nnls_original_legacy,0.00010579474834687714,False,False,0.00010579474834687714,5.2138444445288896e-05,0.30103265780807675,0.20042470184112338,0.20042470184112338,0.20042470184112338,0.20042470184112338,0.20042470184112338
BRL,1600,nnls_intermedia_legacy,7.714582333505974e-05,False,False,7.714582333505974e-05,5.2138444445288896e-05,0.14030108644472764,0.06763760423921483,0.06763760423921483,0.06763760423921483,0.06763760423921483,0.06763760423921483
BRL,1600,nnls_nonneg,8.050816106672487e-05,False,True,8.050816106672487e-05,5.2138444445288896e-05,0.15916510409432152,0.08207286960788407,0.08207286960788407,0.08207286960788407,0.08207286960788407,0.08207286960788407
BRL,1620,nnls_original_legacy,9.805288273339836e-05,False,False,9.805288273339836e-05,7.208688012653692e-05,0.15056867511944544,0.04281858268710792,0.04281858268710792,0.04281858268710792,0.04281858268710792,0.04281858268710792
BRL,1620,nnls_intermedia_legacy,7.593787002014566e-05,False,False,7.593787002014566e-05,7.208688012653692e-05,0.022330678116231198,0.0013310692078016828,0.0013310692078016828,0.0013310692078016828,0.0013310692078016828,0.0013310692078016828
BRL,1620,nnls_nonneg,8.057847903532902e-05,False,True,8.057847903532902e-05,7.208688012653692e-05,0.04924010894941133,0.005976580948862775,0.005976580948862775,0.005976580948862775,0.005976580948862775,0.005976580948862775
BRL,1640,nnls_original_legacy,9.310983303124296e-05,False,False,9.310983303124296e-05,2.2120741336473706e-05,0.429036365275101,0.6748409616367264,0.6748409616367264,0.6748409616367264,0.6748409616367264,0.6748409616367264
BRL,1640,nnls_intermedia_legacy,4.847404818132787e-05,False,False,4.847404818132787e-05,2.2120741336473706e-05,0.15927132904179384,0.24085481837709244,0.24085481837709244,0.24085481837709244,0.24085481837709244,0.24085481837709244
BRL,1640,nnls_nonneg,6.231902415299559e-05,False,True,6.231902415299559e-05,2.2120741336473706e-05,0.24294613071055654,0.39071073985628524,0.39071073985628524,0.39071073985628524,0.39071073985628524,0.39071073985628524
BRL,1660,nnls_original_legacy,9.867444312520006e-05,False,False,9.867444312520006e-05,1.4712866237002483e-05,0.5166740256296781,1.0522087485649627,1.0522087485649627,1.0522087485649627,1.0522087485649627,1.0522087485649627
BRL,1660,nnls_intermedia_legacy,7.8080737564672e-05,False,False,7.8080737564672e-05,1.4712866237002483e-05,0.3899466206792119,0.857452468535497,0.857452468535497,0.857452468535497,0.857452468535497,0.857452468535497
BRL,1660,nnls_nonneg,7.666749024670223e-05,False,True,7.666749024670223e-05,1.4712866237002483e-05,0.3812499262143366,0.8426602867630111,0.8426602867630111,0.8426602867630111,0.8426602867630111,0.8426602867630111
BRL,1680,nnls_original_legacy,0.0001498713094047497,False,False,0.0001498713094047497,0.00019917161989039365,0.30828965031714856,0.04456107985129365,0.04456107985129365,0.04456107985129365,0.04456107985129365,0.04456107985129365
BRL,1680,nnls_intermedia_legacy,0.00017503938352214315,False,False,0.00017503938352214315,0.00019917161989039365,0.15090612286316404,0.00871159936994581,0.00871159936994581,0.00871159936994581,0.00871159936994581,0.00871159936994581
BRL,1680,nnls_nonneg,0.00017680150105093265,False,True,0.00017680150105093265,0.00019917161989039365,0.13988707264995243,0.00738752296824674,0.00738752296824674,0.00738752296824674,0.00738752296824674,0.00738752296824674
BRL,1700,nnls_original_legacy,8.767207178459709e-05,False,False,8.767207178459709e-05,7.022429401324171e-06,0.5365898628329521,1.604592989121981,1.604592989121981,1.604592989121981,1.604592989121981,1.604592989121981
BRL,1700,nnls_intermedia_legacy,4.039714608084345e-05,False,False,4.039714608084345e-05,7.022429401324171e-06,0.2220534910749486,0.9234847040691656,0.9234847040691656,0.9234847040691656,0.9234847040691656,0.9234847040691656
BRL,1700,nnls_nonneg,5.821101117857639e-05,False,True,5.821101117857639e-05,7.022429401324171e-06,0.3405752742701057,1.2356027805393115,1.2356027805393115,1.2356027805393115,1.2356027805393115,1.2356027805393115
BRL,1720,nnls_original_legacy,8.338479848796318e-05,False,False,8.338479848796318e-05,5.011192877646054e-06,0.5426592800680389,1.8718892339300401,1.8718892339300401,1.8718892339300401,1.8718892339300401,1.8718892339300401
BRL,1720,nnls_intermedia_legacy,4.0274759959273795e-05,False,False,4.0274759959273795e-05,5.011192877646054e-06,0.24416513411790794,1.208476128657976,1.208476128657976,1.208476128657976,1.208476128657976,1.208476128657976
BRL,1720,nnls_nonneg,5.8346788099432434e-05,False,True,5.8346788099432434e-05,5.011192877646054e-06,0.3692959572252327,1.5406166793662366,1.5406166793662366,1.5406166793662366,1.5406166793662366,1.5406166793662366
BRL,1740,nnls_original_legacy,8.560050227971652e-05,False,False,8.560050227971652e-05,0.00018767393682529146,0.716654765808754,0.40742474072872903,0.40742474072872903,0.40742474072872903,0.40742474072872903,0.40742474072872903
BRL,1740,nnls_intermedia_legacy,7.203408093006232e-05,False,False,7.203408093006232e-05,0.00018767393682529146,0.8119042355506418,0.6477824984283336,0.6477824984283336,0.6477824984283336,0.6477824984283336,0.6477824984283336
BRL,1740,nnls_nonneg,7.661939453711978e-05,False,True,7.661939453711978e-05,0.00018767393682529146,0.7797108753109779,0.5535753758646917,0.5535753758646917,0.5535753758646917,0.5535753758646917,0.5535753758646917
BRL,1760,nnls_original_legacy,8.417638894896341e-05,False,False,8.417638894896341e-05,0.0008613255643293662,5.5207416881633975,6.906831004088126,6.906831004088126,6.906831004088126,6.906831004088126,6.906831004088126
BRL,1760,nnls_intermedia_legacy,8.470332030184686e-05,False,False,8.470332030184686e-05,0.0008613255643293662,5.516998453300875,6.849416614256872,6.849416614256872,6.849416614256872,6.849416614256872,6.849416614256872
BRL,1760,nnls_nonneg,8.903141086974191e-05,False,True,8.903141086974191e-05,0.0008613255643293662,5.486252399923633,6.404917614515358,6.404917614515358,6.404917614515358,6.404917614515358,6.404917614515358
BRL,1780,nnls_original_legacy,0.00010391742160659564,False,False,0.00010391742160659564,8.775835349267474e-06,0.6252532544073593,1.556044686923355,1.556044686923355,1.556044686923355,1.556044686923355,1.556044686923355
BRL,1780,nnls_intermedia_legacy,0.00010272940328315241,False,False,0.00010272940328315241,8.775835349267474e-06,0.617445813389723,1.5455231312559277,1.5455231312559277,1.5455231312559277,1.5455231312559277,1.5455231312559277
BRL,1780,nnls_nonneg,9.46677736870936e-05,False,True,9.46677736870936e-05,8.775835349267474e-06,0.5644662453685496,1.4710730840286734,1.4710730840286734,1.4710730840286734,1.4710730840286734,1.4710730840286734
BRL,1800,nnls_original_legacy,0.00012810704587659435,False,False,0.00012810704587659435,6.46493396684272e-06,0.7929687224797995,2.036938504968865,2.036938504968865,2.036938504968865,2.036938504968865,2.036938504968865
BRL,1800,nnls_intermedia_legacy,0.00019714562915242945,False,False,0.00019714562915242945,6.46493396684272e-06,1.2430220495929525,2.4503425739038396,2.4503425739038396,2.4503425739038396,2.4503425739038396,2.4503425739038396
BRL,1800,nnls_nonneg,0.0001601195701387695,False,True,0.0001601195701387695,6.46493396684272e-06,1.0016541034633533,2.249903715294658,2.249903715294658,2.249903715294658,2.249903715294658,2.249903715294658
BRL,1820,nnls_original_legacy,9.862369153242572e-05,False,False,9.862369153242572e-05,0.00020368470448592414,0.6964217194081075,0.340009832109871,0.340009832109871,0.340009832109871,0.340009832109871,0.340009832109871
BRL,1820,nnls_intermedia_legacy,7.337838235104705e-05,False,False,7.337838235104705e-05,0.00020368470448592414,0.8637662093652604,0.7548696438973794,0.7548696438973794,0.7548696438973794,0.7548696438973794,0.7548696438973794
BRL,1820,nnls_nonneg,6.230124305800906e-05,False,True,6.230124305800906e-05,0.00020368470448592414,0.9371936414422298,1.0847603212159829,1.0847603212159829,1.0847603212159829,1.0847603212159829,1.0847603212159829
BRL,1840,nnls_original_legacy,9.743117789954995e-05,False,False,9.743117789954995e-05,9.234715822633384e-05,0.03243930564465466,0.0014107025336953516,0.0014107025336953516,0.0014107025336953516,0.0014107025336953516,0.0014107025336953516
BRL,1840,nnls_intermedia_legacy,9.744748550001408e-05,False,False,9.744748550001408e-05,9.234715822633384e-05,0.03254335859287081,0.0014194488388152848,0.0014194488388152848,0.0014194488388152848,0.0014194488388152848,0.0014194488388152848
BRL,1840,nnls_nonneg,0.00010281408222148066,False,True,0.00010281408222148066,9.234715822633384e-05,0.06678568700800241,0.005563014869386151,0.005563014869386151,0.005563014869386151,0.005563014869386151,0.005563014869386151
BRL,1860,nnls_original_legacy,0.00011444418980090037,False,False,0.00011444418980090037,0.0001611355406411159,0.3032712527359181,0.06582498571994022,0.06582498571994022,0.06582498571994022,0.06582498571994022,0.06582498571994022
BRL,1860,nnls_intermedia_legacy,8.171534440771917e-05,False,False,8.171534440771917e-05,0.0001611355406411159,0.5158527643944149,0.2929088063699692,0.2929088063699692,0.2929088063699692,0.2929088063699692,0.2929088063699692
BRL,1860,nnls_nonneg,5.449130495837348e-05,False,True,5.449130495837348e-05,0.0001611355406411159,0.6926792729396324,0.872882473100675,0.872882473100675,0.872882473100675,0.872882473100675,0.872882473100675
BRL,1880,nnls_original_legacy,8.154381985436027e-05,False,False,8.154381985436027e-05,9.746276320668316e-05,0.11370936381049167,0.016889648698992232,0.016889648698992232,0.016889648698992232,0.016889648698992232,0.016889648698992232
BRL,1880,nnls_intermedia_legacy,9.776609572621873e-05,False,False,9.776609572621873e-05,9.746276320668316e-05,0.0021667108837590747,4.823151163568795e-06,4.823151163568795e-06,4.823151163568795e-06,4.823151163568795e-06,4.823151163568795e-06
BRL,1880,nnls_nonneg,0.00011015014069936266,False,True,0.00011015014069936266,9.746276320668316e-05,0.090626217531305,0.007191380460440433,0.007191380460440433,0.007191380460440433,0.007191380460440433,0.007191380460440433
BRL,1900,nnls_original_legacy,0.00011586463196791595,False,False,0.00011586463196791595,7.766137030143863e-06,0.6843967340874304,1.7696773440049443,1.7696773440049443,1.7696773440049443,1.7696773440049443,1.7696773440049443
BRL,1900,nnls_intermedia_legacy,0.00012067301582230145,False,False,0.00012067301582230145,7.766137030143863e-06,0.7148397315415075,1.8076685283965288,1.8076685283965288,1.8076685283965288,1.8076685283965288,1.8076685283965288
BRL,1900,nnls_nonneg,9.307363781960049e-05,False,True,9.307363781960049e-05,7.766137030143863e-06,0.5401016449588351,1.5670588893183495,1.5670588893183495,1.5670588893183495,1.5670588893183495,1.5670588893183495
BRL,1920,nnls_original_legacy,0.0004371187030491233,False,False,0.0004371187030491233,0.0003887158507468247,0.30215426382731003,0.006624576467012977,0.006624576467012977,0.006624576467012977,0.006624576467012977,0.006624576467012977
BRL,1920,nnls_intermedia_legacy,0.0006152414390061727,False,False,0.0006152414390061727,0.0003887158507468247,1.414083449691686,0.09097641407664847,0.09097641407664847,0.09097641407664847,0.09097641407664847,0.09097641407664847
BRL,1920,nnls_nonneg,0.0007205350088876346,False,True,0.0007205350088876346,0.0003887158507468247,2.0713773813505787,0.15662764216633707,0.15662764216633707,0.15662764216633707,0.15662764216633707,0.15662764216633707
BRL,1940,nnls_original_legacy,0.000107699368793663,False,False,0.000107699368793663,7.015797989044187e-06,0.6249010393317515,1.7963216859975044,1.7963216859975044,1.7963216859975044,1.7963216859975044,1.7963216859975044
BRL,1940,nnls_intermedia_legacy,0.0001083399891622051,False,False,0.0001083399891622051,7.015797989044187e-06,0.6288771034593925,1.8018671020594232,1.8018671020594232,1.8018671020594232,1.8018671020594232,1.8018671020594232
BRL,1940,nnls_nonneg,9.076189878910532e-05,False,True,9.076189878910532e-05,7.015797989044187e-06,0.5197772090492749,1.6373740525361726,1.6373740525361726,1.6373740525361726,1.6373740525361726,1.6373740525361726
BRL,1960,nnls_original_legacy,9.09643500576264e-05,False,False,9.09643500576264e-05,0.00019774021932224392,0.6702686724684833,0.397334580577386,0.397334580577386,0.397334580577386,0.397334580577386,0.397334580577386
BRL,1960,nnls_intermedia_legacy,9.475250030589978e-05,False,False,9.475250030589978e-05,0.00019774021932224392,0.6464891569701935,0.3512270300056488,0.3512270300056488,0.3512270300056488,0.3512270300056488,0.3512270300056488
BRL,1960,nnls_nonneg,0.00010039626609703187,False,True,0.00010039626609703187,0.00019774021932224392,0.6110613076761707,0.2917682173739915,0.2917682173739915,0.2917682173739915,0.2917682173739915,0.2917682173739915
BRL,1980,nnls_original_legacy,1.3980994674711488e-05,False,False,1.3980994674711488e-05,0.00036273919965178485,2.0871724380298335,21.689178761547446,21.689178761547446,21.689178761547446,21.689178761547446,21.689178761547446
BRL,1980,nnls_intermedia_legacy,7.436121925197264e-05,False,False,7.436121925197264e-05,0.00036273919965178485,1.7258219701663018,2.2933199958136337,2.2933199958136337,2.2933199958136337,2.2933199958136337,2.2933199958136337
BRL,1980,nnls_nonneg,0.00021991686861215333,False,True,0.00021991686861215333,0.00036273919965178485,0.8547320998532145,0.14900330405476492,0.14900330405476492,0.14900330405476492,0.14900330405476492,0.14900330405476492
BRL,2000,nnls_original_legacy,0.00014056848543892412,False,False,0.00014056848543892412,1.4712261417570341e-05,0.8562799523238477,1.3616761422877466,1.3616761422877466,1.3616761422877466,1.3616761422877466,1.3616761422877466
BRL,2000,nnls_intermedia_legacy,0.0001290526689999444,False,False,0.0001290526689999444,1.4712261417570341e-05,0.7779305275892656,1.28554134431905,1.28554134431905,1.28554134431905,1.28554134431905,1.28554134431905
BRL,2000,nnls_nonneg,0.00012780255641556116,False,True,0.00012780255641556116,1.4712261417570341e-05,0.7694252164496792,1.276922402544312,1.276922402544312,1.276922402544312,1.276922402544312,1.276922402544312
BRL,2020,nnls_original_legacy,6.106826662046304e-05,False,False,6.106826662046304e-05,2.104330022163978e-05,0.293430961102427,0.40999663257609886,0.40999663257609886,0.40999663257609886,0.40999663257609886,0.40999663257609886
BRL,2020,nnls_intermedia_legacy,5.760407615018147e-05,False,False,5.760407615018147e-05,2.104330022163978e-05,0.26803429420687463,0.37232032312315133,0.37232032312315133,0.37232032312315133,0.37232032312315133,0.37232032312315133
BRL,2020,nnls_nonneg,6.243804169613458e-05,False,True,6.243804169613458e-05,2.104330022163978e-05,0.3034730536539467,0.4246194113721731,0.4246194113721731,0.4246194113721731,0.4246194113721731,0.4246194113721731
BRL,2040,nnls_original_legacy,4.69067021244705e-05,False,False,4.69067021244705e-05,2.6918847476551598e-05,0.15994379871954897,0.12921450055052053,0.12921450055052053,0.12921450055052053,0.12921450055052053,0.12921450055052053
BRL,2040,nnls_intermedia_legacy,3.3679527724984175e-05,False,False,3.3679527724984175e-05,2.6918847476551598e-05,0.054099296793471356,0.023327874633123358,0.023327874633123358,0.023327874633123358,0.023327874633123358,0.023327874633123358
BRL,2040,nnls_nonneg,4.5040638378579195e-05,False,True,4.5040638378579195e-05,2.6918847476551598e-05,0.1450114645882438,0.11239534792375361,0.11239534792375361,0.11239534792375361,0.11239534792375361,0.11239534792375361
BRL,2060,nnls_original_legacy,3.9076662123849364e-05,False,False,3.9076662123849364e-05,7.532938167348859e-05,0.2915974470270068,0.271388429024789,0.271388429024789,0.271388429024789,0.271388429024789,0.271388429024789
BRL,2060,nnls_intermedia_legacy,5.582824895051517e-05,False,False,5.582824895051517e-05,7.532938167348859e-05,0.1568566603222036,0.049715569266578274,0.049715569266578274,0.049715569266578274,0.049715569266578274,0.049715569266578274
BRL,2060,nnls_nonneg,5.902953026106802e-05,False,True,5.902953026106802e-05,7.532938167348859e-05,0.13110726913254953,0.032298039173091375,0.032298039173091375,0.032298039173091375,0.032298039173091375,0.032298039173091375
BRL,2080,nnls_original_legacy,0.000185147568545209,False,False,0.000185147568545209,2.800962680620921e-05,1.242384707744494,1.0398876241199426,1.0398876241199426,1.0398876241199426,1.0398876241199426,1.0398876241199426
BRL,2080,nnls_intermedia_legacy,0.0002506495395229577,False,False,0.0002506495395229577,2.800962680620921e-05,1.7602650246767697,1.3032556088025586,1.3032556088025586,1.3032556088025586,1.3032556088025586,1.3032556088025586
BRL,2080,nnls_nonneg,0.0002734000673600034,False,True,0.0002734000673600034,2.800962680620921e-05,1.940138246669253,1.3808371366247716,1.3808371366247716,1.3808371366247716,1.3808371366247716,1.3808371366247716
BRL,2100,nnls_original_legacy,6.901889871669146e-05,False,False,6.901889871669146e-05,6.54835946691379e-07,0.5320700088421372,3.6672386767139065,3.6672386767139065,3.6672386767139065,3.24886914676523,3.6672386767139065
BRL,2100,nnls_intermedia_legacy,4.08575484506912e-05,False,False,4.08575484506912e-05,6.54835946691379e-07,0.312893305792058,3.149489420750588,3.149489420750588,3.149489420750588,2.73456687033668,3.149489420750588
BRL,2100,nnls_nonneg,5.0560504346645654e-05,False,True,5.0560504346645654e-05,6.54835946691379e-07,0.38841034822887555,3.3594927939277905,3.3594927939277905,3.3594927939277905,2.9429490087195185,3.3594927939277905
BRL,2120,nnls_original_legacy,6.387774175732306e-05,False,False,6.387774175732306e-05,0.00017491040032399687,0.8714946286993951,0.7309028853017416,0.7309028853017416,0.7309028853017416,0.7309028853017416,0.7309028853017416
BRL,2120,nnls_intermedia_legacy,4.7833441579558666e-05,False,False,4.7833441579558666e-05,0.00017491040032399687,0.9974262384317341,1.3601063113006608,1.3601063113006608,1.3601063113006608,1.3601063113006608,1.3601063113006608
BRL,2120,nnls_nonneg,5.012084077096007e-05,False,True,5.012084077096007e-05,0.00017491040032399687,0.979472456772074,1.2399369275750605,1.2399369275750605,1.2399369275750605,1.2399369275750605,1.2399369275750605
BRL,2140,nnls_original_legacy,0.00012169692759484925,False,False,0.00012169692759484925,1.5926527358646585e-05,0.8208806393742195,1.1644180621036688,1.1644180621036688,1.1644180621036688,1.1644180621036688,1.1644180621036688
BRL,2140,nnls_intermedia_legacy,8.860635854792327e-05,False,False,8.860635854792327e-05,1.5926527358646585e-05,0.5640658082320757,0.8959622609992388,0.8959622609992388,0.8959622609992388,0.8959622609992388,0.8959622609992388
BRL,2140,nnls_nonneg,6.505068281695712e-05,False,True,6.505068281695712e-05,1.5926527358646585e-05,0.38125097429227844,0.6520131884801599,0.6520131884801599,0.6520131884801599,0.6520131884801599,0.6520131884801599
BRL,2160,nnls_original_legacy,3.10245225968608e-06,False,False,3.10245225968608e-06,7.137300000168642e-07,0.01851188718550148,0.6994968893907507,0.6994968893907507,0.6994968893907507,0.4545185192400223,0.6994968893907507
BRL,2160,nnls_intermedia_legacy,4.7293192866989614e-05,False,False,4.7293192866989614e-05,7.137300000168642e-07,0.36097698602853084,3.2087085115895526,3.2087085115895526,3.2087085115895526,2.8775110631903407,3.2087085115895526
BRL,2160,nnls_nonneg,7.323601306367803e-05,False,True,7.323601306367803e-05,7.137300000168642e-07,0.5620261280168293,3.640683436296354,3.640683436296354,3.640683436296354,3.307341766156889,3.640683436296354
BRL,2180,nnls_original_legacy,8.970809540495281e-05,False,False,8.970809540495281e-05,2.037342239276312e-06,0.6975260913823433,2.807625676042536,2.807625676042536,2.807625676042536,2.807625676042536,2.807625676042536
BRL,2180,nnls_intermedia_legacy,4.97370090225721e-05,False,False,4.97370090225721e-05,2.037342239276312e-06,0.37950811336953993,2.236065468858985,2.236065468858985,2.236065468858985,2.236065468858985,2.236065468858985
BRL,2180,nnls_nonneg,4.770162741901635e-05,False,True,4.770162741901635e-05,2.037342239276312e-06,0.3633142092095423,2.1960295007203112,2.1960295007203112,2.1960295007203112,2.1960295007203112,2.1960295007203112
BRL,2200,nnls_original_legacy,7.49605725271469e-05,False,False,7.49605725271469e-05,2.6354119514451544e-06,0.577365432306072,2.383080075790111,2.383080075790111,2.383080075790111,2.383080075790111,2.383080075790111
BRL,2200,nnls_intermedia_legacy,4.7735352410961425e-05,False,False,4.7735352410961425e-05,2.6354119514451544e-06,0.3600288808641068,1.951841564943627,1.951841564943627,1.951841564943627,1.951841564943627,1.951841564943627
BRL,2200,nnls_nonneg,7.617153836342903e-05,False,True,7.617153836342903e-05,2.6354119514451544e-06,0.5870324666825959,2.398546754146588,2.398546754146588,2.398546754146588,2.398546754146588,2.398546754146588
BRL,2220,nnls_original_legacy,4.317867086058141e-05,False,False,4.317867086058141e-05,8.246771972907606e-05,0.3115960569660195,0.26285768016797073,0.26285768016797073,0.26285768016797073,0.26285768016797073,0.26285768016797073
BRL,2220,nnls_intermedia_legacy,5.1017503730618296e-05,False,False,5.1017503730618296e-05,8.246771972907606e-05,0.24942734879253742,0.1362211701601974,0.1362211701601974,0.1362211701601974,0.1362211701601974,0.1362211701601974
BRL,2220,nnls_nonneg,9.364514475950132e-05,False,True,9.364514475950132e-05,8.246771972907606e-05,0.08864662461469372,0.007746277075053598,0.007746277075053598,0.007746277075053598,0.007746277075053598,0.007746277075053598
BRL,2240,nnls_original_legacy,0.0003356441184190817,False,False,0.0003356441184190817,4.316674707571721e-06,2.3890153484787775,3.366426933056113,3.366426933056113,3.366426933056113,3.366426933056113,3.366426933056113
BRL,2240,nnls_intermedia_legacy,0.0002896032606884473,False,False,0.0002896032606884473,4.316674707571721e-06,2.057040687570867,3.220932034381338,3.220932034381338,3.220932034381338,3.220932034381338,3.220932034381338
BRL,2240,nnls_nonneg,0.00013505788530694869,False,True,0.00013505788530694869,4.316674707571721e-06,0.9427011396996372,2.475179768036811,2.475179768036811,2.475179768036811,2.475179768036811,2.475179768036811
BRL,2260,nnls_original_legacy,0.00024028157654375473,False,False,0.00024028157654375473,0.0007750859166224551,3.744563270682805,1.0545776873469102,1.0545776873469102,1.0545776873469102,1.0545776873469102,1.0545776873469102
BRL,2260,nnls_intermedia_legacy,0.0002182162514719157,False,False,0.0002182162514719157,0.0007750859166224551,3.8990590360079818,1.284429224024013,1.284429224024013,1.284429224024013,1.284429224024013,1.284429224024013
BRL,2260,nnls_nonneg,0.00018448334910539752,False,True,0.00018448334910539752,0.0007750859166224551,4.1352481948255875,1.7659721753768398,1.7659721753768398,1.7659721753768398,1.7659721753768398,1.7659721753768398
BRL,2280,nnls_original_legacy,0.00015191753385151546,False,False,0.00015191753385151546,0.0003396441798595274,1.2317321311091098,0.4311534420246943,0.4311534420246943,0.4311534420246943,0.4311534420246943,0.4311534420246943
BRL,2280,nnls_intermedia_legacy,0.00033379367471363255,False,False,0.00033379367471363255,0.0003396441798595274,0.03838695957477618,0.00015183172729127392,0.00015183172729127392,0.00015183172729127392,0.00015183172729127392,0.00015183172729127392
BRL,2280,nnls_nonneg,0.00030644277469786833,False,True,0.00030644277469786833,0.0003396441798595274,0.21784460759950913,0.005477044513715779,0.005477044513715779,0.005477044513715779,0.005477044513715779,0.005477044513715779
BRL,2300,nnls_original_legacy,0.00012869717857778954,False,False,0.00012869717857778954,0.0003763242350486082,1.5272328527437695,0.8511174268435977,0.8511174268435977,0.8511174268435977,0.8511174268435977,0.8511174268435977
BRL,2300,nnls_intermedia_legacy,0.0002300240142590049,False,False,0.0002300240142590049,0.0003763242350486082,0.9023024654007451,0.1437541238224258,0.1437541238224258,0.1437541238224258,0.1437541238224258,0.1437541238224258
BRL,2300,nnls_nonneg,0.0002481236549300726,False,True,0.0002481236549300726,0.0003763242350486082,0.7906734445268916,0.1001563333059281,0.1001563333059281,0.1001563333059281,0.1001563333059281,0.1001563333059281
BRL,2320,nnls_original_legacy,0.00010042314918525688,False,False,0.00010042314918525688,0.0009051485016776293,4.74661108428148,5.814638850099908,5.814638850099908,5.814638850099908,5.814638850099908,5.814638850099908
BRL,2320,nnls_intermedia_legacy,7.744217699462436e-05,False,False,7.744217699462436e-05,0.0009051485016776293,4.882162595104118,8.229488536715904,8.229488536715904,8.229488536715904,8.229488536715904,8.229488536715904
BRL,2320,nnls_nonneg,0.00012966685115199309,False,True,0.00012966685115199309,0.0009051485016776293,4.574119339774089,4.0374392299625175,4.0374392299625175,4.0374392299625175,4.0374392299625175,4.0374392299625175
BRL,2340,nnls_original_legacy,0.0002602344270646156,False,False,0.0002602344270646156,6.113147939819351e-05,1.1677162966715477,0.6834651931480327,0.6834651931480327,0.6834651931480327,0.6834651931480327,0.6834651931480327
BRL,2340,nnls_intermedia_legacy,0.00027244192646117124,False,False,0.00027244192646117124,6.113147939819351e-05,1.2393119016288827,0.7187820563479583,0.7187820563479583,0.7187820563479583,0.7187820563479583,0.7187820563479583
BRL,2340,nnls_nonneg,0.0002197730327052419,False,True,0.0002197730327052419,6.113147939819351e-05,0.930414789419865,0.5577257270295344,0.5577257270295344,0.5577257270295344,0.5577257270295344,0.5577257270295344
BRL,2360,nnls_original_legacy,0.00010165520597569936,False,False,0.00010165520597569936,1.2956067124812487e-06,0.5753284511692596,3.375352773506612,3.375352773506612,3.375352773506612,3.375352773506612,3.375352773506612
BRL,2360,nnls_intermedia_legacy,6.349726918230324e-05,False,False,6.349726918230324e-05,1.2956067124812487e-06,0.3565815964953887,2.912421943480901,2.912421943480901,2.912421943480901,2.912421943480901,2.912421943480901
BRL,2360,nnls_nonneg,9.645782118992298e-05,False,True,9.645782118992298e-05,1.2956067124812487e-06,0.545533559989106,3.3235585845648448,3.3235585845648448,3.3235585845648448,3.3235585845648448,3.3235585845648448
BRL,2380,nnls_original_legacy,1.9634051612480557e-05,False,False,1.9634051612480557e-05,4.889081338176905e-05,0.16274439602403215,0.5777790029222023,0.5777790029222023,0.5777790029222023,0.5777790029222023,0.5777790029222023
BRL,2380,nnls_intermedia_legacy,9.219964393777909e-05,False,False,9.219964393777909e-05,4.889081338176905e-05,0.24091078592107676,0.1646379287219022,0.1646379287219022,0.1646379287219022,0.1646379287219022,0.1646379287219022
BRL,2380,nnls_nonneg,7.87685620662977e-05,False,True,7.87685620662977e-05,4.889081338176905e-05,0.16619871339710768,0.09761386881776524,0.09761386881776524,0.09761386881776524,0.09761386881776524,0.09761386881776524
BRL,2400,nnls_original_legacy,0.0001922472305992466,False,False,0.0001922472305992466,2.924793555410988e-05,0.9977223131584199,1.0351103081552822,1.0351103081552822,1.0351103081552822,1.0351103081552822,1.0351103081552822
BRL,2400,nnls_intermedia_legacy,0.0004061868388383497,False,False,0.0004061868388383497,2.924793555410988e-05,2.307251417253111,1.703010369426404,1.703010369426404,1.703010369426404,1.703010369426404,1.703010369426404
BRL,2400,nnls_nonneg,0.00021475375248995775,False,True,0.00021475375248995775,2.924793555410988e-05,1.1354852346221769,1.1298759389835302,1.1298759389835302,1.1298759389835302,1.1298759389835302,1.1298759389835302
BRL,2420,nnls_original_legacy,9.966996678847546e-05,False,False,9.966996678847546e-05,1.754510594063569e-05,0.5070485196812459,0.9131213720707372,0.9131213720707372,0.9131213720707372,0.9131213720707372,0.9131213720707372
BRL,2420,nnls_intermedia_legacy,0.0001088841883237688,False,False,0.0001088841883237688,1.754510594063569e-05,0.563938203770232,0.9866452576150875,0.9866452576150875,0.9866452576150875,0.9866452576150875,0.9866452576150875
BRL,2420,nnls_nonneg,0.00012145090259571637,False,True,0.00012145090259571637,1.754510594063569e-05,0.6415265710814907,1.079197580556004,1.079197580556004,1.079197580556004,1.079197580556004,1.079197580556004
BRL,2440,nnls_original_legacy,0.0002309508023847262,False,False,0.0002309508023847262,4.48301811346432e-06,1.3777178394218175,2.9613193444463812,2.9613193444463812,2.9613193444463812,2.9613193444463812,2.9613193444463812
BRL,2440,nnls_intermedia_legacy,0.0001766626572009151,False,False,0.0001766626572009151,4.48301811346432e-06,1.047455650786322,2.699321667029045,2.699321667029045,2.699321667029045,2.699321667029045,2.699321667029045
BRL,2440,nnls_nonneg,0.00017153654878181905,False,True,0.00017153654878181905,4.48301811346432e-06,1.0162709459130683,2.6706343284144993,2.6706343284144993,2.6706343284144993,2.6706343284144993,2.6706343284144993
BRL,2460,nnls_original_legacy,9.933827085627264e-05,False,False,9.933827085627264e-05,0.0001387863493498177,0.2296780876010961,0.06270377565882512,0.06270377565882512,0.06270377565882512,0.06270377565882512,0.06270377565882512
BRL,2460,nnls_intermedia_legacy,6.239804230615165e-05,False,False,6.239804230615165e-05,0.0001387863493498177,0.4447547497084154,0.42480820071617087,0.42480820071617087,0.42480820071617087,0.42480820071617087,0.42480820071617087
BRL,2460,nnls_nonneg,7.603034583432055e-05,False,True,7.603034583432055e-05,0.0001387863493498177,0.365383547776239,0.2236041659829171,0.2236041659829171,0.2236041659829171,0.2236041659829171,0.2236041659829171
BRL,2480,nnls_original_legacy,0.0003418491301889298,False,False,0.0003418491301889298,3.696653133769549e-05,1.831751256179974,1.3324935315309014,1.3324935315309014,1.3324935315309014,1.3324935315309014,1.3324935315309014
BRL,2480,nnls_intermedia_legacy,0.0002797682360966873,False,False,0.0002797682360966873,3.696653133769549e-05,1.4587658638790886,1.1560812835115417,1.1560812835115417,1.1560812835115417,1.1560812835115417,1.1560812835115417
BRL,2480,nnls_nonneg,0.00017622986379666332,False,True,0.00017622986379666332,3.696653133769549e-05,0.8367016849524961,0.7715393922668377,0.7715393922668377,0.7715393922668377,0.7715393922668377,0.7715393922668377
BRL,2500,nnls_original_legacy,0.00024104740038562086,False,False,0.00024104740038562086,2.536883344268706e-06,1.365791075879582,3.564581715393036,3.564581715393036,3.564581715393036,3.564581715393036,3.564581715393036
BRL,2500,nnls_intermedia_legacy,0.00017321263030135056,False,False,0.00017321263030135056,2.536883344268706e-06,0.9773464707329812,3.2382296833245423,3.2382296833245423,3.2382296833245423,3.2382296833245423,3.2382296833245423
BRL,2500,nnls_nonneg,0.00012533644666695755,False,True,0.00012533644666695755,2.536883344268706e-06,0.7031914138987824,2.9203059847715247,2.9203059847715247,2.9203059847715247,2.9203059847715247,2.9203059847715247
BRL,2520,nnls_original_legacy,7.846071301372744e-05,False,False,7.846071301372744e-05,8.31990025953584e-06,0.3918613840452095,1.3499868216824753,1.3499868216824753,1.3499868216824753,1.3499868216824753,1.3499868216824753
BRL,2520,nnls_intermedia_legacy,0.0001342213138402015,False,False,0.0001342213138402015,8.31990025953584e-06,0.7033836683909779,1.8428261980399725,1.8428261980399725,1.8428261980399725,1.8428261980399725,1.8428261980399725
BRL,2520,nnls_nonneg,0.00016670493984831717,False,True,0.00016670493984831717,8.31990025953584e-06,0.8848625841109341,2.047483096499387,2.047483096499387,2.047483096499387,2.047483096499387,2.047483096499387
BRL,2540,nnls_original_legacy,0.00013165235587112354,False,False,0.00013165235587112354,5.249735613988992e-06,0.6905467345833864,2.261862808448797,2.261862808448797,2.261862808448797,2.261862808448797,2.261862808448797
BRL,2540,nnls_intermedia_legacy,9.879144876363116e-05,False,False,9.879144876363116e-05,5.249735613988992e-06,0.5110252020996005,1.9879729090695566,1.9879729090695566,1.9879729090695566,1.9879729090695566,1.9879729090695566
BRL,2540,nnls_nonneg,0.00012677451811076262,False,True,0.00012677451811076262,5.249735613988992e-06,0.6638987510970263,2.22564236667735,2.22564236667735,2.22564236667735,2.22564236667735,2.22564236667735
BRL,2560,nnls_original_legacy,0.00018098360381897958,False,False,0.00018098360381897958,0.0001261946788948866,0.29726458436857206,0.057851989528981296,0.057851989528981296,0.057851989528981296,0.057851989528981296,0.057851989528981296
BRL,2560,nnls_intermedia_legacy,0.00015822348189238394,False,False,0.00015822348189238394,0.0001261946788948866,0.173776521880376,0.023755070029147785,0.023755070029147785,0.023755070029147785,0.023755070029147785,0.023755070029147785
BRL,2560,nnls_nonneg,0.0002135108839658919,False,True,0.0002135108839658919,0.0001261946788948866,0.4737456601865069,0.11690767357108967,0.11690767357108967,0.11690767357108967,0.11690767357108967,0.11690767357108967
BRL,2580,nnls_original_legacy,0.0003647542217479048,False,False,0.0003647542217479048,3.506038507782789e-05,1.775381189399052,1.4382724726340093,1.4382724726340093,1.4382724726340093,1.4382724726340093,1.4382724726340093
BRL,2580,nnls_intermedia_legacy,0.000315570375012545,False,False,0.000315570375012545,3.506038507782789e-05,1.510529176397594,1.3084114894026562,1.3084114894026562,1.3084114894026562,1.3084114894026562,1.3084114894026562
BRL,2580,nnls_nonneg,0.0002863108340187483,False,True,0.0002863108340187483,3.506038507782789e-05,1.3529683338428693,1.2224618602947155,1.2224618602947155,1.2224618602947155,1.2224618602947155,1.2224618602947155
BRL,2600,nnls_original_legacy,7.398219505031593e-05,False,False,7.398219505031593e-05,4.29919954190333e-05,0.16497583995499765,0.1239232426139214,0.1239232426139214,0.1239232426139214,0.1239232426139214,0.1239232426139214
BRL,2600,nnls_intermedia_legacy,5.1842225527737e-05,False,False,5.1842225527737e-05,4.29919954190333e-05,0.04711406068209224,0.016476333992733405,0.016476333992733405,0.016476333992733405,0.016476333992733405,0.016476333992733405
BRL,2600,nnls_nonneg,7.170247070286378e-05,False,True,7.170247070286378e-05,4.29919954190333e-05,0.15283976327393206,0.11110001949231263,0.11110001949231263,0.11110001949231263,0.11110001949231263,0.11110001949231263
BRL,2620,nnls_original_legacy,7.665913094680098e-05,False,False,7.665913094680098e-05,2.4183768290364774e-05,0.2721046308107653,0.4691585113894343,0.4691585113894343,0.4691585113894343,0.4691585113894343,0.4691585113894343
BRL,2620,nnls_intermedia_legacy,0.00012633868732625384,False,False,0.00012633868732625384,2.4183768290364774e-05,0.5297119471427775,0.8447047517672537,0.8447047517672537,0.8447047517672537,0.8447047517672537,0.8447047517672537
BRL,2620,nnls_nonneg,0.0001694419663815532,False,True,0.0001694419663815532,2.4183768290364774e-05,0.7532187747346987,1.089554776396446,1.089554776396446,1.089554776396446,1.089554776396446,1.089554776396446
BRL,2640,nnls_original_legacy,7.630866730179186e-05,False,False,7.630866730179186e-05,6.612551973581766e-07,0.39650350760554687,3.757067494810295,3.757067494810295,3.757067494810295,3.3478911981515793,3.757067494810295
BRL,2640,nnls_intermedia_legacy,5.854613592288786e-05,False,False,5.854613592288786e-05,6.612551973581766e-07,0.30340176360978305,3.4947251277946814,3.4947251277946814,3.4947251277946814,3.0868956382234707,3.4947251277946814
BRL,2640,nnls_nonneg,8.023002631410645e-05,False,True,8.023002631410645e-05,6.612551973581766e-07,0.4170571863066353,3.8067552652207812,3.8067552652207812,3.8067552652207812,3.3973619991849695,3.8067552652207812
BRL,2660,nnls_original_legacy,3.227761832766838e-05,False,False,3.227761832766838e-05,0.000134861630744123,0.5278987967430214,1.748302638332488,1.748302638332488,1.748302638332488,1.748302638332488,1.748302638332488
BRL,2660,nnls_intermedia_legacy,9.188684455350719e-05,False,False,9.188684455350719e-05,0.000134861630744123,0.22114886507086734,0.08400105397860091,0.08400105397860091,0.08400105397860091,0.08400105397860091,0.08400105397860091
BRL,2660,nnls_nonneg,0.00010996403458839262,False,True,0.00010996403458839262,0.000134861630744123,0.12812338631331915,0.02231987044310868,0.02231987044310868,0.02231987044310868,0.02231987044310868,0.02231987044310868
BRL,2680,nnls_original_legacy,8.523403677430716e-05,False,False,8.523403677430716e-05,0.00018190374995177578,0.49202766510300805,0.37609110086115294,0.37609110086115294,0.37609110086115294,0.37609110086115294,0.37609110086115294
BRL,2680,nnls_intermedia_legacy,8.14024997052123e-05,False,False,8.14024997052123e-05,0.00018190374995177578,0.511529349507527,0.4305494607451954,0.4305494607451954,0.4305494607451954,0.4305494607451954,0.4305494607451954
BRL,2680,nnls_nonneg,9.811784922135274e-05,False,True,9.811784922135274e-05,0.00018190374995177578,0.42645188187597743,0.23662288006983334,0.23662288006983334,0.23662288006983334,0.23662288006983334,0.23662288006983334
BRL,2700,nnls_original_legacy,0.00023189554267969862,False,False,0.00023189554267969862,7.752862785256308e-07,1.160421485574573,4.704153205887493,4.704153205887493,4.704153205887493,4.450599309626312,4.704153205887493
BRL,2700,nnls_intermedia_legacy,0.00026284263151044615,False,False,0.00026284263151044615,7.752862785256308e-07,1.3158023567901609,4.829028041510381,4.829028041510381,4.829028041510381,4.575360051674848,4.829028041510381
BRL,2700,nnls_nonneg,0.00025761320859779677,False,True,0.00025761320859779677,7.752862785256308e-07,1.2895461782989903,4.808991692107856,4.808991692107856,4.808991692107856,4.555341057064769,4.808991692107856
BRL,2720,nnls_original_legacy,0.00011722143877917796,False,False,0.00011722143877917796,5.3368499150679544e-05,0.31629557484881804,0.24212345567821947,0.24212345567821947,0.24212345567821947,0.24212345567821947,0.24212345567821947
BRL,2720,nnls_intermedia_legacy,0.00014979746713154608,False,False,0.00014979746713154608,5.3368499150679544e-05,0.47766095088242216,0.38833453255352945,0.38833453255352945,0.38833453255352945,0.38833453255352945,0.38833453255352945
BRL,2720,nnls_nonneg,0.00013149794911111528,False,True,0.00013149794911111528,5.3368499150679544e-05,0.38701427736349187,0.30762101671814523,0.30762101671814523,0.30762101671814523,0.30762101671814523,0.30762101671814523
BRL,2740,nnls_original_legacy,0.0002063420881547975,False,False,0.0002063420881547975,1.3521377003639118e-08,1.0895027521384724,8.633084306697604,8.633084306697604,8.633084306697604,4.334381734616124,8.633084306697604
BRL,2740,nnls_intermedia_legacy,0.00016076691576186015,False,False,0.00016076691576186015,1.3521377003639118e-08,0.8488464216713205,8.383523057468249,8.383523057468249,8.383523057468249,4.0861757730880255,8.383523057468249
BRL,2740,nnls_nonneg,0.0001065748767224457,False,True,0.0001065748767224457,1.3521377003639118e-08,0.5626893635407155,7.972458042188238,7.972458042188238,7.972458042188238,3.6782308803533326,7.972458042188238
BRL,2760,nnls_original_legacy,3.0888553299850374e-05,False,False,3.0888553299850374e-05,2.754477852902773e-06,0.1512772271620306,1.5063324866051957,1.5063324866051957,1.5063324866051957,1.5063324866051957,1.5063324866051957
BRL,2760,nnls_intermedia_legacy,9.436211362872263e-05,False,False,9.436211362872263e-05,2.754477852902773e-06,0.4925752457431047,2.5631022624432256,2.5631022624432256,2.5631022624432256,2.5631022624432256,2.5631022624432256
BRL,2760,nnls_nonneg,0.0001144340116917786,False,True,0.0001144340116917786,2.754477852902773e-06,0.6005020581448065,2.7508408895370593,2.7508408895370593,2.7508408895370593,2.7508408895370593,2.7508408895370593
BRL,2780,nnls_original_legacy,0.0002889951630493438,False,False,0.0002889951630493438,0.0006067118476278407,1.8783435512789044,0.35774007919087225,0.35774007919087225,0.35774007919087225,0.35774007919087225,0.35774007919087225
BRL,2780,nnls_intermedia_legacy,0.00028639201589388447,False,False,0.00028639201589388447,0.0006067118476278407,1.8937333778439582,0.36777394116674134,0.36777394116674134,0.36777394116674134,0.36777394116674134,0.36777394116674134
BRL,2780,nnls_nonneg,0.00010474259040072734,False,True,0.00010474259040072734,0.0006067118476278407,2.96764621758433,3.0358601348736522,3.0358601348736522,3.0358601348736522,3.0358601348736522,3.0358601348736522
BRL,2800,nnls_original_legacy,0.0001427800424648176,False,False,0.0001427800424648176,7.973534436812052e-07,0.863843873701939,4.193347000447507,4.193347000447507,4.193347000447507,3.9683090614478758,4.193347000447507
BRL,2800,nnls_intermedia_legacy,0.00014515912573532616,False,False,0.00014515912573532616,7.973534436812052e-07,0.8783185714444902,4.209780751638132,4.209780751638132,4.209780751638132,3.9847195511757834,4.209780751638132
BRL,2800,nnls_nonneg,0.00012049695427414474,False,True,0.00012049695427414474,7.973534436812052e-07,0.728270238962515,4.02469891604882,4.02469891604882,4.02469891604882,3.799923441827181,4.02469891604882
BRL,2820,nnls_original_legacy,0.0001603288746133093,False,False,0.0001603288746133093,0.00015607320244598042,0.026591829363281475,0.0003586363527423586,0.0003586363527423586,0.0003586363527423586,0.0003586363527423586,0.0003586363527423586
BRL,2820,nnls_intermedia_legacy,0.00015896265696278939,False,False,0.00015896265696278939,0.00015607320244598042,0.01805493431891252,0.00016723014326514019,0.00016723014326514019,0.00016723014326514019,0.00016723014326514019,0.00016723014326514019
BRL,2820,nnls_nonneg,0.0001414862752862874,False,True,0.0001414862752862874,0.00015607320244598042,0.09114731180260041,0.0049753986655811655,0.0049753986655811655,0.0049753986655811655,0.0049753986655811655,0.0049753986655811655
BRL,2840,nnls_original_legacy,0.00010394133164866148,False,False,0.00010394133164866148,1.908601708860061e-05,0.5444264755764793,0.8784936241127315,0.8784936241127315,0.8784936241127315,0.8784936241127315,0.8784936241127315
BRL,2840,nnls_intermedia_legacy,0.0001002683203515109,False,False,0.0001002683203515109,1.908601708860061e-05,0.5208606611589875,0.8492432434376744,0.8492432434376744,0.8492432434376744,0.8492432434376744,0.8492432434376744
BRL,2840,nnls_nonneg,0.0001013530159560474,False,True,0.0001013530159560474,1.908601708860061e-05,0.5278200013972836,0.8579659286908978,0.8579659286908978,0.8579659286908978,0.8579659286908978,0.8579659286908978
BRL,2860,nnls_original_legacy,0.0001292553698276079,False,False,0.0001292553698276079,8.125004358505501e-05,0.30790578918398515,0.09285961472284177,0.09285961472284177,0.09285961472284177,0.09285961472284177,0.09285961472284177
BRL,2860,nnls_intermedia_legacy,0.00011606146038551172,False,False,0.00011606146038551172,8.125004358505501e-05,0.22328015663095413,0.056649020590314514,0.056649020590314514,0.056649020590314514,0.056649020590314514,0.056649020590314514
BRL,2860,nnls_nonneg,0.0001264169834981635,False,True,0.0001264169834981635,8.125004358505501e-05,0.2897004013409602,0.08476909875328809,0.08476909875328809,0.08476909875328809,0.08476909875328809,0.08476909875328809
BRL,2880,nnls_original_legacy,0.00013017081016214593,False,False,0.00013017081016214593,0.0003619292140958821,1.5282254697320676,0.7578164801222593,0.7578164801222593,0.7578164801222593,0.7578164801222593,0.7578164801222593
BRL,2880,nnls_intermedia_legacy,0.00013789245248880543,False,False,0.00013789245248880543,0.0003619292140958821,1.4773086085893055,0.6597463877195062,0.6597463877195062,0.6597463877195062,0.6597463877195062,0.6597463877195062
BRL,2880,nnls_nonneg,0.00011747113253098098,False,True,0.00011747113253098098,0.0003619292140958821,1.6119677223706472,0.9557495451412996,0.9557495451412996,0.9557495451412996,0.9557495451412996,0.9557495451412996
BRL,2900,nnls_original_legacy,0.00011556465092516228,False,False,0.00011556465092516228,0.0004039374946099707,1.7791459215758012,1.2439077882840133,1.2439077882840133,1.2439077882840133,1.2439077882840133,1.2439077882840133
BRL,2900,nnls_intermedia_legacy,0.00011449199853112486,False,False,0.00011449199853112486,0.0004039374946099707,1.785763760855446,1.2673297189328858,1.2673297189328858,1.2673297189328858,1.2673297189328858,1.2673297189328858
BRL,2900,nnls_nonneg,0.00011327809689125256,False,True,0.00011327809689125256,0.0004039374946099707,1.793253051886378,1.2944779902067367,1.2944779902067367,1.2944779902067367,1.2944779902067367,1.2944779902067367
BRL,2920,nnls_original_legacy,0.00010984840007751448,False,False,0.00010984840007751448,4.023763015325002e-06,0.6450014229772582,2.3435138426146636,2.3435138426146636,2.3435138426146636,2.3435138426146636,2.3435138426146636
BRL,2920,nnls_intermedia_legacy,0.00010402914212551763,False,False,0.00010402914212551763,4.023763015325002e-06,0.6095330314579569,2.2911327249744913,2.2911327249744913,2.2911327249744913,2.2911327249744913,2.2911327249744913
BRL,2920,nnls_nonneg,0.0001161699495790743,False,True,0.0001161699495790743,4.023763015325002e-06,0.6835312827256182,2.3974735295785514,2.3974735295785514,2.3974735295785514,2.3974735295785514,2.3974735295785514
BRL,2940,nnls_original_legacy,0.00013193714965165204,False,False,0.00013193714965165204,7.656764490819358e-05,0.33430187340019946,0.12448530864672391,0.12448530864672391,0.12448530864672391,0.12448530864672391,0.12448530864672391
BRL,2940,nnls_intermedia_legacy,0.00012637122205354278,False,False,0.00012637122205354278,7.656764490819358e-05,0.30069673223307297,0.10694381551036569,0.10694381551036569,0.10694381551036569,0.10694381551036569,0.10694381551036569
BRL,2940,nnls_nonneg,0.00011786807166390988,False,True,0.00011786807166390988,7.656764490819358e-05,0.2493576581664271,0.08099599349262077,0.08099599349262077,0.08099599349262077,0.08099599349262077,0.08099599349262077
BRL,2960,nnls_original_legacy,0.00012060621531306287,False,False,0.00012060621531306287,0.0004771142613552475,2.237101532783896,1.5807422600008652,1.5807422600008652,1.5807422600008652,1.5807422600008652,1.5807422600008652
BRL,2960,nnls_intermedia_legacy,0.00011285976765798584,False,False,0.00011285976765798584,0.0004771142613552475,2.2857107861098434,1.7858864489399382,1.7858864489399382,1.7858864489399382,1.7858864489399382,1.7858864489399382
BRL,2960,nnls_nonneg,0.00011246910605464091,False,True,0.00011246910605464091,0.0004771142613552475,2.288162202512208,1.7971031810453715,1.7971031810453715,1.7971031810453715,1.7971031810453715,1.7971031810453715
BRL,2980,nnls_original_legacy,0.00011768976616546163,False,False,0.00011768976616546163,7.027900564166229e-05,0.29336670157154277,0.11273372068827636,0.11273372068827636,0.11273372068827636,0.11273372068827636,0.11273372068827636
BRL,2980,nnls_intermedia_legacy,0.00011797956109888302,False,False,0.00011797956109888302,7.027900564166229e-05,0.29515988486602507,0.11372625704137995,0.11372625704137995,0.11372625704137995,0.11372625704137995,0.11372625704137995
BRL,2980,nnls_nonneg,0.00011686995414449331,False,True,0.00011686995414449331,7.027900564166229e-05,0.2882938964563528,0.10993235608454421,0.10993235608454421,0.10993235608454421,0.10993235608454421,0.10993235608454421
BRL,3000,nnls_original_legacy,0.00010911724687207541,False,False,0.00010911724687207541,4.813344002880979e-05,0.39233953498900315,0.25956251065427427,0.25956251065427427,0.25956251065427427,0.25956251065427427,0.25956251065427427
BRL,3000,nnls_intermedia_legacy,0.00011184354900491727,False,False,0.00011184354900491727,4.813344002880979e-05,0.40987920931251287,0.2734878823779343,0.2734878823779343,0.2734878823779343,0.2734878823779343,0.2734878823779343
BRL,3000,nnls_nonneg,0.00011388512230631227,False,True,0.00011388512230631227,4.813344002880979e-05,0.42301367829989334,0.2838621480161123,0.2838621480161123,0.2838621480161123,0.2838621480161123,0.2838621480161123
BRL,3020,nnls_original_legacy,0.00011857198414105988,False,False,0.00011857198414105988,3.9839578695174004e-05,0.5242853516202497,0.4266542520249308,0.4266542520249308,0.4266542520249308,0.4266542520249308,0.4266542520249308
BRL,3020,nnls_intermedia_legacy,0.00011981776137646018,False,False,0.00011981776137646018,3.9839578695174004e-05,0.5325810813417461,0.43361251969247205,0.43361251969247205,0.43361251969247205,0.43361251969247205,0.43361251969247205
BRL,3020,nnls_nonneg,0.00011052076919735272,False,True,0.00011052076919735272,3.9839578695174004e-05,0.4706716707752896,0.3808140228451715,0.3808140228451715,0.3808140228451715,0.3808140228451715,0.3808140228451715
BRL,3040,nnls_original_legacy,0.00010343603459372611,False,False,0.00010343603459372611,1.52586028043271e-05,0.6012046494156862,1.0613272192483785,1.0613272192483785,1.0613272192483785,1.0613272192483785,1.0613272192483785
BRL,3040,nnls_intermedia_legacy,0.00010733033021958028,False,False,0.00010733033021958028,1.52586028043271e-05,0.6277564392438877,1.092932688218231,1.092932688218231,1.092932688218231,1.092932688218231,1.092932688218231
BRL,3040,nnls_nonneg,0.00010714427915597547,False,True,0.00010714427915597547,1.52586028043271e-05,0.6264879200525474,1.0914446032621,1.0914446032621,1.0914446032621,1.0914446032621,1.0914446032621
BRL,3060,nnls_original_legacy,9.950772701031682e-05,False,False,9.950772701031682e-05,1.0534768765905843e-06,0.6761589592509524,3.5587261797960332,3.5587261797960332,3.5587261797960332,3.5587261797960332,3.5587261797960332
BRL,3060,nnls_intermedia_legacy,0.00010191828245607202,False,False,0.00010191828245607202,1.0534768765905843e-06,0.6927140460979366,3.5824118206811777,3.5824118206811777,3.5824118206811777,3.5824118206811777,3.5824118206811777
BRL,3060,nnls_nonneg,0.0001060819334772722,False,True,0.0001060819334772722,1.0534768765905843e-06,0.7213089512173702,3.6220465330036493,3.6220465330036493,3.6220465330036493,3.6220465330036493,3.6220465330036493
BRL,3080,nnls_original_legacy,9.597208235842989e-05,False,False,9.597208235842989e-05,6.721024574851508e-06,0.640261803405813,1.7288477692939845,1.7288477692939845,1.7288477692939845,1.7288477692939845,1.7288477692939845
BRL,3080,nnls_intermedia_legacy,0.00010115964421151809,False,False,0.00010115964421151809,6.721024574851508e-06,0.6774759024856399,1.7778990759777216,1.7778990759777216,1.7778990759777216,1.7778990759777216,1.7778990759777216
BRL,3080,nnls_nonneg,0.00010072995422877953,False,True,0.00010072995422877953,6.721024574851508e-06,0.6743934282821329,1.7739258031011786,1.7739258031011786,1.7739258031011786,1.7739258031011786,1.7739258031011786
BRL,3100,nnls_original_legacy,9.958075690342636e-05,False,False,9.958075690342636e-05,5.30010812168713e-07,0.7184273745272345,4.241149236477693,4.241149236477693,4.241149236477693,3.6110110429578537,4.241149236477693
BRL,3100,nnls_intermedia_legacy,9.857562789060713e-05,False,False,9.857562789060713e-05,5.30010812168713e-07,0.7111370488483589,4.23105861396922,4.23105861396922,4.23105861396922,3.6009685447799127,4.23105861396922
BRL,3100,nnls_nonneg,9.902229792637419e-05,False,True,9.902229792637419e-05,5.30010812168713e-07,0.7143768021439117,4.235555367708094,4.235555367708094,4.235555367708094,3.6054437919001545,4.235555367708094
BRL,3120,nnls_original_legacy,0.000106586392772998,False,False,0.000106586392772998,1.8004963343219393e-05,0.6598491966927353,0.9472320527150797,0.9472320527150797,0.9472320527150797,0.9472320527150797,0.9472320527150797
BRL,3120,nnls_intermedia_legacy,0.00010034085926743432,False,False,0.00010034085926743432,1.8004963343219393e-05,0.6133257854868832,0.8973635237730071,0.8973635237730071,0.8973635237730071,0.8973635237730071,0.8973635237730071
BRL,3120,nnls_nonneg,9.552001929245551e-05,False,True,9.552001929245551e-05,1.8004963343219393e-05,0.577415014963636,0.8571825247236478,0.8571825247236478,0.8571825247236478,0.8571825247236478,0.8571825247236478
BRL,3140,nnls_original_legacy,8.55196430871017e-05,False,False,8.55196430871017e-05,1.2132638576426958e-05,0.5445059454111646,1.0947164810353325,1.0947164810353325,1.0947164810353325,1.0947164810353325,1.0947164810353325
BRL,3140,nnls_intermedia_legacy,9.22687180974607e-05,False,False,9.22687180974607e-05,1.2132638576426958e-05,0.5945817250900018,1.1602983811211742,1.1602983811211742,1.1602983811211742,1.1602983811211742,1.1602983811211742
BRL,3140,nnls_nonneg,9.352745428691065e-05,False,True,9.352745428691065e-05,1.2132638576426958e-05,0.6039211080424699,1.1720785478429363,1.1720785478429363,1.1720785478429363,1.1720785478429363,1.1720785478429363
BRL,3160,nnls_original_legacy,9.371886804995215e-05,False,False,9.371886804995215e-05,0.00027332450597303276,1.3642978013924867,0.8460696476877807,0.8460696476877807,0.8460696476877807,0.8460696476877807,0.8460696476877807
BRL,3160,nnls_intermedia_legacy,9.326536055975418e-05,False,False,9.326536055975418e-05,0.00027332450597303276,1.367742678061988,0.8554001679846168,0.8554001679846168,0.8554001679846168,0.8554001679846168,0.8554001679846168
BRL,3160,nnls_nonneg,9.216605272359219e-05,False,True,9.216605272359219e-05,0.00027332450597303276,1.3760931022539704,0.8784980464271686,0.8784980464271686,0.8784980464271686,0.8784980464271686,0.8784980464271686
BRL,3180,nnls_original_legacy,9.916335375587159e-05,False,False,9.916335375587159e-05,6.672518858487165e-06,0.6969741385820596,1.7660592520476457,1.7660592520476457,1.7660592520476457,1.7660592520476457,1.7660592520476457
BRL,3180,nnls_intermedia_legacy,0.00010339079039330922,False,False,0.00010339079039330922,6.672518858487165e-06,0.7288304193914747,1.8050553400668132,1.8050553400668132,1.8050553400668132,1.8050553400668132,1.8050553400668132
BRL,3180,nnls_nonneg,0.00010035195891216392,False,True,0.00010035195891216392,6.672518858487165e-06,0.7059309942082431,1.7771773342548762,1.7771773342548762,1.7771773342548762,1.7771773342548762,1.7771773342548762
BRL,3200,nnls_original_legacy,9.668308980452349e-05,False,False,9.668308980452349e-05,9.736293216067255e-06,0.6800355039511805,1.3962812082245302,1.3962812082245302,1.3962812082245302,1.3962812082245302,1.3962812082245302
BRL,3200,nnls_intermedia_legacy,8.573094544667095e-05,False,False,8.573094544667095e-05,9.736293216067255e-06,0.5943756832335629,1.2889213929392183,1.2889213929392183,1.2889213929392183,1.2889213929392183,1.2889213929392183
BRL,3200,nnls_nonneg,8.952973015134503e-05,False,True,8.952973015134503e-05,9.736293216067255e-06,0.6240870535474412,1.3274595533419573,1.3274595533419573,1.3274595533419573,1.3274595533419573,1.3274595533419573
BRL,3220,nnls_original_legacy,8.999706666445972e-05,False,False,8.999706666445972e-05,0.00020572642777366807,0.9233931774136634,0.4591535132304969,0.4591535132304969,0.4591535132304969,0.4591535132304969,0.4591535132304969
BRL,3220,nnls_intermedia_legacy,8.035734528479655e-05,False,False,8.035734528479655e-05,0.00020572642777366807,1.0003075651613837,0.6200808903709376,0.6200808903709376,0.6200808903709376,0.6200808903709376,0.6200808903709376
BRL,3220,nnls_nonneg,8.080138811209952e-05,False,True,8.080138811209952e-05,0.00020572642777366807,0.9967645911634186,0.6115222943562917,0.6115222943562917,0.6115222943562917,0.6115222943562917,0.6115222943562917
BRL,3240,nnls_original_legacy,8.677299385933664e-05,False,False,8.677299385933664e-05,4.0918949965791135e-10,0.6925141598750815,11.264632343110321,11.264632343110321,8.068580871819382,3.474819765499613,11.264632343110321
BRL,3240,nnls_intermedia_legacy,8.128819418886277e-05,False,False,8.128819418886277e-05,4.0918949965791135e-10,0.6487411012490928,11.199338011768464,11.199338011768464,8.003293998162295,3.4103027024777566,11.199338011768464
BRL,3240,nnls_nonneg,8.185822255436082e-05,False,True,8.185822255436082e-05,4.0918949965791135e-10,0.6532903804498893,11.206325941225561,11.206325941225561,8.01028110601644,3.4172050013448905,11.206325941225561
BRL,3260,nnls_original_legacy,8.420893494162933e-05,False,False,8.420893494162933e-05,8.804525412353911e-05,0.03194920750913909,0.001007248819146156,0.001007248819146156,0.001007248819146156,0.001007248819146156,0.001007248819146156
BRL,3260,nnls_intermedia_legacy,8.081386273368649e-05,False,False,8.081386273368649e-05,8.804525412353911e-05,0.06022367095617655,0.0037796514856147656,0.0037796514856147656,0.0037796514856147656,0.0037796514856147656,0.0037796514856147656
BRL,3260,nnls_nonneg,8.204578788557715e-05,False,True,8.204578788557715e-05,8.804525412353911e-05,0.049964088672439455,0.0025499376995907763,0.0025499376995907763,0.0025499376995907763,0.0025499376995907763,0.0025499376995907763
BRL,3280,nnls_original_legacy,7.618038513050708e-05,False,False,7.618038513050708e-05,4.951417224439563e-07,0.6635525717178151,4.042514861941998,4.042514861941998,4.042514861941998,3.346230755143739,4.042514861941998
BRL,3280,nnls_intermedia_legacy,7.533390124397782e-05,False,False,7.533390124397782e-05,4.951417224439563e-07,0.6561312233210636,4.031414126819697,4.031414126819697,4.031414126819697,3.335204485426174,4.031414126819697
BRL,3280,nnls_nonneg,7.82782817983549e-05,False,True,7.82782817983549e-05,4.951417224439563e-07,0.6819453873640994,4.069506845838863,4.069506845838863,4.069506845838863,3.373045128340509,4.069506845838863
BRL,3300,nnls_original_legacy,7.605563835688095e-05,False,False,7.605563835688095e-05,4.6751733232709257e-05,0.27388230885214165,0.10131819616959903,0.10131819616959903,0.10131819616959903,0.10131819616959903,0.10131819616959903
BRL,3300,nnls_intermedia_legacy,7.954182783510083e-05,False,False,7.954182783510083e-05,4.6751733232709257e-05,0.30646518882479495,0.11919456280288188,0.11919456280288188,0.11919456280288188,0.11919456280288188,0.11919456280288188
BRL,3300,nnls_nonneg,7.759847430160306e-05,False,True,7.759847430160306e-05,4.6751733232709257e-05,0.28830207539622654,0.10917907091979284,0.10917907091979284,0.10917907091979284,0.10917907091979284,0.10917907091979284
BRL,3320,nnls_original_legacy,6.722036339997398e-05,False,False,6.722036339997398e-05,1.3522655765597457e-05,0.5240718773346329,0.8047787816252112,0.8047787816252112,0.8047787816252112,0.8047787816252112,0.8047787816252112
BRL,3320,nnls_intermedia_legacy,6.70094302460764e-05,False,False,6.70094302460764e-05,1.3522655765597457e-05,0.5220132394741882,0.8022691551464884,0.8022691551464884,0.8022691551464884,0.8022691551464884,0.8022691551464884
BRL,3320,nnls_nonneg,6.790532003427821e-05,False,True,6.790532003427821e-05,1.3522655765597457e-05,0.5307568276806849,0.8128877564788084,0.8128877564788084,0.8128877564788084,0.8128877564788084,0.8128877564788084
BRL,3340,nnls_original_legacy,5.822119467379649e-05,False,False,5.822119467379649e-05,8.568222618911505e-06,0.4919202923130666,1.0633558689462466,1.0633558689462466,1.0633558689462466,1.0633558689462466,1.0633558689462466
BRL,3340,nnls_intermedia_legacy,6.447374680686496e-05,False,False,6.447374680686496e-05,8.568222618911505e-06,0.5538653712421159,1.1510925516976722,1.1510925516976722,1.1510925516976722,1.1510925516976722,1.1510925516976722
BRL,3340,nnls_nonneg,6.894814195885359e-05,False,True,6.894814195885359e-05,8.568222618911505e-06,0.5981939517882601,1.2095648777007764,1.2095648777007764,1.2095648777007764,1.2095648777007764,1.2095648777007764
BRL,3360,nnls_original_legacy,7.050753963745082e-05,False,False,7.050753963745082e-05,1.7134866495041275e-05,0.5488890120720836,0.6576260470650117,0.6576260470650117,0.6576260470650117,0.6576260470650117,0.6576260470650117
BRL,3360,nnls_intermedia_legacy,6.526197145437996e-05,False,False,6.526197145437996e-05,1.7134866495041275e-05,0.49494315236068953,0.5998492827939133,0.5998492827939133,0.5998492827939133,0.5998492827939133,0.5998492827939133
BRL,3360,nnls_nonneg,6.374081285320344e-05,False,True,6.374081285320344e-05,1.7134866495041275e-05,0.47929943072102354,0.5825306574957452,0.5825306574957452,0.5825306574957452,0.5825306574957452,0.5825306574957452
BRL,3380,nnls_original_legacy,4.317703412369604e-05,False,False,4.317703412369604e-05,4.373645529353234e-05,0.005786115101526502,8.321679859224496e-05,8.321679859224496e-05,8.321679859224496e-05,8.321679859224496e-05,8.321679859224496e-05
BRL,3380,nnls_intermedia_legacy,6.767057723176549e-05,False,False,6.767057723176549e-05,4.373645529353234e-05,0.24755156196378986,0.08278371325570655,0.08278371325570655,0.08278371325570655,0.08278371325570655,0.08278371325570655
BRL,3380,nnls_nonneg,6.932442878422121e-05,False,True,6.932442878422121e-05,4.373645529353234e-05,0.26465741343906973,0.09151066576113198,0.09151066576113198,0.09151066576113198,0.09151066576113198,0.09151066576113198
BRL,3400,nnls_original_legacy,5.342990863013764e-05,False,False,5.342990863013764e-05,0.0001953572851106475,1.6692422131692555,1.359868827281879,1.359868827281879,1.359868827281879,1.359868827281879,1.359868827281879
BRL,3400,nnls_intermedia_legacy,6.565185370838014e-05,False,False,6.565185370838014e-05,0.0001953572851106475,1.5254969600859631,0.8851910028847831,0.8851910028847831,0.8851910028847831,0.8851910028847831,0.8851910028847831
BRL,3400,nnls_nonneg,6.121715045242812e-05,False,True,6.121715045242812e-05,0.0001953572851106475,1.5776545780260849,1.030815480099477,1.030815480099477,1.030815480099477,1.030815480099477,1.030815480099477
BRL,3420,nnls_original_legacy,5.6292421001524104e-05,False,False,5.6292421001524104e-05,5.3938991713800806e-05,0.028519121977403184,0.0008990692582602211,0.0008990692582602211,0.0008990692582602211,0.0008990692582602211,0.0008990692582602211
BRL,3420,nnls_intermedia_legacy,5.5806972290799834e-05,False,False,5.5806972290799834e-05,5.3938991713800806e-05,0.0226363996593208,0.0005730161988530824,0.0005730161988530824,0.0005730161988530824,0.0005730161988530824,0.0005730161988530824
BRL,3420,nnls_nonneg,6.0310011427378246e-05,False,True,6.0310011427378246e-05,5.3938991713800806e-05,0.07720473662827891,0.006006645905017205,0.006006645905017205,0.006006645905017205,0.006006645905017205,0.006006645905017205
BRL,3440,nnls_original_legacy,2.885005263884404e-05,False,False,2.885005263884404e-05,7.764288812180953e-05,0.6290116803919429,0.7012482373558409,0.7012482373558409,0.7012482373558409,0.7012482373558409,0.7012482373558409
BRL,3440,nnls_intermedia_legacy,7.382071021270085e-05,False,False,7.382071021270085e-05,7.764288812180953e-05,0.049273515785012496,0.0012958606650244064,0.0012958606650244064,0.0012958606650244064,0.0012958606650244064,0.0012958606650244064
BRL,3440,nnls_nonneg,7.855045694548596e-05,False,True,7.855045694548596e-05,7.764288812180953e-05,0.011699901946697741,6.726561860115332e-05,6.726561860115332e-05,6.726561860115332e-05,6.726561860115332e-05,6.726561860115332e-05
BRL,3460,nnls_original_legacy,6.869592676176605e-05,False,False,6.869592676176605e-05,5.127887436374655e-06,0.8231772233920177,1.6696423029647218,1.6696423029647218,1.6696423029647218,1.6696423029647218,1.6696423029647218
BRL,3460,nnls_intermedia_legacy,7.129773139017545e-05,False,False,7.129773139017545e-05,5.127887436374655e-06,0.8568694110471915,1.7040929088108885,1.7040929088108885,1.7040929088108885,1.7040929088108885,1.7040929088108885
BRL,3460,nnls_nonneg,7.305909722936225e-05,False,True,7.305909722936225e-05,5.127887436374655e-06,0.8796782982846525,1.726763108564652,1.726763108564652,1.726763108564652,1.726763108564652,1.726763108564652
BRL,3480,nnls_original_legacy,6.0023413609788445e-05,False,False,6.0023413609788445e-05,0.0003830350822553742,4.106602026083403,3.5280359626060296,3.5280359626060296,3.5280359626060296,3.5280359626060296,3.5280359626060296
BRL,3480,nnls_intermedia_legacy,5.3917212265915415e-05,False,False,5.3917212265915415e-05,0.0003830350822553742,4.184233087882398,4.143456835650732,4.143456835650732,4.143456835650732,4.143456835650732,4.143456835650732
BRL,3480,nnls_nonneg,5.386733302826492e-05,False,True,5.386733302826492e-05,0.0003830350822553742,4.184867226516627,4.1491094751091655,4.1491094751091655,4.1491094751091655,4.1491094751091655,4.1491094751091655
BRL,3500,nnls_original_legacy,4.241522478348782e-05,False,False,4.241522478348782e-05,1.0491558323287505e-08,0.5423193888511,7.3049390408488595,7.3049390408488595,7.3049390408488595,2.7710838128164066,7.3049390408488595
BRL,3500,nnls_intermedia_legacy,5.1479678328631444e-05,False,False,5.1479678328631444e-05,1.0491558323287505e-08,0.6582458086865688,7.4985752486194315,7.4985752486194315,7.4985752486194315,2.9606122750383004,7.4985752486194315
BRL,3500,nnls_nonneg,4.956120268533881e-05,False,True,4.956120268533881e-05,1.0491558323287505e-08,0.6337101859089975,7.460604327048301,7.460604327048301,7.460604327048301,2.9233853966333454,7.460604327048301
BRL,3520,nnls_original_legacy,6.36714075342593e-05,False,False,6.36714075342593e-05,0.00011319881206895345,0.6403874943379598,0.2024493551461939,0.2024493551461939,0.2024493551461939,0.2024493551461939,0.2024493551461939
BRL,3520,nnls_intermedia_legacy,4.886970435879356e-05,False,False,4.886970435879356e-05,0.00011319881206895345,0.831772964614941,0.4763511935805873,0.4763511935805873,0.4763511935805873,0.4763511935805873,0.4763511935805873
BRL,3520,nnls_nonneg,5.6772090880131455e-05,False,True,5.6772090880131455e-05,0.00011319881206895345,0.7295954014812889,0.3038157341458072,0.3038157341458072,0.3038157341458072,0.3038157341458072,0.3038157341458072
BRL,3540,nnls_original_legacy,7.626171329563127e-05,False,False,7.626171329563127e-05,3.770853870721541e-05,0.4893898939151643,0.19874671571465163,0.19874671571465163,0.19874671571465163,0.19874671571465163,0.19874671571465163
BRL,3540,nnls_intermedia_legacy,5.6431548508969245e-05,False,False,5.6431548508969245e-05,3.770853870721541e-05,0.23766789320135698,0.07135914374102548,0.07135914374102548,0.07135914374102548,0.07135914374102548,0.07135914374102548
BRL,3540,nnls_nonneg,7.260372841963225e-05,False,True,7.260372841963225e-05,3.770853870721541e-05,0.4429558233225358,0.17450440322094463,0.17450440322094463,0.17450440322094463,0.17450440322094463,0.17450440322094463
BRL,3560,nnls_original_legacy,7.055944379658248e-05,False,False,7.055944379658248e-05,1.115198200186843e-06,0.7979422768324581,3.1632284695772315,3.1632284695772315,3.1632284695772315,3.1632284695772315,3.1632284695772315
BRL,3560,nnls_intermedia_legacy,0.00010979030095050389,False,False,0.00010979030095050389,1.115198200186843e-06,1.24872058410107,3.5996975735725414,3.5996975735725414,3.5996975735725414,3.5996975735725414,3.5996975735725414
BRL,3560,nnls_nonneg,7.821791657280626e-05,False,True,7.821791657280626e-05,1.115198200186843e-06,0.8859412053489569,3.264724166327613,3.264724166327613,3.264724166327613,3.264724166327613,3.264724166327613
BRL,3580,nnls_original_legacy,7.323531207216727e-05,False,False,7.323531207216727e-05,0.00015621600798698475,0.9539952625933198,0.37550745956812515,0.37550745956812515,0.37550745956812515,0.37550745956812515,0.37550745956812515
BRL,3580,nnls_intermedia_legacy,7.571942515069168e-05,False,False,7.571942515069168e-05,0.00015621600798698475,0.925436426317819,0.33888527141481517,0.33888527141481517,0.33888527141481517,0.33888527141481517,0.33888527141481517
BRL,3580,nnls_nonneg,6.813118126683303e-05,False,True,6.813118126683303e-05,0.00015621600798698475,1.0126753755312012,0.4630662415207083,0.4630662415207083,0.4630662415207083,0.4630662415207083,0.4630662415207083
BRL,3600,nnls_original_legacy,3.697971902590431e-05,False,False,3.697971902590431e-05,2.6623373089885696e-05,0.12028781686581372,0.04852536120548834,0.04852536120548834,0.04852536120548834,0.04852536120548834,0.04852536120548834
BRL,3600,nnls_intermedia_legacy,3.7210446420659666e-05,False,False,3.7210446420659666e-05,2.6623373089885696e-05,0.1229676901317051,0.050281174553874486,0.050281174553874486,0.050281174553874486,0.050281174553874486,0.050281174553874486
BRL,3600,nnls_nonneg,3.777765564268349e-05,False,True,3.777765564268349e-05,2.6623373089885696e-05,0.12955576274389055,0.05466691463192075,0.05466691463192075,0.05466691463192075,0.05466691463192075,0.05466691463192075
BRL,3620,nnls_original_legacy,4.385014069678598e-05,False,False,4.385014069678598e-05,3.207127015608469e-05,0.13588388350278177,0.04420082648194734,0.04420082648194734,0.04420082648194734,0.04420082648194734,0.04420082648194734
BRL,3620,nnls_intermedia_legacy,4.9442844666454116e-05,False,False,4.9442844666454116e-05,3.207127015608469e-05,0.20040266160242495,0.08151014792884781,0.08151014792884781,0.08151014792884781,0.08151014792884781,0.08151014792884781
BRL,3620,nnls_nonneg,5.083907919283485e-05,False,True,5.083907919283485e-05,3.207127015608469e-05,0.2165099589081975,0.09154364240437718,0.09154364240437718,0.09154364240437718,0.09154364240437718,0.09154364240437718
BRL,3640,nnls_original_legacy,2.6508237717752964e-05,False,False,2.6508237717752964e-05,2.5910564043899705e-06,0.278710498839768,1.4231351997920112,1.4231351997920112,1.4231351997920112,1.4231351997920112,1.4231351997920112
BRL,3640,nnls_intermedia_legacy,4.3708015168931875e-05,False,False,4.3708015168931875e-05,2.5910564043899705e-06,0.47914208358812216,1.8847468636918663,1.8847468636918663,1.8847468636918663,1.8847468636918663,1.8847468636918663
BRL,3640,nnls_nonneg,5.009688723524898e-05,False,True,5.009688723524898e-05,2.5910564043899705e-06,0.5535925674179963,2.013614110608758,2.013614110608758,2.013614110608758,2.013614110608758,2.013614110608758
BRL,3660,nnls_original_legacy,3.074483003305748e-05,False,False,3.074483003305748e-05,4.799598487120029e-05,0.20714350633229484,0.11571199613359995,0.11571199613359995,0.11571199613359995,0.11571199613359995,0.11571199613359995
BRL,3660,nnls_intermedia_legacy,3.9355894153879836e-05,False,False,3.9355894153879836e-05,4.799598487120029e-05,0.10374602181749053,0.02106579367317374,0.02106579367317374,0.02106579367317374,0.02106579367317374,0.02106579367317374
BRL,3660,nnls_nonneg,4.4781175907494216e-05,False,True,4.4781175907494216e-05,4.799598487120029e-05,0.03860186794325118,0.0024598047165498294,0.0024598047165498294,0.0024598047165498294,0.0024598047165498294,0.0024598047165498294
BRL,3680,nnls_original_legacy,8.016011435536513e-05,False,False,8.016011435536513e-05,0.000715740770178417,7.893475291611793,5.739597101073274,5.739597101073274,5.739597101073274,5.739597101073274,5.739597101073274
BRL,3680,nnls_intermedia_legacy,6.819236748232869e-05,False,False,6.819236748232869e-05,0.000715740770178417,8.0421064895142,7.144921933158415,7.144921933158415,7.144921933158415,7.144921933158415,7.144921933158415
BRL,3680,nnls_nonneg,6.554586692831686e-05,False,True,6.554586692831686e-05,0.000715740770178417,8.074974209041123,7.529125502620889,7.529125502620889,7.529125502620889,7.529125502620889,7.529125502620889
BRL,3700,nnls_original_legacy,3.9354547325638556e-05,False,False,3.9354547325638556e-05,1.2131404556707217e-05,0.3306881977775308,0.48507330435152873,0.48507330435152873,0.48507330435152873,0.48507330435152873,0.48507330435152873
BRL,3700,nnls_intermedia_legacy,3.625422442865027e-05,False,False,3.625422442865027e-05,1.2131404556707217e-05,0.2930275867292158,0.42937884297379036,0.42937884297379036,0.42937884297379036,0.42937884297379036,0.42937884297379036
BRL,3700,nnls_nonneg,5.0884535683388065e-05,False,True,5.0884535683388065e-05,1.2131404556707217e-05,0.4707466437396011,0.6721719918470468,0.6721719918470468,0.6721719918470468,0.6721719918470468,0.6721719918470468
BRL,3720,nnls_original_legacy,2.5717982561961926e-05,False,False,2.5717982561961926e-05,0.0005745474769637098,6.712300245564796,18.233908934052224,18.233908934052224,18.233908934052224,18.233908934052224,18.233908934052224
BRL,3720,nnls_intermedia_legacy,4.637032803888029e-05,False,False,4.637032803888029e-05,0.0005745474769637098,6.45971771304745,8.873489210627762,8.873489210627762,8.873489210627762,8.873489210627762,8.873489210627762
BRL,3720,nnls_nonneg,4.203251031072336e-05,False,True,4.203251031072336e-05,0.0005745474769637098,6.512770136976782,10.05398182014478,10.05398182014478,10.05398182014478,10.05398182014478,10.05398182014478
BRL,3740,nnls_original_legacy,2.2849292628763053e-05,False,False,2.2849292628763053e-05,4.3382257677458464e-05,0.2395179711366634,0.25749546312446814,0.25749546312446814,0.25749546312446814,0.25749546312446814,0.25749546312446814
BRL,3740,nnls_intermedia_legacy,5.063186231457573e-05,False,False,5.063186231457573e-05,4.3382257677458464e-05,0.08456696780553864,0.011347861661640035,0.011347861661640035,0.011347861661640035,0.011347861661640035,0.011347861661640035
BRL,3740,nnls_nonneg,6.683939587929322e-05,False,True,6.683939587929322e-05,4.3382257677458464e-05,0.27362858396005274,0.08129432813091819,0.08129432813091819,0.08129432813091819,0.08129432813091819,0.08129432813091819
BRL,3760,nnls_original_legacy,7.814628206120768e-05,False,False,7.814628206120768e-05,1.741066914625991e-05,0.6942338233493502,0.7242951668716726,0.7242951668716726,0.7242951668716726,0.7242951668716726,0.7242951668716726
BRL,3760,nnls_intermedia_legacy,5.276179740825595e-05,False,False,5.276179740825595e-05,1.741066914625991e-05,0.40407839412778385,0.43869048524592213,0.43869048524592213,0.43869048524592213,0.43869048524592213,0.43869048524592213
BRL,3760,nnls_nonneg,5.091048144886564e-05,False,True,5.091048144886564e-05,1.741066914625991e-05,0.38291706727141334,0.4149715828355367,0.4149715828355367,0.4149715828355367,0.4149715828355367,0.4149715828355367
BRL,3780,nnls_original_legacy,6.359026732869868e-05,False,False,6.359026732869868e-05,0.0004195887455645475,4.113364145526444,3.7115024317190644,3.7115024317190644,3.7115024317190644,3.7115024317190644,3.7115024317190644
BRL,3780,nnls_intermedia_legacy,5.458476284846865e-05,False,False,5.458476284846865e-05,0.0004195887455645475,4.217417734252223,4.647400459591452,4.647400459591452,4.647400459591452,4.647400459591452,4.647400459591452
BRL,3780,nnls_nonneg,5.116814065354337e-05,False,True,5.116814065354337e-05,0.0004195887455645475,4.256894900854336,5.096037312940526,5.096037312940526,5.096037312940526,5.096037312940526,5.096037312940526
BRL,3800,nnls_original_legacy,5.315123401727781e-05,False,False,5.315123401727781e-05,0.0001854532746597272,1.492015381621138,1.2395005236475365,1.2395005236475365,1.2395005236475365,1.2395005236475365,1.2395005236475365
BRL,3800,nnls_intermedia_legacy,4.479547838277086e-05,False,False,4.479547838277086e-05,0.0001854532746597272,1.5862460969692416,1.7193041131991755,1.7193041131991755,1.7193041131991755,1.7193041131991755,1.7193041131991755
BRL,3800,nnls_nonneg,4.446890634508373e-05,False,True,4.446890634508373e-05,0.0001854532746597272,1.5899289615801762,1.7423905694661435,1.7423905694661435,1.7423905694661435,1.7423905694661435,1.7423905694661435
BRL,3820,nnls_original_legacy,5.505862337251374e-05,False,False,5.505862337251374e-05,1.1249914073314852e-06,0.606553642346636,2.9110557099103618,2.9110557099103618,2.9110557099103618,2.9110557099103618,2.9110557099103618
BRL,3820,nnls_intermedia_legacy,5.143500196493409e-05,False,False,5.143500196493409e-05,1.1249914073314852e-06,0.5658013198501355,2.8444156131580307,2.8444156131580307,2.8444156131580307,2.8444156131580307,2.8444156131580307
BRL,3820,nnls_nonneg,6.698805018361629e-05,False,True,6.698805018361629e-05,1.1249914073314852e-06,0.7407155190778949,3.1035327621290225,3.1035327621290225,3.1035327621290225,3.1035327621290225,3.1035327621290225
BRL,3840,nnls_original_legacy,5.139546341391337e-05,False,False,5.139546341391337e-05,4.6006374793625625e-05,0.06009927804940657,0.0059146020948461775,0.0059146020948461775,0.0059146020948461775,0.0059146020948461775,0.0059146020948461775
BRL,3840,nnls_intermedia_legacy,4.359536420608e-05,False,False,4.359536420608e-05,4.6006374793625625e-05,0.026887662439893392,0.001475138025866407,0.001475138025866407,0.001475138025866407,0.001475138025866407,0.001475138025866407
BRL,3840,nnls_nonneg,4.7669938894654284e-05,False,True,4.7669938894654284e-05,4.6006374793625625e-05,0.01855211678730832,0.0006234674941620888,0.0006234674941620888,0.0006234674941620888,0.0006234674941620888,0.0006234674941620888
BRL,3860,nnls_original_legacy,6.613893344920371e-05,False,False,6.613893344920371e-05,6.333289084381326e-05,0.031224628402837004,0.000926297898841133,0.000926297898841133,0.000926297898841133,0.000926297898841133,0.000926297898841133
BRL,3860,nnls_intermedia_legacy,5.379970013719715e-05,False,False,5.379970013719715e-05,6.333289084381326e-05,0.10608190222615946,0.0140609376258225,0.0140609376258225,0.0140609376258225,0.0140609376258225,0.0140609376258225
BRL,3860,nnls_nonneg,5.768708954549634e-05,False,True,5.768708954549634e-05,6.333289084381326e-05,0.06282443724751319,0.004498008226530015,0.004498008226530015,0.004498008226530015,0.004498008226530015,0.004498008226530015
BRL,3880,nnls_original_legacy,5.892602404547054e-05,False,False,5.892602404547054e-05,1.0998338518941491e-05,0.5485136044276585,0.8651851500610572,0.8651851500610572,0.8651851500610572,0.8651851500610572,0.8651851500610572
BRL,3880,nnls_intermedia_legacy,4.444063065362429e-05,False,False,4.444063065362429e-05,1.0998338518941491e-05,0.3827339458936324,0.6438937914771332,0.6438937914771332,0.6438937914771332,0.6438937914771332,0.6438937914771332
BRL,3880,nnls_nonneg,5.4438275892265335e-05,False,True,5.4438275892265335e-05,1.0998338518941491e-05,0.4971530830873237,0.8013564794293786,0.8013564794293786,0.8013564794293786,0.8013564794293786,0.8013564794293786
COP,500,nnls_original_legacy,0.07849490234003521,False,False,0.07849490234003521,1.1233530591011391e-06,0.5004083247487293,10.154485258905137,10.154485258905137,10.154485258905137,10.154485258905137,10.154485258905137
COP,500,nnls_intermedia_legacy,0.07849490234003521,False,False,0.07849490234003521,1.1233530591011391e-06,0.5004083247487293,10.154485258905137,10.154485258905137,10.154485258905137,10.154485258905137,10.154485258905137
COP,500,nnls_nonneg,0.07848613628247852,False,True,0.07848613628247852,1.1233530591011391e-06,0.5003524399610021,10.154373577492104,10.154373577492104,10.154373577492104,10.154373577492104,10.154373577492104
COP,520,nnls_original_legacy,0.07964578185821354,False,False,0.07964578185821354,1.6914548148172778e-06,0.5077821807163412,9.759776596890857,9.759776596890857,9.759776596890857,9.759776596890857,9.759776596890857
COP,520,nnls_intermedia_legacy,0.07964578185821354,False,False,0.07964578185821354,1.6914548148172778e-06,0.5077821807163412,9.759776596890857,9.759776596890857,9.759776596890857,9.759776596890857,9.759776596890857
COP,520,nnls_nonneg,0.07847855859634101,False,True,0.07847855859634101,1.6914548148172778e-06,0.5003403834619,9.745013284846086,9.745013284846086,9.745013284846086,9.745013284846086,9.745013284846086
COP,540,nnls_original_legacy,0.07451106550245094,False,False,0.07451106550245094,7.009814698587422e-06,0.4750238007655069,8.271485734242063,8.271485734242063,8.271485734242063,8.271485734242063,8.271485734242063
COP,540,nnls_intermedia_legacy,0.07565168724106783,False,False,0.07565168724106783,7.009814698587422e-06,0.48229618974503224,8.286676414457316,8.286676414457316,8.286676414457316,8.286676414457316,8.286676414457316
COP,540,nnls_nonneg,0.0785129497879299,False,True,0.0785129497879299,7.009814698587422e-06,0.5005390598472279,8.323796871061154,8.323796871061154,8.323796871061154,8.323796871061154,8.323796871061154
COP,560,nnls_original_legacy,0.07860464206852841,False,False,0.07860464206852841,1.5853809905021127e-07,0.5011854481359286,12.113948394967558,12.113948394967558,12.113948394967558,10.27219875796436,12.113948394967558
COP,560,nnls_intermedia_legacy,0.07530187265045327,False,False,0.07530187265045327,1.5853809905021127e-07,0.48012685330085375,12.071022730035079,12.071022730035079,12.071022730035079,10.229273562556902,12.071022730035079
COP,560,nnls_nonneg,0.07847475966350846,False,True,0.07847475966350846,1.5853809905021127e-07,0.5003573125329551,12.112294681355074,12.112294681355074,12.112294681355074,10.270545062069543,12.112294681355074
COP,580,nnls_original_legacy,0.07939209573406436,False,False,0.07939209573406436,0.0,0.5062171688535316,24.09766465030786,19.492494465566747,14.887324404276205,10.282166688043333,19.492494465566747
COP,580,nnls_intermedia_legacy,0.07717625184962697,False,False,0.07717625184962697,0.0,0.4920885807689117,24.069357628137666,19.46418744343235,14.859017385722064,10.253860027514232,19.46418744343235
COP,580,nnls_nonneg,0.07847548747167042,False,True,0.07847548747167042,0.0,0.5003727225614089,24.08605215147636,19.480881966749806,14.875711906915758,10.270554336331939,19.480881966749806
COP,600,nnls_original_legacy,0.07979481538695986,False,False,0.07979481538695986,4.322252758138256e-06,0.508773268345035,8.823491240198551,8.823491240198551,8.823491240198551,8.823491240198551,8.823491240198551
COP,600,nnls_intermedia_legacy,0.07665292439150145,False,False,0.07665292439150145,4.322252758138256e-06,0.48873942611956295,8.783322685292207,8.783322685292207,8.783322685292207,8.783322685292207,8.783322685292207
COP,600,nnls_nonneg,0.07847407115595399,False,True,0.07847407115595399,4.322252758138256e-06,0.5003517217088146,8.806801886071678,8.806801886071678,8.806801886071678,8.806801886071678,8.806801886071678
COP,620,nnls_original_legacy,0.10215267517057401,False,False,0.10215267517057401,2.294525993951986e-06,0.6513669002582644,9.703719966686972,9.703719966686972,9.703719966686972,9.703719966686972,9.703719966686972
COP,620,nnls_intermedia_legacy,0.13201791683606426,False,False,0.13201791683606426,2.294525993951986e-06,0.8418040750035991,9.960184022780194,9.960184022780194,9.960184022780194,9.960184022780194,9.960184022780194
COP,620,nnls_nonneg,0.07860284571779975,False,True,0.07860284571779975,2.294525993951986e-06,0.5012002604917758,9.441666090611307,9.441666090611307,9.441666090611307,9.441666090611307,9.441666090611307
COP,640,nnls_original_legacy,0.07888229864948733,False,False,0.07888229864948733,0.01060711442210683,0.43536189934733066,1.1408995162710056,1.1408995162710056,1.1408995162710056,1.1408995162710056,1.1408995162710056
COP,640,nnls_intermedia_legacy,0.07038198488238033,False,False,0.07038198488238033,0.01060711442210683,0.38115900281070203,1.0431201905387186,1.0431201905387186,1.0431201905387186,1.0431201905387186,1.0431201905387186
COP,640,nnls_nonneg,0.07846927469067805,False,True,0.07846927469067805,0.01060711442210683,0.43272822069500644,1.136357580140586,1.136357580140586,1.136357580140586,1.136357580140586,1.136357580140586
COP,660,nnls_original_legacy,0.07878400657072758,False,False,0.07878400657072758,0.00010813311186596915,0.5015476759282544,5.592474833653687,5.592474833653687,5.592474833653687,5.592474833653687,5.592474833653687
COP,660,nnls_intermedia_legacy,0.0774390066516356,False,False,0.0774390066516356,0.00010813311186596915,0.4929734897910391,5.575279273977315,5.575279273977315,5.575279273977315,5.575279273977315,5.575279273977315
COP,660,nnls_nonneg,0.07849006929573973,False,True,0.07849006929573973,0.00010813311186596915,0.4996738669616984,5.588742070659037,5.588742070659037,5.588742070659037,5.588742070659037,5.588742070659037
COP,680,nnls_original_legacy,0.08144968049503966,False,False,0.08144968049503966,9.664704552670204e-06,0.5191703141515961,8.039378806497755,8.039378806497755,8.039378806497755,8.039378806497755,8.039378806497755
COP,680,nnls_intermedia_legacy,0.08133654744652775,False,False,0.08133654744652775,9.664704552670204e-06,0.518449104562345,8.037989012844912,8.037989012844912,8.037989012844912,8.037989012844912,8.037989012844912
COP,680,nnls_nonneg,0.07849737920930427,False,True,0.07849737920930427,9.664704552670204e-06,0.500349748228223,8.002463095304702,8.002463095304702,8.002463095304702,8.002463095304702,8.002463095304702
COP,700,nnls_original_legacy,0.06725733538974599,False,False,0.06725733538974599,2.437597008743409e-06,0.4287696365772409,9.2253048892288,9.2253048892288,9.2253048892288,9.2253048892288,9.2253048892288
COP,700,nnls_intermedia_legacy,0.07920607722552138,False,False,0.07920607722552138,2.437597008743409e-06,0.5049463592044804,9.388826361325963,9.388826361325963,9.388826361325963,9.388826361325963,9.388826361325963
COP,700,nnls_nonneg,0.07857981768221094,False,True,0.07857981768221094,2.437597008743409e-06,0.5009537715179188,9.380888472047719,9.380888472047719,9.380888472047719,9.380888472047719,9.380888472047719
COP,720,nnls_original_legacy,0.07899608939004624,False,False,0.07899608939004624,2.821824830379234e-07,0.5036393217672062,11.542358515292605,11.542358515292605,11.542358515292605,10.277166287686583,11.542358515292605
COP,720,nnls_intermedia_legacy,0.07484712826253484,False,False,0.07484712826253484,2.821824830379234e-07,0.47718753853764917,11.48840810701697,11.48840810701697,11.48840810701697,10.223216383111797,11.48840810701697
COP,720,nnls_nonneg,0.07848132569182549,False,True,0.07848132569182549,2.821824830379234e-07,0.500357435689872,11.535820896084413,11.535820896084413,11.535820896084413,10.27062872807891,11.535820896084413
COP,740,nnls_original_legacy,0.09490732795700595,False,False,0.09490732795700595,1.0462017210604072e-05,0.6044934887593583,8.113015143312142,8.113015143312142,8.113015143312142,8.113015143312142,8.113015143312142
COP,740,nnls_intermedia_legacy,0.08200481559643955,False,False,0.08200481559643955,1.0462017210604072e-05,0.5223044234687544,7.966909539385615,7.966909539385615,7.966909539385615,7.966909539385615,7.966909539385615
COP,740,nnls_nonneg,0.07859886308716994,False,True,0.07859886308716994,1.0462017210604072e-05,0.5006084897359874,7.92449433023709,7.92449433023709,7.92449433023709,7.92449433023709,7.92449433023709
COP,760,nnls_original_legacy,0.07935692750011702,False,False,0.07935692750011702,1.683442109383233e-05,0.5053952390398941,7.458497495766842,7.458497495766842,7.458497495766842,7.458497495766842,7.458497495766842
COP,760,nnls_intermedia_legacy,0.08001470441503675,False,False,0.08001470441503675,1.683442109383233e-05,0.5095852684216301,7.4667504285854385,7.4667504285854385,7.4667504285854385,7.4667504285854385,7.4667504285854385
COP,760,nnls_nonneg,0.07861508888291917,False,True,0.07861508888291917,1.683442109383233e-05,0.500669737837188,7.449107402830245,7.449107402830245,7.449107402830245,7.449107402830245,7.449107402830245
COP,780,nnls_original_legacy,0.07877628852710374,False,False,0.07877628852710374,0.0005460705446583333,0.49832461049421994,3.9785510685868477,3.9785510685868477,3.9785510685868477,3.9785510685868477,3.9785510685868477
COP,780,nnls_intermedia_legacy,0.08467307931226108,False,False,0.08467307931226108,0.0005460705446583333,0.5358870262328395,4.050253987946338,4.050253987946338,4.050253987946338,4.050253987946338,4.050253987946338
COP,780,nnls_nonneg,0.07895928708324113,False,True,0.07895928708324113,0.0005460705446583333,0.49949030690361296,3.9808553246441774,3.9808553246441774,3.9808553246441774,3.9808553246441774,3.9808553246441774
COP,800,nnls_original_legacy,0.07949268973801157,False,False,0.07949268973801157,0.0011630694951516203,0.4989361159197564,3.2392335879739713,3.2392335879739713,3.2392335879739713,3.2392335879739713,3.2392335879739713
COP,800,nnls_intermedia_legacy,0.0794736141030644,False,False,0.0794736141030644,0.0011630694951516203,0.49881460986394077,3.238997103856188,3.238997103856188,3.238997103856188,3.238997103856188,3.238997103856188
COP,800,nnls_nonneg,0.07861082806693885,False,True,0.07861082806693885,0.0011630694951516203,0.4933189223781646,3.2282421083853903,3.2282421083853903,3.2282421083853903,3.2282421083853903,3.2282421083853903
COP,820,nnls_original_legacy,0.07940434499778702,False,False,0.07940434499778702,0.00011289044640231084,0.5050330158030215,5.557312237288999,5.557312237288999,5.557312237288999,5.557312237288999,5.557312237288999
COP,820,nnls_intermedia_legacy,0.07940434499778702,False,False,0.07940434499778702,0.00011289044640231084,0.5050330158030215,5.557312237288999,5.557312237288999,5.557312237288999,5.557312237288999,5.557312237288999
COP,820,nnls_nonneg,0.07890041249041826,False,True,0.07890041249041826,0.00011289044640231084,0.5018233060632072,5.550954683914529,5.550954683914529,5.550954683914529,5.550954683914529,5.550954683914529
COP,840,nnls_original_legacy,0.0831636737785378,False,False,0.0831636737785378,0.00044583893688744756,0.5268041583547532,4.233969141228644,4.233969141228644,4.233969141228644,4.233969141228644,4.233969141228644
COP,840,nnls_intermedia_legacy,0.0831636737785378,False,False,0.0831636737785378,0.00044583893688744756,0.5268041583547532,4.233969141228644,4.233969141228644,4.233969141228644,4.233969141228644,4.233969141228644
COP,840,nnls_nonneg,0.0786149184642517,False,True,0.0786149184642517,0.00044583893688744756,0.4978345507786903,4.178030178711892,4.178030178711892,4.178030178711892,4.178030178711892,4.178030178711892
COP,860,nnls_original_legacy,0.123519150306241,False,False,0.123519150306241,0.0,0.5102912514607548,24.539662044209912,19.934491859023318,15.32932175318474,10.724159582148156,19.934491859023318
COP,860,nnls_intermedia_legacy,0.12244319297904918,False,False,0.12244319297904918,0.0,0.5058461786955212,24.530913028599716,19.925742843420164,15.32057273828589,10.715410637679895,19.925742843420164
COP,860,nnls_nonneg,0.1215211091474131,False,True,0.1215211091474131,0.0,0.5020367992492514,24.52335382248336,19.918183637309944,15.313013532789185,10.707851493533845,19.918183637309944
COP,880,nnls_original_legacy,0.11787586237527353,False,False,0.11787586237527353,8.330973951299978e-05,0.48661918335608845,6.2555286309226545,6.2555286309226545,6.2555286309226545,6.2555286309226545,6.2555286309226545
COP,880,nnls_intermedia_legacy,0.12397667465148539,False,False,0.12397667465148539,8.330973951299978e-05,0.5118225788274395,6.3059552351233785,6.3059552351233785,6.3059552351233785,6.3059552351233785,6.3059552351233785
COP,880,nnls_nonneg,0.12152456555480708,False,True,0.12152456555480708,8.330973951299978e-05,0.501692538350132,6.2859917819622355,6.2859917819622355,6.2859917819622355,6.2859917819622355,6.2859917819622355
COP,900,nnls_original_legacy,12.702010923721849,False,False,12.702010923721849,6.430899873786586e-05,30.756270371262303,11.193576371525305,11.193576371525305,11.193576371525305,11.193576371525305,11.193576371525305
COP,900,nnls_intermedia_legacy,15.561556820220027,False,False,15.561556820220027,6.430899873786586e-05,37.680324565427156,11.396618686259993,11.396618686259993,11.396618686259993,11.396618686259993,11.396618686259993
COP,900,nnls_nonneg,4.106312016292135,False,True,4.106312016292135,6.430899873786586e-05,9.942796055409554,10.064351954295914,10.064351954295914,10.064351954295914,10.064351954295914,10.064351954295914
COP,920,nnls_original_legacy,0.13402942389206604,False,False,0.13402942389206604,5.316621334110374,12.548851712811587,34.98703442128962,34.98703442128962,34.98703442128962,34.98703442128962,34.98703442128962
COP,920,nnls_intermedia_legacy,0.17146075284512516,False,False,0.17146075284512516,5.316621334110374,12.458217488743262,26.573564612260423,26.573564612260423,26.573564612260423,26.573564612260423,26.573564612260423
COP,920,nnls_nonneg,0.16932684165231807,False,True,0.16932684165231807,5.316621334110374,12.463384427524232,26.95181132946664,26.95181132946664,26.95181132946664,26.95181132946664,26.95181132946664
COP,940,nnls_original_legacy,0.1746072841116012,False,False,0.1746072841116012,5.267996304658974e-05,0.4015642892271125,7.106361170378889,7.106361170378889,7.106361170378889,7.106361170378889,7.106361170378889
COP,940,nnls_intermedia_legacy,0.17693719565434313,False,False,0.17693719565434313,5.267996304658974e-05,0.4069242697168105,7.119612678926385,7.119612678926385,7.119612678926385,7.119612678926385,7.119612678926385
COP,940,nnls_nonneg,0.17937573404457646,False,True,0.17937573404457646,5.267996304658974e-05,0.412534147154324,7.133296467320141,7.133296467320141,7.133296467320141,7.133296467320141,7.133296467320141
COP,960,nnls_original_legacy,0.21977774468208688,False,False,0.21977774468208688,6.472287337627267e-07,0.5055939255953131,11.735430525351187,11.735430525351187,11.735430525351187,11.300376613292737,11.735430525351187
COP,960,nnls_intermedia_legacy,0.169021530777401,False,False,0.169021530777401,6.472287337627267e-07,0.3888300146428891,11.47284073329385,11.47284073329385,11.47284073329385,11.037787303246104,11.47284073329385
COP,960,nnls_nonneg,0.17920414247928187,False,True,0.17920414247928187,6.472287337627267e-07,0.41225496056683564,11.531340024639418,11.531340024639418,11.531340024639418,11.096286475997783,11.531340024639418
COP,980,nnls_original_legacy,0.23446255726684312,False,False,0.23446255726684312,2.224999351046452e-05,0.4512819760529489,8.262804364522147,8.262804364522147,8.262804364522147,8.262804364522147,8.262804364522147
COP,980,nnls_intermedia_legacy,0.21641909257716502,False,False,0.21641909257716502,2.224999351046452e-05,0.41654950835273374,8.182733143043604,8.182733143043604,8.182733143043604,8.182733143043604,8.182733143043604
COP,980,nnls_nonneg,0.2236478274851884,False,True,0.2236478274851884,2.224999351046452e-05,0.4304643415637837,8.21558566470241,8.21558566470241,8.21558566470241,8.21558566470241,8.21558566470241
COP,1000,nnls_original_legacy,0.1359138731330572,False,False,0.1359138731330572,0.0001319739135322149,0.3743402139395625,5.938143411372341,5.938143411372341,5.938143411372341,5.938143411372341,5.938143411372341
COP,1000,nnls_intermedia_legacy,0.13805612164157,False,False,0.13805612164157,0.0001319739135322149,0.38024622769837635,5.9537672256748975,5.9537672256748975,5.9537672256748975,5.9537672256748975,5.9537672256748975
COP,1000,nnls_nonneg,0.13771817905037173,False,True,0.13771817905037173,0.0001319739135322149,0.3793145460632276,5.951318706657921,5.951318706657921,5.951318706657921,5.951318706657921,5.951318706657921
COP,1020,nnls_original_legacy,0.14769706469478786,False,False,0.14769706469478786,0.011357472769322599,0.37584790131982376,1.6421844732991988,1.6421844732991988,1.6421844732991988,1.6421844732991988,1.6421844732991988
COP,1020,nnls_intermedia_legacy,0.17529078248095128,False,False,0.17529078248095128,0.011357472769322599,0.45191561410284803,1.8013624728759647,1.8013624728759647,1.8013624728759647,1.8013624728759647,1.8013624728759647
COP,1020,nnls_nonneg,0.18201591855920124,False,True,0.18201591855920124,0.011357472769322599,0.47045482377337644,1.8366164657057977,1.8366164657057977,1.8366164657057977,1.8366164657057977,1.8366164657057977
COP,1040,nnls_original_legacy,0.12338572265353169,False,False,0.12338572265353169,0.0,0.3401019150954748,24.538581242003804,19.933411056818077,15.32824095106617,10.72307878869685,19.933411056818077
COP,1040,nnls_intermedia_legacy,0.13427474421222615,False,False,0.13427474421222615,0.0,0.3701165473072342,24.623153867789004,20.01798368253821,15.412813570279543,10.807650757234189,20.01798368253821
COP,1040,nnls_nonneg,0.13970379148713563,False,True,0.13970379148713563,0.0,0.38508123962034224,24.662790243056754,20.057620057777306,15.452449942653434,10.847286843087186,20.057620057777306
COP,1060,nnls_original_legacy,0.15159918228584565,False,False,0.15159918228584565,3.7269698761689717e-06,0.41785197468014074,9.613424404780039,9.613424404780039,9.613424404780039,9.613424404780039,9.613424404780039
COP,1060,nnls_intermedia_legacy,0.16381976483743302,False,False,0.16381976483743302,3.7269698761689717e-06,0.4515363258388165,9.690949320134008,9.690949320134008,9.690949320134008,9.690949320134008,9.690949320134008
COP,1060,nnls_nonneg,0.14379354443063272,False,True,0.14379354443063272,3.7269698761689717e-06,0.39633680996335785,9.560564211593652,9.560564211593652,9.560564211593652,9.560564211593652,9.560564211593652
COP,1080,nnls_original_legacy,0.12094001791138377,False,False,0.12094001791138377,0.00017245988081724455,0.33287020018906416,5.554311342644601,5.554311342644601,5.554311342644601,5.554311342644601,5.554311342644601
COP,1080,nnls_intermedia_legacy,0.13490727567591287,False,False,0.13490727567591287,0.00017245988081724455,0.37136798853545366,5.663456698774193,5.663456698774193,5.663456698774193,5.663456698774193,5.663456698774193
COP,1080,nnls_nonneg,0.14998867517593178,False,True,0.14998867517593178,0.00017245988081724455,0.4129366726470587,5.76930025630072,5.76930025630072,5.76930025630072,5.76930025630072,5.76930025630072
COP,1100,nnls_original_legacy,0.1431561273384483,False,False,0.1431561273384483,2.4980318835587155e-05,0.39447694828734087,7.653777342010079,7.653777342010079,7.653777342010079,7.653777342010079,7.653777342010079
COP,1100,nnls_intermedia_legacy,0.14990480006274,False,False,0.14990480006274,2.4980318835587155e-05,0.41307664427736757,7.699834078314206,7.699834078314206,7.699834078314206,7.699834078314206,7.699834078314206
COP,1100,nnls_nonneg,0.1424778603836646,False,True,0.1424778603836646,2.4980318835587155e-05,0.3926076089854589,7.649028960364273,7.649028960364273,7.649028960364273,7.649028960364273,7.649028960364273
COP,1120,nnls_original_legacy,0.14215524017102707,False,False,0.14215524017102707,5.5349763392457465e-05,0.30319728070253565,6.8513919570793425,6.8513919570793425,6.8513919570793425,6.8513919570793425,6.8513919570793425
COP,1120,nnls_intermedia_legacy,0.12608933719034296,False,False,0.12608933719034296,5.5349763392457465e-05,0.2689176054557737,6.7315125482147,6.7315125482147,6.7315125482147,6.7315125482147,6.7315125482147
COP,1120,nnls_nonneg,0.1676200785562145,False,True,0.1676200785562145,5.5349763392457465e-05,0.35753138138178264,7.016113085541855,7.016113085541855,7.016113085541855,7.016113085541855,7.016113085541855
COP,1140,nnls_original_legacy,0.18978692533242436,False,False,0.18978692533242436,6.83575831584426e-05,0.40481229585647455,6.929264953903363,6.929264953903363,6.929264953903363,6.929264953903363,6.929264953903363
COP,1140,nnls_intermedia_legacy,0.14923527197831424,False,False,0.14923527197831424,6.83575831584426e-05,0.31828514097752497,6.6889848956251035,6.6889848956251035,6.6889848956251035,6.6889848956251035,6.6889848956251035
COP,1140,nnls_nonneg,0.18442529831329457,False,True,0.18442529831329457,6.83575831584426e-05,0.3933719156718185,6.9006179221545985,6.9006179221545985,6.9006179221545985,6.9006179221545985,6.9006179221545985
COP,1160,nnls_original_legacy,1.8148010311883138,False,False,1.8148010311883138,0.0003152750612980294,3.2747938940053425,7.658214651025535,7.658214651025535,7.658214651025535,7.658214651025535,7.658214651025535
COP,1160,nnls_intermedia_legacy,2.0565814147796475,False,False,2.0565814147796475,0.0003152750612980294,3.7111604629913724,7.783263487150105,7.783263487150105,7.783263487150105,7.783263487150105,7.783263487150105
COP,1160,nnls_nonneg,1.0632818946208962,False,True,1.0632818946208962,0.0003152750612980294,1.9184480139956517,7.12372185295561,7.12372185295561,7.12372185295561,7.12372185295561,7.12372185295561
COP,1180,nnls_original_legacy,0.2439263416669603,False,False,0.2439263416669603,0.00014750670437176517,0.4399654801754418,6.411352670397013,6.411352670397013,6.411352670397013,6.411352670397013,6.411352670397013
COP,1180,nnls_intermedia_legacy,0.1990548131340608,False,False,0.1990548131340608,0.00014750670437176517,0.35898255317026156,6.208202916156605,6.208202916156605,6.208202916156605,6.208202916156605,6.208202916156605
COP,1180,nnls_nonneg,0.22529405063516583,False,True,0.22529405063516583,0.00014750670437176517,0.4063384227984957,6.3319428212359,6.3319428212359,6.3319428212359,6.3319428212359,6.3319428212359
COP,1200,nnls_original_legacy,0.10530409161967705,False,False,0.10530409161967705,1.0705238831646258e-06,0.19004642837421762,10.496469581089878,10.496469581089878,10.496469581089878,10.496469581089878,10.496469581089878
COP,1200,nnls_intermedia_legacy,0.19250267042424432,False,False,0.19250267042424432,1.0705238831646258e-06,0.347418726800874,11.099722726945412,11.099722726945412,11.099722726945412,11.099722726945412,11.099722726945412
COP,1200,nnls_nonneg,0.2241912383283892,False,True,0.2241912383283892,1.0705238831646258e-06,0.4046089107842768,11.252111345103613,11.252111345103613,11.252111345103613,11.252111345103613,11.252111345103613
COP,1220,nnls_original_legacy,0.20046312680484527,False,False,0.20046312680484527,2.474375708828967e-05,0.3617314897069646,7.999935817225428,7.999935817225428,7.999935817225428,7.999935817225428,7.999935817225428
COP,1220,nnls_intermedia_legacy,0.19127405740415615,False,False,0.19127405740415615,2.474375708828967e-05,0.34514796058050995,7.9530186786356545,7.9530186786356545,7.9530186786356545,7.9530186786356545,7.9530186786356545
COP,1220,nnls_nonneg,0.22438967889737457,False,True,0.22438967889737457,2.474375708828967e-05,0.40491177883312346,8.112676510383324,8.112676510383324,8.112676510383324,8.112676510383324,8.112676510383324
COP,1240,nnls_original_legacy,0.2718714268419135,False,False,0.2718714268419135,0.00029339860757859036,0.49023445701069224,5.832631599678791,5.832631599678791,5.832631599678791,5.832631599678791,5.832631599678791
COP,1240,nnls_intermedia_legacy,0.1867373806808259,False,False,0.1867373806808259,0.00029339860757859036,0.3365561820624265,5.457497590549275,5.457497590549275,5.457497590549275,5.457497590549275,5.457497590549275
COP,1240,nnls_nonneg,0.21851244649028592,False,True,0.21851244649028592,0.00029339860757859036,0.393914401484134,5.614408844256847,5.614408844256847,5.614408844256847,5.614408844256847,5.614408844256847
COP,1260,nnls_original_legacy,0.16012129908999612,False,False,0.16012129908999612,8.69016982873203e-05,0.2888706786412977,6.519452075378256,6.519452075378256,6.519452075378256,6.519452075378256,6.519452075378256
COP,1260,nnls_intermedia_legacy,0.16693102466207319,False,False,0.16693102466207319,8.69016982873203e-05,0.3011625988748713,6.561078989482767,6.561078989482767,6.561078989482767,6.561078989482767,6.561078989482767
COP,1260,nnls_nonneg,0.22096420100862077,False,True,0.22096420100862077,8.69016982873203e-05,0.39869538291858947,6.8413716899657295,6.8413716899657295,6.8413716899657295,6.8413716899657295,6.8413716899657295
COP,1280,nnls_original_legacy,0.10539538428826867,False,False,0.10539538428826867,0.00022780492670582004,0.18982871702502357,5.139145875409307,5.139145875409307,5.139145875409307,5.139145875409307,5.139145875409307
COP,1280,nnls_intermedia_legacy,0.2349324314815253,False,False,0.2349324314815253,0.00022780492670582004,0.42364460995688136,5.939533209532275,5.939533209532275,5.939533209532275,5.939533209532275,5.939533209532275
COP,1280,nnls_nonneg,0.21840263219387246,False,True,0.21840263219387246,0.00022780492670582004,0.39380812792976805,5.866648947120787,5.866648947120787,5.866648947120787,5.866648947120787,5.866648947120787
COP,1300,nnls_original_legacy,0.08454784208173316,False,False,0.08454784208173316,3.540967471089418e-06,0.15260408567474584,9.080714726112188,9.080714726112188,9.080714726112188,9.080714726112188,9.080714726112188
COP,1300,nnls_intermedia_legacy,0.22710755692983398,False,False,0.22710755692983398,3.540967471089418e-06,0.4099271062890466,10.06879460818414,10.06879460818414,10.06879460818414,10.06879460818414,10.06879460818414
COP,1300,nnls_nonneg,0.22133746903435608,False,True,0.22133746903435608,3.540967471089418e-06,0.39951198692621376,10.043059836335358,10.043059836335358,10.043059836335358,10.043059836335358,10.043059836335358
COP,1320,nnls_original_legacy,0.3675493556550652,False,False,0.3675493556550652,0.000319409630930755,0.662850720232772,6.049007526339334,6.049007526339334,6.049007526339334,6.049007526339334,6.049007526339334
COP,1320,nnls_intermedia_legacy,0.27956656159228355,False,False,0.27956656159228355,0.000319409630930755,0.504041616988306,5.775663817227002,5.775663817227002,5.775663817227002,5.775663817227002,5.775663817227002
COP,1320,nnls_nonneg,0.2243457786253082,False,True,0.2243457786253082,0.000319409630930755,0.40436800333624384,5.555893144774791,5.555893144774791,5.555893144774791,5.555893144774791,5.555893144774791
COP,1340,nnls_original_legacy,0.38383125783349614,False,False,0.38383125783349614,0.0002484588980949096,0.6923789476390128,6.343328183260529,6.343328183260529,6.343328183260529,6.343328183260529,6.343328183260529
COP,1340,nnls_intermedia_legacy,0.21090478401907264,False,False,0.21090478401907264,0.0002484588980949096,0.3802412545754623,5.7450626801359155,5.7450626801359155,5.7450626801359155,5.7450626801359155,5.7450626801359155
COP,1340,nnls_nonneg,0.22855797508911516,False,True,0.22855797508911516,0.0002484588980949096,0.41210581651481265,5.82535481726431,5.82535481726431,5.82535481726431,5.82535481726431,5.82535481726431
COP,1360,nnls_original_legacy,0.14804272161899845,False,False,0.14804272161899845,2.6804937385305553e-05,0.3156113507840296,7.616851131512989,7.616851131512989,7.616851131512989,7.616851131512989,7.616851131512989
COP,1360,nnls_intermedia_legacy,0.11096816943981641,False,False,0.11096816943981641,2.6804937385305553e-05,0.23655803168623168,7.328654131214794,7.328654131214794,7.328654131214794,7.328654131214794,7.328654131214794
COP,1360,nnls_nonneg,0.17303073485630557,False,True,0.17303073485630557,2.6804937385305553e-05,0.368892786916333,7.772793328798938,7.772793328798938,7.772793328798938,7.772793328798938,7.772793328798938
COP,1380,nnls_original_legacy,0.16864608254797636,False,False,0.16864608254797636,4.1521098870055036e-07,0.3595999820411111,11.914528555389175,11.914528555389175,11.914528555389175,11.035563541501991,11.914528555389175
COP,1380,nnls_intermedia_legacy,0.10439083591751266,False,False,0.10439083591751266,4.1521098870055036e-07,0.22258972912906239,11.4348696309148,11.4348696309148,11.4348696309148,10.555906751394952,11.4348696309148
COP,1380,nnls_nonneg,0.16658140483170825,False,True,0.16658140483170825,4.1521098870055036e-07,0.35519750861019206,11.90221036080931,11.90221036080931,11.90221036080931,11.023245389900373,11.90221036080931
COP,1400,nnls_original_legacy,0.1453850007409181,False,False,0.1453850007409181,4.215684211586088e-06,0.487754565770329,9.448357770804012,9.448357770804012,9.448357770804012,9.448357770804012,9.448357770804012
COP,1400,nnls_intermedia_legacy,0.05910803189001653,False,False,0.05910803189001653,4.215684211586088e-06,0.19829412943111538,8.548381513167294,8.548381513167294,8.548381513167294,8.548381513167294,8.548381513167294
COP,1400,nnls_nonneg,0.1262349201995368,False,True,0.1262349201995368,4.215684211586088e-06,0.4235057779041407,9.30712138552803,9.30712138552803,9.30712138552803,9.30712138552803,9.30712138552803
COP,1420,nnls_original_legacy,0.10254615116188529,False,False,0.10254615116188529,7.230178701044732e-06,0.3567726869043323,8.559874985577943,8.559874985577943,8.559874985577943,8.559874985577943,8.559874985577943
COP,1420,nnls_intermedia_legacy,0.11966558125518433,False,False,0.11966558125518433,7.230178701044732e-06,0.4163378258203037,8.71425297586996,8.71425297586996,8.71425297586996,8.71425297586996,8.71425297586996
COP,1420,nnls_nonneg,0.13675900262360682,False,True,0.13675900262360682,7.230178701044732e-06,0.4758124702921344,8.847764666389613,8.847764666389613,8.847764666389613,8.847764666389613,8.847764666389613
COP,1440,nnls_original_legacy,0.2709773326824398,False,False,0.2709773326824398,1.5072234469250935e-06,0.9804705814606534,11.099526833970074,11.099526833970074,11.099526833970074,11.099526833970074,11.099526833970074
COP,1440,nnls_intermedia_legacy,0.11160445290113956,False,False,0.11160445290113956,1.5072234469250935e-06,0.40381242443299875,10.212460552398152,10.212460552398152,10.212460552398152,10.212460552398152,10.212460552398152
COP,1440,nnls_nonneg,0.1168367987144173,False,True,0.1168367987144173,1.5072234469250935e-06,0.42274459719511837,10.25827707615792,10.25827707615792,10.25827707615792,10.25827707615792,10.25827707615792
COP,1460,nnls_original_legacy,0.17926015232239284,False,False,0.17926015232239284,9.630379055669387e-05,0.6482770570948755,6.529622943863994,6.529622943863994,6.529622943863994,6.529622943863994,6.529622943863994
COP,1460,nnls_intermedia_legacy,0.06345949640922584,False,False,0.06345949640922584,9.630379055669387e-05,0.22927004736487058,5.492167012661963,5.492167012661963,5.492167012661963,5.492167012661963,5.492167012661963
COP,1460,nnls_nonneg,0.11793207723250616,False,True,0.11793207723250616,9.630379055669387e-05,0.4263707720805712,6.11117304492347,6.11117304492347,6.11117304492347,6.11117304492347,6.11117304492347
COP,1480,nnls_original_legacy,-0.15526802017689217,True,False,1e-12,1.055262403041093e-06,5.5085060760676876e-06,1055247.5337410758,10542.35990057969,99.86728065885798,0.0014729437778662202,10542.35990057969
COP,1480,nnls_intermedia_legacy,0.07664634554983212,False,False,0.07664634554983212,1.055262403041093e-06,0.4000914333013219,10.193181514735754,10.193181514735754,10.193181514735754,10.193181514735754,10.193181514735754
COP,1480,nnls_nonneg,0.07817270217947633,False,True,0.07817270217947633,1.055262403041093e-06,0.40805907501020183,10.21289982845619,10.21289982845619,10.21289982845619,10.21289982845619,10.21289982845619
COP,1500,nnls_original_legacy,0.1388859010151638,False,False,0.1388859010151638,3.848285537719158e-06,0.7249456397760167,9.493807993032558,9.493807993032558,9.493807993032558,9.493807993032558,9.493807993032558
COP,1500,nnls_intermedia_legacy,0.04855006303486072,False,False,0.04855006303486072,3.848285537719158e-06,0.25340471298091977,8.442802302103333,8.442802302103333,8.442802302103333,8.442802302103333,8.442802302103333
COP,1500,nnls_nonneg,0.06263397230455288,False,True,0.06263397230455288,3.848285537719158e-06,0.326920825505129,8.69749680508431,8.69749680508431,8.69749680508431,8.69749680508431,8.69749680508431
COP,1520,nnls_original_legacy,0.0020926597637481318,False,False,0.0020926597637481318,8.854189897080412e-05,0.010462893920656862,2.2050259751912518,2.2050259751912518,2.2050259751912518,2.2050259751912518,2.2050259751912518
COP,1520,nnls_intermedia_legacy,0.07693956268845038,False,False,0.07693956268845038,8.854189897080412e-05,0.40121596256708175,5.768450415866429,5.768450415866429,5.768450415866429,5.768450415866429,5.768450415866429
COP,1520,nnls_nonneg,0.06544300722439572,False,True,0.06544300722439572,8.854189897080412e-05,0.3411959196407558,5.606812011416044,5.606812011416044,5.606812011416044,5.606812011416044,5.606812011416044
COP,1540,nnls_original_legacy,0.29055353130398254,False,False,0.29055353130398254,0.0002458302946722749,1.5158767966555424,6.075747748217223,6.075747748217223,6.075747748217223,6.075747748217223,6.075747748217223
COP,1540,nnls_intermedia_legacy,0.13640677880106894,False,False,0.13640677880106894,0.0002458302946722749,0.7109808721362079,5.32055746762003,5.32055746762003,5.32055746762003,5.32055746762003,5.32055746762003
COP,1540,nnls_nonneg,0.0689896801561682,False,True,0.0689896801561682,0.0002458302946722749,0.35895433209493827,4.640634061455444,4.640634061455444,4.640634061455444,4.640634061455444,4.640634061455444
COP,1560,nnls_original_legacy,0.05098940111162249,False,False,0.05098940111162249,2.5528247990433388e-05,0.26611807757875283,6.6000881233205,6.6000881233205,6.6000881233205,6.6000881233205,6.6000881233205
COP,1560,nnls_intermedia_legacy,0.07649435842294847,False,False,0.07649435842294847,2.5528247990433388e-05,0.3992973245048961,7.005520394812244,7.005520394812244,7.005520394812244,7.005520394812244,7.005520394812244
COP,1560,nnls_nonneg,0.07537262671543327,False,True,0.07537262671543327,2.5528247990433388e-05,0.39343997754930204,6.990752537682415,6.990752537682415,6.990752537682415,6.990752537682415,6.990752537682415
COP,1580,nnls_original_legacy,0.2025624276879145,False,False,0.2025624276879145,5.465219000204134e-06,1.0577405601613672,9.52042618925946,9.52042618925946,9.52042618925946,9.52042618925946,9.52042618925946
COP,1580,nnls_intermedia_legacy,0.0888642858515094,False,False,0.0888642858515094,5.465219000204134e-06,0.46401554192704186,8.696522913511709,8.696522913511709,8.696522913511709,8.696522913511709,8.696522913511709
COP,1580,nnls_nonneg,0.0673813858385864,False,True,0.0673813858385864,5.465219000204134e-06,0.3518330999285492,8.419800998935001,8.419800998935001,8.419800998935001,8.419800998935001,8.419800998935001
COP,1600,nnls_original_legacy,0.049943560641715797,False,False,0.049943560641715797,6.157969613289413e-05,0.2605133147638241,5.699549637411131,5.699549637411131,5.699549637411131,5.699549637411131,5.699549637411131
COP,1600,nnls_intermedia_legacy,0.1346914784215539,False,False,0.1346914784215539,6.157969613289413e-05,0.703117248321372,6.690867079769982,6.690867079769982,6.690867079769982,6.690867079769982,6.690867079769982
COP,1600,nnls_nonneg,0.0801845466198631,False,True,0.0801845466198631,6.157969613289413e-05,0.4184496947862598,6.172521856388667,6.172521856388667,6.172521856388667,6.172521856388667,6.172521856388667
COP,1620,nnls_original_legacy,0.10286087088991358,False,False,0.10286087088991358,5.5174433580147965e-05,1.2003264205521937,6.531169298494256,6.531169298494256,6.531169298494256,6.531169298494256,6.531169298494256
COP,1620,nnls_intermedia_legacy,0.05983307556128844,False,False,0.05983307556128844,5.5174433580147965e-05,0.6979476484478855,5.9897363432066,5.9897363432066,5.9897363432066,5.9897363432066,5.9897363432066
COP,1620,nnls_nonneg,0.018700550072610546,False,True,0.018700550072610546,5.5174433580147965e-05,0.2176974406292216,4.8287589495272485,4.8287589495272485,4.8287589495272485,4.8287589495272485,4.8287589495272485
COP,1640,nnls_original_legacy,0.03867172481583745,False,False,0.03867172481583745,4.084020121118523e-06,0.45151272244900353,8.155887767355967,8.155887767355967,8.155887767355967,8.155887767355967,8.155887767355967
COP,1640,nnls_intermedia_legacy,0.004880304020784925,False,False,0.004880304020784925,4.084020121118523e-06,0.056938445750843496,6.0867178063757486,6.0867178063757486,6.0867178063757486,6.0867178063757486,6.0867178063757486
COP,1640,nnls_nonneg,0.008648986870813466,False,True,0.008648986870813466,4.084020121118523e-06,0.10094444711650642,6.658587837558419,6.658587837558419,6.658587837558419,6.658587837558419,6.658587837558419
COP,1660,nnls_original_legacy,0.00014044054496198196,False,False,0.00014044054496198196,0.00023046965718023386,0.43531956935435717,0.1457128871047617,0.1457128871047617,0.1457128871047617,0.1457128871047617,0.1457128871047617
COP,1660,nnls_intermedia_legacy,9.918601005932393e-05,False,False,9.918601005932393e-05,0.00023046965718023386,0.6347984481886029,0.48048828983629255,0.48048828983629255,0.48048828983629255,0.48048828983629255,0.48048828983629255
COP,1660,nnls_nonneg,0.00011341288796337383,False,True,0.00011341288796337383,0.00023046965718023386,0.5660069405323446,0.3230451608050777,0.3230451608050777,0.3230451608050777,0.3230451608050777,0.3230451608050777
COP,1680,nnls_original_legacy,0.00012932947283360977,False,False,0.00012932947283360977,3.514742668204604e-05,0.47222133021505713,0.5745783610713406,0.5745783610713406,0.5745783610713406,0.5745783610713406,0.5745783610713406
COP,1680,nnls_intermedia_legacy,0.00012274388847758046,False,False,0.00012274388847758046,3.514742668204604e-05,0.4392017311309275,0.5368962428118851,0.5368962428118851,0.5368962428118851,0.5368962428118851,0.5368962428118851
COP,1680,nnls_nonneg,0.00014772624880641784,False,True,0.00014772624880641784,3.514742668204604e-05,0.5644613098770789,0.6737321760576032,0.6737321760576032,0.6737321760576032,0.6737321760576032,0.6737321760576032
COP,1700,nnls_original_legacy,0.00012668822305803796,False,False,0.00012668822305803796,2.3962147631175024e-05,0.5314277981961542,0.8543963893938911,0.8543963893938911,0.8543963893938911,0.8543963893938911,0.8543963893938911
COP,1700,nnls_intermedia_legacy,9.017983357799576e-05,False,False,9.017983357799576e-05,2.3962147631175024e-05,0.3425607266522827,0.591045570137946,0.591045570137946,0.591045570137946,0.591045570137946,0.591045570137946
COP,1700,nnls_nonneg,0.00010822272290290585,False,True,0.00010822272290290585,2.3962147631175024e-05,0.4359011264211856,0.7291310736407131,0.7291310736407131,0.7291310736407131,0.7291310736407131,0.7291310736407131
COP,1720,nnls_original_legacy,0.00011342130196003292,False,False,0.00011342130196003292,1.346193957987447e-07,0.6300916186316682,5.737599891168668,5.737599891168668,5.737599891168668,3.7399259075796003,5.737599891168668
COP,1720,nnls_intermedia_legacy,0.00010374215918067759,False,False,0.00010374215918067759,1.346193957987447e-07,0.5762569877397891,5.648509989113418,5.648509989113418,5.648509989113418,3.6515478647903743,5.648509989113418
COP,1720,nnls_nonneg,0.00011991745704870201,False,True,0.00011991745704870201,1.346193957987447e-07,0.6662227223241168,5.793230021267668,5.793230021267668,5.793230021267668,3.795142717600104,5.793230021267668
COP,1740,nnls_original_legacy,0.00015098415841700044,False,False,0.00015098415841700044,0.000275175657433061,0.685093358406642,0.22231182479949485,0.22231182479949485,0.22231182479949485,0.22231182479949485,0.22231182479949485
COP,1740,nnls_intermedia_legacy,0.00021794669084636027,False,False,0.00021794669084636027,0.000275175657433061,0.31569942570669834,0.029423254002370225,0.029423254002370225,0.029423254002370225,0.029423254002370225,0.029423254002370225
COP,1740,nnls_nonneg,0.00022214388156160028,False,True,0.00022214388156160028,0.000275175657433061,0.29254592884291464,0.02464278964046196,0.02464278964046196,0.02464278964046196,0.02464278964046196,0.02464278964046196
COP,1760,nnls_original_legacy,0.0001530401517002021,False,False,0.0001530401517002021,1.0284221365138996e-06,0.9508006299248936,4.009394544798811,4.009394544798811,4.009394544798811,4.009394544798811,4.009394544798811
COP,1760,nnls_intermedia_legacy,0.00018324576542253044,False,False,0.00018324576542253044,1.0284221365138996e-06,1.1397302384287242,4.1884147668702285,4.1884147668702285,4.1884147668702285,4.1884147668702285,4.1884147668702285
COP,1760,nnls_nonneg,0.0002144239413734702,False,True,0.0002144239413734702,1.0284221365138996e-06,1.3347430142135208,4.3447255779021265,4.3447255779021265,4.3447255779021265,4.3447255779021265,4.3447255779021265
COP,1780,nnls_original_legacy,0.00017736971916197298,False,False,0.00017736971916197298,2.0424875891470247e-05,1.056857169136945,1.2766370422950453,1.2766370422950453,1.2766370422950453,1.2766370422950453,1.2766370422950453
COP,1780,nnls_intermedia_legacy,0.00020541928399538893,False,False,0.00020541928399538893,2.0424875891470247e-05,1.245741257760829,1.4077297913512625,1.4077297913512625,1.4077297913512625,1.4077297913512625,1.4077297913512625
COP,1780,nnls_nonneg,0.00021449867375665196,False,True,0.00021449867375665196,2.0424875891470247e-05,1.3068813243002617,1.446771446350339,1.446771446350339,1.446771446350339,1.446771446350339,1.446771446350339
COP,1800,nnls_original_legacy,9.694623345128158e-05,False,False,9.694623345128158e-05,9.66804383575003e-06,0.596030329964781,1.4050563660403839,1.4050563660403839,1.4050563660403839,1.4050563660403839,1.4050563660403839
COP,1800,nnls_intermedia_legacy,8.08381876175078e-05,False,False,8.08381876175078e-05,9.66804383575003e-06,0.486027087279698,1.2432209597896615,1.2432209597896615,1.2432209597896615,1.2432209597896615,1.2432209597896615
COP,1800,nnls_nonneg,8.55509982459996e-05,False,True,8.55509982459996e-05,9.66804383575003e-06,0.5182112799896442,1.2932958013544562,1.2932958013544562,1.2932958013544562,1.2932958013544562,1.2932958013544562
COP,1820,nnls_original_legacy,0.00012001498676071591,False,False,0.00012001498676071591,0.00019570561406601292,0.5474102052906867,0.14168152613046958,0.14168152613046958,0.14168152613046958,0.14168152613046958,0.14168152613046958
COP,1820,nnls_intermedia_legacy,0.00012608700970706505,False,False,0.00012608700970706505,0.00019570561406601292,0.5034960847988075,0.1125079796751578,0.1125079796751578,0.1125079796751578,0.1125079796751578,0.1125079796751578
COP,1820,nnls_nonneg,0.00011250933909190319,False,True,0.00011250933909190319,0.00019570561406601292,0.601692595032974,0.18588572973879902,0.18588572973879902,0.18588572973879902,0.18588572973879902,0.18588572973879902
COP,1840,nnls_original_legacy,0.0001142225715481386,False,False,0.0001142225715481386,2.489212100486957e-05,0.6644862261836242,0.7415240620201202,0.7415240620201202,0.7415240620201202,0.7415240620201202,0.7415240620201202
COP,1840,nnls_intermedia_legacy,0.00013928452104777601,False,False,0.00013928452104777601,2.489212100486957e-05,0.8509100060094325,0.9006816218190434,0.9006816218190434,0.9006816218190434,0.9006816218190434,0.9006816218190434
COP,1840,nnls_nonneg,0.00014262593704251686,False,True,0.00014262593704251686,2.489212100486957e-05,0.8757651913460326,0.9202013593790492,0.9202013593790492,0.9202013593790492,0.9202013593790492,0.9202013593790492
COP,1860,nnls_original_legacy,0.000150108215743303,False,False,0.000150108215743303,2.7969143477613155e-05,0.950006907925477,0.8665811218459594,0.8665811218459594,0.8665811218459594,0.8665811218459594,0.8665811218459594
COP,1860,nnls_intermedia_legacy,0.00016614012971355983,False,False,0.00016614012971355983,2.7969143477613155e-05,1.0747043428779885,0.9500764087434035,0.9500764087434035,0.9500764087434035,0.9500764087434035,0.9500764087434035
COP,1860,nnls_nonneg,0.00020428438633419047,False,True,0.00020428438633419047,2.7969143477613155e-05,1.3713932452503104,1.1253239710115057,1.1253239710115057,1.1253239710115057,1.1253239710115057,1.1253239710115057
COP,1880,nnls_original_legacy,0.00023267043143428007,False,False,0.00023267043143428007,1.0257492341692862e-05,1.743747968809582,2.1657005261348674,2.1657005261348674,2.1657005261348674,2.1657005261348674,2.1657005261348674
COP,1880,nnls_intermedia_legacy,0.0002080919544523393,False,False,0.0002080919544523393,1.0257492341692862e-05,1.5510493358588666,2.0592647471089816,2.0592647471089816,2.0592647471089816,2.0592647471089816,2.0592647471089816
COP,1880,nnls_nonneg,0.0002364082623836153,False,True,0.0002364082623836153,1.0257492341692862e-05,1.7730530764721522,2.1809407281118443,2.1809407281118443,2.1809407281118443,2.1809407281118443,2.1809407281118443
COP,1900,nnls_original_legacy,0.00011382744840750083,False,False,0.00011382744840750083,6.677971604792765e-06,0.8446095083582826,1.8945368998349812,1.8945368998349812,1.8945368998349812,1.8945368998349812,1.8945368998349812
COP,1900,nnls_intermedia_legacy,8.401680974245194e-05,False,False,8.401680974245194e-05,6.677971604792765e-06,0.609626103697393,1.6116863613364947,1.6116863613364947,1.6116863613364947,1.6116863613364947,1.6116863613364947
COP,1900,nnls_nonneg,7.036441185839237e-05,False,True,7.036441185839237e-05,6.677971604792765e-06,0.5020105986212564,1.4497788597319214,1.4497788597319214,1.4497788597319214,1.4497788597319214,1.4497788597319214
COP,1920,nnls_original_legacy,7.128639199016415e-05,False,False,7.128639199016415e-05,1.0832864142235593e-05,0.4939145912885894,1.0360835450988297,1.0360835450988297,1.0360835450988297,1.0360835450988297,1.0360835450988297
COP,1920,nnls_intermedia_legacy,5.120021611256273e-05,False,False,5.120021611256273e-05,1.0832864142235593e-05,0.32980745474409795,0.7647377479190025,0.7647377479190025,0.7647377479190025,0.7647377479190025,0.7647377479190025
COP,1920,nnls_nonneg,6.151242339435957e-05,False,True,6.151242339435957e-05,1.0832864142235593e-05,0.4140597693101606,0.9127632283783025,0.9127632283783025,0.9127632283783025,0.9127632283783025,0.9127632283783025
COP,1940,nnls_original_legacy,6.696336955078716e-05,False,False,6.696336955078716e-05,2.5291487731212923e-05,0.34302137723431175,0.35136924507572687,0.35136924507572687,0.35136924507572687,0.35136924507572687,0.35136924507572687
COP,1940,nnls_intermedia_legacy,4.578771154693532e-05,False,False,4.578771154693532e-05,2.5291487731212923e-05,0.168714313210337,0.14591195486478048,0.14591195486478048,0.14591195486478048,0.14591195486478048,0.14591195486478048
COP,1940,nnls_nonneg,5.7262935122055035e-05,False,True,5.7262935122055035e-05,2.5291487731212923e-05,0.2631724183626765,0.25885859154414925,0.25885859154414925,0.25885859154414925,0.25885859154414925,0.25885859154414925
COP,1960,nnls_original_legacy,0.000121477550664796,False,False,0.000121477550664796,2.1432999882918992e-05,0.8145919757967935,0.9112335835833709,0.9112335835833709,0.9112335835833709,0.9112335835833709,0.9112335835833709
COP,1960,nnls_intermedia_legacy,0.00015121050675563204,False,False,0.00015121050675563204,2.1432999882918992e-05,1.0566863953231482,1.0954839607089357,1.0954839607089357,1.0954839607089357,1.0954839607089357,1.0954839607089357
COP,1960,nnls_nonneg,0.0001233353573607428,False,True,0.0001233353573607428,2.1432999882918992e-05,0.8297187809578195,0.9237535712277349,0.9237535712277349,0.9237535712277349,0.9237535712277349,0.9237535712277349
COP,1980,nnls_original_legacy,0.00015950484473344444,False,False,0.00015950484473344444,5.910053269261072e-05,0.8432841334126391,0.363359359098018,0.363359359098018,0.363359359098018,0.363359359098018,0.363359359098018
COP,1980,nnls_intermedia_legacy,0.00017407811549057192,False,False,0.00017407811549057192,5.910053269261072e-05,0.9656833387018899,0.4197700165493983,0.4197700165493983,0.4197700165493983,0.4197700165493983,0.4197700165493983
COP,1980,nnls_nonneg,0.0001650901715306488,False,True,0.0001650901715306488,5.910053269261072e-05,0.8901946432530067,0.3852412884832248,0.3852412884832248,0.3852412884832248,0.3852412884832248,0.3852412884832248
COP,2000,nnls_original_legacy,8.544265239030481e-05,False,False,8.544265239030481e-05,2.480582070927239e-05,0.5310654759212546,0.5270883728335662,0.5270883728335662,0.5270883728335662,0.5270883728335662,0.5270883728335662
COP,2000,nnls_intermedia_legacy,9.183635332795231e-05,False,False,9.183635332795231e-05,2.480582070927239e-05,0.5870623632456309,0.5790388405063462,0.5790388405063462,0.5790388405063462,0.5790388405063462,0.5790388405063462
COP,2000,nnls_nonneg,8.945281684377057e-05,False,True,8.945281684377057e-05,2.480582070927239e-05,0.5661870321596302,0.5599391684151271,0.5599391684151271,0.5599391684151271,0.5599391684151271,0.5599391684151271
COP,2020,nnls_original_legacy,6.894938409512438e-05,False,False,6.894938409512438e-05,1.1388964098501518e-05,0.4920955802948782,0.9659064663428922,0.9659064663428922,0.9659064663428922,0.9659064663428922,0.9659064663428922
COP,2020,nnls_intermedia_legacy,5.869028951272756e-05,False,False,5.869028951272756e-05,1.1388964098501518e-05,0.4043885221788881,0.8336813949735677,0.8336813949735677,0.8336813949735677,0.8336813949735677,0.8336813949735677
COP,2020,nnls_nonneg,5.945182913349469e-05,False,True,5.945182913349469e-05,1.1388964098501518e-05,0.41089907720299884,0.8440878175501847,0.8440878175501847,0.8440878175501847,0.8440878175501847,0.8440878175501847
COP,2040,nnls_original_legacy,8.103240568186536e-05,False,False,8.103240568186536e-05,1.3975052202653952e-05,0.5774359952866791,0.9300379019190779,0.9300379019190779,0.9300379019190779,0.9300379019190779,0.9300379019190779
COP,2040,nnls_intermedia_legacy,6.827471652476991e-05,False,False,6.827471652476991e-05,1.3975052202653952e-05,0.46757855902103135,0.7909543032415474,0.7909543032415474,0.7909543032415474,0.7909543032415474,0.7909543032415474
COP,2040,nnls_nonneg,6.848783229181202e-05,False,True,6.848783229181202e-05,1.3975052202653952e-05,0.4694137151771924,0.7934339507158834,0.7934339507158834,0.7934339507158834,0.7934339507158834,0.7934339507158834
COP,2060,nnls_original_legacy,0.0001457828777177658,False,False,0.0001457828777177658,3.390072314496232e-05,0.9716751778133406,0.6912245869880917,0.6912245869880917,0.6912245869880917,0.6912245869880917,0.6912245869880917
COP,2060,nnls_intermedia_legacy,9.875935705035702e-05,False,False,9.875935705035702e-05,3.390072314496232e-05,0.5632848676662341,0.41251574444807737,0.41251574444807737,0.41251574444807737,0.41251574444807737,0.41251574444807737
COP,2060,nnls_nonneg,9.755006073911007e-05,False,True,9.755006073911007e-05,3.390072314496232e-05,0.5527823598020752,0.4044506358690052,0.4044506358690052,0.4044506358690052,0.4044506358690052,0.4044506358690052
COP,2080,nnls_original_legacy,8.182590769311078e-05,False,False,8.182590769311078e-05,0.00011778776454726954,0.291652685436787,0.0752018198241653,0.0752018198241653,0.0752018198241653,0.0752018198241653,0.0752018198241653
COP,2080,nnls_intermedia_legacy,6.998223143307496e-05,False,False,6.998223143307496e-05,0.00011778776454726954,0.38770556726354694,0.16246655926434195,0.16246655926434195,0.16246655926434195,0.16246655926434195,0.16246655926434195
COP,2080,nnls_nonneg,7.101139763483961e-05,False,True,7.101139763483961e-05,0.00011778776454726954,0.37935897137661273,0.15267232013742538,0.15267232013742538,0.15267232013742538,0.15267232013742538,0.15267232013742538
COP,2100,nnls_original_legacy,7.73380365109081e-05,False,False,7.73380365109081e-05,1.8354970785267932e-05,0.49003669258415194,0.6756197990067356,0.6756197990067356,0.6756197990067356,0.6756197990067356,0.6756197990067356
COP,2100,nnls_intermedia_legacy,5.1085716870170216e-05,False,False,5.1085716870170216e-05,1.8354970785267932e-05,0.2719300253375074,0.38290202791708206,0.38290202791708206,0.38290202791708206,0.38290202791708206,0.38290202791708206
COP,2100,nnls_nonneg,5.7419257440156656e-05,False,True,5.7419257440156656e-05,1.8354970785267932e-05,0.32454965836405125,0.460145081014528,0.460145081014528,0.460145081014528,0.460145081014528,0.460145081014528
COP,2120,nnls_original_legacy,6.896794697054308e-05,False,False,6.896794697054308e-05,1.715631109202519e-05,0.4388506511711753,0.6400335072169767,0.6400335072169767,0.6400335072169767,0.6400335072169767,0.6400335072169767
COP,2120,nnls_intermedia_legacy,6.043869733218348e-05,False,False,6.043869733218348e-05,1.715631109202519e-05,0.3666069033271206,0.5431265035226298,0.5431265035226298,0.5431265035226298,0.5431265035226298,0.5431265035226298
COP,2120,nnls_nonneg,6.471825428949071e-05,False,True,6.471825428949071e-05,1.715631109202519e-05,0.40285525421574986,0.5927695027377691,0.5927695027377691,0.5927695027377691,0.5927695027377691,0.5927695027377691
COP,2140,nnls_original_legacy,0.00010832983354070205,False,False,0.00010832983354070205,7.394488923519463e-05,0.2825309039404059,0.06445077161343171,0.06445077161343171,0.06445077161343171,0.06445077161343171,0.06445077161343171
COP,2140,nnls_intermedia_legacy,0.00012866452953463303,False,False,0.00012866452953463303,7.394488923519463e-05,0.4496150786150314,0.12859915266477273,0.12859915266477273,0.12859915266477273,0.12859915266477273,0.12859915266477273
COP,2140,nnls_nonneg,0.0001249039140868048,False,True,0.0001249039140868048,7.394488923519463e-05,0.4187152152211278,0.11623886639491143,0.11623886639491143,0.11623886639491143,0.11623886639491143,0.11623886639491143
COP,2160,nnls_original_legacy,7.744452901309654e-05,False,False,7.744452901309654e-05,0.0,0.6572053830046823,17.165072496291657,12.55990358863789,7.95486123608266,3.362474393380608,12.55990358863789
COP,2160,nnls_intermedia_legacy,7.446623204946569e-05,False,False,7.446623204946569e-05,0.0,0.6319311277199264,17.125856332943844,12.520687476417404,7.915650236594674,3.3237746671428727,12.520687476417404
COP,2160,nnls_nonneg,7.283932663424188e-05,False,True,7.283932663424188e-05,0.0,0.6181249749787335,17.10376658205952,12.498597755227323,7.89356348482848,3.301984857765299,12.498597755227323
COP,2180,nnls_original_legacy,8.775005593077529e-05,False,False,8.775005593077529e-05,5.41815824814697e-05,0.2858088890972418,0.09960499350566177,0.09960499350566177,0.09960499350566177,0.09960499350566177,0.09960499350566177
COP,2180,nnls_intermedia_legacy,9.664881678801212e-05,False,False,9.664881678801212e-05,5.41815824814697e-05,0.3615747698064073,0.1393455658546512,0.1393455658546512,0.1393455658546512,0.1393455658546512,0.1393455658546512
COP,2180,nnls_nonneg,8.867230189345915e-05,False,True,8.867230189345915e-05,5.41815824814697e-05,0.293661080960156,0.10363817408253939,0.10363817408253939,0.10363817408253939,0.10363817408253939,0.10363817408253939
COP,2200,nnls_original_legacy,0.0002680629380438668,False,False,0.0002680629380438668,0.0008415375872110912,4.743219229108602,0.9953194900605933,0.9953194900605933,0.9953194900605933,0.9953194900605933,0.9953194900605933
COP,2200,nnls_intermedia_legacy,0.0002294284560119899,False,False,0.0002294284560119899,0.0008415375872110912,5.062765731026969,1.3683344569194942,1.3683344569194942,1.3683344569194942,1.3683344569194942,1.3683344569194942
COP,2200,nnls_nonneg,0.00022263310133578934,False,True,0.00022263310133578934,0.0008415375872110912,5.118970232857301,1.4502246692034015,1.4502246692034015,1.4502246692034015,1.4502246692034015,1.4502246692034015
COP,2220,nnls_original_legacy,6.825564469830157e-05,False,False,6.825564469830157e-05,0.0015312895190716209,9.324560431944608,18.324015642127723,18.324015642127723,18.324015642127723,18.324015642127723,18.324015642127723
COP,2220,nnls_intermedia_legacy,9.895864813581306e-05,False,False,9.895864813581306e-05,0.0015312895190716209,9.1288766436127,11.734870920680653,11.734870920680653,11.734870920680653,11.734870920680653,11.734870920680653
COP,2220,nnls_nonneg,0.00018748700093427383,False,True,0.00018748700093427383,0.0015312895190716209,8.564646388887155,5.067287702769736,5.067287702769736,5.067287702769736,5.067287702769736,5.067287702769736
COP,2240,nnls_original_legacy,6.368954475224278e-05,False,False,6.368954475224278e-05,0.00026382404583468225,1.2381088934323026,1.7210826922473181,1.7210826922473181,1.7210826922473181,1.7210826922473181,1.7210826922473181
COP,2240,nnls_intermedia_legacy,5.688400002492651e-05,False,False,5.688400002492651e-05,0.00026382404583468225,1.2802106070597334,2.1036623448767777,2.1036623448767777,2.1036623448767777,2.1036623448767777,2.1036623448767777
COP,2240,nnls_nonneg,6.737200088244857e-05,False,True,6.737200088244857e-05,0.00026382404583468225,1.2153278054148797,1.5508772218217386,1.5508772218217386,1.5508772218217386,1.5508772218217386,1.5508772218217386
COP,2260,nnls_original_legacy,7.19195851305171e-05,False,False,7.19195851305171e-05,3.566891972703578e-05,0.22131237852518512,0.1972244903131113,0.1972244903131113,0.1972244903131113,0.1972244903131113,0.1972244903131113
COP,2260,nnls_intermedia_legacy,6.373964060024957e-05,False,False,6.373964060024957e-05,3.566891972703578e-05,0.1713733509225709,0.14013035880666513,0.14013035880666513,0.14013035880666513,0.14013035880666513,0.14013035880666513
COP,2260,nnls_nonneg,7.196790103038557e-05,False,True,7.196790103038557e-05,3.566891972703578e-05,0.2216073498478204,0.1975631077390565,0.1975631077390565,0.1975631077390565,0.1975631077390565,0.1975631077390565
COP,2280,nnls_original_legacy,0.00011600306820212662,False,False,0.00011600306820212662,1.513514646387823e-05,0.6124776917344283,1.1670689707491881,1.1670689707491881,1.1670689707491881,1.1670689707491881,1.1670689707491881
COP,2280,nnls_intermedia_legacy,0.0001481700857956517,False,False,0.0001481700857956517,1.513514646387823e-05,0.8077982688430602,1.3834883354413279,1.3834883354413279,1.3834883354413279,1.3834883354413279,1.3834883354413279
COP,2280,nnls_nonneg,0.00010328441382909122,False,True,0.00010328441382909122,1.513514646387823e-05,0.535249055135972,1.0670053953693888,1.0670053953693888,1.0670053953693888,1.0670053953693888,1.0670053953693888
COP,2300,nnls_original_legacy,7.165180953267025e-05,False,False,7.165180953267025e-05,1.7057992645825613e-05,0.3283836980917135,0.6732673939597065,0.6732673939597065,0.6732673939597065,0.6732673939597065,0.6732673939597065
COP,2300,nnls_intermedia_legacy,5.379123071718441e-05,False,False,5.379123071718441e-05,1.7057992645825613e-05,0.22095169835364314,0.4656063346358126,0.4656063346358126,0.4656063346358126,0.4656063346358126,0.4656063346358126
COP,2300,nnls_nonneg,5.8943435680599075e-05,False,True,5.8943435680599075e-05,1.7057992645825613e-05,0.2519423895287876,0.529355364330943,0.529355364330943,0.529355364330943,0.529355364330943,0.529355364330943
COP,2320,nnls_original_legacy,9.30550724082282e-05,False,False,9.30550724082282e-05,2.961644711946747e-06,0.5556681687580587,2.479273529354686,2.479273529354686,2.479273529354686,2.479273529354686,2.479273529354686
COP,2320,nnls_intermedia_legacy,8.096022356076837e-05,False,False,8.096022356076837e-05,2.961644711946747e-06,0.4810709125283357,2.3447946858835254,2.3447946858835254,2.3447946858835254,2.3447946858835254,2.3447946858835254
COP,2320,nnls_nonneg,6.829169496322064e-05,False,True,6.829169496322064e-05,2.961644711946747e-06,0.40293537848705524,2.1814109706011,2.1814109706011,2.1814109706011,2.1814109706011,2.1814109706011
COP,2340,nnls_original_legacy,0.0001788229211438968,False,False,0.0001788229211438968,2.3718841171293768e-05,0.9616560538155772,1.152765038123082,1.152765038123082,1.152765038123082,1.152765038123082,1.152765038123082
COP,2340,nnls_intermedia_legacy,0.00024265433925436497,False,False,0.00024265433925436497,2.3718841171293768e-05,1.3574152734338334,1.4231156829271603,1.4231156829271603,1.4231156829271603,1.4231156829271603,1.4231156829271603
COP,2340,nnls_nonneg,0.00021833518747059078,False,True,0.00021833518747059078,2.3718841171293768e-05,1.2066348456033258,1.3283967119334017,1.3283967119334017,1.3283967119334017,1.3283967119334017,1.3283967119334017
COP,2360,nnls_original_legacy,0.00015803476077852713,False,False,0.00015803476077852713,0.00024182194904128263,0.5286154058456632,0.10479532339329967,0.10479532339329967,0.10479532339329967,0.10479532339329967,0.10479532339329967
COP,2360,nnls_intermedia_legacy,0.0001250916716656874,False,False,0.0001250916716656874,0.00024182194904128263,0.7364541552089053,0.27400300016023427,0.27400300016023427,0.27400300016023427,0.27400300016023427,0.27400300016023427
COP,2360,nnls_nonneg,0.00013720398250986084,False,True,0.00013720398250986084,0.00024182194904128263,0.6600372918986983,0.19576652315826415,0.19576652315826415,0.19576652315826415,0.19576652315826415,0.19576652315826415
COP,2380,nnls_original_legacy,6.360107040227871e-05,False,False,6.360107040227871e-05,2.8547955370220763e-05,0.22701710020459953,0.24990465103877968,0.24990465103877968,0.24990465103877968,0.24990465103877968,0.24990465103877968
COP,2380,nnls_intermedia_legacy,4.650575279827379e-05,False,False,4.650575279827379e-05,2.8547955370220763e-05,0.11630142127025882,0.1018492831558937,0.1018492831558937,0.1018492831558937,0.1018492831558937,0.1018492831558937
COP,2380,nnls_nonneg,5.378854512732493e-05,False,True,5.378854512732493e-05,2.8547955370220763e-05,0.16346751177095878,0.16421935541611332,0.16421935541611332,0.16421935541611332,0.16421935541611332,0.16421935541611332
COP,2400,nnls_original_legacy,5.440393343610424e-05,False,False,5.440393343610424e-05,2.548392773662368e-05,0.18616471012392635,0.22680917289029123,0.22680917289029123,0.22680917289029123,0.22680917289029123,0.22680917289029123
COP,2400,nnls_intermedia_legacy,4.7508614559461046e-05,False,False,4.7508614559461046e-05,2.548392773662368e-05,0.14177796092265033,0.1592695447363981,0.1592695447363981,0.1592695447363981,0.1592695447363981,0.1592695447363981
COP,2400,nnls_nonneg,5.865353610427001e-05,False,True,5.865353610427001e-05,2.548392773662368e-05,0.21352037723830578,0.2680822724593337,0.2680822724593337,0.2680822724593337,0.2680822724593337,0.2680822724593337
COP,2420,nnls_original_legacy,7.850484436685299e-05,False,False,7.850484436685299e-05,0.00010111084588668815,0.14438652339004374,0.03489970684930621,0.03489970684930621,0.03489970684930621,0.03489970684930621,0.03489970684930621
COP,2420,nnls_intermedia_legacy,7.846518191383838e-05,False,False,7.846518191383838e-05,0.00010111084588668815,0.1446398509718753,0.035045390482669525,0.035045390482669525,0.035045390482669525,0.035045390482669525,0.035045390482669525
COP,2420,nnls_nonneg,6.833020436765898e-05,False,True,6.833020436765898e-05,0.00010111084588668815,0.20937284549304305,0.08787317287414442,0.08787317287414442,0.08787317287414442,0.08787317287414442,0.08787317287414442
COP,2440,nnls_original_legacy,0.00011123244891991316,False,False,0.00011123244891991316,5.0243344938727185e-05,0.39030469072997154,0.24644088025741429,0.24644088025741429,0.24644088025741429,0.24644088025741429,0.24644088025741429
COP,2440,nnls_intermedia_legacy,0.00013596291429673912,False,False,0.00013596291429673912,5.0243344938727185e-05,0.5485692988391171,0.36504118896864646,0.36504118896864646,0.36504118896864646,0.36504118896864646,0.36504118896864646
COP,2440,nnls_nonneg,0.00011812256879873572,False,True,0.00011812256879873572,5.0243344938727185e-05,0.4343985686991553,0.2801939454868978,0.2801939454868978,0.2801939454868978,0.2801939454868978,0.2801939454868978
COP,2460,nnls_original_legacy,6.885951940081839e-05,False,False,6.885951940081839e-05,1.5095723215043365e-07,0.4429971402130002,5.125019440880605,5.125019440880605,5.125019440880605,3.246590798871117,5.125019440880605
COP,2460,nnls_intermedia_legacy,7.399070779303176e-05,False,False,7.399070779303176e-05,1.5095723215043365e-07,0.476080379214052,5.196738446819219,5.196738446819219,5.196738446819219,3.3174547255785525,5.196738446819219
COP,2460,nnls_nonneg,7.549540153830567e-05,False,True,7.549540153830567e-05,1.5095723215043365e-07,0.48578186335246837,5.216830016024024,5.216830016024024,5.216830016024024,3.337317587496681,5.216830016024024
COP,2480,nnls_original_legacy,0.00011707498286801886,False,False,0.00011707498286801886,1.0414607527209975e-05,0.6937282036362581,1.5085619471807372,1.5085619471807372,1.5085619471807372,1.5085619471807372,1.5085619471807372
COP,2480,nnls_intermedia_legacy,0.00014614722779422918,False,False,0.00014614722779422918,1.0414607527209975e-05,0.8828165711194046,1.7126662004959439,1.7126662004959439,1.7126662004959439,1.7126662004959439,1.7126662004959439
COP,2480,nnls_nonneg,0.00015750622962336787,False,True,0.00015750622962336787,1.0414607527209975e-05,0.9566964905257485,1.7823774969688109,1.7823774969688109,1.7823774969688109,1.7823774969688109,1.7823774969688109
COP,2500,nnls_original_legacy,9.834405529937262e-05,False,False,9.834405529937262e-05,1.0654366640936202e-05,0.5710741573544635,1.330839955768476,1.330839955768476,1.330839955768476,1.330839955768476,1.330839955768476
COP,2500,nnls_intermedia_legacy,5.339196343876968e-05,False,False,5.339196343876968e-05,1.0654366640936202e-05,0.27832619150632026,0.8112404221892877,0.8112404221892877,0.8112404221892877,0.8112404221892877,0.8112404221892877
COP,2500,nnls_nonneg,6.065788662532285e-05,False,True,6.065788662532285e-05,1.0654366640936202e-05,0.32564510693006554,0.9149266894276837,0.9149266894276837,0.9149266894276837,0.9149266894276837,0.9149266894276837
COP,2520,nnls_original_legacy,0.00011514807170646632,False,False,0.00011514807170646632,0.00010656770629976637,0.056535859816064245,0.0029224292636214066,0.0029224292636214066,0.0029224292636214066,0.0029224292636214066,0.0029224292636214066
COP,2520,nnls_intermedia_legacy,0.0001523264265259987,False,False,0.0001523264265259987,0.00010656770629976637,0.30150331244083356,0.05684614598282889,0.05684614598282889,0.05684614598282889,0.05684614598282889,0.05684614598282889
COP,2520,nnls_nonneg,0.00014260429410718913,False,True,0.00014260429410718913,0.00010656770629976637,0.23744437211716854,0.03858971262742261,0.03858971262742261,0.03858971262742261,0.03858971262742261,0.03858971262742261
COP,2540,nnls_original_legacy,0.00010745462709520206,False,False,0.00010745462709520206,2.4945901321086227e-06,0.6966639182636176,2.7861595330955287,2.7861595330955287,2.7861595330955287,2.7861595330955287,2.7861595330955287
COP,2540,nnls_intermedia_legacy,0.00010895168826768168,False,False,0.00010895168826768168,2.4945901321086227e-06,0.7066005430255421,2.799676413327734,2.799676413327734,2.799676413327734,2.799676413327734,2.799676413327734
COP,2540,nnls_nonneg,0.00011174468421381587,False,True,0.00011174468421381587,2.4945901321086227e-06,0.7251388320336951,2.8244162399285537,2.8244162399285537,2.8244162399285537,2.8244162399285537,2.8244162399285537
COP,2560,nnls_original_legacy,7.445261341846939e-05,False,False,7.445261341846939e-05,0.00017460660559933406,0.6607448703897584,0.49283190720419556,0.49283190720419556,0.49283190720419556,0.49283190720419556,0.49283190720419556
COP,2560,nnls_intermedia_legacy,7.751539514395363e-05,False,False,7.751539514395363e-05,0.00017460660559933406,0.6405388129958339,0.44048208699591784,0.44048208699591784,0.44048208699591784,0.44048208699591784,0.44048208699591784
COP,2560,nnls_nonneg,7.853609231379751e-05,False,True,7.853609231379751e-05,0.00017460660559933406,0.6338049783826537,0.4242885864468293,0.4242885864468293,0.4242885864468293,0.4242885864468293,0.4242885864468293
COP,2580,nnls_original_legacy,9.518221461016591e-05,False,False,9.518221461016591e-05,2.988471378268492e-06,0.643600629425489,2.492428462848806,2.492428462848806,2.492428462848806,2.492428462848806,2.492428462848806
COP,2580,nnls_intermedia_legacy,7.099317295864613e-05,False,False,7.099317295864613e-05,2.988471378268492e-06,0.4747379508274557,2.209916898817572,2.209916898817572,2.209916898817572,2.209916898817572,2.209916898817572
COP,2580,nnls_nonneg,6.893598107020049e-05,False,True,6.893598107020049e-05,2.988471378268492e-06,0.4603767811011945,2.181767652675438,2.181767652675438,2.181767652675438,2.181767652675438,2.181767652675438
COP,2600,nnls_original_legacy,8.595035654186462e-05,False,False,8.595035654186462e-05,5.912965097298503e-06,0.561899524308185,1.7454175860102308,1.7454175860102308,1.7454175860102308,1.7454175860102308,1.7454175860102308
COP,2600,nnls_intermedia_legacy,0.00010733940900443142,False,False,0.00010733940900443142,5.912965097298503e-06,0.7120605701294135,1.9539350655090137,1.9539350655090137,1.9539350655090137,1.9539350655090137,1.9539350655090137
COP,2600,nnls_nonneg,8.714058919307528e-05,False,True,8.714058919307528e-05,5.912965097298503e-06,0.5702555082859304,1.7582308318256428,1.7582308318256428,1.7582308318256428,1.7582308318256428,1.7582308318256428
COP,2620,nnls_original_legacy,4.750013391988213e-05,False,False,4.750013391988213e-05,1.2029368168560436e-07,0.3377789072437903,4.981084200521811,4.981084200521811,4.981084200521811,2.881785102626603,4.981084200521811
COP,2620,nnls_intermedia_legacy,2.1927621939213748e-05,False,False,2.1927621939213748e-05,1.2029368168560436e-07,0.1554681373280812,4.21105223943364,4.21105223943364,4.21105223943364,2.1333516983500926,4.21105223943364
COP,2620,nnls_nonneg,3.5442790502550765e-05,False,True,3.5442790502550765e-05,1.2029368168560436e-07,0.2518200634972897,4.689133064122529,4.689133064122529,4.689133064122529,2.5961343441372797,4.689133064122529
COP,2640,nnls_original_legacy,4.0188015093106305e-05,False,False,4.0188015093106305e-05,9.334630397974189e-06,0.22931058996725737,0.6921116206779385,0.6921116206779385,0.6921116206779385,0.6921116206779385,0.6921116206779385
COP,2640,nnls_intermedia_legacy,1.947247107516121e-05,False,False,1.947247107516121e-05,9.334630397974189e-06,0.07534713775006333,0.21464629388826362,0.21464629388826362,0.21464629388826362,0.21464629388826362,0.21464629388826362
COP,2640,nnls_nonneg,3.3664612619111454e-05,False,True,3.3664612619111454e-05,9.334630397974189e-06,0.18082692165382144,0.5599991987903574,0.5599991987903574,0.5599991987903574,0.5599991987903574,0.5599991987903574
COP,2660,nnls_original_legacy,5.146193209849516e-05,False,False,5.146193209849516e-05,3.826792405394471e-05,0.09919861032721711,0.039846453128302484,0.039846453128302484,0.039846453128302484,0.039846453128302484,0.039846453128302484
COP,2660,nnls_intermedia_legacy,5.281952659900969e-05,False,False,5.281952659900969e-05,3.826792405394471e-05,0.10940562910302701,0.046772242723281066,0.046772242723281066,0.046772242723281066,0.046772242723281066,0.046772242723281066
COP,2660,nnls_nonneg,5.196554919346388e-05,False,True,5.196554919346388e-05,3.826792405394471e-05,0.1029850348760911,0.04237842941778003,0.04237842941778003,0.04237842941778003,0.04237842941778003,0.04237842941778003
COP,2680,nnls_original_legacy,3.974452364974191e-05,False,False,3.974452364974191e-05,2.2807707317078197e-07,0.2976967163109672,4.166282307326311,4.166282307326311,4.166282307326311,2.7076327608807267,4.166282307326311
COP,2680,nnls_intermedia_legacy,2.0775436822529944e-05,False,False,2.0775436822529944e-05,2.2807707317078197e-07,0.15479330901860475,3.522821242113472,3.522821242113472,3.522821242113472,2.0819051321747,3.522821242113472
COP,2680,nnls_nonneg,3.4911677830146245e-05,False,True,3.4911677830146245e-05,2.2807707317078197e-07,0.26128852540384706,4.037426022183236,4.037426022183236,4.037426022183236,2.581465092258355,4.037426022183236
COP,2700,nnls_original_legacy,9.718952966678899e-05,False,False,9.718952966678899e-05,0.00011599460518867763,0.1434290087186797,0.016608000820905744,0.016608000820905744,0.016608000820905744,0.016608000820905744,0.016608000820905744
COP,2700,nnls_intermedia_legacy,6.565874056167089e-05,False,False,6.565874056167089e-05,0.00011599460518867763,0.38391886052495616,0.19755559087595942,0.19755559087595942,0.19755559087595942,0.19755559087595942,0.19755559087595942
COP,2700,nnls_nonneg,6.551714998420987e-05,False,True,6.551714998420987e-05,0.00011599460518867763,0.384998792171362,0.1992147008245333,0.1992147008245333,0.1992147008245333,0.1992147008245333,0.1992147008245333
COP,2720,nnls_original_legacy,5.44765423509809e-05,False,False,5.44765423509809e-05,1.272372014205116e-05,0.4578749630693935,0.6878654984610999,0.6878654984610999,0.6878654984610999,0.6878654984610999,0.6878654984610999
COP,2720,nnls_intermedia_legacy,5.0801131385678735e-05,False,False,5.0801131385678735e-05,1.272372014205116e-05,0.4175692167516595,0.6349120003698623,0.6349120003698623,0.6349120003698623,0.6349120003698623,0.6349120003698623
COP,2720,nnls_nonneg,6.36607659668142e-05,False,True,6.36607659668142e-05,1.272372014205116e-05,0.5585921320281266,0.8099680062027259,0.8099680062027259,0.8099680062027259,0.8099680062027259,0.8099680062027259
COP,2740,nnls_original_legacy,5.71468337311567e-05,False,False,5.71468337311567e-05,1.854606650259063e-07,0.6972618523577597,4.733781789518643,4.733781789518643,4.733781789518643,3.063122768181195,4.733781789518643
COP,2740,nnls_intermedia_legacy,5.84303451676727e-05,False,False,5.84303451676727e-05,1.854606650259063e-07,0.7129732636804557,4.755921878772998,4.755921878772998,4.755921878772998,3.084949758796661,4.755921878772998
COP,2740,nnls_nonneg,5.960937241930029e-05,False,True,5.960937241930029e-05,1.854606650259063e-07,0.7274056883429669,4.775836551724525,4.775836551724525,4.775836551724525,3.104588702457444,4.775836551724525
COP,2760,nnls_original_legacy,4.830223009462407e-05,False,False,4.830223009462407e-05,5.4417478795635285e-05,0.07919468681187905,0.0073961861133233775,0.0073961861133233775,0.0073961861133233775,0.0073961861133233775,0.0073961861133233775
COP,2760,nnls_intermedia_legacy,4.326417553936011e-05,False,False,4.326417553936011e-05,5.4417478795635285e-05,0.14443931906687038,0.02843488371902292,0.02843488371902292,0.02843488371902292,0.02843488371902292,0.02843488371902292
COP,2760,nnls_nonneg,4.340789455066393e-05,False,True,4.340789455066393e-05,5.4417478795635285e-05,0.1425781057874764,0.027586843348689882,0.027586843348689882,0.027586843348689882,0.027586843348689882,0.027586843348689882
COP,2780,nnls_original_legacy,4.943530926400362e-05,False,False,4.943530926400362e-05,0.0,0.6542799033312156,16.71617550949482,12.111007326123916,7.506037401854574,2.920893387741183,12.111007326123916
COP,2780,nnls_intermedia_legacy,5.3211316224059195e-05,False,False,5.3211316224059195e-05,0.0,0.7042556292968283,16.789781661463653,12.184613335982066,7.579629200644522,2.993064079711228,12.184613335982066
COP,2780,nnls_nonneg,5.4472441955816714e-05,False,True,5.4472441955816714e-05,0.0,0.7209467198179033,16.81320549791935,12.20803712936401,7.603048686650949,3.016052828165984,12.20803712936401
COP,2800,nnls_original_legacy,5.016506119351983e-05,False,False,5.016506119351983e-05,5.4084318831042404e-06,0.5794111424227197,1.335172320353248,1.335172320353248,1.335172320353248,1.335172320353248,1.335172320353248
COP,2800,nnls_intermedia_legacy,4.255758707725496e-05,False,False,4.255758707725496e-05,5.4084318831042404e-06,0.48092617300992,1.1899839750577734,1.1899839750577734,1.1899839750577734,1.1899839750577734,1.1899839750577734
COP,2800,nnls_nonneg,4.255758707725496e-05,False,True,4.255758707725496e-05,5.4084318831042404e-06,0.48092617300992,1.1899839750577734,1.1899839750577734,1.1899839750577734,1.1899839750577734,1.1899839750577734
COP,2820,nnls_original_legacy,8.24376388323537e-05,False,False,8.24376388323537e-05,0.0003017984688438992,2.6781868157665536,1.3632131719205196,1.3632131719205196,1.3632131719205196,1.3632131719205196,1.3632131719205196
COP,2820,nnls_intermedia_legacy,7.860821659419672e-05,False,False,7.860821659419672e-05,0.0003017984688438992,2.7249404141628375,1.4939905885323195,1.4939905885323195,1.4939905885323195,1.4939905885323195,1.4939905885323195
COP,2820,nnls_nonneg,7.860821659419672e-05,False,True,7.860821659419672e-05,0.0003017984688438992,2.7249404141628375,1.4939905885323195,1.4939905885323195,1.4939905885323195,1.4939905885323195,1.4939905885323195
COP,2840,nnls_original_legacy,6.224507937646376e-05,False,False,6.224507937646376e-05,1.6953113909613688e-06,0.6707323797157466,2.630449121452057,2.630449121452057,2.630449121452057,2.630449121452057,2.630449121452057
COP,2840,nnls_intermedia_legacy,9.767126703518508e-05,False,False,9.767126703518508e-05,1.6953113909613688e-06,1.0631614829664815,3.0710983060791825,3.0710983060791825,3.0710983060791825,3.0710983060791825,3.0710983060791825
COP,2840,nnls_nonneg,0.00010006817241418951,False,True,0.00010006817241418951,1.6953113909613688e-06,1.0897128984764146,3.0949268068566163,3.0949268068566163,3.0949268068566163,3.0949268068566163,3.0949268068566163
COP,2860,nnls_original_legacy,6.829119670299943e-05,False,False,6.829119670299943e-05,3.2819943790436554e-06,0.7083851417430651,2.083388407373542,2.083388407373542,2.083388407373542,2.083388407373542,2.083388407373542
COP,2860,nnls_intermedia_legacy,7.502654380450179e-05,False,False,7.502654380450179e-05,3.2819943790436554e-06,0.7817781328985389,2.1731351314457714,2.1731351314457714,2.1731351314457714,2.1731351314457714,2.1731351314457714
COP,2860,nnls_nonneg,7.627634571723258e-05,False,True,7.627634571723258e-05,3.2819943790436554e-06,0.7953968372273306,2.1889392758202417,2.1889392758202417,2.1889392758202417,2.1889392758202417,2.1889392758202417
COP,2880,nnls_original_legacy,9.366191060522597e-05,False,False,9.366191060522597e-05,0.00020046920680575017,1.053938903072094,0.3793802713931491,0.3793802713931491,0.3793802713931491,0.3793802713931491,0.3793802713931491
COP,2880,nnls_intermedia_legacy,6.47114455233635e-05,False,False,6.47114455233635e-05,0.00020046920680575017,1.3396124712384543,0.9671715578032172,0.9671715578032172,0.9671715578032172,0.9671715578032172,0.9671715578032172
COP,2880,nnls_nonneg,6.467965781263381e-05,False,True,6.467965781263381e-05,0.00020046920680575017,1.3399261418037567,0.9682027175602266,0.9682027175602266,0.9682027175602266,0.9682027175602266,0.9682027175602266
COP,2900,nnls_original_legacy,6.640076641199417e-05,False,False,6.640076641199417e-05,0.0003420029890131988,2.5402807759523895,2.5114770969480116,2.5114770969480116,2.5114770969480116,2.5114770969480116,2.5114770969480116
COP,2900,nnls_intermedia_legacy,6.15952292491315e-05,False,False,6.15952292491315e-05,0.0003420029890131988,2.5845743725632158,2.838191538541243,2.838191538541243,2.838191538541243,2.838191538541243,2.838191538541243
COP,2900,nnls_nonneg,6.262491537114266e-05,False,True,6.262491537114266e-05,0.0003420029890131988,2.5750835497522737,2.7634766842322427,2.7634766842322427,2.7634766842322427,2.7634766842322427,2.7634766842322427
COP,2920,nnls_original_legacy,7.718020360592112e-05,False,False,7.718020360592112e-05,2.2867796464783692e-05,0.4771425016756868,0.5127042992444817,0.5127042992444817,0.5127042992444817,0.5127042992444817,0.5127042992444817
COP,2920,nnls_intermedia_legacy,9.763487068541865e-05,False,False,9.763487068541865e-05,2.2867796464783692e-05,0.6568397667203525,0.6857225699743332,0.6857225699743332,0.6857225699743332,0.6857225699743332,0.6857225699743332
COP,2920,nnls_nonneg,9.645469871267316e-05,False,True,9.645469871267316e-05,2.2867796464783692e-05,0.6464717819978193,0.676427083076562,0.676427083076562,0.676427083076562,0.676427083076562,0.676427083076562
COP,2940,nnls_original_legacy,6.275149439301533e-05,False,False,6.275149439301533e-05,4.317194576302783e-08,0.5636872923281142,6.282434773827352,6.282434773827352,6.282434773827352,3.1551182682232097,6.282434773827352
COP,2940,nnls_intermedia_legacy,5.331711840669667e-05,False,False,5.331711840669667e-05,4.317194576302783e-08,0.4788813583309695,6.1196315689465655,6.1196315689465655,6.1196315689465655,2.9950131527586414,6.1196315689465655
COP,2940,nnls_nonneg,5.3594067228712664e-05,False,True,5.3594067228712664e-05,4.317194576302783e-08,0.4813708609281243,6.12480831014957,6.12480831014957,6.12480831014957,3.000097157603533,6.12480831014957
COP,2960,nnls_original_legacy,8.850525218170248e-05,False,False,8.850525218170248e-05,1.4151040132339765e-05,0.6579034719190129,0.9931630376245426,0.9931630376245426,0.9931630376245426,0.9931630376245426,0.9931630376245426
COP,2960,nnls_intermedia_legacy,0.00010171790295381887,False,False,0.00010171790295381887,1.4151040132339765e-05,0.7748120985675997,1.1115356425530862,1.1115356425530862,1.1115356425530862,1.1115356425530862,1.1115356425530862
COP,2960,nnls_nonneg,0.0001056865848109276,False,True,0.0001056865848109276,1.4151040132339765e-05,0.8099279245681552,1.1445861142881015,1.1445861142881015,1.1445861142881015,1.1445861142881015,1.1445861142881015
COP,2980,nnls_original_legacy,8.829536771110692e-05,False,False,8.829536771110692e-05,0.00010946736588368053,0.1768510328777439,0.024847227160439633,0.024847227160439633,0.024847227160439633,0.024847227160439633,0.024847227160439633
COP,2980,nnls_intermedia_legacy,0.0001236526336719507,False,False,0.0001236526336719507,0.00010946736588368053,0.11849043437254454,0.007131129696641869,0.007131129696641869,0.007131129696641869,0.007131129696641869,0.007131129696641869
COP,2980,nnls_nonneg,0.0001251696766948531,False,True,0.0001251696766948531,0.00010946736588368053,0.13116239019520337,0.008595552630623615,0.008595552630623615,0.008595552630623615,0.008595552630623615,0.008595552630623615
COP,3000,nnls_original_legacy,8.12607963053275e-05,False,False,8.12607963053275e-05,0.0004718329212712469,3.2279914950306368,3.0474416221683214,3.0474416221683214,3.0474416221683214,3.0474416221683214,3.0474416221683214
COP,3000,nnls_intermedia_legacy,9.962433510908376e-05,False,False,9.962433510908376e-05,0.0004718329212712469,3.0762209428378435,2.1809026776804075,2.1809026776804075,2.1809026776804075,2.1809026776804075,2.1809026776804075
COP,3000,nnls_nonneg,0.00010376352130146441,False,True,0.00010376352130146441,0.0004718329212712469,3.0420114922107184,2.032684110071683,2.032684110071683,2.032684110071683,2.032684110071683,2.032684110071683
COP,3020,nnls_original_legacy,8.91827156085787e-05,False,False,8.91827156085787e-05,0.00018735996750893747,0.7912367090435097,0.3585106746477833,0.3585106746477833,0.3585106746477833,0.3585106746477833,0.3585106746477833
COP,3020,nnls_intermedia_legacy,0.00010310401273171935,False,False,0.00010310401273171935,0.00018735996750893747,0.6790412553297516,0.21990033434201628,0.21990033434201628,0.21990033434201628,0.21990033434201628,0.21990033434201628
COP,3020,nnls_nonneg,0.0001073847534785451,False,True,0.0001073847534785451,0.00018735996750893747,0.6445416217056158,0.18814038611502482,0.18814038611502482,0.18814038611502482,0.18814038611502482,0.18814038611502482
COP,3040,nnls_original_legacy,0.00011261906195542784,False,False,0.00011261906195542784,6.1036688210614116e-06,0.824044444204277,1.9693184292763988,1.9693184292763988,1.9693184292763988,1.9693184292763988,1.9693184292763988
COP,3040,nnls_intermedia_legacy,0.00013233945117268432,False,False,0.00013233945117268432,6.1036688210614116e-06,0.9766090331696161,2.1226014947762764,2.1226014947762764,2.1226014947762764,2.1226014947762764,2.1226014947762764
COP,3040,nnls_nonneg,0.0001290690805780353,False,True,0.0001290690805780353,6.1036688210614116e-06,0.9513081762727171,2.0987476709481627,2.0987476709481627,2.0987476709481627,2.0987476709481627,2.0987476709481627
COP,3060,nnls_original_legacy,0.00013544407835965332,False,False,0.00013544407835965332,3.5137419225661066e-07,1.0618534356703169,4.957056635993494,4.957056635993494,4.957056635993494,3.9159419701582285,4.957056635993494
COP,3060,nnls_intermedia_legacy,0.00016788571875117584,False,False,0.00016788571875117584,3.5137419225661066e-07,1.316850680124269,5.171279987727906,5.171279987727906,5.171279987727906,4.1292399351917295,5.171279987727906
COP,3060,nnls_nonneg,0.00016689747516217883,False,True,0.00016689747516217883,3.5137419225661066e-07,1.309082904234941,5.165388580856547,5.165388580856547,5.165388580856547,4.123371405090544,5.165388580856547
COP,3080,nnls_original_legacy,8.097863400482876e-05,False,False,8.097863400482876e-05,4.668026079596076e-05,0.268369752759779,0.12731551894701254,0.12731551894701254,0.12731551894701254,0.12731551894701254,0.12731551894701254
COP,3080,nnls_intermedia_legacy,6.858216682957387e-05,False,False,6.858216682957387e-05,4.668026079596076e-05,0.1713728249271288,0.06535836208710788,0.06535836208710788,0.06535836208710788,0.06535836208710788,0.06535836208710788
COP,3080,nnls_nonneg,7.397232295057036e-05,False,True,7.397232295057036e-05,4.668026079596076e-05,0.21354843648512606,0.09141997163381799,0.09141997163381799,0.09141997163381799,0.09141997163381799,0.09141997163381799
COP,3100,nnls_original_legacy,0.00012482107309793174,False,False,0.00012482107309793174,0.00032995234194522225,1.6246905575026382,0.671335613133047,0.671335613133047,0.671335613133047,0.671335613133047,0.671335613133047
COP,3100,nnls_intermedia_legacy,0.00014634585273408097,False,False,0.00014634585273408097,0.00032995234194522225,1.4542089608952926,0.44163116172250017,0.44163116172250017,0.44163116172250017,0.44163116172250017,0.44163116172250017
COP,3100,nnls_nonneg,0.00014779736646635682,False,True,0.00014779736646635682,0.00032995234194522225,1.4427126119078082,0.4293582487164862,0.4293582487164862,0.4293582487164862,0.4293582487164862,0.4293582487164862
COP,3120,nnls_original_legacy,9.077616113982898e-05,False,False,9.077616113982898e-05,8.022420006300476e-06,0.6360414849352244,1.5145324314981918,1.5145324314981918,1.5145324314981918,1.5145324314981918,1.5145324314981918
COP,3120,nnls_intermedia_legacy,7.503627574377196e-05,False,False,7.503627574377196e-05,8.022420006300476e-06,0.5150654427298985,1.3426454387422404,1.3426454387422404,1.3426454387422404,1.3426454387422404,1.3426454387422404
COP,3120,nnls_nonneg,7.595854101687342e-05,False,True,7.595854101687342e-05,8.022420006300476e-06,0.5221539316099496,1.3535633284684105,1.3535633284684105,1.3535633284684105,1.3535633284684105,1.3535633284684105
COP,3140,nnls_original_legacy,0.0001246935724177941,False,False,0.0001246935724177941,7.898739291824096e-05,0.3479447763070923,0.09002305124055732,0.09002305124055732,0.09002305124055732,0.09002305124055732,0.09002305124055732
COP,3140,nnls_intermedia_legacy,0.00012990283364313908,False,False,0.00012990283364313908,7.898739291824096e-05,0.38760101648344725,0.10554828799912785,0.10554828799912785,0.10554828799912785,0.10554828799912785,0.10554828799912785
COP,3140,nnls_nonneg,0.00013121902386450571,False,True,0.00013121902386450571,7.898739291824096e-05,0.3976207012868002,0.10953038208584509,0.10953038208584509,0.10953038208584509,0.10953038208584509,0.10953038208584509
COP,3160,nnls_original_legacy,8.88270626747592e-05,False,False,8.88270626747592e-05,4.6088699003094654e-05,0.31515995704738275,0.1749823377483899,0.1749823377483899,0.1749823377483899,0.1749823377483899,0.1749823377483899
COP,3160,nnls_intermedia_legacy,7.198067307037768e-05,False,False,7.198067307037768e-05,4.6088699003094654e-05,0.1909318170814061,0.08612256736920432,0.08612256736920432,0.08612256736920432,0.08612256736920432,0.08612256736920432
COP,3160,nnls_nonneg,7.180764116485638e-05,False,True,7.180764116485638e-05,4.6088699003094654e-05,0.18965585040353172,0.0852586941081297,0.0852586941081297,0.0852586941081297,0.0852586941081297,0.0852586941081297
COP,3180,nnls_original_legacy,0.00010302760452801092,False,False,0.00010302760452801092,1.6460055962987904e-06,0.7227265501850585,3.152621810373586,3.152621810373586,3.152621810373586,3.152621810373586,3.152621810373586
COP,3180,nnls_intermedia_legacy,0.00010893274847526397,False,False,0.00010893274847526397,1.6460055962987904e-06,0.7648229893645101,3.2074894947803907,3.2074894947803907,3.2074894947803907,3.2074894947803907,3.2074894947803907
COP,3180,nnls_nonneg,0.00010820518332876445,False,True,0.00010820518332876445,1.6460055962987904e-06,0.7596363415516395,3.2008896604602084,3.2008896604602084,3.2008896604602084,3.2008896604602084,3.2008896604602084
COP,3200,nnls_original_legacy,9.386897666333014e-05,False,False,9.386897666333014e-05,1.2089224961138094e-07,0.669706139307357,5.656043456744251,5.656043456744251,5.656043456744251,3.552553091576428,5.656043456744251
COP,3200,nnls_intermedia_legacy,8.160253082853209e-05,False,False,8.160253082853209e-05,1.2089224961138094e-07,0.5820785986016476,5.516197382458108,5.516197382458108,5.516197382458108,3.4141147984307523,5.516197382458108
COP,3200,nnls_nonneg,8.243361290633713e-05,False,True,8.243361290633713e-05,1.2089224961138094e-07,0.5880155814558051,5.526315447267538,5.526315447267538,5.526315447267538,3.424124251177137,5.526315447267538
COP,3220,nnls_original_legacy,0.0001147107962112347,False,False,0.0001147107962112347,3.924265071819069e-06,0.7741828189601225,2.4094451306293942,2.4094451306293942,2.4094451306293942,2.4094451306293942,2.4094451306293942
COP,3220,nnls_intermedia_legacy,0.00012848967180281614,False,False,0.00012848967180281614,3.924265071819069e-06,0.8704704149149715,2.519210917746289,2.519210917746289,2.519210917746289,2.519210917746289,2.519210917746289
COP,3220,nnls_nonneg,0.00013070310525621417,False,True,0.00013070310525621417,3.924265071819069e-06,0.8859380185388804,2.535773556234885,2.535773556234885,2.535773556234885,2.535773556234885,2.535773556234885
COP,3240,nnls_original_legacy,9.805755689743367e-05,False,False,9.805755689743367e-05,6.657702873327545e-06,0.6475067598138136,1.7576759777324171,1.7576759777324171,1.7576759777324171,1.7576759777324171,1.7576759777324171
COP,3240,nnls_intermedia_legacy,9.197449541134637e-05,False,False,9.197449541134637e-05,6.657702873327545e-06,0.6044123427093208,1.6981232064972382,1.6981232064972382,1.6981232064972382,1.6981232064972382,1.6981232064972382
COP,3240,nnls_nonneg,9.286110990747839e-05,False,True,9.286110990747839e-05,6.657702873327545e-06,0.6106934126926818,1.7070256995258086,1.7070256995258086,1.7070256995258086,1.7070256995258086,1.7070256995258086
COP,3260,nnls_original_legacy,9.759156473865892e-05,False,False,9.759156473865892e-05,1.1084350859467199e-09,0.675474408703136,10.385608511611721,10.385608511611721,8.186063716686489,3.591037850062997,10.385608511611721
COP,3260,nnls_intermedia_legacy,9.152586181262006e-05,False,False,9.152586181262006e-05,1.1084350859467199e-09,0.6334905175264229,10.321439776615287,10.321439776615287,8.121901019830796,3.527547448735956,10.321439776615287
COP,3260,nnls_nonneg,9.401157269318115e-05,False,True,9.401157269318115e-05,1.1084350859467199e-09,0.6506954179936469,10.34823576974763,10.34823576974763,8.148694444320592,3.554054876762117,10.34823576974763
COP,3280,nnls_original_legacy,0.00010356648102165781,False,False,0.00010356648102165781,9.562369067580075e-05,0.054436834011763004,0.003100461636144747,0.003100461636144747,0.003100461636144747,0.003100461636144747,0.003100461636144747
COP,3280,nnls_intermedia_legacy,8.997726093877782e-05,False,False,8.997726093877782e-05,9.562369067580075e-05,0.038698460486713555,0.0018903457670573776,0.0018903457670573776,0.0018903457670573776,0.0018903457670573776,0.0018903457670573776
COP,3280,nnls_nonneg,8.801721479313119e-05,False,True,8.801721479313119e-05,9.562369067580075e-05,0.052131863867631856,0.0035321383895066116,0.0035321383895066116,0.0035321383895066116,0.0035321383895066116,0.0035321383895066116
COP,3300,nnls_original_legacy,9.79573541817688e-05,False,False,9.79573541817688e-05,5.348050971531676e-06,0.6499358811874819,1.9623957390373032,1.9623957390373032,1.9623957390373032,1.9623957390373032,1.9623957390373032
COP,3300,nnls_intermedia_legacy,8.504800499879026e-05,False,False,8.504800499879026e-05,5.348050971531676e-06,0.5593375401358391,1.829366404392775,1.829366404392775,1.829366404392775,1.829366404392775,1.829366404392775
COP,3300,nnls_nonneg,8.415129759618434e-05,False,True,8.415129759618434e-05,5.348050971531676e-06,0.5530444108747652,1.8194369549923666,1.8194369549923666,1.8194369549923666,1.8194369549923666,1.8194369549923666
COP,3320,nnls_original_legacy,0.00014669908604796473,False,False,0.00014669908604796473,1.7801444091372142e-06,1.055476986069392,3.4238236312948462,3.4238236312948462,3.4238236312948462,3.4238236312948462,3.4238236312948462
COP,3320,nnls_intermedia_legacy,0.00014995674436581798,False,False,0.00014995674436581798,1.7801444091372142e-06,1.0792032384425352,3.4455234445331424,3.4455234445331424,3.4455234445331424,3.4455234445331424,3.4455234445331424
COP,3320,nnls_nonneg,0.00015106680196255842,False,True,0.00015106680196255842,1.7801444091372142e-06,1.0872880355941112,3.4528114690402836,3.4528114690402836,3.4528114690402836,3.4528114690402836,3.4528114690402836
COP,3340,nnls_original_legacy,9.145801067493074e-05,False,False,9.145801067493074e-05,1.4591716013270301e-05,0.5830443696939654,0.9949715174468508,0.9949715174468508,0.9949715174468508,0.9949715174468508,0.9949715174468508
COP,3340,nnls_intermedia_legacy,9.050404831737126e-05,False,False,9.050404831737126e-05,1.4591716013270301e-05,0.5758083973614464,0.9861678301040677,0.9861678301040677,0.9861678301040677,0.9861678301040677,0.9861678301040677
COP,3340,nnls_nonneg,8.561347393620096e-05,False,True,8.561347393620096e-05,1.4591716013270301e-05,0.5387125301798437,0.9398258495478746,0.9398258495478746,0.9398258495478746,0.9398258495478746,0.9398258495478746
COP,3360,nnls_original_legacy,9.284357486096702e-05,False,False,9.284357486096702e-05,5.6241306998737506e-05,0.2810635239632081,0.10702872557722531,0.10702872557722531,0.10702872557722531,0.10702872557722531,0.10702872557722531
COP,3360,nnls_intermedia_legacy,9.326530766646348e-05,False,False,9.326530766646348e-05,5.6241306998737506e-05,0.2843019492140665,0.1088216601436558,0.1088216601436558,0.1088216601436558,0.1088216601436558,0.1088216601436558
COP,3360,nnls_nonneg,8.7967486111788e-05,False,True,8.7967486111788e-05,5.6241306998737506e-05,0.24362074330928474,0.08665776617503473,0.08665776617503473,0.08665776617503473,0.08665776617503473,0.08665776617503473
COP,3380,nnls_original_legacy,8.847849416253029e-05,False,False,8.847849416253029e-05,0.00011291717299228504,0.19957443319487483,0.03231533487975069,0.03231533487975069,0.03231533487975069,0.03231533487975069,0.03231533487975069
COP,3380,nnls_intermedia_legacy,7.991593903799258e-05,False,False,7.991593903799258e-05,0.00011291717299228504,0.26949912501573103,0.06727008854020333,0.06727008854020333,0.06727008854020333,0.06727008854020333,0.06727008854020333
COP,3380,nnls_nonneg,8.249798657791566e-05,False,True,8.249798657791566e-05,0.00011291717299228504,0.24841326035618308,0.054845730240522306,0.054845730240522306,0.054845730240522306,0.054845730240522306,0.054845730240522306
COP,3400,nnls_original_legacy,7.596740066075829e-05,False,False,7.596740066075829e-05,0.00015528201479974432,0.6914839965474161,0.3291225776994984,0.3291225776994984,0.3291225776994984,0.3291225776994984,0.3291225776994984
COP,3400,nnls_intermedia_legacy,6.945689792236399e-05,False,False,6.945689792236399e-05,0.00015528201479974432,0.7482441346625548,0.4311235643676987,0.4311235643676987,0.4311235643676987,0.4311235643676987,0.4311235643676987
COP,3400,nnls_nonneg,7.411929636504015e-05,False,True,7.411929636504015e-05,0.00015528201479974432,0.7075962169536107,0.35546117728697,0.35546117728697,0.35546117728697,0.35546117728697,0.35546117728697
COP,3420,nnls_original_legacy,8.004739966595544e-05,False,False,8.004739966595544e-05,0.00010773155774331989,0.2537144574754407,0.04882346156822637,0.04882346156822637,0.04882346156822637,0.04882346156822637,0.04882346156822637
COP,3420,nnls_intermedia_legacy,7.999255798815015e-05,False,False,7.999255798815015e-05,0.00010773155774331989,0.2542170599563443,0.049060803946054055,0.049060803946054055,0.049060803946054055,0.049060803946054055,0.049060803946054055
COP,3420,nnls_nonneg,8.197106176016181e-05,False,True,8.197106176016181e-05,0.00010773155774331989,0.2360848483959905,0.04098701835562957,0.04098701835562957,0.04098701835562957,0.04098701835562957,0.04098701835562957
COP,3440,nnls_original_legacy,8.702617746122656e-05,False,False,8.702617746122656e-05,1.7935868902556525e-07,0.7792398392449136,5.186637566619106,5.186637566619106,5.186637566619106,3.4776997591590932,5.186637566619106
COP,3440,nnls_intermedia_legacy,8.495071914688186e-05,False,False,8.495071914688186e-05,1.7935868902556525e-07,0.760617628021822,5.162550268795384,5.162550268795384,5.162550268795384,3.4538428443319296,5.162550268795384
COP,3440,nnls_nonneg,8.384943458616671e-05,False,True,8.384943458616671e-05,1.7935868902556525e-07,0.750736266606552,5.149529430583186,5.149529430583186,5.149529430583186,3.4409488839455955,5.149529430583186
COP,3460,nnls_original_legacy,8.568421259547462e-05,False,False,8.568421259547462e-05,4.000151630724738e-05,0.41105498857797357,0.22859938248527523,0.22859938248527523,0.22859938248527523,0.22859938248527523,0.22859938248527523
COP,3460,nnls_intermedia_legacy,8.745563844845481e-05,False,False,8.745563844845481e-05,4.000151630724738e-05,0.42699435934473695,0.23960639375874937,0.23960639375874937,0.23960639375874937,0.23960639375874937,0.23960639375874937
COP,3460,nnls_nonneg,8.646388095918874e-05,False,True,8.646388095918874e-05,4.000151630724738e-05,0.41807048014000964,0.23344785957358138,0.23344785957358138,0.23344785957358138,0.23344785957358138,0.23344785957358138
COP,3480,nnls_original_legacy,7.483164837088178e-05,False,False,7.483164837088178e-05,8.068769805672733e-05,0.05661065907733084,0.002911102378780228,0.002911102378780228,0.002911102378780228,0.002911102378780228,0.002911102378780228
COP,3480,nnls_intermedia_legacy,7.292015899753373e-05,False,False,7.292015899753373e-05,8.068769805672733e-05,0.07508910086823635,0.00530015517050364,0.00530015517050364,0.00530015517050364,0.00530015517050364,0.00530015517050364
COP,3480,nnls_nonneg,7.309769560916427e-05,False,True,7.309769560916427e-05,8.068769805672733e-05,0.07337284756884001,0.0050443952987870855,0.0050443952987870855,0.0050443952987870855,0.0050443952987870855,0.0050443952987870855
COP,3500,nnls_original_legacy,7.624982246166864e-05,False,False,7.624982246166864e-05,4.458496404680127e-05,0.3162587875235405,0.12134061533206864,0.12134061533206864,0.12134061533206864,0.12134061533206864,0.12134061533206864
COP,3500,nnls_intermedia_legacy,7.662812511263656e-05,False,False,7.662812511263656e-05,4.458496404680127e-05,0.32003715710108704,0.12340301201883808,0.12340301201883808,0.12340301201883808,0.12340301201883808,0.12340301201883808
COP,3500,nnls_nonneg,7.662209236284877e-05,False,True,7.662209236284877e-05,4.458496404680127e-05,0.3199769038667817,0.12337009143159383,0.12337009143159383,0.12337009143159383,0.12337009143159383,0.12337009143159383
COP,3520,nnls_original_legacy,7.090594289970277e-05,False,False,7.090594289970277e-05,1.4184669164806154e-05,0.565937167318485,0.809241593147114,0.809241593147114,0.809241593147114,0.809241593147114,0.809241593147114
COP,3520,nnls_intermedia_legacy,6.721537376693759e-05,False,False,6.721537376693759e-05,1.4184669164806154e-05,0.5291144709426598,0.7667733595675954,0.7667733595675954,0.7667733595675954,0.7667733595675954,0.7667733595675954
COP,3520,nnls_nonneg,7.142505301988774e-05,False,True,7.142505301988774e-05,1.4184669164806154e-05,0.5711165945703645,0.8150820959851393,0.8150820959851393,0.8150820959851393,0.8150820959851393,0.8150820959851393
COP,3540,nnls_original_legacy,0.0001560406375264584,False,False,0.0001560406375264584,0.0002497302248836851,0.8802916756983503,0.1301531064398398,0.1301531064398398,0.1301531064398398,0.1301531064398398,0.1301531064398398
COP,3540,nnls_intermedia_legacy,0.0001557044636816636,False,False,0.0001557044636816636,0.0002497302248836851,0.8834503088560783,0.1314517665170809,0.1314517665170809,0.1314517665170809,0.1314517665170809,0.1314517665170809
COP,3540,nnls_nonneg,0.0001428535165516842,False,True,0.0001428535165516842,0.0002497302248836851,1.0041956563644092,0.18959446033558014,0.18959446033558014,0.18959446033558014,0.18959446033558014,0.18959446033558014
COP,3560,nnls_original_legacy,8.710977896582173e-05,False,False,8.710977896582173e-05,3.198296419822426e-05,0.5082036114452954,0.36912274764438946,0.36912274764438946,0.36912274764438946,0.36912274764438946,0.36912274764438946
COP,3560,nnls_intermedia_legacy,7.480487091720325e-05,False,False,7.480487091720325e-05,3.198296419822426e-05,0.39476700649771856,0.2772315032657229,0.2772315032657229,0.2772315032657229,0.2772315032657229,0.2772315032657229
COP,3560,nnls_nonneg,7.190197849951045e-05,False,True,7.190197849951045e-05,3.198296419822426e-05,0.3680057938913306,0.2549137988807957,0.2549137988807957,0.2549137988807957,0.2549137988807957,0.2549137988807957
COP,3580,nnls_original_legacy,7.168198648948679e-05,False,False,7.168198648948679e-05,2.3358843894970172e-05,0.448519570216167,0.4471315132223961,0.4471315132223961,0.4471315132223961,0.4471315132223961,0.4471315132223961
COP,3580,nnls_intermedia_legacy,6.710937159550805e-05,False,False,6.710937159550805e-05,2.3358843894970172e-05,0.40607805758068477,0.4034192998428734,0.4034192998428734,0.4034192998428734,0.4034192998428734,0.4034192998428734
COP,3580,nnls_nonneg,6.660832903238608e-05,False,True,6.660832903238608e-05,2.3358843894970172e-05,0.40142754474137754,0.3985434987270593,0.3985434987270593,0.3985434987270593,0.3985434987270593,0.3985434987270593
COP,3600,nnls_original_legacy,7.026989929299261e-05,False,False,7.026989929299261e-05,5.751567056635169e-05,0.11760000520350573,0.01878264586238365,0.01878264586238365,0.01878264586238365,0.01878264586238365,0.01878264586238365
COP,3600,nnls_intermedia_legacy,6.623627423246697e-05,False,False,6.623627423246697e-05,5.751567056635169e-05,0.08040807942943055,0.009511788989854386,0.009511788989854386,0.009511788989854386,0.009511788989854386,0.009511788989854386
COP,3600,nnls_nonneg,6.5761475248554e-05,False,True,6.5761475248554e-05,5.751567056635169e-05,0.07603020882858781,0.008587148063458727,0.008587148063458727,0.008587148063458727,0.008587148063458727,0.008587148063458727
COP,3620,nnls_original_legacy,8.909672472592702e-05,False,False,8.909672472592702e-05,3.856142086513709e-05,0.467420175518896,0.2702742796826527,0.2702742796826527,0.2702742796826527,0.2702742796826527,0.2702742796826527
COP,3620,nnls_intermedia_legacy,0.00010046947145936947,False,False,0.00010046947145936947,3.856142086513709e-05,0.5726110197042055,0.34141391690800216,0.34141391690800216,0.34141391690800216,0.34141391690800216,0.34141391690800216
COP,3620,nnls_nonneg,9.80495119101979e-05,False,True,9.80495119101979e-05,3.856142086513709e-05,0.5502278968018804,0.32650544686598515,0.32650544686598515,0.32650544686598515,0.32650544686598515,0.32650544686598515
COP,3640,nnls_original_legacy,7.018466094169629e-05,False,False,7.018466094169629e-05,2.54173818568652e-08,0.6489111437659686,6.923813946078121,6.923813946078121,6.923813946078121,3.2653779095856095,6.923813946078121
COP,3640,nnls_intermedia_legacy,6.536010630201962e-05,False,False,6.536010630201962e-05,2.54173818568652e-08,0.6042882671421095,6.852622973085027,6.852622973085027,6.852622973085027,3.1952119296754926,6.852622973085027
COP,3640,nnls_nonneg,6.460291965693126e-05,False,True,6.460291965693126e-05,2.54173818568652e-08,0.5972849582838899,6.840975059764416,6.840975059764416,6.840975059764416,3.1837387822602246,6.840975059764416
COP,3660,nnls_original_legacy,7.662402390232867e-05,False,False,7.662402390232867e-05,2.524112425907758e-05,0.49016612392825837,0.43985135572547684,0.43985135572547684,0.43985135572547684,0.43985135572547684,0.43985135572547684
COP,3660,nnls_intermedia_legacy,5.8777490536356086e-05,False,False,5.8777490536356086e-05,2.524112425907758e-05,0.31991948260808334,0.2747196027194292,0.2747196027194292,0.2747196027194292,0.2747196027194292,0.2747196027194292
COP,3660,nnls_nonneg,5.570342949849712e-05,False,True,5.570342949849712e-05,2.524112425907758e-05,0.29059453998888807,0.2447012520459051,0.2447012520459051,0.2447012520459051,0.2447012520459051,0.2447012520459051
COP,3680,nnls_original_legacy,7.060187393577256e-05,False,False,7.060187393577256e-05,1.8107732438184101e-06,0.6916571267162333,2.6889503920297826,2.6889503920297826,2.6889503920297826,2.6889503920297826,2.6889503920297826
COP,3680,nnls_intermedia_legacy,8.381475042818816e-05,False,False,8.381475042818816e-05,1.8107732438184101e-06,0.8245054181154944,2.8564595206401924,2.8564595206401924,2.8564595206401924,2.8564595206401924,2.8564595206401924
COP,3680,nnls_nonneg,8.551738908243359e-05,False,True,8.551738908243359e-05,1.8107732438184101e-06,0.8416245243310623,2.8761401037370766,2.8761401037370766,2.8761401037370766,2.8761401037370766,2.8761401037370766
COP,3700,nnls_original_legacy,9.485440031576228e-05,False,False,9.485440031576228e-05,0.0003849965750117307,2.89240717678391,1.657924832297962,1.657924832297962,1.657924832297962,1.657924832297962,1.657924832297962
COP,3700,nnls_intermedia_legacy,9.758339826695447e-05,False,False,9.758339826695447e-05,0.0003849965750117307,2.8652019858538837,1.5727810759306076,1.5727810759306076,1.5727810759306076,1.5727810759306076,1.5727810759306076
COP,3700,nnls_nonneg,0.0001026096401598325,False,True,0.0001026096401598325,0.0003849965750117307,2.815095729710852,1.429748176335667,1.429748176335667,1.429748176335667,1.429748176335667,1.429748176335667
COP,3720,nnls_original_legacy,7.399097785816929e-05,False,False,7.399097785816929e-05,1.8318747153115876e-05,0.5282864368546183,0.6435990173318356,0.6435990173318356,0.6435990173318356,0.6435990173318356,0.6435990173318356
COP,3720,nnls_intermedia_legacy,8.580236254977838e-05,False,False,8.580236254977838e-05,1.8318747153115876e-05,0.6403673478227315,0.7576209043454278,0.7576209043454278,0.7576209043454278,0.7576209043454278,0.7576209043454278
COP,3720,nnls_nonneg,8.653400157460784e-05,False,True,8.653400157460784e-05,1.8318747153115876e-05,0.6473100366389686,0.7643066590167222,0.7643066590167222,0.7643066590167222,0.7643066590167222,0.7643066590167222
COP,3740,nnls_original_legacy,7.21664234812112e-05,False,False,7.21664234812112e-05,1.7343493592202863e-07,0.6947910965807006,5.033330911578627,5.033330911578627,5.033330911578627,3.292831748620922,5.033330911578627
COP,3740,nnls_intermedia_legacy,4.985424462688823e-05,False,False,4.985424462688823e-05,1.7343493592202863e-07,0.47946036053898705,4.664535239698951,4.664535239698951,4.664535239698951,2.92916211336784,4.664535239698951
COP,3740,nnls_nonneg,5.948422830659748e-05,False,True,5.948422830659748e-05,1.7343493592202863e-07,0.5723975625648536,4.840579611684739,4.840579611684739,4.840579611684739,3.102522385773117,4.840579611684739
COP,3760,nnls_original_legacy,6.808026714353165e-05,False,False,6.808026714353165e-05,1.5666132389013186e-05,0.4851052094516097,0.6992988736187655,0.6992988736187655,0.6992988736187655,0.6992988736187655,0.6992988736187655
COP,3760,nnls_intermedia_legacy,5.494984544382674e-05,False,False,5.494984544382674e-05,1.5666132389013186e-05,0.36358005218906037,0.5400184110979374,0.5400184110979374,0.5400184110979374,0.5400184110979374,0.5400184110979374
COP,3760,nnls_nonneg,6.759660154492732e-05,False,True,6.759660154492732e-05,1.5666132389013186e-05,0.4806287699832416,0.6938156709269763,0.6938156709269763,0.6938156709269763,0.6938156709269763,0.6938156709269763
COP,3780,nnls_original_legacy,7.934824912461406e-05,False,False,7.934824912461406e-05,1.7665340519263045e-06,0.7138444473318551,2.8270899675612657,2.8270899675612657,2.8270899675612657,2.8270899675612657,2.8270899675612657
COP,3780,nnls_intermedia_legacy,5.858726595573874e-05,False,False,5.858726595573874e-05,1.7665340519263045e-06,0.522818603905134,2.5316500888253612,2.5316500888253612,2.5316500888253612,2.5316500888253612,2.5316500888253612
COP,3780,nnls_nonneg,8.705905881154462e-05,False,True,8.705905881154462e-05,1.7665340519263045e-06,0.7847931067458802,2.917858475815297,2.917858475815297,2.917858475815297,2.917858475815297,2.917858475815297
COP,3800,nnls_original_legacy,0.00010094556602231734,False,False,0.00010094556602231734,3.120949605384544e-05,0.6382842797913201,0.48303055158415287,0.48303055158415287,0.48303055158415287,0.48303055158415287,0.48303055158415287
COP,3800,nnls_intermedia_legacy,8.039980269206162e-05,False,False,8.039980269206162e-05,3.120949605384544e-05,0.45023184500478675,0.3344680771320676,0.3344680771320676,0.3344680771320676,0.3344680771320676,0.3344680771320676
COP,3800,nnls_nonneg,7.064851352187584e-05,False,True,7.064851352187584e-05,3.120949605384544e-05,0.36097968915713313,0.2587519521898405,0.2587519521898405,0.2587519521898405,0.2587519521898405,0.2587519521898405
COP,3820,nnls_original_legacy,8.60278122098514e-05,False,False,8.60278122098514e-05,2.816949238499527e-06,0.7515873592855914,2.451760806891978,2.451760806891978,2.451760806891978,2.451760806891978,2.451760806891978
COP,3820,nnls_intermedia_legacy,9.185978084559608e-05,False,False,9.185978084559608e-05,2.816949238499527e-06,0.8042635814740913,2.515274575907032,2.515274575907032,2.515274575907032,2.515274575907032,2.515274575907032
COP,3820,nnls_nonneg,7.832509902330707e-05,False,True,7.832509902330707e-05,2.816949238499527e-06,0.6820139687872583,2.361178466759994,2.361178466759994,2.361178466759994,2.361178466759994,2.361178466759994
COP,3840,nnls_original_legacy,7.273123530900766e-05,False,False,7.273123530900766e-05,2.0807453739994896e-05,0.4687145046468486,0.5375465648229429,0.5375465648229429,0.5375465648229429,0.5375465648229429,0.5375465648229429
COP,3840,nnls_intermedia_legacy,7.353432709294002e-05,False,False,7.353432709294002e-05,2.0807453739994896e-05,0.47596399141990847,0.5454035123297045,0.5454035123297045,0.5454035123297045,0.5454035123297045,0.5454035123297045
COP,3840,nnls_nonneg,7.299182560490952e-05,False,True,7.299182560490952e-05,2.0807453739994896e-05,0.47106684586254133,0.5401017154141257,0.5401017154141257,0.5401017154141257,0.5401017154141257,0.5401017154141257
COP,3860,nnls_original_legacy,7.243035365614633e-05,False,False,7.243035365614633e-05,2.20466531580989e-06,0.6360402151037614,2.5224881648674966,2.5224881648674966,2.5224881648674966,2.5224881648674966,2.5224881648674966
COP,3860,nnls_intermedia_legacy,6.641955275817512e-05,False,False,6.641955275817512e-05,2.20466531580989e-06,0.5815998644793081,2.4386087857973022,2.4386087857973022,2.4386087857973022,2.4386087857973022,2.4386087857973022
COP,3860,nnls_nonneg,7.049340318721012e-05,False,True,7.049340318721012e-05,2.20466531580989e-06,0.6184970849184515,2.496218195350847,2.496218195350847,2.496218195350847,2.496218195350847,2.496218195350847
COP,3880,nnls_original_legacy,0.0002467824726352468,False,False,0.0002467824726352468,6.893320501596345e-05,1.5565359153704013,0.5546970779369589,0.5546970779369589,0.5546970779369589,0.5546970779369589,0.5546970779369589
COP,3880,nnls_intermedia_legacy,0.0002442060417912714,False,False,0.0002442060417912714,6.893320501596345e-05,1.5339870052972906,0.5471490830534669,0.5471490830534669,0.5471490830534669,0.5471490830534669,0.5471490830534669
COP,3880,nnls_nonneg,0.00023791602091684884,False,True,0.00023791602091684884,6.893320501596345e-05,1.47893677354471,0.528517315660723,0.528517315660723,0.528517315660723,0.528517315660723,0.528517315660723
CLP,500,nnls_original_legacy,6.151945184915258e-05,False,False,6.151945184915258e-05,1.429377318395877e-05,0.5518891136253198,0.6918750018035733,0.6918750018035733,0.6918750018035733,0.6918750018035733,0.6918750018035733
CLP,500,nnls_intermedia_legacy,4.85639314842941e-05,False,False,4.85639314842941e-05,1.429377318395877e-05,0.40048820520415157,0.5173860998556852,0.5173860998556852,0.5173860998556852,0.5173860998556852,0.5173860998556852
CLP,500,nnls_nonneg,4.3400260391947545e-05,False,True,4.3400260391947545e-05,1.429377318395877e-05,0.3401444697035718,0.43998907665932285,0.43998907665932285,0.43998907665932285,0.43998907665932285,0.43998907665932285
CLP,520,nnls_original_legacy,0.00011659056295755963,False,False,0.00011659056295755963,9.178765118903615e-05,0.3503851631979948,0.02645540806220481,0.02645540806220481,0.02645540806220481,0.02645540806220481,0.02645540806220481
CLP,520,nnls_intermedia_legacy,9.04072622871224e-05,False,False,9.04072622871224e-05,9.178765118903615e-05,0.01950044394737368,0.00011539140345084853,0.00011539140345084853,0.00011539140345084853,0.00011539140345084853,0.00011539140345084853
CLP,520,nnls_nonneg,6.35525715218007e-05,False,True,6.35525715218007e-05,9.178765118903615e-05,0.3988706281521242,0.07666879753967404,0.07666879753967404,0.07666879753967404,0.07666879753967404,0.07666879753967404
CLP,540,nnls_original_legacy,2.5317930931359836e-05,False,False,2.5317930931359836e-05,1.1434067423977167e-05,0.25827787718715056,0.24653495412457782,0.24653495412457782,0.24653495412457782,0.24653495412457782,0.24653495412457782
CLP,540,nnls_intermedia_legacy,1.7800254662032024e-05,False,False,1.7800254662032024e-05,1.1434067423977167e-05,0.1184285141341543,0.08496964278756636,0.08496964278756636,0.08496964278756636,0.08496964278756636,0.08496964278756636
CLP,540,nnls_nonneg,2.3447727172545066e-05,False,True,2.3447727172545066e-05,1.1434067423977167e-05,0.22348696639511786,0.2058170551076106,0.2058170551076106,0.2058170551076106,0.2058170551076106,0.2058170551076106
CLP,560,nnls_original_legacy,2.1185011000866276e-05,False,False,2.1185011000866276e-05,3.0613370403432074e-05,0.2406719637223623,0.07690564455687587,0.07690564455687587,0.07690564455687587,0.07690564455687587,0.07690564455687587
CLP,560,nnls_intermedia_legacy,2.1312621315620777e-05,False,False,2.1312621315620777e-05,3.0613370403432074e-05,0.2374145332689966,0.07425889255151263,0.07425889255151263,0.07425889255151263,0.07425889255151263,0.07425889255151263
CLP,560,nnls_nonneg,2.039166801351542e-05,False,True,2.039166801351542e-05,3.0613370403432074e-05,0.260923144921409,0.09495810801711868,0.09495810801711868,0.09495810801711868,0.09495810801711868,0.09495810801711868
CLP,580,nnls_original_legacy,2.7124182767540715e-05,False,False,2.7124182767540715e-05,3.685458381061914e-06,0.6921869799724917,1.1319043011074275,1.1319043011074275,1.1319043011074275,1.1319043011074275,1.1319043011074275
CLP,580,nnls_intermedia_legacy,2.4715926059047977e-05,False,False,2.4715926059047977e-05,3.685458381061914e-06,0.6210669006301317,1.0521656031004514,1.0521656031004514,1.0521656031004514,1.0521656031004514,1.0521656031004514
CLP,580,nnls_nonneg,2.3826160676628217e-05,False,True,2.3826160676628217e-05,3.685458381061914e-06,0.5947905554337826,1.021070424921748,1.021070424921748,1.021070424921748,1.021070424921748,1.021070424921748
CLP,600,nnls_original_legacy,2.8067451169799678e-05,False,False,2.8067451169799678e-05,2.2116261356241627e-05,0.18191421784609446,0.026265722456983998,0.026265722456983998,0.026265722456983998,0.026265722456983998,0.026265722456983998
CLP,600,nnls_intermedia_legacy,3.060795583642637e-05,False,False,3.060795583642637e-05,2.2116261356241627e-05,0.25957161642391585,0.047512599749214735,0.047512599749214735,0.047512599749214735,0.047512599749214735,0.047512599749214735
CLP,600,nnls_nonneg,3.149600639458125e-05,False,True,3.149600639458125e-05,2.2116261356241627e-05,0.28671728439210775,0.05574017062637626,0.05574017062637626,0.05574017062637626,0.05574017062637626,0.05574017062637626
CLP,620,nnls_original_legacy,2.1763642951855966e-05,False,False,2.1763642951855966e-05,4.573929952396555e-05,0.7599011036834337,0.3589209708231358,0.3589209708231358,0.3589209708231358,0.3589209708231358,0.3589209708231358
CLP,620,nnls_intermedia_legacy,2.169870125795519e-05,False,False,2.169870125795519e-05,4.573929952396555e-05,0.7619594108134949,0.3622225152965868,0.3622225152965868,0.3622225152965868,0.3622225152965868,0.3622225152965868
CLP,620,nnls_nonneg,2.153420594462959e-05,False,True,2.153420594462959e-05,4.573929952396555e-05,0.7671730394693327,0.37071477418075505,0.37071477418075505,0.37071477418075505,0.37071477418075505,0.37071477418075505
CLP,640,nnls_original_legacy,5.3121374688335116e-05,False,False,5.3121374688335116e-05,1.1600835569779954e-06,1.6395500133282246,2.845925706583338,2.845925706583338,2.845925706583338,2.845925706583338,2.845925706583338
CLP,640,nnls_intermedia_legacy,5.651950753163543e-05,False,False,5.651950753163543e-05,1.1600835569779954e-06,1.7467723056773445,2.906619175830799,2.906619175830799,2.906619175830799,2.906619175830799,2.906619175830799
CLP,640,nnls_nonneg,5.2236131157632504e-05,False,True,5.2236131157632504e-05,1.1600835569779954e-06,1.6116176619381661,2.8294908397766383,2.8294908397766383,2.8294908397766383,2.8294908397766383,2.8294908397766383
CLP,660,nnls_original_legacy,1.8961035060545315e-05,False,False,1.8961035060545315e-05,1.4045460766737397e-05,0.1594360844545637,0.04084072580663611,0.04084072580663611,0.04084072580663611,0.04084072580663611,0.04084072580663611
CLP,660,nnls_intermedia_legacy,2.5354851531904395e-05,False,False,2.5354851531904395e-05,1.4045460766737397e-05,0.3668187831961365,0.14462637880205742,0.14462637880205742,0.14462637880205742,0.14462637880205742,0.14462637880205742
CLP,660,nnls_nonneg,2.7108359073179744e-05,False,True,2.7108359073179744e-05,1.4045460766737397e-05,0.42369359776147925,0.17566573535606267,0.17566573535606267,0.17566573535606267,0.17566573535606267,0.17566573535606267
CLP,680,nnls_original_legacy,1.807586133593511e-05,False,False,1.807586133593511e-05,2.494338221584123e-05,0.21552261785558585,0.05789660046893608,0.05789660046893608,0.05789660046893608,0.05789660046893608,0.05789660046893608
CLP,680,nnls_intermedia_legacy,1.5400885249613236e-05,False,False,1.5400885249613236e-05,2.494338221584123e-05,0.2994710846905438,0.13742348915777014,0.13742348915777014,0.13742348915777014,0.13742348915777014,0.13742348915777014
CLP,680,nnls_nonneg,1.5222966080075974e-05,False,True,1.5222966080075974e-05,2.494338221584123e-05,0.30505470152344766,0.14473294899850586,0.14473294899850586,0.14473294899850586,0.14473294899850586,0.14473294899850586
CLP,700,nnls_original_legacy,0.04263920487971039,False,False,0.04263920487971039,1.1407669995597858e-05,0.5014007089419931,7.226511015044046,7.226511015044046,7.226511015044046,7.226511015044046,7.226511015044046
CLP,700,nnls_intermedia_legacy,0.033314591488711624,False,False,0.033314591488711624,1.1407669995597858e-05,0.3917218592032766,6.979807249668552,6.979807249668552,6.979807249668552,6.979807249668552,6.979807249668552
CLP,700,nnls_nonneg,0.0451249220159789,False,True,0.0451249220159789,1.1407669995597858e-05,0.530638446191767,7.2831568336450445,7.2831568336450445,7.2831568336450445,7.2831568336450445,7.2831568336450445
CLP,720,nnls_original_legacy,0.04263355830301858,False,False,0.04263355830301858,5.7704822809143236e-05,0.5007943904532768,5.606409728574748,5.606409728574748,5.606409728574748,5.606409728574748,5.606409728574748
CLP,720,nnls_intermedia_legacy,0.019054210168179948,False,False,0.019054210168179948,5.7704822809143236e-05,0.22344457098433695,4.802731063354749,4.802731063354749,4.802731063354749,4.802731063354749,4.802731063354749
CLP,720,nnls_nonneg,0.03971119639540714,False,True,0.03971119639540714,5.7704822809143236e-05,0.4664203889811413,5.535500809922956,5.535500809922956,5.535500809922956,5.535500809922956,5.535500809922956
CLP,740,nnls_original_legacy,0.04265695695662879,False,False,0.04265695695662879,6.4631094981646305e-06,0.5016800908941502,7.794986622165789,7.794986622165789,7.794986622165789,7.794986622165789,7.794986622165789
CLP,740,nnls_intermedia_legacy,0.06980203498783177,False,False,0.06980203498783177,6.4631094981646305e-06,0.820976398759502,8.28740048642184,8.28740048642184,8.28740048642184,8.28740048642184,8.28740048642184
CLP,740,nnls_nonneg,0.037392663836180916,False,True,0.037392663836180916,6.4631094981646305e-06,0.43975839168415576,7.663292105918018,7.663292105918018,7.663292105918018,7.663292105918018,7.663292105918018
CLP,760,nnls_original_legacy,0.04262057575739619,False,False,0.04262057575739619,1.3873287019474801e-05,0.5011626444130064,7.030452727490932,7.030452727490932,7.030452727490932,7.030452727490932,7.030452727490932
CLP,760,nnls_intermedia_legacy,0.05661615680241893,False,False,0.05661615680241893,1.3873287019474801e-05,0.6657860956527928,7.314329526504222,7.314329526504222,7.314329526504222,7.314329526504222,7.314329526504222
CLP,760,nnls_nonneg,0.038228471034707445,False,True,0.038228471034707445,1.3873287019474801e-05,0.44950037792120384,6.921733542649607,6.921733542649607,6.921733542649607,6.921733542649607,6.921733542649607
CLP,780,nnls_original_legacy,0.042658478345512896,False,False,0.042658478345512896,2.3989689070940597e-05,0.5014881773461567,6.48391957231242,6.48391957231242,6.48391957231242,6.48391957231242,6.48391957231242
CLP,780,nnls_intermedia_legacy,0.04778399999126086,False,False,0.04778399999126086,2.3989689070940597e-05,0.5617771262482338,6.59732406262826,6.59732406262826,6.59732406262826,6.59732406262826,6.59732406262826
CLP,780,nnls_nonneg,0.051041968339357646,False,True,0.051041968339357646,2.3989689070940597e-05,0.6000989792884874,6.6632493652215965,6.6632493652215965,6.6632493652215965,6.6632493652215965,6.6632493652215965
CLP,800,nnls_original_legacy,0.04264358495197182,False,False,0.04264358495197182,5.004614808877993e-05,0.5010020769771409,5.7488601801104755,5.7488601801104755,5.7488601801104755,5.7488601801104755,5.7488601801104755
CLP,800,nnls_intermedia_legacy,0.06056960365316597,False,False,0.06056960365316597,5.004614808877993e-05,0.71185501038991,6.099429173271705,6.099429173271705,6.099429173271705,6.099429173271705,6.099429173271705
CLP,800,nnls_nonneg,0.04791114741115293,False,True,0.04791114741115293,5.004614808877993e-05,0.5629612333836512,5.8652024990266245,5.8652024990266245,5.8652024990266245,5.8652024990266245,5.8652024990266245
CLP,820,nnls_original_legacy,0.04263122634524562,False,False,0.04263122634524562,1.038673717991326e-06,0.5014311683481465,9.622422012546075,9.622422012546075,9.622422012546075,9.622422012546075,9.622422012546075
CLP,820,nnls_intermedia_legacy,0.08191085523022133,False,False,0.08191085523022133,1.038673717991326e-06,0.9634518930945638,10.275454855948961,10.275454855948961,10.275454855948961,10.275454855948961,10.275454855948961
CLP,820,nnls_nonneg,0.03858518495642083,False,True,0.03858518495642083,1.038673717991326e-06,0.4538402152794975,9.522705963196554,9.522705963196554,9.522705963196554,9.522705963196554,9.522705963196554
CLP,840,nnls_original_legacy,0.04264874142917645,False,False,0.04264874142917645,3.912246415141506e-05,0.5011852556175017,5.9949735286049926,5.9949735286049926,5.9949735286049926,5.9949735286049926,5.9949735286049926
CLP,840,nnls_intermedia_legacy,0.024599037282107786,False,False,0.024599037282107786,3.912246415141506e-05,0.288880010780784,5.445356159854086,5.445356159854086,5.445356159854086,5.445356159854086,5.445356159854086
CLP,840,nnls_nonneg,0.045761132466454434,False,True,0.045761132466454434,3.912246415141506e-05,0.5377939964485374,6.065348468761374,6.065348468761374,6.065348468761374,6.065348468761374,6.065348468761374
CLP,860,nnls_original_legacy,0.04263978494304591,False,False,0.04263978494304591,4.823486811991343e-06,0.5014781917479867,8.087159065512147,8.087159065512147,8.087159065512147,8.087159065512147,8.087159065512147
CLP,860,nnls_intermedia_legacy,0.01708548048950333,False,False,0.01708548048950333,4.823486811991343e-06,0.2009050013184617,7.17276953108046,7.17276953108046,7.17276953108046,7.17276953108046,7.17276953108046
CLP,860,nnls_nonneg,0.04309289931293042,False,True,0.04309289931293042,4.823486811991343e-06,0.506807784342974,8.097728374178454,8.097728374178454,8.097728374178454,8.097728374178454,8.097728374178454
CLP,880,nnls_original_legacy,0.04266116415611003,False,False,0.04266116415611003,1.0575734154250437e-05,0.501657772554597,7.3027300354731235,7.3027300354731235,7.3027300354731235,7.3027300354731235,7.3027300354731235
CLP,880,nnls_intermedia_legacy,0.06563151519889279,False,False,0.06563151519889279,1.0575734154250437e-05,0.7718358771311706,7.733410266141469,7.733410266141469,7.733410266141469,7.733410266141469,7.733410266141469
CLP,880,nnls_nonneg,0.03884253543675084,False,True,0.03884253543675084,1.0575734154250437e-05,0.4567429226440949,7.208981325175483,7.208981325175483,7.208981325175483,7.208981325175483,7.208981325175483
CLP,900,nnls_original_legacy,0.042739792829512235,False,False,0.042739792829512235,5.368314053312301e-06,0.5026394424789614,7.982497383548422,7.982497383548422,7.982497383548422,7.982497383548422,7.982497383548422
CLP,900,nnls_intermedia_legacy,0.08838661628373823,False,False,0.08838661628373823,5.368314053312301e-06,1.0395343264540085,8.709022671715047,8.709022671715047,8.709022671715047,8.709022671715047,8.709022671715047
CLP,900,nnls_nonneg,0.051714859000813074,False,True,0.051714859000813074,5.368314053312301e-06,0.6082035704087182,8.173090330695846,8.173090330695846,8.173090330695846,8.173090330695846,8.173090330695846
CLP,920,nnls_original_legacy,0.04262979309476657,False,False,0.04262979309476657,5.140408895028996e-06,0.5013417286987237,8.023296610913851,8.023296610913851,8.023296610913851,8.023296610913851,8.023296610913851
CLP,920,nnls_intermedia_legacy,0.002849341538949715,False,False,0.002849341538949715,5.140408895028996e-06,0.03345286404600118,5.319514648793111,5.319514648793111,5.319514648793111,5.319514648793111,5.319514648793111
CLP,920,nnls_nonneg,0.034565597170099015,False,True,0.034565597170099015,5.140408895028996e-06,0.406492441474429,7.813630251691132,7.813630251691132,7.813630251691132,7.813630251691132,7.813630251691132
CLP,940,nnls_original_legacy,0.042628153378062014,False,False,0.042628153378062014,0.00012371687591037627,0.49991870427189583,4.8451767291813574,4.8451767291813574,4.8451767291813574,4.8451767291813574,4.8451767291813574
CLP,940,nnls_intermedia_legacy,0.0670709936888331,False,False,0.0670709936888331,0.00012371687591037627,0.7874047660214022,5.297355814494072,5.297355814494072,5.297355814494072,5.297355814494072,5.297355814494072
CLP,940,nnls_nonneg,0.04312686194422183,False,True,0.04312686194422183,0.00012371687591037627,0.5057842976245165,4.856774305978068,4.856774305978068,4.856774305978068,4.856774305978068,4.856774305978068
CLP,960,nnls_original_legacy,0.04271640074856444,False,False,0.04271640074856444,1.5612080908271147e-05,0.5022249437316916,6.91465866832301,6.91465866832301,6.91465866832301,6.91465866832301,6.91465866832301
CLP,960,nnls_intermedia_legacy,0.0592903833576685,False,False,0.0592903833576685,1.5612080908271147e-05,0.6971596918472986,7.24242068630789,7.24242068630789,7.24242068630789,7.24242068630789,7.24242068630789
CLP,960,nnls_nonneg,0.04836337703845613,False,True,0.04836337703845613,1.5612080908271147e-05,0.5686418048233751,7.038775909693227,7.038775909693227,7.038775909693227,7.038775909693227,7.038775909693227
CLP,980,nnls_original_legacy,0.042688503181695196,False,False,0.042688503181695196,7.670979830934628e-06,0.5020009382055877,7.624420257543198,7.624420257543198,7.624420257543198,7.624420257543198,7.624420257543198
CLP,980,nnls_intermedia_legacy,0.05323691532082154,False,False,0.05323691532082154,7.670979830934628e-06,0.6260686406668658,7.845207067355929,7.845207067355929,7.845207067355929,7.845207067355929,7.845207067355929
CLP,980,nnls_nonneg,0.04313273812337446,False,True,0.04313273812337446,7.670979830934628e-06,0.5072259149926371,7.634771063151389,7.634771063151389,7.634771063151389,7.634771063151389,7.634771063151389
CLP,1000,nnls_original_legacy,0.04263594154461244,False,False,0.04263594154461244,1.8020445866107281e-06,0.5014486908663056,9.071573238903714,9.071573238903714,9.071573238903714,9.071573238903714,9.071573238903714
CLP,1000,nnls_intermedia_legacy,0.01929836790854618,False,False,0.01929836790854618,1.8020445866107281e-06,0.22695984495458396,8.278947283348181,8.278947283348181,8.278947283348181,8.278947283348181,8.278947283348181
CLP,1000,nnls_nonneg,0.04034841895394502,False,True,0.04034841895394502,1.8020445866107281e-06,0.4745436044292594,9.016430249992329,9.016430249992329,9.016430249992329,9.016430249992329,9.016430249992329
CLP,1020,nnls_original_legacy,0.04268101320271316,False,False,0.04268101320271316,1.5287940765177753e-05,0.5018241144074432,6.934803302990511,6.934803302990511,6.934803302990511,6.934803302990511,6.934803302990511
CLP,1020,nnls_intermedia_legacy,0.06347008758584557,False,False,0.06347008758584557,1.5287940765177753e-05,0.7463402635556265,7.331500548358171,7.331500548358171,7.331500548358171,7.331500548358171,7.331500548358171
CLP,1020,nnls_nonneg,0.039202535298623165,False,True,0.039202535298623165,1.5287940765177753e-05,0.46091108449903934,6.849822340604883,6.849822340604883,6.849822340604883,6.849822340604883,6.849822340604883
CLP,1040,nnls_original_legacy,0.04266670049726372,False,False,0.04266670049726372,2.269857745179293e-05,0.5015632683551675,6.539403789423371,6.539403789423371,6.539403789423371,6.539403789423371,6.539403789423371
CLP,1040,nnls_intermedia_legacy,0.07236840071186772,False,False,0.07236840071186772,2.269857745179293e-05,0.8509038828536641,7.067536426800576,7.067536426800576,7.067536426800576,7.067536426800576,7.067536426800576
CLP,1040,nnls_nonneg,0.036185595246738235,False,True,0.036185595246738235,2.269857745179293e-05,0.42533486141249816,6.3747414241947995,6.3747414241947995,6.3747414241947995,6.3747414241947995,6.3747414241947995
CLP,1060,nnls_original_legacy,0.04266505231725327,False,False,0.04266505231725327,0.00011529922862863424,0.5004512730136288,4.916307107996313,4.916307107996313,4.916307107996313,4.916307107996313,4.916307107996313
CLP,1060,nnls_intermedia_legacy,0.026518052363542745,False,False,0.026518052363542745,0.00011529922862863424,0.31053744048552007,4.44239821655641,4.44239821655641,4.44239821655641,4.44239821655641,4.44239821655641
CLP,1060,nnls_nonneg,0.046503097006256836,False,True,0.046503097006256836,0.00011529922862863424,0.5455926477824645,5.002222842685591,5.002222842685591,5.002222842685591,5.002222842685591,5.002222842685591
CLP,1080,nnls_original_legacy,0.04270767893715923,False,False,0.04270767893715923,2.94895346935891e-05,0.5019493636939473,6.278789070633007,6.278789070633007,6.278789070633007,6.278789070633007,6.278789070633007
CLP,1080,nnls_intermedia_legacy,0.0382190915101308,False,False,0.0382190915101308,2.94895346935891e-05,0.44915791132855226,6.167826594967696,6.167826594967696,6.167826594967696,6.167826594967696,6.167826594967696
CLP,1080,nnls_nonneg,0.05252073554081915,False,True,0.05252073554081915,2.94895346935891e-05,0.6173632926132284,6.485489372686997,6.485489372686997,6.485489372686997,6.485489372686997,6.485489372686997
CLP,1100,nnls_original_legacy,0.04264022836017273,False,False,0.04264022836017273,2.2565521270892826e-06,0.5014774500852748,8.84676829421932,8.84676829421932,8.84676829421932,8.84676829421932,8.84676829421932
CLP,1100,nnls_intermedia_legacy,0.061757221200479065,False,False,0.061757221200479065,2.2565521270892826e-06,0.7263179013622347,9.217164688374654,9.217164688374654,9.217164688374654,9.217164688374654,9.217164688374654
CLP,1100,nnls_nonneg,0.04013107042929118,False,True,0.04013107042929118,2.2565521270892826e-06,0.47196652196926414,8.78612432562173,8.78612432562173,8.78612432562173,8.78612432562173,8.78612432562173
CLP,1120,nnls_original_legacy,0.04265080794382361,False,False,0.04265080794382361,6.166478437380477e-06,0.5015535134904174,7.841818157618677,7.841818157618677,7.841818157618677,7.841818157618677,7.841818157618677
CLP,1120,nnls_intermedia_legacy,0.05322964317423986,False,False,0.05322964317423986,6.166478437380477e-06,0.6259736468560158,8.063358650089825,8.063358650089825,8.063358650089825,8.063358650089825,8.063358650089825
CLP,1120,nnls_nonneg,0.03316759950134873,False,True,0.03316759950134873,6.166478437380477e-06,0.3900193007489201,7.590386759213477,7.590386759213477,7.590386759213477,7.590386759213477,7.590386759213477
CLP,1140,nnls_original_legacy,0.04262421940541651,False,False,0.04262421940541651,4.714910044665214e-06,0.5012609898213713,8.109558679740367,8.109558679740367,8.109558679740367,8.109558679740367,8.109558679740367
CLP,1140,nnls_intermedia_legacy,0.10897103865425176,False,False,0.10897103865425176,4.714910044665214e-06,1.2815861644554931,9.048150855679165,9.048150855679165,9.048150855679165,9.048150855679165,9.048150855679165
CLP,1140,nnls_nonneg,0.0444015703040463,False,True,0.0444015703040463,4.714910044665214e-06,0.5221649557697278,8.150406465555804,8.150406465555804,8.150406465555804,8.150406465555804,8.150406465555804
CLP,1160,nnls_original_legacy,0.042640499578181695,False,False,0.042640499578181695,0.0001911150803905333,0.49925837116353117,4.412166021689119,4.412166021689119,4.412166021689119,4.412166021689119,4.412166021689119
CLP,1160,nnls_intermedia_legacy,0.043275394053412124,False,False,0.043275394053412124,0.0001911150803905333,0.506725532002595,4.426879976865432,4.426879976865432,4.426879976865432,4.426879976865432,4.426879976865432
CLP,1160,nnls_nonneg,0.04334162367111678,False,True,0.04334162367111678,0.0001911150803905333,0.5075044759484072,4.428402480620029,4.428402480620029,4.428402480620029,4.428402480620029,4.428402480620029
CLP,1180,nnls_original_legacy,0.043013712820495265,False,False,0.043013712820495265,6.589096948357628e-05,0.5051133681181875,5.482804707767068,5.482804707767068,5.482804707767068,5.482804707767068,5.482804707767068
CLP,1180,nnls_intermedia_legacy,0.1320713450153854,False,False,0.1320713450153854,6.589096948357628e-05,1.5525285481160067,6.603595053967621,6.603595053967621,6.603595053967621,6.603595053967621,6.603595053967621
CLP,1180,nnls_nonneg,0.08386143050699131,False,True,0.08386143050699131,6.589096948357628e-05,0.9855272138341105,6.149705392813051,6.149705392813051,6.149705392813051,6.149705392813051,6.149705392813051
CLP,1200,nnls_original_legacy,2.8246957376265244e-05,False,False,2.8246957376265244e-05,0.0003573468638597313,6.959917694726224,9.113087875430322,9.113087875430322,9.113087875430322,9.113087875430322,9.113087875430322
CLP,1200,nnls_intermedia_legacy,2.4992528727824666e-05,False,False,2.4992528727824666e-05,0.0003573468638597313,7.028743467964915,10.638017580264234,10.638017580264234,10.638017580264234,10.638017580264234,10.638017580264234
CLP,1200,nnls_nonneg,2.806534706410282e-05,False,True,2.806534706410282e-05,0.0003573468638597313,6.963758451895286,9.188500879889094,9.188500879889094,9.188500879889094,9.188500879889094,9.188500879889094
CLP,1220,nnls_original_legacy,7.828279219094565e-05,False,False,7.828279219094565e-05,0.0004698335097348763,6.919428111985015,3.209696369771356,3.209696369771356,3.209696369771356,3.209696369771356,3.209696369771356
CLP,1220,nnls_intermedia_legacy,7.22838245089238e-05,False,False,7.22838245089238e-05,0.0004698335097348763,7.025441008302117,3.6280649653818946,3.6280649653818946,3.6280649653818946,3.6280649653818946,3.6280649653818946
CLP,1220,nnls_nonneg,4.5519474818169336e-05,False,True,4.5519474818169336e-05,0.0004698335097348763,7.498416756656929,6.987355230422919,6.987355230422919,6.987355230422919,6.987355230422919,6.987355230422919
CLP,1240,nnls_original_legacy,2.9002812264516787e-05,False,False,2.9002812264516787e-05,2.1976432984491866e-05,0.10924728413467953,0.03515670163098905,0.03515670163098905,0.03515670163098905,0.03515670163098905,0.03515670163098905
CLP,1240,nnls_intermedia_legacy,2.3828225153393443e-05,False,False,2.3828225153393443e-05,2.1976432984491866e-05,0.028791964847312883,0.0031859276746397658,0.0031859276746397658,0.0031859276746397658,0.0031859276746397658,0.0031859276746397658
CLP,1240,nnls_nonneg,2.7183422284516925e-05,False,True,2.7183422284516925e-05,2.1976432984491866e-05,0.08095911377332539,0.021086486297654528,0.021086486297654528,0.021086486297654528,0.021086486297654528,0.021086486297654528
CLP,1260,nnls_original_legacy,0.00012786788212080957,False,False,0.00012786788212080957,0.00023567641161722152,1.5756014467471067,0.23166221816397314,0.23166221816397314,0.23166221816397314,0.23166221816397314,0.23166221816397314
CLP,1260,nnls_intermedia_legacy,0.00012711402973039206,False,False,0.00012711402973039206,0.00023567641161722152,1.5866188581015128,0.2366799011400067,0.2366799011400067,0.2366799011400067,0.2366799011400067,0.2366799011400067
CLP,1260,nnls_nonneg,0.00011189548034658172,False,True,0.00011189548034658172,0.00023567641161722152,1.8090351041864008,0.3613247199529206,0.3613247199529206,0.3613247199529206,0.3613247199529206,0.3613247199529206
CLP,1280,nnls_original_legacy,4.363942714609248e-05,False,False,4.363942714609248e-05,1.5344742343707812e-07,0.548490610965357,4.653874579616931,4.653874579616931,4.653874579616931,2.7988760919757096,4.653874579616931
CLP,1280,nnls_intermedia_legacy,4.407654619979499e-05,False,False,4.407654619979499e-05,1.5344742343707812e-07,0.5540040131781852,4.663806482652494,4.663806482652494,4.663806482652494,2.8086156118414602,4.663806482652494
CLP,1280,nnls_nonneg,4.6237024621492275e-05,False,True,4.6237024621492275e-05,1.5344742343707812e-07,0.5812542243278916,4.711496878014818,4.711496878014818,4.711496878014818,2.85540856511504,4.711496878014818
CLP,1300,nnls_original_legacy,5.976475816092552e-05,False,False,5.976475816092552e-05,7.32991153728167e-05,0.1623249944224248,0.02232812187165001,0.02232812187165001,0.02232812187165001,0.02232812187165001,0.02232812187165001
CLP,1300,nnls_intermedia_legacy,5.84952590914663e-05,False,False,5.84952590914663e-05,7.32991153728167e-05,0.17755079540750507,0.027475051604998413,0.027475051604998413,0.027475051604998413,0.027475051604998413,0.027475051604998413
CLP,1300,nnls_nonneg,5.933226376166112e-05,False,True,5.933226376166112e-05,7.32991153728167e-05,0.1675121377680018,0.02400531365208103,0.02400531365208103,0.02400531365208103,0.02400531365208103,0.02400531365208103
CLP,1320,nnls_original_legacy,9.517823857998924e-05,False,False,9.517823857998924e-05,7.504242625370865e-06,0.9752942699529391,1.619126886018678,1.619126886018678,1.619126886018678,1.619126886018678,1.619126886018678
CLP,1320,nnls_intermedia_legacy,0.00011621687392533623,False,False,0.00011621687392533623,7.504242625370865e-06,1.2093301465721276,1.8045605289941902,1.8045605289941902,1.8045605289941902,1.8045605289941902,1.8045605289941902
CLP,1320,nnls_nonneg,0.0001914504446868361,False,True,0.0001914504446868361,7.504242625370865e-06,2.0462358866705936,2.2783572453569736,2.2783572453569736,2.2783572453569736,2.2783572453569736,2.2783572453569736
CLP,1340,nnls_original_legacy,0.00012081106032906072,False,False,0.00012081106032906072,2.7257865569382514e-06,1.2821310954539324,2.814033201573899,2.814033201573899,2.814033201573899,2.814033201573899,2.814033201573899
CLP,1340,nnls_intermedia_legacy,0.00014561393125658379,False,False,0.00014561393125658379,2.7257865569382514e-06,1.5514325168494179,2.9969210521050598,2.9969210521050598,2.9969210521050598,2.9969210521050598,2.9969210521050598
CLP,1340,nnls_nonneg,0.00013731025280707754,False,True,0.00013731025280707754,2.7257865569382514e-06,1.461273905138801,2.939337249876049,2.939337249876049,2.939337249876049,2.939337249876049,2.939337249876049
CLP,1360,nnls_original_legacy,9.147135748582641e-05,False,False,9.147135748582641e-05,0.00011982240467256466,0.29875646049797216,0.03995973792520946,0.03995973792520946,0.03995973792520946,0.03995973792520946,0.03995973792520946
CLP,1360,nnls_intermedia_legacy,6.801592666765197e-05,False,False,6.801592666765197e-05,0.00011982240467256466,0.5459241028265677,0.19541278083378621,0.19541278083378621,0.19541278083378621,0.19541278083378621,0.19541278083378621
CLP,1360,nnls_nonneg,8.016773961974858e-05,False,True,8.016773961974858e-05,0.00011982240467256466,0.41787124459211056,0.09275666548469275,0.09275666548469275,0.09275666548469275,0.09275666548469275,0.09275666548469275
CLP,1380,nnls_original_legacy,0.00011383512459351737,False,False,0.00011383512459351737,0.0002504947560928441,1.3084024693330008,0.41181809775426803,0.41181809775426803,0.41181809775426803,0.41181809775426803,0.41181809775426803
CLP,1380,nnls_intermedia_legacy,0.00013619601818469376,False,False,0.00013619601818469376,0.0002504947560928441,1.094315484974845,0.22987948839614614,0.22987948839614614,0.22987948839614614,0.22987948839614614,0.22987948839614614
CLP,1380,nnls_nonneg,0.00018773408921307706,False,True,0.00018773408921307706,0.0002504947560928441,0.6008812596781925,0.04589473948213807,0.04589473948213807,0.04589473948213807,0.04589473948213807,0.04589473948213807
CLP,1400,nnls_original_legacy,0.2826436094938327,False,False,0.2826436094938327,1.568906548358249e-07,2.947473058556648,13.404148789967767,13.404148789967767,13.404148789967767,11.551945590616436,13.404148789967767
CLP,1400,nnls_intermedia_legacy,0.17246961184433898,False,False,0.17246961184433898,1.568906548358249e-07,1.798552442018315,12.910183428677865,12.910183428677865,12.910183428677865,11.057982134836632,12.910183428677865
CLP,1400,nnls_nonneg,0.03219539621580598,False,True,0.03219539621580598,1.568906548358249e-07,0.33573960284831156,11.231789802016356,11.231789802016356,11.231789802016356,9.3796098069877,11.231789802016356
CLP,1420,nnls_original_legacy,0.24489097034880866,False,False,0.24489097034880866,8.622700868998592e-06,2.553477737568164,9.254205220389572,9.254205220389572,9.254205220389572,9.254205220389572,9.254205220389572
CLP,1420,nnls_intermedia_legacy,0.13406720175767284,False,False,0.13406720175767284,8.622700868998592e-06,1.3978777990306905,8.651762413665162,8.651762413665162,8.651762413665162,8.651762413665162,8.651762413665162
CLP,1420,nnls_nonneg,0.031597578126164386,False,True,0.031597578126164386,8.622700868998592e-06,0.32938958322749273,7.2067102847870785,7.2067102847870785,7.2067102847870785,7.2067102847870785,7.2067102847870785
CLP,1440,nnls_original_legacy,0.181642336466989,False,False,0.181642336466989,8.506925253111019e-07,1.8940464248055402,11.271504057196475,11.271504057196475,11.271504057196475,11.10980035362798,11.271504057196475
CLP,1440,nnls_intermedia_legacy,0.07986007324640222,False,False,0.07986007324640222,8.506925253111019e-07,0.8327231762116825,10.449746475644801,10.449746475644801,10.449746475644801,10.288043819703757,10.449746475644801
CLP,1440,nnls_nonneg,0.03334012852597978,False,True,0.03334012852597978,8.506925253111019e-07,0.3476416178650886,9.576247052434598,9.576247052434598,9.576247052434598,9.414547005191318,9.576247052434598
CLP,1460,nnls_original_legacy,-0.009137110386367405,True,False,1e-12,1.8429391012303454e-05,0.00019216524805043615,18429373.282846168,184280.7858359347,1834.419984316504,14.515444284450169,184280.7858359347
CLP,1460,nnls_intermedia_legacy,0.04027023731347288,False,False,0.04027023731347288,1.8429391012303454e-05,0.4197099659150012,6.689878862003663,6.689878862003663,6.689878862003663,6.689878862003663,6.689878862003663
CLP,1460,nnls_nonneg,0.03156963294777937,False,True,0.03156963294777937,1.8429391012303454e-05,0.32898782074329425,6.446587996585408,6.446587996585408,6.446587996585408,6.446587996585408,6.446587996585408
CLP,1480,nnls_original_legacy,-0.019711761093105816,True,False,1e-12,0.0014452094733390598,0.015069341728987252,1445209451.2475398,14452077.247040672,144508.06615416572,1436.9334637847712,14452077.247040672
CLP,1480,nnls_intermedia_legacy,-0.005139641919426673,True,False,1e-12,0.0014452094733390598,0.015069341728987252,1445209451.2475398,14452077.247040672,144508.06615416572,1436.9334637847712,14452077.247040672
CLP,1480,nnls_nonneg,0.03694950252737879,False,True,0.03694950252737879,0.0014452094733390598,0.3702067659517187,2.280411005512905,2.280411005512905,2.280411005512905,2.280411005512905,2.280411005512905
CLP,1500,nnls_original_legacy,-0.02185314763232111,True,False,1e-12,0.0004167532080946001,0.004345161506116988,416753187.2465954,4167515.8381114095,41663.683145054536,409.72071387511136,4167515.8381114095
CLP,1500,nnls_intermedia_legacy,0.030931604905980493,False,False,0.030931604905980493,0.0004167532080946001,0.318154621740979,3.3205129112706713,3.3205129112706713,3.3205129112706713,3.3205129112706713,3.3205129112706713
CLP,1500,nnls_nonneg,0.03280104866504033,False,True,0.03280104866504033,0.0004167532080946001,0.33764585761255694,3.3784270301449117,3.3784270301449117,3.3784270301449117,3.3784270301449117,3.3784270301449117
CLP,1520,nnls_original_legacy,0.05163197684756184,False,False,0.05163197684756184,5.804880680346991e-06,0.5382429989182027,8.093309833590165,8.093309833590165,8.093309833590165,8.093309833590165,8.093309833590165
CLP,1520,nnls_intermedia_legacy,0.004729571111620353,False,False,0.004729571111620353,5.804880680346991e-06,0.049248937224335265,5.704118101785404,5.704118101785404,5.704118101785404,5.704118101785404,5.704118101785404
CLP,1520,nnls_nonneg,0.031488715214030565,False,True,0.031488715214030565,5.804880680346991e-06,0.32823382844201404,7.598869801118591,7.598869801118591,7.598869801118591,7.598869801118591,7.598869801118591
CLP,1540,nnls_original_legacy,0.07826746108781948,False,False,0.07826746108781948,2.8414415449236458e-06,0.8159302756740892,9.223612023016932,9.223612023016932,9.223612023016932,9.223612023016932,9.223612023016932
CLP,1540,nnls_intermedia_legacy,0.026551219796542926,False,False,0.026551219796542926,2.8414415449236458e-06,0.2767741767326745,8.142626476715494,8.142626476715494,8.142626476715494,8.142626476715494,8.142626476715494
CLP,1540,nnls_nonneg,0.031466726601460576,False,True,0.031466726601460576,2.8414415449236458e-06,0.32801969278502563,8.31246475841269,8.31246475841269,8.31246475841269,8.31246475841269,8.31246475841269
CLP,1560,nnls_original_legacy,0.12081649532115953,False,False,0.12081649532115953,6.146138978764987e-06,1.259482466411956,8.886254901186517,8.886254901186517,8.886254901186517,8.886254901186517,8.886254901186517
CLP,1560,nnls_intermedia_legacy,0.04478250320350775,False,False,0.04478250320350775,6.146138978764987e-06,0.4668063374896156,7.893885956494117,7.893885956494117,7.893885956494117,7.893885956494117,7.893885956494117
CLP,1560,nnls_nonneg,0.03284153928865769,False,True,0.03284153928865769,6.146138978764987e-06,0.3423183711471609,7.583812503782699,7.583812503782699,7.583812503782699,7.583812503782699,7.583812503782699
CLP,1580,nnls_original_legacy,0.1149654262196287,False,False,0.1149654262196287,1.2398496146080273e-05,1.198436896418658,8.13491937929375,8.13491937929375,8.13491937929375,8.13491937929375,8.13491937929375
CLP,1580,nnls_intermedia_legacy,0.044725835050023185,False,False,0.044725835050023185,1.2398496146080273e-05,0.46615764015143424,7.191008603314748,7.191008603314748,7.191008603314748,7.191008603314748,7.191008603314748
CLP,1580,nnls_nonneg,0.03228443750329247,False,True,0.03228443750329247,1.2398496146080273e-05,0.3364504879493979,6.865149434748967,6.865149434748967,6.865149434748967,6.865149434748967,6.865149434748967
CLP,1600,nnls_original_legacy,-0.08036097853920957,True,False,1e-12,1.1287553099917268e-05,0.00011767286586631308,11287535.860706087,112862.89695817766,1120.726439182695,7.863852476873623,112862.89695817766
CLP,1600,nnls_intermedia_legacy,0.15776809251097798,False,False,0.15776809251097798,1.1287553099917268e-05,1.6446165816096263,8.545252387040955,8.545252387040955,8.545252387040955,8.545252387040955,8.545252387040955
CLP,1600,nnls_nonneg,0.03429699137421831,False,True,0.03429699137421831,1.1287553099917268e-05,0.3574288730772877,7.01944140327466,7.01944140327466,7.01944140327466,7.01944140327466,7.01944140327466
CLP,1620,nnls_original_legacy,0.027192676841067215,False,False,0.027192676841067215,0.0004048927020311065,0.2792545397732685,3.2219706534340675,3.2219706534340675,3.2219706534340675,3.2219706534340675,3.2219706534340675
CLP,1620,nnls_intermedia_legacy,0.021014039138808876,False,False,0.021014039138808876,0.0004048927020311065,0.21484411228085093,2.9685916488082693,2.9685916488082693,2.9685916488082693,2.9685916488082693,2.9685916488082693
CLP,1620,nnls_nonneg,0.031260980885260324,False,True,0.031260980885260324,0.0004048927020311065,0.32166537777398685,3.3594558982994593,3.3594558982994593,3.3594558982994593,3.3594558982994593,3.3594558982994593
CLP,1640,nnls_original_legacy,0.13262942379927808,False,False,0.13262942379927808,1.0318244972095205e-05,1.382391079755141,8.461478343864375,8.461478343864375,8.461478343864375,8.461478343864375,8.461478343864375
CLP,1640,nnls_intermedia_legacy,0.07297776966624347,False,False,0.07297776966624347,1.0318244972095205e-05,0.7605959453249912,7.864137852763443,7.864137852763443,7.864137852763443,7.864137852763443,7.864137852763443
CLP,1640,nnls_nonneg,0.031714433027275425,False,True,0.031714433027275425,1.0318244972095205e-05,0.330476406724387,7.030938820599994,7.030938820599994,7.030938820599994,7.030938820599994,7.030938820599994
CLP,1660,nnls_original_legacy,0.09847153853835122,False,False,0.09847153853835122,9.834594979136397e-07,1.0263904117723264,10.514211647386858,10.514211647386858,10.514211647386858,10.497532991775794,10.514211647386858
CLP,1660,nnls_intermedia_legacy,0.04507852856998213,False,False,0.04507852856998213,9.834594979136397e-07,0.4698578174012086,9.732861967370887,9.732861967370887,9.732861967370887,9.716183510713808,9.732861967370887
CLP,1660,nnls_nonneg,0.031334761825607585,False,True,0.031334761825607585,9.834594979136397e-07,0.3266020959648339,9.369193570881654,9.369193570881654,9.369193570881654,9.352515275162474,9.369193570881654
CLP,1680,nnls_original_legacy,0.07213795160257411,False,False,0.07213795160257411,7.518757837064349e-05,0.7511278940552768,5.867391798160538,5.867391798160538,5.867391798160538,5.867391798160538,5.867391798160538
CLP,1680,nnls_intermedia_legacy,0.024547762921091187,False,False,0.024547762921091187,7.518757837064349e-05,0.25508366530477333,4.791452879209306,4.791452879209306,4.791452879209306,4.791452879209306,4.791452879209306
CLP,1680,nnls_nonneg,0.032480751858793046,False,True,0.032480751858793046,7.518757837064349e-05,0.3377711580068085,5.0707317412111195,5.0707317412111195,5.0707317412111195,5.0707317412111195,5.0707317412111195
CLP,1700,nnls_original_legacy,0.11903302169672407,False,False,0.11903302169672407,2.3607844218949165e-05,1.2405452124553222,7.525775518095845,7.525775518095845,7.525775518095845,7.525775518095845,7.525775518095845
CLP,1700,nnls_intermedia_legacy,0.06031090697425267,False,False,0.06031090697425267,2.3607844218949165e-05,0.6284302887191386,6.846080641641984,6.846080641641984,6.846080641641984,6.846080641641984,6.846080641641984
CLP,1700,nnls_nonneg,0.03128933223215108,False,True,0.03128933223215108,2.3607844218949165e-05,0.32591156823498946,6.190207957592987,6.190207957592987,6.190207957592987,6.190207957592987,6.190207957592987
CLP,1720,nnls_original_legacy,0.07401709845140611,False,False,0.07401709845140611,0.0003267982355337336,0.7682328184169951,4.4271236141041745,4.4271236141041745,4.4271236141041745,4.4271236141041745,4.4271236141041745
CLP,1720,nnls_intermedia_legacy,0.023570969295455328,False,False,0.023570969295455328,0.0003267982355337336,0.2423240914044215,3.2922925931634976,3.2922925931634976,3.2922925931634976,3.2922925931634976,3.2922925931634976
CLP,1720,nnls_nonneg,0.030979237358553947,False,True,0.030979237358553947,0.0003267982355337336,0.3195564359196499,3.5622784765550692,3.5622784765550692,3.5622784765550692,3.5622784765550692,3.5622784765550692
CLP,1740,nnls_original_legacy,-0.00788699832259324,True,False,1e-12,2.984564874134297e-05,0.0003111616101983828,29845630.529793352,298442.8810339993,2975.5636648899053,25.449609682939236,298442.8810339993
CLP,1740,nnls_intermedia_legacy,0.05533862327813318,False,False,0.05533862327813318,2.984564874134297e-05,0.5766324274284775,6.5257266447429965,6.5257266447429965,6.5257266447429965,6.5257266447429965,6.5257266447429965
CLP,1740,nnls_nonneg,0.03147462374255077,False,True,0.03147462374255077,2.984564874134297e-05,0.327833654970301,5.961846091083155,5.961846091083155,5.961846091083155,5.961846091083155,5.961846091083155
CLP,1760,nnls_original_legacy,-0.18443940074582935,True,False,1e-12,3.900696116681162e-05,0.0004066768247939344,39006942.687560946,390055.73758762254,3891.427206373515,34.34322104515297,390055.73758762254
CLP,1760,nnls_intermedia_legacy,0.10459724481572873,False,False,0.10459724481572873,3.900696116681162e-05,1.090098074674396,6.8945052937352544,6.8945052937352544,6.8945052937352544,6.8945052937352544,6.8945052937352544
CLP,1760,nnls_nonneg,0.0363596641574135,False,True,0.0363596641574135,3.900696116681162e-05,0.37867010092127135,5.838547998616376,5.838547998616376,5.838547998616376,5.838547998616376,5.838547998616376
CLP,1780,nnls_original_legacy,0.0953929900539248,False,False,0.0953929900539248,7.942292680498652e-06,0.9945694988622401,8.393641649608533,8.393641649608533,8.393641649608533,8.393641649608533,8.393641649608533
CLP,1780,nnls_intermedia_legacy,0.038866700096118534,False,False,0.038866700096118534,7.942292680498652e-06,0.4051760331631076,7.495895487042157,7.495895487042157,7.495895487042157,7.495895487042157,7.495895487042157
CLP,1780,nnls_nonneg,0.031348870365212965,False,True,0.031348870365212965,7.942292680498652e-06,0.3267884417796668,7.280984879931452,7.280984879931452,7.280984879931452,7.280984879931452,7.280984879931452
CLP,1800,nnls_original_legacy,0.17665098395554144,False,False,0.17665098395554144,2.338037177592061e-05,1.8417443623901733,7.930166718964653,7.930166718964653,7.930166718964653,7.930166718964653,7.930166718964653
CLP,1800,nnls_intermedia_legacy,0.08231995294964614,False,False,0.08231995294964614,2.338037177592061e-05,0.8581288853723512,7.166755959869089,7.166755959869089,7.166755959869089,7.166755959869089,7.166755959869089
CLP,1800,nnls_nonneg,0.035594963636200114,False,True,0.035594963636200114,2.338037177592061e-05,0.37091463400552815,6.3287194235112,6.3287194235112,6.3287194235112,6.3287194235112,6.3287194235112
CLP,1820,nnls_original_legacy,0.11863323145624549,False,False,0.11863323145624549,7.258664000966731e-06,1.2370139211388766,8.70165731983301,8.70165731983301,8.70165731983301,8.70165731983301,8.70165731983301
CLP,1820,nnls_intermedia_legacy,0.05324221977153027,False,False,0.05324221977153027,7.258664000966731e-06,0.5551262209384021,7.900547508181084,7.900547508181084,7.900547508181084,7.900547508181084,7.900547508181084
CLP,1820,nnls_nonneg,0.03203883760273383,False,True,0.03203883760273383,7.258664000966731e-06,0.3340205195422589,7.392734889243766,7.392734889243766,7.392734889243766,7.392734889243766,7.392734889243766
CLP,1840,nnls_original_legacy,0.03473923732102635,False,False,0.03473923732102635,5.131265932176087e-05,0.3617219196585793,5.519164674268878,5.519164674268878,5.519164674268878,5.519164674268878,5.519164674268878
CLP,1840,nnls_intermedia_legacy,0.0071242464355316,False,False,0.0071242464355316,5.131265932176087e-05,0.07375578700945276,3.940524282482854,3.940524282482854,3.940524282482854,3.940524282482854,3.940524282482854
CLP,1840,nnls_nonneg,0.03173321872652914,False,True,0.03173321872652914,5.131265932176087e-05,0.33037548348128504,5.428798829814016,5.428798829814016,5.428798829814016,5.428798829814016,5.428798829814016
CLP,1860,nnls_original_legacy,0.05016080374633174,False,False,0.05016080374633174,2.951551954657891e-05,0.5227677233854469,6.438661405488362,6.438661405488362,6.438661405488362,6.438661405488362,6.438661405488362
CLP,1860,nnls_intermedia_legacy,0.016855255853221448,False,False,0.016855255853221448,2.951551954657891e-05,0.1754583670126039,5.34925271255312,5.34925271255312,5.34925271255312,5.34925271255312,5.34925271255312
CLP,1860,nnls_nonneg,0.03214053004406609,False,True,0.03214053004406609,2.951551954657891e-05,0.3348527945789152,5.9938752466394325,5.9938752466394325,5.9938752466394325,5.9938752466394325,5.9938752466394325
CLP,1880,nnls_original_legacy,0.07620381032879803,False,False,0.07620381032879803,9.982506333069342e-05,0.793676342336845,5.639057432070054,5.639057432070054,5.639057432070054,5.639057432070054,5.639057432070054
CLP,1880,nnls_intermedia_legacy,0.024532818580818308,False,False,0.024532818580818308,9.982506333069342e-05,0.2548077982993436,4.508416788463787,4.508416788463787,4.508416788463787,4.508416788463787,4.508416788463787
CLP,1880,nnls_nonneg,0.031910125906560345,False,True,0.031910125906560345,9.982506333069342e-05,0.3317445615209483,4.77038769689403,4.77038769689403,4.77038769689403,4.77038769689403,4.77038769689403
CLP,1900,nnls_original_legacy,7.206799786183308e-05,False,False,7.206799786183308e-05,2.1960894562506492e-06,0.6983343549585821,2.5214042930732625,2.5214042930732625,2.5214042930732625,2.5214042930732625,2.5214042930732625
CLP,1900,nnls_intermedia_legacy,6.651259151627279e-05,False,False,6.651259151627279e-05,2.1960894562506492e-06,0.6428108807128192,2.4437306668665197,2.4437306668665197,2.4437306668665197,2.4437306668665197,2.4437306668665197
CLP,1900,nnls_nonneg,6.215765429831886e-05,False,True,6.215765429831886e-05,2.1960894562506492e-06,0.59928548771322,2.378326667742882,2.378326667742882,2.378326667742882,2.378326667742882,2.378326667742882
CLP,1920,nnls_original_legacy,5.600627462760024e-05,False,False,5.600627462760024e-05,0.00033639558071324373,3.0625999680351597,3.213566884060924,3.213566884060924,3.213566884060924,3.213566884060924,3.213566884060924
CLP,1920,nnls_intermedia_legacy,4.4661606803784315e-05,False,False,4.4661606803784315e-05,0.00033639558071324373,3.1865140352284915,4.512924017540476,4.512924017540476,4.512924017540476,4.512924017540476,4.512924017540476
CLP,1920,nnls_nonneg,5.3766109783124926e-05,False,True,5.3766109783124926e-05,0.00033639558071324373,3.0870685502249096,3.423002756981888,3.423002756981888,3.423002756981888,3.423002756981888,3.423002756981888
CLP,1940,nnls_original_legacy,0.00028937138922142567,False,False,0.00028937138922142567,2.0615920677716267e-05,2.917346553976937,1.7128911325734921,1.7128911325734921,1.7128911325734921,1.7128911325734921,1.7128911325734921
CLP,1940,nnls_intermedia_legacy,0.0002944548706880233,False,False,0.0002944548706880233,2.0615920677716267e-05,2.972527857706845,1.7290759803608577,1.7290759803608577,1.7290759803608577,1.7290759803608577,1.7290759803608577
CLP,1940,nnls_nonneg,0.00017490161137768642,False,True,0.00017490161137768642,2.0615920677716267e-05,1.6747745842362498,1.2560315002144313,1.2560315002144313,1.2560315002144313,1.2560315002144313,1.2560315002144313
CLP,1960,nnls_original_legacy,0.00010528707794744706,False,False,0.00010528707794744706,3.703355594420108e-05,0.7572646154739355,0.3966051281642444,0.3966051281642444,0.3966051281642444,0.3966051281642444,0.3966051281642444
CLP,1960,nnls_intermedia_legacy,0.00010162790068604733,False,False,0.00010162790068604733,3.703355594420108e-05,0.716666483971314,0.3738971248917353,0.3738971248917353,0.3738971248917353,0.3738971248917353,0.3738971248917353
CLP,1960,nnls_nonneg,8.31400716329713e-05,False,True,8.31400716329713e-05,3.703355594420108e-05,0.5115462447819042,0.2541380756228284,0.2541380756228284,0.2541380756228284,0.2541380756228284,0.2541380756228284
CLP,1980,nnls_original_legacy,5.040598789107089e-05,False,False,5.040598789107089e-05,9.50760653822591e-06,0.4462330023243832,0.8566383862780722,0.8566383862780722,0.8566383862780722,0.8566383862780722,0.8566383862780722
CLP,1980,nnls_intermedia_legacy,4.639781711451934e-05,False,False,4.639781711451934e-05,9.50760653822591e-06,0.40250075619907205,0.7900752002555729,0.7900752002555729,0.7900752002555729,0.7900752002555729,0.7900752002555729
CLP,1980,nnls_nonneg,5.029735206902636e-05,False,True,5.029735206902636e-05,9.50760653822591e-06,0.44504770140470423,0.8548882400796767,0.8548882400796767,0.8548882400796767,0.8548882400796767,0.8548882400796767
CLP,2000,nnls_original_legacy,6.775573994113494e-05,False,False,6.775573994113494e-05,3.5153168129431826e-07,0.7964589961536593,4.266552838581618,4.266552838581618,4.266552838581618,3.2306680757420514,4.266552838581618
CLP,2000,nnls_intermedia_legacy,5.3400781760727486e-05,False,False,5.3400781760727486e-05,3.5153168129431826e-07,0.6268384950401267,4.029863719575719,4.029863719575719,4.029863719575719,2.9965517031853532,4.029863719575719
CLP,2000,nnls_nonneg,5.110395238309846e-05,False,True,5.110395238309846e-05,3.5153168129431826e-07,0.5996987886676306,3.9861960375729337,3.9861960375729337,3.9861960375729337,2.9534297983875213,3.9861960375729337
CLP,2020,nnls_original_legacy,4.25254286059304e-05,False,False,4.25254286059304e-05,5.5303863112828085e-05,0.15776836456392146,0.037748712130652784,0.037748712130652784,0.037748712130652784,0.037748712130652784,0.037748712130652784
CLP,2020,nnls_intermedia_legacy,4.610977382567813e-05,False,False,4.610977382567813e-05,5.5303863112828085e-05,0.11351440817772568,0.017577848542743357,0.017577848542743357,0.017577848542743357,0.017577848542743357,0.017577848542743357
CLP,2020,nnls_nonneg,4.803471968747826e-05,False,True,4.803471968747826e-05,5.5303863112828085e-05,0.08974815102577466,0.010412339030155371,0.010412339030155371,0.010412339030155371,0.010412339030155371,0.010412339030155371
CLP,2040,nnls_original_legacy,2.664412019791184e-05,False,False,2.664412019791184e-05,2.050874071803353e-05,0.07943092124306594,0.031445900761030376,0.031445900761030376,0.031445900761030376,0.031445900761030376,0.031445900761030376
CLP,2040,nnls_intermedia_legacy,4.317445128289982e-05,False,False,4.317445128289982e-05,2.050874071803353e-05,0.29343878022549486,0.2194180411356519,0.2194180411356519,0.2194180411356519,0.2194180411356519,0.2194180411356519
CLP,2040,nnls_nonneg,4.378321907528211e-05,False,True,4.378321907528211e-05,2.050874071803353e-05,0.30132011612828924,0.22681499776730907,0.22681499776730907,0.22681499776730907,0.22681499776730907,0.22681499776730907
CLP,2060,nnls_original_legacy,6.078103381415375e-05,False,False,6.078103381415375e-05,5.39915992823455e-06,0.7290527640838229,1.509864106215308,1.509864106215308,1.509864106215308,1.509864106215308,1.509864106215308
CLP,2060,nnls_intermedia_legacy,5.8509702648971686e-05,False,False,5.8509702648971686e-05,5.39915992823455e-06,0.6991527237288011,1.475227252236711,1.475227252236711,1.475227252236711,1.475227252236711,1.475227252236711
CLP,2060,nnls_nonneg,5.326376400378548e-05,False,True,5.326376400378548e-05,5.39915992823455e-06,0.6300946402597342,1.39037935112079,1.39037935112079,1.39037935112079,1.39037935112079,1.39037935112079
CLP,2080,nnls_original_legacy,5.3150408362374986e-05,False,False,5.3150408362374986e-05,5.1101838850349125e-05,0.026830825626713954,0.0007624317058112506,0.0007624317058112506,0.0007624317058112506,0.0007624317058112506,0.0007624317058112506
CLP,2080,nnls_intermedia_legacy,5.195777078325622e-05,False,False,5.195777078325622e-05,5.1101838850349125e-05,0.011210437481057576,0.00013719873429574037,0.00013719873429574037,0.00013719873429574037,0.00013719873429574037,0.00013719873429574037
CLP,2080,nnls_nonneg,5.196836850527523e-05,False,True,5.196836850527523e-05,5.1101838850349125e-05,0.011349239523098737,0.00014057893353358608,0.00014057893353358608,0.00014057893353358608,0.00014057893353358608,0.00014057893353358608
CLP,2100,nnls_original_legacy,3.136916655884363e-05,False,False,3.136916655884363e-05,1.5615213008754344e-05,0.2106301698392842,0.19536840601803496,0.19536840601803496,0.19536840601803496,0.19536840601803496,0.19536840601803496
CLP,2100,nnls_intermedia_legacy,4.638262070794183e-05,False,False,4.638262070794183e-05,1.5615213008754344e-05,0.4113598715769751,0.42534006412206216,0.42534006412206216,0.42534006412206216,0.42534006412206216,0.42534006412206216
CLP,2100,nnls_nonneg,4.284687043954304e-05,False,True,4.284687043954304e-05,1.5615213008754344e-05,0.36408693293498506,0.373829298485449,0.373829298485449,0.373829298485449,0.373829298485449,0.373829298485449
CLP,2120,nnls_original_legacy,0.00010632158274154176,False,False,0.00010632158274154176,3.1433564648187916e-05,1.0486727729538223,0.5142381726778034,0.5142381726778034,0.5142381726778034,0.5142381726778034,0.5142381726778034
CLP,2120,nnls_intermedia_legacy,0.00011446073414525606,False,False,0.00011446073414525606,3.1433564648187916e-05,1.162647033313926,0.5669786973906854,0.5669786973906854,0.5669786973906854,0.5669786973906854,0.5669786973906854
CLP,2120,nnls_nonneg,7.846174431566212e-05,False,True,7.846174431566212e-05,3.1433564648187916e-05,0.6585455568791122,0.3153577246737407,0.3153577246737407,0.3153577246737407,0.3153577246737407,0.3153577246737407
CLP,2140,nnls_original_legacy,4.2829669373687805e-05,False,False,4.2829669373687805e-05,0.0003057083769747122,3.988992811718165,4.172370557239076,4.172370557239076,4.172370557239076,4.172370557239076,4.172370557239076
CLP,2140,nnls_intermedia_legacy,4.5759282807893105e-05,False,False,4.5759282807893105e-05,0.0003057083769747122,3.9445380628463225,3.7815578066467337,3.7815578066467337,3.7815578066467337,3.7815578066467337,3.7815578066467337
CLP,2140,nnls_nonneg,5.753808051567277e-05,False,True,5.753808051567277e-05,0.0003057083769747122,3.7658033915760796,2.6429640548439473,2.6429640548439473,2.6429640548439473,2.6429640548439473,2.6429640548439473
CLP,2160,nnls_original_legacy,7.39094225620384e-05,False,False,7.39094225620384e-05,6.001341021345805e-09,0.8125826970990919,8.418693853809918,8.418693853809918,7.908145810782592,3.316370398636349,8.418693853809918
CLP,2160,nnls_intermedia_legacy,0.0001939472821865838,False,False,0.0001939472821865838,6.001341021345805e-09,2.1324226465380782,9.383389655154414,9.383389655154414,8.872808127219635,4.27274242111308,9.383389655154414
CLP,2160,nnls_nonneg,0.00015265029001074756,False,True,0.00015265029001074756,6.001341021345805e-09,1.6783540698755148,9.14396126450115,9.14396126450115,8.63338531421892,4.034700540082522,9.14396126450115
CLP,2180,nnls_original_legacy,0.0006132227931461784,False,False,0.0006132227931461784,0.00016919421548619205,4.918794580091231,0.5635909187553585,0.5635909187553585,0.5635909187553585,0.5635909187553585,0.5635909187553585
CLP,2180,nnls_intermedia_legacy,0.0005362526450744614,False,False,0.0005362526450744614,0.00016919421548619205,4.06614597544693,0.4690702758921772,0.4690702758921772,0.4690702758921772,0.4690702758921772,0.4690702758921772
CLP,2180,nnls_nonneg,0.00012209114853170382,False,True,0.00012209114853170382,0.00016919421548619205,0.5217914388808265,0.05952309807820377,0.05952309807820377,0.05952309807820377,0.05952309807820377,0.05952309807820377
CLP,2200,nnls_original_legacy,0.00011531899149757367,False,False,0.00011531899149757367,0.000260287651740877,1.596088984728301,0.44302477981534305,0.44302477981534305,0.44302477981534305,0.44302477981534305,0.44302477981534305
CLP,2200,nnls_intermedia_legacy,7.852391023636569e-05,False,False,7.852391023636569e-05,0.000260287651740877,2.001198777387157,1.11637242091584,1.11637242091584,1.11637242091584,1.11637242091584,1.11637242091584
CLP,2200,nnls_nonneg,5.9365067182614694e-05,False,True,5.9365067182614694e-05,0.000260287651740877,2.2121355295576515,1.9064441011431064,1.9064441011431064,1.9064441011431064,1.9064441011431064,1.9064441011431064
CLP,2220,nnls_original_legacy,5.585724913281408e-05,False,False,5.585724913281408e-05,3.615240248555751e-05,0.21563896527831625,0.08228438894604984,0.08228438894604984,0.08228438894604984,0.08228438894604984,0.08228438894604984
CLP,2220,nnls_intermedia_legacy,2.918617445218782e-05,False,False,2.918617445218782e-05,3.615240248555751e-05,0.0762345544677347,0.02463417830201675,0.02463417830201675,0.02463417830201675,0.02463417830201675,0.02463417830201675
CLP,2220,nnls_nonneg,3.103537843262746e-05,False,True,3.103537843262746e-05,3.615240248555751e-05,0.05599788680576809,0.012261516029506758,0.012261516029506758,0.012261516029506758,0.012261516029506758,0.012261516029506758
CLP,2240,nnls_original_legacy,5.946858077657489e-06,False,False,5.946858077657489e-06,0.0011298109561862532,11.635894544540129,183.73757385775806,183.73757385775806,183.73757385775806,183.73757385775806,183.73757385775806
CLP,2240,nnls_intermedia_legacy,6.216472404035836e-05,False,False,6.216472404035836e-05,0.0011298109561862532,11.053844489767517,14.274452807651887,14.274452807651887,14.274452807651887,14.274452807651887,14.274452807651887
CLP,2240,nnls_nonneg,3.526550979438927e-05,False,True,3.526550979438927e-05,0.0011298109561862532,11.332344729097029,27.570378252300262,27.570378252300262,27.570378252300262,27.570378252300262,27.570378252300262
CLP,2260,nnls_original_legacy,1.5253797385981596e-05,False,False,1.5253797385981596e-05,2.1772453724831524e-07,0.15189391777239933,3.2636265513895246,3.2636265513895246,3.2636265513895246,1.7903859270758313,3.2636265513895246
CLP,2260,nnls_intermedia_legacy,1.0097802712278918e-05,False,False,1.0097802712278918e-05,2.1772453724831524e-07,0.09980822765363262,2.8584040284069347,2.8584040284069347,2.8584040284069347,1.4113492925412872,2.8584040284069347
CLP,2260,nnls_nonneg,2.5431139258654898e-05,False,True,2.5431139258654898e-05,2.1772453724831524e-07,0.25470509360942434,3.769060320382673,3.769060320382673,3.769060320382673,2.2752962501124987,3.769060320382673
CLP,2280,nnls_original_legacy,-3.467420968993939e-05,True,False,1e-12,1.8840407769323965e-05,0.18442984087102512,18840390.017809495,188390.93134895494,1875.4996028336875,14.904403856602968,188390.93134895494
CLP,2280,nnls_intermedia_legacy,-1.9956218698794453e-05,True,False,1e-12,1.8840407769323965e-05,0.18442984087102512,18840390.017809495,188390.93134895494,1875.4996028336875,14.904403856602968,188390.93134895494
CLP,2280,nnls_nonneg,8.284736386164456e-05,False,True,8.284736386164456e-05,1.8840407769323965e-05,0.6265678268669865,0.708407083729444,0.708407083729444,0.708407083729444,0.708407083729444,0.708407083729444
CLP,2300,nnls_original_legacy,0.00022736166082547933,False,False,0.00022736166082547933,8.608457404583866e-06,2.0324976557463397,2.3116592267272096,2.3116592267272096,2.3116592267272096,2.3116592267272096,2.3116592267272096
CLP,2300,nnls_intermedia_legacy,0.0001831832960357337,False,False,0.0001831832960357337,8.608457404583866e-06,1.6220240194032953,2.1047358112241894,2.1047358112241894,2.1047358112241894,2.1047358112241894,2.1047358112241894
CLP,2300,nnls_nonneg,0.00013074358689887906,False,True,0.00013074358689887906,8.608457404583866e-06,1.1347919047557984,1.7863352058485735,1.7863352058485735,1.7863352058485735,1.7863352058485735,1.7863352058485735
CLP,2320,nnls_original_legacy,2.7910763513414275e-05,False,False,2.7910763513414275e-05,4.671450237008647e-06,0.21321424270423425,0.9549137592154333,0.9549137592154333,0.9549137592154333,0.9549137592154333,0.9549137592154333
CLP,2320,nnls_intermedia_legacy,4.678584927595483e-05,False,False,4.678584927595483e-05,4.671450237008647e-06,0.3863879104874162,1.4039587278111307,1.4039587278111307,1.4039587278111307,1.4039587278111307,1.4039587278111307
CLP,2320,nnls_nonneg,5.551219720702384e-05,False,True,5.551219720702384e-05,4.671450237008647e-06,0.46644972830307213,1.5592849799199415,1.5592849799199415,1.5592849799199415,1.5592849799199415,1.5592849799199415
CLP,2340,nnls_original_legacy,5.5316817655116917e-05,False,False,5.5316817655116917e-05,0.0001585426830106784,0.9304840743678745,0.813137797362063,0.813137797362063,0.813137797362063,0.813137797362063,0.813137797362063
CLP,2340,nnls_intermedia_legacy,2.980111235063572e-05,False,False,2.980111235063572e-05,0.0001585426830106784,1.160484155745778,2.6485475499373328,2.6485475499373328,2.6485475499373328,2.6485475499373328,2.6485475499373328
CLP,2340,nnls_nonneg,4.8457418660959904e-05,False,True,4.8457418660959904e-05,0.0001585426830106784,0.9923151038469047,1.0864554181625001,1.0864554181625001,1.0864554181625001,1.0864554181625001,1.0864554181625001
CLP,2360,nnls_original_legacy,1.3064061269417242e-05,False,False,1.3064061269417242e-05,3.596012632771411e-05,0.20951796739778955,0.7400536553263983,0.7400536553263983,0.7400536553263983,0.7400536553263983,0.7400536553263983
CLP,2360,nnls_intermedia_legacy,5.040033901137338e-05,False,False,5.040033901137338e-05,3.596012632771411e-05,0.13213991148997553,0.051076949632298696,0.051076949632298696,0.051076949632298696,0.051076949632298696,0.051076949632298696
CLP,2360,nnls_nonneg,7.56112611621687e-05,False,True,7.56112611621687e-05,3.596012632771411e-05,0.36284073941867895,0.2187867104536536,0.2187867104536536,0.2187867104536536,0.2187867104536536,0.2187867104536536
CLP,2380,nnls_original_legacy,1.704056282065218e-05,False,False,1.704056282065218e-05,8.362479957213754e-06,0.08004126351618937,0.202581178737536,0.202581178737536,0.202581178737536,0.202581178737536,0.202581178737536
CLP,2380,nnls_intermedia_legacy,4.137167293346962e-05,False,False,4.137167293346962e-05,8.362479957213754e-06,0.3044563592035571,0.8009719623031935,0.8009719623031935,0.8009719623031935,0.8009719623031935,0.8009719623031935
CLP,2380,nnls_nonneg,6.167652724620466e-05,False,True,6.167652724620466e-05,8.362479957213754e-06,0.4917357641457119,1.1337344989086882,1.1337344989086882,1.1337344989086882,1.1337344989086882,1.1337344989086882
CLP,2400,nnls_original_legacy,2.206747095068707e-05,False,False,2.206747095068707e-05,6.544261668554418e-05,0.40091347774967284,0.8785003484829363,0.8785003484829363,0.8785003484829363,0.8785003484829363,0.8785003484829363
CLP,2400,nnls_intermedia_legacy,5.439330628539012e-05,False,False,5.439330628539012e-05,6.544261668554418e-05,0.1021280132714691,0.01820474135789696,0.01820474135789696,0.01820474135789696,0.01820474135789696,0.01820474135789696
CLP,2400,nnls_nonneg,6.957102591296931e-05,False,True,6.957102591296931e-05,6.544261668554418e-05,0.03815860149631147,0.0018335809656424562,0.0018335809656424562,0.0018335809656424562,0.0018335809656424562,0.0018335809656424562
CLP,2420,nnls_original_legacy,8.574313684376804e-05,False,False,8.574313684376804e-05,3.05263237624717e-06,0.7569314865891588,2.3709538143312945,2.3709538143312945,2.3709538143312945,2.3709538143312945,2.3709538143312945
CLP,2420,nnls_intermedia_legacy,0.0001550579542676797,False,False,0.0001550579542676797,3.05263237624717e-06,1.3914247471296766,2.94748169444552,2.94748169444552,2.94748169444552,2.94748169444552,2.94748169444552
CLP,2420,nnls_nonneg,9.220480688687494e-05,False,True,9.220480688687494e-05,3.05263237624717e-06,0.8160802551578478,2.4411150570416744,2.4411150570416744,2.4411150570416744,2.4411150570416744,2.4411150570416744
CLP,2440,nnls_original_legacy,1.777357953106028e-05,False,False,1.777357953106028e-05,7.69262746969832e-05,0.5428782969235488,1.8629906113123784,1.8629906113123784,1.8629906113123784,1.8629906113123784,1.8629906113123784
CLP,2440,nnls_intermedia_legacy,2.506592772124247e-05,False,False,2.506592772124247e-05,7.69262746969832e-05,0.4759522244097764,0.9476197830038386,0.9476197830038386,0.9476197830038386,0.9476197830038386,0.9476197830038386
CLP,2440,nnls_nonneg,2.486334861023296e-05,False,True,2.486334861023296e-05,7.69262746969832e-05,0.4778114093965069,0.9645100443390908,0.9645100443390908,0.9645100443390908,0.9645100443390908,0.9645100443390908
CLP,2460,nnls_original_legacy,3.6550612768208164e-05,False,False,3.6550612768208164e-05,1.8571403843768728e-06,0.2989059427834534,2.0304701769305242,2.0304701769305242,2.0304701769305242,2.0304701769305242,2.0304701769305242
CLP,2460,nnls_intermedia_legacy,3.186377756100835e-05,False,False,3.186377756100835e-05,1.8571403843768728e-06,0.2585259289070783,1.9007157361359583,1.9007157361359583,1.9007157361359583,1.9007157361359583,1.9007157361359583
CLP,2460,nnls_nonneg,4.561926169340987e-05,False,True,4.561926169340987e-05,1.8571403843768728e-06,0.3770380198142571,2.2420017228415055,2.2420017228415055,2.2420017228415055,2.2420017228415055,2.2420017228415055
CLP,2480,nnls_original_legacy,0.00033289864819845025,False,False,0.00033289864819845025,1.9135669420047073e-06,2.9046315630325523,4.164617271347533,4.164617271347533,4.164617271347533,4.164617271347533,4.164617271347533
CLP,2480,nnls_intermedia_legacy,0.00031213825369294165,False,False,0.00031213825369294165,1.9135669420047073e-06,2.7224442060894556,4.100607711957681,4.100607711957681,4.100607711957681,4.100607711957681,4.100607711957681
CLP,2480,nnls_nonneg,0.00015258178579857418,False,True,0.00015258178579857418,1.9135669420047073e-06,1.3222217218231964,3.391272997342612,3.391272997342612,3.391272997342612,3.391272997342612,3.391272997342612
CLP,2500,nnls_original_legacy,0.0001371897330351794,False,False,0.0001371897330351794,2.6799049636401005e-06,1.1705418753805723,2.9551178446254456,2.9551178446254456,2.9551178446254456,2.9551178446254456,2.9551178446254456
CLP,2500,nnls_intermedia_legacy,8.696227050776866e-05,False,False,8.696227050776866e-05,2.6799049636401005e-06,0.7334485490016744,2.5105098894541062,2.5105098894541062,2.5105098894541062,2.5105098894541062,2.5105098894541062
CLP,2500,nnls_nonneg,9.28015658580348e-05,False,True,9.28015658580348e-05,2.6799049636401005e-06,0.7842637186305159,2.5735599795317663,2.5735599795317663,2.5735599795317663,2.5735599795317663,2.5735599795317663
CLP,2520,nnls_original_legacy,0.00023294911081131678,False,False,0.00023294911081131678,0.00013714661016925116,0.8219576279148026,0.1185101671208435,0.1185101671208435,0.1185101671208435,0.1185101671208435,0.1185101671208435
CLP,2520,nnls_intermedia_legacy,0.00019311781124716667,False,False,0.00019311781124716667,0.00013714661016925116,0.48021664738618797,0.052420617477960896,0.052420617477960896,0.052420617477960896,0.052420617477960896,0.052420617477960896
CLP,2520,nnls_nonneg,8.722425964625166e-05,False,True,8.722425964625166e-05,0.00013714661016925116,0.4283192666246382,0.11977678778495071,0.11977678778495071,0.11977678778495071,0.11977678778495071,0.11977678778495071
CLP,2540,nnls_original_legacy,7.358186380136157e-05,False,False,7.358186380136157e-05,0.0001473732341586634,0.6213862288625797,0.30827746087702934,0.30827746087702934,0.30827746087702934,0.30827746087702934,0.30827746087702934
CLP,2540,nnls_intermedia_legacy,5.622276872964667e-05,False,False,5.622276872964667e-05,0.0001473732341586634,0.7675646040689231,0.657591014016091,0.657591014016091,0.657591014016091,0.657591014016091,0.657591014016091
CLP,2540,nnls_nonneg,5.2772136984840614e-05,False,True,5.2772136984840614e-05,0.0001473732341586634,0.7966218642433355,0.7656484005693429,0.7656484005693429,0.7656484005693429,0.7656484005693429,0.7656484005693429
CLP,2560,nnls_original_legacy,0.00033451145210970906,False,False,0.00033451145210970906,2.164799980310137e-06,2.7645027281984964,4.046814673402287,4.046814673402287,4.046814673402287,4.046814673402287,4.046814673402287
CLP,2560,nnls_intermedia_legacy,0.00028739197748224506,False,False,0.00028739197748224506,2.164799980310137e-06,2.372556802688807,3.896051659075499,3.896051659075499,3.896051659075499,3.896051659075499,3.896051659075499
CLP,2560,nnls_nonneg,0.00011726129255320062,False,True,0.00011726129255320062,2.164799980310137e-06,0.9573876122571827,3.0105380798990886,3.0105380798990886,3.0105380798990886,3.0105380798990886,3.0105380798990886
CLP,2580,nnls_original_legacy,8.986466015665266e-05,False,False,8.986466015665266e-05,1.0432717804727528e-05,0.652144759790006,1.2694516172930204,1.2694516172930204,1.2694516172930204,1.2694516172930204,1.2694516172930204
CLP,2580,nnls_intermedia_legacy,9.390333026734922e-05,False,False,9.390333026734922e-05,1.0432717804727528e-05,0.685302674241376,1.308419656560298,1.308419656560298,1.308419656560298,1.308419656560298,1.308419656560298
CLP,2580,nnls_nonneg,8.686028587775603e-05,False,True,8.686028587775603e-05,1.0432717804727528e-05,0.6274785249678781,1.2394632886382015,1.2394632886382015,1.2394632886382015,1.2394632886382015,1.2394632886382015
CLP,2600,nnls_original_legacy,2.302144735347296e-05,False,False,2.302144735347296e-05,0.00019058340068630768,1.3792340740737115,5.164851527228509,5.164851527228509,5.164851527228509,5.164851527228509,5.164851527228509
CLP,2600,nnls_intermedia_legacy,3.70018595095477e-05,False,False,3.70018595095477e-05,0.00019058340068630768,1.2641586620739986,2.51152213602372,2.51152213602372,2.51152213602372,2.51152213602372,2.51152213602372
CLP,2600,nnls_nonneg,5.748296016134378e-05,False,True,5.748296016134378e-05,0.00019058340068630768,1.0955748557168365,1.1168751111397723,1.1168751111397723,1.1168751111397723,1.1168751111397723,1.1168751111397723
CLP,2620,nnls_original_legacy,2.9960802549430942e-05,False,False,2.9960802549430942e-05,1.8699631561294525e-05,0.09267005802112224,0.09552266200482573,0.09552266200482573,0.09552266200482573,0.09552266200482573,0.09552266200482573
CLP,2620,nnls_intermedia_legacy,2.8439638912104456e-05,False,False,2.8439638912104456e-05,1.8699631561294525e-05,0.08015214823366107,0.07680009377549313,0.07680009377549313,0.07680009377549313,0.07680009377549313,0.07680009377549313
CLP,2620,nnls_nonneg,9.109866398871683e-05,False,True,9.109866398871683e-05,1.8699631561294525e-05,0.5957837371256032,0.7887072189937983,0.7887072189937983,0.7887072189937983,0.7887072189937983,0.7887072189937983
CLP,2640,nnls_original_legacy,0.00018688482217244754,False,False,0.00018688482217244754,0.0,1.5655790585592737,18.046003066199,13.440833409948953,8.83571619776518,4.235843392209013,13.440833409948953
CLP,2640,nnls_intermedia_legacy,0.00011897787926767078,False,False,0.00011897787926767078,0.0,0.9967062816978225,17.59444815369435,12.989278799793707,8.384191822550475,3.7873425110484114,12.989278799793707
CLP,2640,nnls_nonneg,7.134506392014118e-05,False,True,7.134506392014118e-05,0.0,0.5976747426919362,17.083038732293012,12.477869933927197,7.872838510166737,3.2815445469416966,12.477869933927197
CLP,2660,nnls_original_legacy,5.458501598293299e-05,False,False,5.458501598293299e-05,9.174566406246816e-05,0.4098065846093877,0.16152396457279128,0.16152396457279128,0.16152396457279128,0.16152396457279128,0.16152396457279128
CLP,2660,nnls_intermedia_legacy,5.2376720120995246e-05,False,False,5.2376720120995246e-05,9.174566406246816e-05,0.43415960942883725,0.1910916538135461,0.1910916538135461,0.1910916538135461,0.1910916538135461,0.1910916538135461
CLP,2660,nnls_nonneg,5.240551980159072e-05,False,True,5.240551980159072e-05,9.174566406246816e-05,0.43384200735910444,0.1906787325439292,0.1906787325439292,0.1906787325439292,0.1906787325439292,0.1906787325439292
CLP,2680,nnls_original_legacy,7.379488544105936e-05,False,False,7.379488544105936e-05,0.0008877876414154304,8.719124655371338,8.543033439720691,8.543033439720691,8.543033439720691,8.543033439720691,8.543033439720691
CLP,2680,nnls_intermedia_legacy,7.525680594575734e-05,False,False,7.525680594575734e-05,0.0008877876414154304,8.703465219801243,8.32894922998613,8.32894922998613,8.32894922998613,8.32894922998613,8.32894922998613
CLP,2680,nnls_nonneg,7.731553049711251e-05,False,True,7.731553049711251e-05,0.0008877876414154304,8.681413087441843,8.041818291855522,8.041818291855522,8.041818291855522,8.041818291855522,8.041818291855522
CLP,2700,nnls_original_legacy,5.522842144015567e-05,False,False,5.522842144015567e-05,5.518813560077563e-08,0.5518130937377197,5.909484256068542,5.909484256068542,5.909484256068542,3.029584321211276,5.909484256068542
CLP,2700,nnls_intermedia_legacy,6.42897180649333e-05,False,False,6.42897180649333e-05,5.518813560077563e-08,0.6424393236016291,6.061265424994719,6.061265424994719,6.061265424994719,3.178954299579922,6.061265424994719
CLP,2700,nnls_nonneg,6.423871267631578e-05,False,True,6.423871267631578e-05,5.518813560077563e-08,0.6419291950555103,6.060472423957796,6.060472423957796,6.060472423957796,3.1781729672584307,6.060472423957796
CLP,2720,nnls_original_legacy,7.672287132420941e-05,False,False,7.672287132420941e-05,4.829362499229319e-05,0.2790098533167552,0.09235568300041908,0.09235568300041908,0.09235568300041908,0.09235568300041908,0.09235568300041908
CLP,2720,nnls_intermedia_legacy,6.940082786251714e-05,False,False,6.940082786251714e-05,4.829362499229319e-05,0.2071499718280162,0.05846449017734279,0.05846449017734279,0.05846449017734279,0.05846449017734279,0.05846449017734279
CLP,2720,nnls_nonneg,6.962067075493014e-05,False,True,6.962067075493014e-05,4.829362499229319e-05,0.209307550416233,0.05942986001200312,0.05942986001200312,0.05942986001200312,0.05942986001200312,0.05942986001200312
CLP,2740,nnls_original_legacy,0.00022948998809584807,False,False,0.00022948998809584807,8.283594315533298e-05,1.481872629974306,0.3799540158805703,0.3799540158805703,0.3799540158805703,0.3799540158805703,0.3799540158805703
CLP,2740,nnls_intermedia_legacy,0.0002152937201723962,False,False,0.0002152937201723962,8.283594315533298e-05,1.3384257793124068,0.3398989962201109,0.3398989962201109,0.3398989962201109,0.3398989962201109,0.3398989962201109
CLP,2740,nnls_nonneg,0.00026257355666730155,False,True,0.00026257355666730155,8.283594315533298e-05,1.8161670900268774,0.46914629142026154,0.46914629142026154,0.46914629142026154,0.46914629142026154,0.46914629142026154
CLP,2760,nnls_original_legacy,0.0001037812591143076,False,False,0.0001037812591143076,5.370696390963635e-07,1.0292882439272244,4.269087933177235,4.269087933177235,4.269087933177235,3.6519210574651613,4.269087933177235
CLP,2760,nnls_intermedia_legacy,9.620407121392975e-05,False,False,9.620407121392975e-05,5.370696390963635e-07,0.9537478143153568,4.193681796448365,4.193681796448365,4.193681796448365,3.5768662475808553,4.193681796448365
CLP,2760,nnls_nonneg,8.666752065463924e-05,False,True,8.666752065463924e-05,5.370696390963635e-07,0.8586736079296106,4.089903603455562,4.089903603455562,4.089903603455562,3.4736175438492056,4.089903603455562
CLP,2780,nnls_original_legacy,0.00011513362264185975,False,False,0.00011513362264185975,8.304288212029689e-05,0.3209897656036099,0.048010207688571116,0.048010207688571116,0.048010207688571116,0.048010207688571116,0.048010207688571116
CLP,2780,nnls_intermedia_legacy,0.00011720887902617618,False,False,0.00011720887902617618,8.304288212029689e-05,0.3417476555601077,0.05310384619503594,0.05310384619503594,0.05310384619503594,0.05310384619503594,0.05310384619503594
CLP,2780,nnls_nonneg,0.00010103288295811269,False,True,0.00010103288295811269,8.304288212029689e-05,0.1799461794363731,0.018028063044843945,0.018028063044843945,0.018028063044843945,0.018028063044843945,0.018028063044843945
CLP,2800,nnls_original_legacy,6.591652207039192e-05,False,False,6.591652207039192e-05,5.222999878664939e-05,0.14266586195520553,0.025097920962530607,0.025097920962530607,0.025097920962530607,0.025097920962530607,0.025097920962530607
CLP,2800,nnls_intermedia_legacy,6.104578750343796e-05,False,False,6.104578750343796e-05,5.222999878664939e-05,0.09189419913452991,0.011554450023925078,0.011554450023925078,0.011554450023925078,0.011554450023925078,0.011554450023925078
CLP,2800,nnls_nonneg,5.811803723152886e-05,False,True,5.811803723152886e-05,5.222999878664939e-05,0.06137585583637109,0.005507325714179334,0.005507325714179334,0.005507325714179334,0.005507325714179334,0.005507325714179334
CLP,2820,nnls_original_legacy,9.458488837425349e-05,False,False,9.458488837425349e-05,5.975185950453935e-05,0.35858916212030556,0.0910247446406196,0.0910247446406196,0.0910247446406196,0.0910247446406196,0.0910247446406196
CLP,2820,nnls_intermedia_legacy,0.00011227954110696766,False,False,0.00011227954110696766,5.975185950453935e-05,0.5407470422508663,0.16296185246878436,0.16296185246878436,0.16296185246878436,0.16296185246878436,0.16296185246878436
CLP,2820,nnls_nonneg,9.682694248420187e-05,False,True,9.682694248420187e-05,5.975185950453935e-05,0.3816700233259701,0.09982449293244344,0.09982449293244344,0.09982449293244344,0.09982449293244344,0.09982449293244344
CLP,2840,nnls_original_legacy,0.0003690202925939651,False,False,0.0003690202925939651,9.083606196712671e-11,3.5958585688898648,14.217306075137886,14.121192278972012,9.516048920776859,4.913561514082668,14.121192278972012
CLP,2840,nnls_intermedia_legacy,0.00037160334721473616,False,False,0.00037160334721473616,9.083606196712671e-11,3.6210287331458146,14.224281451892573,14.12816765555408,9.523024110876069,4.920518055896001,14.12816765555408
CLP,2840,nnls_nonneg,0.0003556533431380186,False,True,0.0003556533431380186,9.083606196712671e-11,3.465606459351925,14.180410949595517,14.084297154362977,9.479154804469193,4.876768227911748,14.084297154362977
CLP,2860,nnls_original_legacy,-1.8585078604281374e-05,True,False,1e-12,3.576398703865828e-05,0.20579861738971097,35763968.64620629,357626.0831047724,3567.2165922413797,31.187045600198367,357626.0831047724
CLP,2860,nnls_intermedia_legacy,0.0004881083367148639,False,False,0.0004881083367148639,3.576398703865828e-05,2.6029492810668677,1.6868665367263422,1.6868665367263422,1.6868665367263422,1.6868665367263422,1.6868665367263422
CLP,2860,nnls_nonneg,0.0003154003072751871,False,True,0.0003154003072751871,3.576398703865828e-05,1.6091262314669854,1.2902935761801029,1.2902935761801029,1.2902935761801029,1.2902935761801029,1.2902935761801029
CLP,2880,nnls_original_legacy,-0.00017372041802196859,True,False,1e-12,6.256546014499383e-05,0.3373198907856297,62565441.1932699,625640.2548961954,6246.8046309424335,57.42924677403281,625640.2548961954
CLP,2880,nnls_intermedia_legacy,8.356333924706973e-05,False,False,8.356333924706973e-05,6.256546014499383e-05,0.11320946704838246,0.0381105313520822,0.0381105313520822,0.0381105313520822,0.0381105313520822,0.0381105313520822
CLP,2880,nnls_nonneg,0.00017401906587714936,False,True,0.00017401906587714936,6.256546014499383e-05,0.6008989405177815,0.3824837109007633,0.3824837109007633,0.3824837109007633,0.3824837109007633,0.3824837109007633
CLP,2900,nnls_original_legacy,0.00022277554545683682,False,False,0.00022277554545683682,2.5594408602201103e-08,1.1324097173712766,8.071660996060832,8.071660996060832,8.071660996060832,4.410653564995629,8.071660996060832
CLP,2900,nnls_intermedia_legacy,0.00015603101628466464,False,False,0.00015603101628466464,2.5594408602201103e-08,0.7930958227542054,7.7156002092617,7.7156002092617,7.7156002092617,4.056463791986031,7.7156002092617
CLP,2900,nnls_nonneg,0.00015226625929088092,False,True,0.00015226625929088092,2.5594408602201103e-08,0.7739566607331149,7.691180149412098,7.691180149412098,7.691180149412098,4.0321981373997415,7.691180149412098
CLP,2920,nnls_original_legacy,0.00010293976814345768,False,False,0.00010293976814345768,0.00011570492105140365,0.06369492979561445,0.0071069147723821224,0.0071069147723821224,0.0071069147723821224,0.0071069147723821224,0.0071069147723821224
CLP,2920,nnls_intermedia_legacy,1.620885983412767e-05,False,False,1.620885983412767e-05,0.00011570492105140365,0.49646053438417437,4.172889905998796,4.172889905998796,4.172889905998796,4.172889905998796,4.172889905998796
CLP,2920,nnls_nonneg,2.245729453515431e-05,False,True,2.245729453515431e-05,0.00011570492105140365,0.46528240338296767,2.512792274413508,2.512792274413508,2.512792274413508,2.512792274413508,2.512792274413508
CLP,2940,nnls_original_legacy,-3.579969923827833e-05,True,False,1e-12,0.0002017020902565386,0.9785124190598175,201702070.13423625,2017005.3854332059,20159.29706365977,195.39529844843662,2017005.3854332059
CLP,2940,nnls_intermedia_legacy,0.00019470353369585371,False,False,0.00019470353369585371,0.0002017020902565386,0.03395192650390816,0.0006309353336722001,0.0006309353336722001,0.0006309353336722001,0.0006309353336722001,0.0006309353336722001
CLP,2940,nnls_nonneg,0.00019224779747993524,False,True,0.00019224779747993524,0.0002017020902565386,0.04586537962711763,0.0011709826434855852,0.0011709826434855852,0.0011709826434855852,0.0011709826434855852,0.0011709826434855852
CLP,2960,nnls_original_legacy,4.9857879476341356e-05,False,False,4.9857879476341356e-05,0.0,0.2404158411498262,16.72468712565636,12.119518925312283,7.5145473037257275,2.929233557891087,12.119518925312283
CLP,2960,nnls_intermedia_legacy,0.00014898650800084583,False,False,0.00014898650800084583,0.0,0.7184163670257059,17.81936631619193,13.214196794693535,8.609093057675443,4.010567768686979,13.214196794693535
CLP,2960,nnls_nonneg,0.00011627715181539603,False,True,0.00011627715181539603,0.0,0.560691099457402,17.571487147763463,12.966317813189416,8.36123276860568,3.7645767230531195,12.966317813189416
CLP,2980,nnls_original_legacy,0.00012192054864014362,False,False,0.00012192054864014362,0.00044419951148712327,1.5342444380922873,1.3504480817195939,1.3504480817195939,1.3504480817195939,1.3504480817195939,1.3504480817195939
CLP,2980,nnls_intermedia_legacy,3.407170596713386e-05,False,False,3.407170596713386e-05,0.00044419951148712327,1.9524585128592615,9.469389571528104,9.469389571528104,9.469389571528104,9.469389571528104,9.469389571528104
CLP,2980,nnls_nonneg,4.4925465898764596e-05,False,True,4.4925465898764596e-05,0.00044419951148712327,1.9007879953039473,6.596208007059904,6.596208007059904,6.596208007059904,6.596208007059904,6.596208007059904
CLP,3000,nnls_original_legacy,9.038521123766622e-05,False,False,9.038521123766622e-05,0.0018294248567992325,8.085976779154699,16.232635542568076,16.232635542568076,16.232635542568076,16.232635542568076,16.232635542568076
CLP,3000,nnls_intermedia_legacy,4.324490030564535e-05,False,False,4.324490030564535e-05,0.0018294248567992325,8.305164110812894,37.55895115292006,37.55895115292006,37.55895115292006,37.55895115292006,37.55895115292006
CLP,3000,nnls_nonneg,4.4349248458248386e-05,False,True,4.4349248458248386e-05,0.0018294248567992325,8.300029245980548,36.53075279166927,36.53075279166927,36.53075279166927,36.53075279166927,36.53075279166927
CLP,3020,nnls_original_legacy,-2.940494857803033e-05,True,False,1e-12,5.989735632920292e-05,0.25898986181546046,59897337.421059996,598959.2603192878,5980.037830364894,54.80472395979333,598959.2603192878
CLP,3020,nnls_intermedia_legacy,0.00024303298465279855,False,False,0.00024303298465279855,5.989735632920292e-05,0.7918591866424354,0.6470225283387003,0.6470225283387003,0.6470225283387003,0.6470225283387003,0.6470225283387003
CLP,3020,nnls_nonneg,0.0002398900535086815,False,True,0.0002398900535086815,5.989735632920292e-05,0.7782694830864667,0.6372350406957419,0.6372350406957419,0.6372350406957419,0.6372350406957419,0.6372350406957419
CLP,3040,nnls_original_legacy,0.00011145351991010804,False,False,0.00011145351991010804,0.0002061134570699324,0.41213391647453984,0.2345029587534957,0.2345029587534957,0.2345029587534957,0.2345029587534957,0.2345029587534957
CLP,3040,nnls_intermedia_legacy,1.2576208531292336e-05,False,False,1.2576208531292336e-05,0.0002061134570699324,0.8426295919599376,12.592537115974629,12.592537115974629,12.592537115974629,12.592537115974629,12.592537115974629
CLP,3040,nnls_nonneg,3.279940143133287e-05,False,True,3.279940143133287e-05,0.0002061134570699324,0.7545811108010971,3.446045026536167,3.446045026536167,3.446045026536167,3.446045026536167,3.446045026536167
CLP,3060,nnls_original_legacy,4.8005667233938516e-05,False,False,4.8005667233938516e-05,1.030850670025731e-06,0.20382453775159765,2.8624082370073345,2.8624082370073345,2.8624082370073345,2.8624082370073345,2.8624082370073345
CLP,3060,nnls_intermedia_legacy,0.00012490225988105212,False,False,0.00012490225988105212,1.030850670025731e-06,0.537480177037511,3.8054004146389664,3.8054004146389664,3.8054004146389664,3.8054004146389664,3.8054004146389664
CLP,3060,nnls_nonneg,0.00013502446328478838,False,True,0.00013502446328478838,1.030850670025731e-06,0.5814005918620611,3.882706164367084,3.882706164367084,3.882706164367084,3.882706164367084,3.882706164367084
CLP,3080,nnls_original_legacy,9.68235180231165e-05,False,False,9.68235180231165e-05,0.0003495487973914917,1.0950365409339102,1.32641093575876,1.32641093575876,1.32641093575876,1.32641093575876,1.32641093575876
CLP,3080,nnls_intermedia_legacy,8.563011216283374e-05,False,False,8.563011216283374e-05,0.0003495487973914917,1.1435365899402747,1.6754718309891619,1.6754718309891619,1.6754718309891619,1.6754718309891619,1.6754718309891619
CLP,3080,nnls_nonneg,7.88354666677874e-05,False,True,7.88354666677874e-05,0.0003495487973914917,1.172977194846769,1.9446226203254398,1.9446226203254398,1.9446226203254398,1.9446226203254398,1.9446226203254398
CLP,3100,nnls_original_legacy,5.520661223838016e-05,False,False,5.520661223838016e-05,2.3789972557559747e-05,0.13711937563856774,0.27274470665575823,0.27274470665575823,0.27274470665575823,0.27274470665575823,0.27274470665575823
CLP,3100,nnls_intermedia_legacy,9.474482123957214e-05,False,False,9.474482123957214e-05,2.3789972557559747e-05,0.3096857158706962,0.6330182432836606,0.6330182432836606,0.6330182432836606,0.6330182432836606,0.6330182432836606
CLP,3100,nnls_nonneg,0.00010682019470013976,False,True,0.00010682019470013976,2.3789972557559747e-05,0.36238924133801076,0.7245932667710822,0.7245932667710822,0.7245932667710822,0.7245932667710822,0.7245932667710822
CLP,3120,nnls_original_legacy,0.00013814681610569088,False,False,0.00013814681610569088,3.3822904962074717e-09,0.5971821514078731,9.617543625156973,9.617543625156973,8.533559577201695,3.9355556801510367,9.617543625156973
CLP,3120,nnls_intermedia_legacy,5.151237931567747e-05,False,False,5.151237931567747e-05,3.3822904962074717e-09,0.2226689521958017,8.631089951002888,8.631089951002888,7.547186467927753,2.9612349632188373,8.631089951002888
CLP,3120,nnls_nonneg,6.440679152013907e-05,False,True,6.440679152013907e-05,3.3822904962074717e-09,0.2784103841896063,8.854473737834189,8.854473737834189,7.770544535054613,3.1807453988678533,8.854473737834189
CLP,3140,nnls_original_legacy,0.00011746538613362653,False,False,0.00011746538613362653,0.00011131895043751822,0.026329458518415932,0.0014186904151232138,0.0014186904151232138,0.0014186904151232138,0.0014186904151232138,0.0014186904151232138
CLP,3140,nnls_intermedia_legacy,3.9419989778769764e-05,False,False,3.9419989778769764e-05,0.00011131895043751822,0.30799324938522527,0.7857948761535396,0.7857948761535396,0.7857948761535396,0.7857948761535396,0.7857948761535396
CLP,3140,nnls_nonneg,6.287482489962084e-05,False,True,6.287482489962084e-05,0.00011131895043751822,0.20751987930478255,0.19923159091167175,0.19923159091167175,0.19923159091167175,0.19923159091167175,0.19923159091167175
CLP,3160,nnls_original_legacy,8.962706144617173e-05,False,False,8.962706144617173e-05,7.064593268199726e-06,0.3518111748338322,1.6193839556954983,1.6193839556954983,1.6193839556954983,1.6193839556954983,1.6193839556954983
CLP,3160,nnls_intermedia_legacy,5.28853047962947e-05,False,False,5.28853047962947e-05,7.064593268199726e-06,0.1952489879502192,1.1466133585602356,1.1466133585602356,1.1466133585602356,1.1466133585602356,1.1466133585602356
CLP,3160,nnls_nonneg,7.088060450181255e-05,False,True,7.088060450181255e-05,7.064593268199726e-06,0.27192968404130663,1.4055703098266714,1.4055703098266714,1.4055703098266714,1.4055703098266714,1.4055703098266714
CLP,3180,nnls_original_legacy,0.00011290673199697655,False,False,0.00011290673199697655,0.00017820454108195583,0.2833757347580169,0.1219641628226591,0.1219641628226591,0.1219641628226591,0.1219641628226591,0.1219641628226591
CLP,3180,nnls_intermedia_legacy,2.5838150085900758e-05,False,False,2.5838150085900758e-05,0.00017820454108195583,0.661231036783232,3.9658744162272512,3.9658744162272512,3.9658744162272512,3.9658744162272512,3.9658744162272512
CLP,3180,nnls_nonneg,4.1318967486018735e-05,False,True,4.1318967486018735e-05,0.00017820454108195583,0.594048261941522,1.851288840178002,1.851288840178002,1.851288840178002,1.851288840178002,1.851288840178002
CLP,3200,nnls_original_legacy,0.00013839365208356678,False,False,0.00013839365208356678,0.00018481464832415326,0.20013348207218226,0.04617596119612899,0.04617596119612899,0.04617596119612899,0.04617596119612899,0.04617596119612899
CLP,3200,nnls_intermedia_legacy,4.451358761511484e-05,False,False,4.451358761511484e-05,0.00018481464832415326,0.6048758555847347,1.7283114941997049,1.7283114941997049,1.7283114941997049,1.7283114941997049,1.7283114941997049
CLP,3200,nnls_nonneg,6.701203765258393e-05,False,True,6.701203765258393e-05,0.00018481464832415326,0.5078789466022224,0.7434509268636189,0.7434509268636189,0.7434509268636189,0.7434509268636189,0.7434509268636189
CLP,3220,nnls_original_legacy,9.344764065501685e-05,False,False,9.344764065501685e-05,8.18842389934969e-07,0.3898350117984854,3.746027521778613,3.746027521778613,3.746027521778613,3.548102466197,3.746027521778613
CLP,3220,nnls_intermedia_legacy,0.00020471724055061563,False,False,0.00020471724055061563,8.18842389934969e-07,0.8581211884579226,4.525493238551867,4.525493238551867,4.525493238551867,4.326514499058152,4.525493238551867
CLP,3220,nnls_nonneg,0.00017067606261630762,False,True,0.00017067606261630762,8.18842389934969e-07,0.7148564236093232,4.344428685475997,4.344428685475997,4.344428685475997,4.1456264416818165,4.344428685475997
CLP,3240,nnls_original_legacy,0.00011402387635655997,False,False,0.00011402387635655997,0.0014654282794565152,5.66164490668212,9.298447345901113,9.298447345901113,9.298447345901113,9.298447345901113,9.298447345901113
CLP,3240,nnls_intermedia_legacy,6.0248203892569254e-05,False,False,6.0248203892569254e-05,0.0014654282794565152,5.886935546116748,20.131756107533935,20.131756107533935,20.131756107533935,20.131756107533935,20.131756107533935
CLP,3240,nnls_nonneg,6.798753407567841e-05,False,True,6.798753407567841e-05,0.0014654282794565152,5.854511987919201,17.48378881935518,17.48378881935518,17.48378881935518,17.48378881935518,17.48378881935518
CLP,3260,nnls_original_legacy,0.0001984902475517503,False,False,0.0001984902475517503,0.00045305570662655925,1.042491861896137,0.4572335258224487,0.4572335258224487,0.4572335258224487,0.4572335258224487,0.4572335258224487
CLP,3260,nnls_intermedia_legacy,0.00013209303089513637,False,False,0.00013209303089513637,0.00045305570662655925,1.3144005421571672,1.197314296041624,1.197314296041624,1.197314296041624,1.197314296041624,1.197314296041624
CLP,3260,nnls_nonneg,0.000145937453637544,False,True,0.000145937453637544,0.00045305570662655925,1.257705112643423,0.97161426393834,0.97161426393834,0.97161426393834,0.97161426393834,0.97161426393834
CLP,3280,nnls_original_legacy,0.00011767024718035799,False,False,0.00011767024718035799,0.00020239974445374225,0.33758608977166166,0.1777003247548079,0.1777003247548079,0.1777003247548079,0.1777003247548079,0.1777003247548079
CLP,3280,nnls_intermedia_legacy,9.709542580899565e-05,False,False,9.709542580899565e-05,0.00020239974445374225,0.41956195081209385,0.34999417997177984,0.34999417997177984,0.34999417997177984,0.34999417997177984,0.34999417997177984
CLP,3280,nnls_nonneg,0.00010568795107297217,False,True,0.00010568795107297217,0.00020239974445374225,0.38532691934754104,0.26531546278842244,0.26531546278842244,0.26531546278842244,0.26531546278842244,0.26531546278842244
CLP,3300,nnls_original_legacy,0.00011958119520297024,False,False,0.00011958119520297024,4.643118794650313e-05,0.2919566835169391,0.3343058957752989,0.3343058957752989,0.3343058957752989,0.3343058957752989,0.3343058957752989
CLP,3300,nnls_intermedia_legacy,8.174426574727429e-05,False,False,8.174426574727429e-05,4.643118794650313e-05,0.1409417369343775,0.13362971992763106,0.13362971992763106,0.13362971992763106,0.13362971992763106,0.13362971992763106
CLP,3300,nnls_nonneg,8.825878199762809e-05,False,True,8.825878199762809e-05,4.643118794650313e-05,0.16694250754950757,0.1683819057849718,0.1683819057849718,0.1683819057849718,0.1683819057849718,0.1683819057849718
CLP,3320,nnls_original_legacy,6.68965992789575e-05,False,False,6.68965992789575e-05,6.020676943790234e-05,0.026818794539126747,0.0053607978770502385,0.0053607978770502385,0.0053607978770502385,0.0053607978770502385,0.0053607978770502385
CLP,3320,nnls_intermedia_legacy,0.00020614598899349634,False,False,0.00020614598899349634,6.020676943790234e-05,0.5850543343333612,0.5228587005643952,0.5228587005643952,0.5228587005643952,0.5228587005643952,0.5228587005643952
CLP,3320,nnls_nonneg,0.00018319684394622456,False,True,0.00018319684394622456,6.020676943790234e-05,0.49305372736809877,0.441421662456313,0.441421662456313,0.441421662456313,0.441421662456313,0.441421662456313
CLP,3340,nnls_original_legacy,5.537523567730585e-05,False,False,5.537523567730585e-05,2.6612162088309118e-06,0.21957318083607577,2.083407120700246,2.083407120700246,2.083407120700246,2.083407120700246,2.083407120700246
CLP,3340,nnls_intermedia_legacy,0.00012033606363832677,False,False,0.00012033606363832677,2.6612162088309118e-06,0.49015880054349875,2.833619987638623,2.833619987638623,2.833619987638623,2.833619987638623,2.833619987638623
CLP,3340,nnls_nonneg,0.00013838077290593217,False,True,0.00013838077290593217,2.6612162088309118e-06,0.5653216177807585,2.97045698225792,2.97045698225792,2.97045698225792,2.97045698225792,2.97045698225792
CLP,3360,nnls_original_legacy,0.0001527760635231129,False,False,0.0001527760635231129,0.00013025444182430815,0.12677032583663916,0.012067524564739918,0.012067524564739918,0.012067524564739918,0.012067524564739918,0.012067524564739918
CLP,3360,nnls_intermedia_legacy,0.00016097484386852593,False,False,0.00016097484386852593,0.00013025444182430815,0.1729198469391183,0.02091855200386239,0.02091855200386239,0.02091855200386239,0.02091855200386239,0.02091855200386239
CLP,3360,nnls_nonneg,0.00015842636069434275,False,True,0.00015842636069434275,0.00013025444182430815,0.1585748745076908,0.017976671652743192,0.017976671652743192,0.017976671652743192,0.017976671652743192,0.017976671652743192
CLP,3380,nnls_original_legacy,0.0001056574770197751,False,False,0.0001056574770197751,3.283327566390662e-06,0.6050888581491216,2.502420306259868,2.502420306259868,2.502420306259868,2.502420306259868,2.502420306259868
CLP,3380,nnls_intermedia_legacy,0.00011947157279274357,False,False,0.00011947157279274357,3.283327566390662e-06,0.6867379412649155,2.6217031304600424,2.6217031304600424,2.6217031304600424,2.6217031304600424,2.6217031304600424
CLP,3380,nnls_nonneg,0.00011631866538918012,False,True,0.00011631866538918012,3.283327566390662e-06,0.6681024834773925,2.595703135164863,2.595703135164863,2.595703135164863,2.595703135164863,2.595703135164863
CLP,3400,nnls_original_legacy,0.00011193378203893811,False,False,0.00011193378203893811,4.057084671107044e-08,0.6967211279893735,6.922975450258198,6.922975450258198,6.922975450258198,3.726841318060221,6.922975450258198
CLP,3400,nnls_intermedia_legacy,9.84360562238792e-05,False,False,9.84360562238792e-05,4.057084671107044e-08,0.6126753610035349,6.794524847917092,6.794524847917092,6.794524847917092,3.599566041138691,6.794524847917092
CLP,3400,nnls_nonneg,0.00010086990748415114,False,True,0.00010086990748415114,4.057084671107044e-08,0.6278301284585673,6.818939383110488,6.818939383110488,6.818939383110488,3.6237454013517496,6.818939383110488
CLP,3420,nnls_original_legacy,0.00013614458724475612,False,False,0.00013614458724475612,4.770451697491352e-06,0.845290222833649,2.386316065264313,2.386316065264313,2.386316065264313,2.386316065264313,2.386316065264313
CLP,3420,nnls_intermedia_legacy,0.00011627528643272721,False,False,0.00011627528643272721,4.770451697491352e-06,0.7174467501364967,2.2345467620949133,2.2345467620949133,2.2345467620949133,2.2345467620949133,2.2345467620949133
CLP,3420,nnls_nonneg,0.00010591330944974132,False,True,0.00010591330944974132,4.770451697491352e-06,0.6507755001491347,2.1452210257148687,2.1452210257148687,2.1452210257148687,2.1452210257148687,2.1452210257148687
CLP,3440,nnls_original_legacy,0.00013132527544390473,False,False,0.00013132527544390473,4.595902080502227e-05,0.5641579532765634,0.3998903714753612,0.3998903714753612,0.3998903714753612,0.3998903714753612,0.3998903714753612
CLP,3440,nnls_intermedia_legacy,0.00014662493763633656,False,False,0.00014662493763633656,4.595902080502227e-05,0.6652684698948448,0.4735738747787641,0.4735738747787641,0.4735738747787641,0.4735738747787641,0.4735738747787641
CLP,3440,nnls_nonneg,0.00014356394846020334,False,True,0.00014356394846020334,4.595902080502227e-05,0.6450393829340297,0.4591596839683787,0.4591596839683787,0.4591596839683787,0.4591596839683787,0.4591596839683787
CLP,3460,nnls_original_legacy,0.00014493202016278956,False,False,0.00014493202016278956,0.0003185699900517296,1.1839388352073696,0.4104875313229057,0.4104875313229057,0.4104875313229057,0.4104875313229057,0.4104875313229057
CLP,3460,nnls_intermedia_legacy,0.00016089937048807736,False,False,0.00016089937048807736,0.0003185699900517296,1.0750665294693988,0.29687004575250264,0.29687004575250264,0.29687004575250264,0.29687004575250264,0.29687004575250264
CLP,3460,nnls_nonneg,0.00015088864426072637,False,True,0.00015088864426072637,0.0003185699900517296,1.1433239938751993,0.3639919264667322,0.3639919264667322,0.3639919264667322,0.3639919264667322,0.3639919264667322
CLP,3480,nnls_original_legacy,0.0001173391790258487,False,False,0.0001173391790258487,0.00021016053277655088,0.6386775434045405,0.20824869838319815,0.20824869838319815,0.20824869838319815,0.20824869838319815,0.20824869838319815
CLP,3480,nnls_intermedia_legacy,0.00012881685232025067,False,False,0.00012881685232025067,0.00021016053277655088,0.5597029121644409,0.14198765787337297,0.14198765787337297,0.14198765787337297,0.14198765787337297,0.14198765787337297
CLP,3480,nnls_nonneg,0.00012215062525861874,False,True,0.00012215062525861874,0.00021016053277655088,0.6055713395409134,0.177886363436786,0.177886363436786,0.177886363436786,0.177886363436786,0.177886363436786
CLP,3500,nnls_original_legacy,9.635925140454213e-05,False,False,9.635925140454213e-05,5.255364521932761e-05,0.31743031617731027,0.1516417815191431,0.1516417815191431,0.1516417815191431,0.1516417815191431,0.1516417815191431
CLP,3500,nnls_intermedia_legacy,0.00012317519824365562,False,False,0.00012317519824365562,5.255364521932761e-05,0.5117477843055521,0.2784309436053496,0.2784309436053496,0.2784309436053496,0.2784309436053496,0.2784309436053496
CLP,3500,nnls_nonneg,0.00017015594881776507,False,True,0.00017015594881776507,5.255364521932761e-05,0.8521862762632427,0.48373666286137285,0.48373666286137285,0.48373666286137285,0.48373666286137285,0.48373666286137285
CLP,3520,nnls_original_legacy,8.607366331463598e-05,False,False,8.607366331463598e-05,2.56642072073015e-06,0.6503764632168937,2.5425078293084504,2.5425078293084504,2.5425078293084504,2.5425078293084504,2.5425078293084504
CLP,3520,nnls_intermedia_legacy,0.00010391213627728479,False,False,0.00010391213627728479,2.56642072073015e-06,0.7893072025667329,2.7257314743135246,2.7257314743135246,2.7257314743135246,2.7257314743135246,2.7257314743135246
CLP,3520,nnls_nonneg,0.00013134197487461147,False,True,0.00013134197487461147,2.56642072073015e-06,1.0029380309763571,2.9548321933154287,2.9548321933154287,2.9548321933154287,2.9548321933154287,2.9548321933154287
CLP,3540,nnls_original_legacy,0.00010891022323010612,False,False,0.00010891022323010612,8.872458703518163e-05,0.15306056129050213,0.01964488070182968,0.01964488070182968,0.01964488070182968,0.01964488070182968,0.01964488070182968
CLP,3540,nnls_intermedia_legacy,0.00012874436221338312,False,False,0.00012874436221338312,8.872458703518163e-05,0.303455843172058,0.061444889040221495,0.061444889040221495,0.061444889040221495,0.061444889040221495,0.061444889040221495
CLP,3540,nnls_nonneg,0.00013232358963034265,False,True,0.00013232358963034265,8.872458703518163e-05,0.3305958625470197,0.0702255593610146,0.0702255593610146,0.0702255593610146,0.0702255593610146,0.0702255593610146
CLP,3560,nnls_original_legacy,0.00017003864345412864,False,False,0.00017003864345412864,2.7109405218846953e-05,1.02268900429871,0.9955758505218446,0.9955758505218446,0.9955758505218446,0.9955758505218446,0.9955758505218446
CLP,3560,nnls_intermedia_legacy,0.0001826092697444545,False,False,0.0001826092697444545,2.7109405218846953e-05,1.112634500706534,1.0559238084079503,1.0559238084079503,1.0559238084079503,1.0559238084079503,1.0559238084079503
CLP,3560,nnls_nonneg,0.00012614211431331282,False,True,0.00012614211431331282,2.7109405218846953e-05,0.7086000310874286,0.7524400517326322,0.7524400517326322,0.7524400517326322,0.7524400517326322,0.7524400517326322
CLP,3580,nnls_original_legacy,9.793429824174844e-05,False,False,9.793429824174844e-05,6.3279112834659e-07,0.7048191652392902,4.048373094247422,4.048373094247422,4.048373094247422,3.5945077550347584,4.048373094247422
CLP,3580,nnls_intermedia_legacy,7.705764295971974e-05,False,False,7.705764295971974e-05,6.3279112834659e-07,0.5535957444990661,3.810380553036654,3.810380553036654,3.810380553036654,3.3575310497052238,3.810380553036654
CLP,3580,nnls_nonneg,7.931079919731507e-05,False,True,7.931079919731507e-05,6.3279112834659e-07,0.5699168452265686,3.8389678082699,3.8389678082699,3.8389678082699,3.3859829243412296,3.8389678082699
CLP,3600,nnls_original_legacy,0.00011711602117732527,False,False,0.00011711602117732527,5.359360548631619e-06,0.7964073898807164,2.1300815322417352,2.1300815322417352,2.1300815322417352,2.1300815322417352,2.1300815322417352
CLP,3600,nnls_intermedia_legacy,0.00010219441192462885,False,False,0.00010219441192462885,5.359360548631619e-06,0.6900720733912332,2.0004751256452376,2.0004751256452376,2.0004751256452376,2.0004751256452376,2.0004751256452376
CLP,3600,nnls_nonneg,8.815857069654915e-05,False,True,8.815857069654915e-05,5.359360548631619e-06,0.5900489730735321,1.8610847457193236,1.8610847457193236,1.8610847457193236,1.8610847457193236,1.8610847457193236
CLP,3620,nnls_original_legacy,0.00010052027820621942,False,False,0.00010052027820621942,9.51759500135552e-06,0.6396954997247766,1.4519006226275812,1.4519006226275812,1.4519006226275812,1.4519006226275812,1.4519006226275812
CLP,3620,nnls_intermedia_legacy,7.662137533195379e-05,False,False,7.662137533195379e-05,9.51759500135552e-06,0.4717002266336405,1.2099498230359087,1.2099498230359087,1.2099498230359087,1.2099498230359087,1.2099498230359087
CLP,3620,nnls_nonneg,8.041740806982542e-05,False,True,8.041740806982542e-05,9.51759500135552e-06,0.4983841108193171,1.2524409018672595,1.2524409018672595,1.2524409018672595,1.2524409018672595,1.2524409018672595
CLP,3640,nnls_original_legacy,0.00011487296723097823,False,False,0.00011487296723097823,0.00018064411199105568,0.4517286395694036,0.11985348287383024,0.11985348287383024,0.11985348287383024,0.11985348287383024,0.11985348287383024
CLP,3640,nnls_intermedia_legacy,0.00010799219057109778,False,False,0.00010799219057109778,0.00018064411199105568,0.4989871127355174,0.15828167384484915,0.15828167384484915,0.15828167384484915,0.15828167384484915,0.15828167384484915
CLP,3640,nnls_nonneg,9.702457358443446e-05,False,True,9.702457358443446e-05,0.00018064411199105568,0.5743147768468311,0.24027418099899944,0.24027418099899944,0.24027418099899944,0.24027418099899944,0.24027418099899944
CLP,3660,nnls_original_legacy,0.00010660655242709264,False,False,0.00010660655242709264,8.945427581176153e-05,0.11910151152278288,0.01452409926585152,0.01452409926585152,0.01452409926585152,0.01452409926585152,0.01452409926585152
CLP,3660,nnls_intermedia_legacy,0.00010723504242391372,False,False,0.00010723504242391372,8.945427581176153e-05,0.12346560325690482,0.015484315090086964,0.015484315090086964,0.015484315090086964,0.015484315090086964,0.015484315090086964
CLP,3660,nnls_nonneg,0.00010291118763448007,False,True,0.00010291118763448007,8.945427581176153e-05,0.09344173805371238,0.00937637035691985,0.00937637035691985,0.00937637035691985,0.00937637035691985,0.00937637035691985
CLP,3680,nnls_original_legacy,9.646155418981478e-05,False,False,9.646155418981478e-05,1.0956278813283762e-10,0.6762891212213985,12.688158428039035,12.688158428039035,8.174418381016373,3.5795113512495877,12.688158428039035
CLP,3680,nnls_intermedia_legacy,0.00011104708098024269,False,False,0.00011104708098024269,1.0956278813283762e-10,0.7785479369978932,12.82896801643093,12.82896801643093,8.315214502242451,3.718959453791168,12.82896801643093
CLP,3680,nnls_nonneg,0.00011982331141788288,False,True,0.00011982331141788288,1.0956278813283762e-10,0.8400779005315849,12.9050319326846,12.9050319326846,8.391271895080584,3.7943638743446906,12.9050319326846
CLP,3700,nnls_original_legacy,9.869094355943968e-05,False,False,9.869094355943968e-05,2.2688729599109537e-06,0.7117091421673762,2.7956996476637572,2.7956996476637572,2.7956996476637572,2.7956996476637572,2.7956996476637572
CLP,3700,nnls_intermedia_legacy,8.612659787757928e-05,False,False,8.612659787757928e-05,2.2688729599109537e-06,0.6189693821567159,2.6628785317386243,2.6628785317386243,2.6628785317386243,2.6628785317386243,2.6628785317386243
CLP,3700,nnls_nonneg,8.655390225754465e-05,False,True,8.655390225754465e-05,2.2688729599109537e-06,0.6221233948409343,2.6676975629602895,2.6676975629602895,2.6676975629602895,2.6676975629602895,2.6676975629602895
CLP,3720,nnls_original_legacy,9.959256899866911e-05,False,False,9.959256899866911e-05,1.7668855849564412e-06,0.7632115751211064,3.0496102518828314,3.0496102518828314,3.0496102518828314,3.0496102518828314,3.0496102518828314
CLP,3720,nnls_intermedia_legacy,0.0001011442468407561,False,False,0.0001011442468407561,1.7668855849564412e-06,0.775317378511525,3.06479821200701,3.06479821200701,3.06479821200701,3.06479821200701,3.06479821200701
CLP,3720,nnls_nonneg,9.235888876603187e-05,False,True,9.235888876603187e-05,1.7668855849564412e-06,0.7067762067023093,2.975594162741489,2.975594162741489,2.975594162741489,2.975594162741489,2.975594162741489
CLP,3740,nnls_original_legacy,7.66864970880738e-05,False,False,7.66864970880738e-05,7.88070185706154e-06,0.5779050248900165,1.3780738587713115,1.3780738587713115,1.3780738587713115,1.3780738587713115,1.3780738587713115
CLP,3740,nnls_intermedia_legacy,8.749767558467752e-05,False,False,8.749767558467752e-05,7.88070185706154e-06,0.6687089223988436,1.497262816908223,1.497262816908223,1.497262816908223,1.497262816908223,1.497262816908223
CLP,3740,nnls_nonneg,9.540204295790407e-05,False,True,9.540204295790407e-05,7.88070185706154e-06,0.7350982956809569,1.5762881935635762,1.5762881935635762,1.5762881935635762,1.5762881935635762,1.5762881935635762
CLP,3760,nnls_original_legacy,8.06085209718152e-05,False,False,8.06085209718152e-05,8.97596857351931e-07,0.7124295815217456,3.508773868790187,3.508773868790187,3.508773868790187,3.402009999554191,3.508773868790187
CLP,3760,nnls_intermedia_legacy,9.183206714683811e-05,False,False,9.183206714683811e-05,8.97596857351931e-07,0.8127418836747038,3.637770126563704,3.637770126563704,3.637770126563704,3.530850994293359,3.637770126563704
CLP,3760,nnls_nonneg,9.373084791715104e-05,False,True,9.373084791715104e-05,8.97596857351931e-07,0.8297125511788599,3.6580379232991698,3.6580379232991698,3.6580379232991698,3.5510962012903278,3.6580379232991698
CLP,3780,nnls_original_legacy,0.00010332600528729346,False,False,0.00010332600528729346,0.00011685586965479854,0.1315020040042135,0.007891254968205308,0.007891254968205308,0.007891254968205308,0.007891254968205308,0.007891254968205308
CLP,3780,nnls_intermedia_legacy,0.00011531567930468079,False,False,0.00011531567930468079,0.00011685586965479854,0.014969707905932519,8.840898085327176e-05,8.840898085327176e-05,8.840898085327176e-05,8.840898085327176e-05,8.840898085327176e-05
CLP,3780,nnls_nonneg,9.245420191748075e-05,False,True,9.245420191748075e-05,0.00011685586965479854,0.23716928132768642,0.02970460554405574,0.02970460554405574,0.02970460554405574,0.02970460554405574,0.02970460554405574
CLP,3800,nnls_original_legacy,6.909351281338443e-05,False,False,6.909351281338443e-05,6.553368295022157e-05,0.03280015552597352,0.001374679594811301,0.001374679594811301,0.001374679594811301,0.001374679594811301,0.001374679594811301
CLP,3800,nnls_intermedia_legacy,7.184533150096919e-05,False,False,7.184533150096919e-05,6.553368295022157e-05,0.058155322599004765,0.004100877246320911,0.004100877246320911,0.004100877246320911,0.004100877246320911,0.004100877246320911
CLP,3800,nnls_nonneg,8.142400700450075e-05,False,True,8.142400700450075e-05,6.553368295022157e-05,0.14641292431750985,0.02195063210415471,0.02195063210415471,0.02195063210415471,0.02195063210415471,0.02195063210415471
CLP,3820,nnls_original_legacy,7.104050203095275e-05,False,False,7.104050203095275e-05,8.248844537058953e-06,0.5757306259729653,1.2692917023384136,1.2692917023384136,1.2692917023384136,1.2692917023384136,1.2692917023384136
CLP,3820,nnls_intermedia_legacy,6.212303152221346e-05,False,False,6.212303152221346e-05,8.248844537058953e-06,0.4939672025661028,1.1518260527257365,1.1518260527257365,1.1518260527257365,1.1518260527257365,1.1518260527257365
CLP,3820,nnls_nonneg,6.481404300836155e-05,False,True,6.481404300836155e-05,8.248844537058953e-06,0.5186408262488531,1.188718561198412,1.188718561198412,1.188718561198412,1.188718561198412,1.188718561198412
CLP,3840,nnls_original_legacy,6.889983258768293e-05,False,False,6.889983258768293e-05,7.963430842697407e-09,0.628173564702868,8.06566468965341,8.06566468965341,7.837969072451498,3.247167571593958,8.06566468965341
CLP,3840,nnls_intermedia_legacy,6.042329419711909e-05,False,False,6.042329419711909e-05,7.963430842697407e-09,0.550882334223712,7.934401851754258,7.934401851754258,7.706710381180864,3.1179246047678344,7.934401851754258
CLP,3840,nnls_nonneg,6.413613151346423e-05,False,True,6.413613151346423e-05,7.963430842697407e-09,0.5847369281070713,7.994027405376254,7.994027405376254,7.766333983620223,3.176599714589364,7.994027405376254
CLP,3860,nnls_original_legacy,9.246838026639462e-05,False,False,9.246838026639462e-05,2.751842983725018e-05,0.6150706236713279,0.5096090632892376,0.5096090632892376,0.5096090632892376,0.5096090632892376,0.5096090632892376
CLP,3860,nnls_intermedia_legacy,7.371767113273954e-05,False,False,7.371767113273954e-05,2.751842983725018e-05,0.4375029691170946,0.358681474139003,0.358681474139003,0.358681474139003,0.358681474139003,0.358681474139003
CLP,3860,nnls_nonneg,5.996268616892167e-05,False,True,5.996268616892167e-05,2.751842983725018e-05,0.3072444065718508,0.23779241748817292,0.23779241748817292,0.23779241748817292,0.23779241748817292,0.23779241748817292
CLP,3880,nnls_original_legacy,8.236924852852469e-05,False,False,8.236924852852469e-05,4.58422322494831e-08,0.8163423578238417,6.494318226481277,6.494318226481277,6.494318226481277,3.4233526229070366,6.494318226481277
CLP,3880,nnls_intermedia_legacy,9.89474490405603e-05,False,False,9.89474490405603e-05,4.58422322494831e-08,0.9807365186505409,6.677601701426411,6.677601701426411,6.677601701426411,3.604695266173179,6.677601701426411
CLP,3880,nnls_nonneg,9.486955206799797e-05,False,True,9.486955206799797e-05,4.58422322494831e-08,0.9402989301284677,6.6355355364090585,6.6355355364090585,6.6355355364090585,3.5630436015875357,6.6355355364090585
PEN,500,nnls_original_legacy,0.00044607485237185547,False,False,0.00044607485237185547,0.0006233305507869741,1.0504919034465192,0.06277742217793958,0.06277742217793958,0.06277742217793958,0.06277742217793958,0.06277742217793958
PEN,500,nnls_intermedia_legacy,0.00044786312575368655,False,False,0.00044786312575368655,0.0006233305507869741,1.0398938424219137,0.06119876533189261,0.06119876533189261,0.06119876533189261,0.06119876533189261,0.06119876533189261
PEN,500,nnls_nonneg,0.00028884068453948614,False,True,0.00028884068453948614,0.0006233305507869741,1.982327786466949,0.38884108377622106,0.38884108377622106,0.38884108377622106,0.38884108377622106,0.38884108377622106
PEN,520,nnls_original_legacy,0.00010275848751431239,False,False,0.00010275848751431239,1.923063102166459e-05,0.5007796433780366,0.8630210472554016,0.8630210472554016,0.8630210472554016,0.8630210472554016,0.8630210472554016
PEN,520,nnls_intermedia_legacy,9.512497624028871e-05,False,False,9.512497624028871e-05,1.923063102166459e-05,0.455013988493019,0.8008489361390667,0.8008489361390667,0.8008489361390667,0.8008489361390667,0.8008489361390667
PEN,520,nnls_nonneg,0.00010028899620107362,False,True,0.00010028899620107362,1.923063102166459e-05,0.4859741517600669,0.8433037603620681,0.8433037603620681,0.8433037603620681,0.8433037603620681,0.8433037603620681
PEN,540,nnls_original_legacy,7.002254639321922e-05,False,False,7.002254639321922e-05,8.68017574716906e-08,0.46192105208953355,5.694185317505887,5.694185317505887,5.694185317505887,3.263098395983323,5.694185317505887
PEN,540,nnls_intermedia_legacy,8.011503993477631e-05,False,False,8.011503993477631e-05,8.68017574716906e-08,0.5285813165823768,5.828675475027097,5.828675475027097,5.828675475027097,3.3959456517489714,5.828675475027097
PEN,540,nnls_nonneg,0.00010332568102558325,False,True,0.00010332568102558325,8.68017574716906e-08,0.6818860938201076,6.08285444084839,6.08285444084839,6.08285444084839,3.6475640875430235,6.08285444084839
PEN,560,nnls_original_legacy,7.250467511476822e-05,False,False,7.250467511476822e-05,1.866685258099054e-05,0.37958530096627746,0.6143589091534234,0.6143589091534234,0.6143589091534234,0.6143589091534234,0.6143589091534234
PEN,560,nnls_intermedia_legacy,8.339947626170318e-05,False,False,8.339947626170318e-05,1.866685258099054e-05,0.4563994471872255,0.7207172458114393,0.7207172458114393,0.7207172458114393,0.7207172458114393,0.7207172458114393
PEN,560,nnls_nonneg,8.170570244244425e-05,False,True,8.170570244244425e-05,1.866685258099054e-05,0.44445744034716755,0.704838936587916,0.704838936587916,0.704838936587916,0.704838936587916,0.704838936587916
PEN,580,nnls_original_legacy,8.369610674217323e-05,False,False,8.369610674217323e-05,5.6841389856534976e-06,0.5621002721055498,1.757426818987414,1.757426818987414,1.757426818987414,1.757426818987414,1.757426818987414
PEN,580,nnls_intermedia_legacy,8.657740396714947e-05,False,False,8.657740396714947e-05,5.6841389856534976e-06,0.5828609066690942,1.7890130348482107,1.7890130348482107,1.7890130348482107,1.7890130348482107,1.7890130348482107
PEN,580,nnls_nonneg,8.735819389974066e-05,False,True,8.735819389974066e-05,5.6841389856534976e-06,0.5884867387841943,1.7974042142646458,1.7974042142646458,1.7974042142646458,1.7974042142646458,1.7974042142646458
PEN,600,nnls_original_legacy,7.701670011724854e-05,False,False,7.701670011724854e-05,1.284023646617063e-07,0.559105338881348,5.398275956091638,5.398275956091638,5.398275956091638,3.3570064798913473,5.398275956091638
PEN,600,nnls_intermedia_legacy,7.853510373419655e-05,False,False,7.853510373419655e-05,1.284023646617063e-07,0.5701466493749701,5.417767145473185,5.417767145473185,5.417767145473185,3.376278865631966,5.417767145473185
PEN,600,nnls_nonneg,0.0001006822141370097,False,True,0.0001006822141370097,1.284023646617063e-07,0.7311928427352707,5.665830956589784,5.665830956589784,5.665830956589784,3.6219014026997884,5.665830956589784
PEN,620,nnls_original_legacy,8.525017208722418e-05,False,False,8.525017208722418e-05,1.2739599444505344e-07,0.6484239808389809,5.5075394900449925,5.5075394900449925,5.5075394900449925,3.457320316379885,5.5075394900449925
PEN,620,nnls_intermedia_legacy,8.107313586958781e-05,False,False,8.107313586958781e-05,1.2739599444505344e-07,0.6166053469002069,5.457378007622823,5.457378007622823,5.457378007622823,3.4076862012695663,5.457378007622823
PEN,620,nnls_nonneg,8.481549858297617e-05,False,True,8.481549858297617e-05,1.2739599444505344e-07,0.6451128491192809,5.502435306255357,5.502435306255357,5.502435306255357,3.4522685903677637,5.502435306255357
PEN,640,nnls_original_legacy,0.015411336762879913,False,False,0.015411336762879913,0.02897274439453692,72.35343257843688,0.24871094975443198,0.24871094975443198,0.24871094975443198,0.24871094975443198,0.24871094975443198
PEN,640,nnls_intermedia_legacy,0.002393661641167869,False,False,0.002393661641167869,0.02897274439453692,141.80591898907542,8.610411858632196,8.610411858632196,8.610411858632196,8.610411858632196,8.610411858632196
PEN,640,nnls_nonneg,0.0030259195969937172,False,True,0.0030259195969937172,0.02897274439453692,138.43266787668801,6.3157154999916365,6.3157154999916365,6.3157154999916365,6.3157154999916365,6.3157154999916365
PEN,660,nnls_original_legacy,5.7489433599624804e-05,False,False,5.7489433599624804e-05,5.113469479613905e-07,0.23129984739707016,3.731202752676687,3.731202752676687,3.731202752676687,3.068995668253854,3.731202752676687
PEN,660,nnls_intermedia_legacy,0.00021194688787134323,False,False,0.00021194688787134323,5.113469479613905e-07,0.8583125763572385,5.02945529304991,5.02945529304991,5.02945529304991,4.3610538775439895,5.02945529304991
PEN,660,nnls_nonneg,8.892516260724893e-05,False,True,8.892516260724893e-05,5.113469479613905e-07,0.35891170222699786,4.164252413342981,4.164252413342981,4.164252413342981,3.499040557401738,4.164252413342981
PEN,680,nnls_original_legacy,0.000575852740896882,False,False,0.000575852740896882,0.0003432647538088878,0.9517157102524065,0.11344809392852406,0.11344809392852406,0.11344809392852406,0.11344809392852406,0.11344809392852406
PEN,680,nnls_intermedia_legacy,0.00041058995936684274,False,False,0.00041058995936684274,0.0003432647538088878,0.2754848030962033,0.015121149149591506,0.015121149149591506,0.015121149149591506,0.015121149149591506,0.015121149149591506
PEN,680,nnls_nonneg,0.0003715289243973794,False,True,0.0003715289243973794,0.0003432647538088878,0.11565281390110949,0.0030494033269485854,0.0030494033269485854,0.0030494033269485854,0.0030494033269485854,0.0030494033269485854
PEN,700,nnls_original_legacy,0.00010797774195152456,False,False,0.00010797774195152456,0.0,0.44190739734061885,17.497435680068133,12.892266410935665,8.287187910509997,3.6911862807642146,12.892266410935665
PEN,700,nnls_intermedia_legacy,0.0003081243594784193,False,False,0.0003081243594784193,0.0,1.2610231636023854,18.546014027232648,13.940844162543398,9.335706106439542,4.733748908874941,13.940844162543398
PEN,700,nnls_nonneg,7.59789481970686e-05,False,True,7.59789481970686e-05,0.0,0.3109498183942179,17.145966875634286,12.540797992638698,7.9357581059010585,3.3436178449578904,12.540797992638698
PEN,720,nnls_original_legacy,0.00011222737405700905,False,False,0.00011222737405700905,0.00017221265822602364,0.24948934648757917,0.10629463748465473,0.10629463748465473,0.10629463748465473,0.10629463748465473,0.10629463748465473
PEN,720,nnls_intermedia_legacy,0.0002466153379511129,False,False,0.0002466153379511129,0.00017221265822602364,0.30945383019666894,0.05740442338036944,0.05740442338036944,0.05740442338036944,0.05740442338036944,0.05740442338036944
PEN,720,nnls_nonneg,6.98326509136278e-05,False,True,6.98326509136278e-05,0.00017221265822602364,0.4258164560126784,0.5634480642657795,0.5634480642657795,0.5634480642657795,0.5634480642657795,0.5634480642657795
PEN,740,nnls_original_legacy,0.0006460034196082156,False,False,0.0006460034196082156,5.090387971172618e-07,2.619853832719078,6.1468238219646985,6.1468238219646985,6.1468238219646985,5.472352776701613,6.1468238219646985
PEN,740,nnls_intermedia_legacy,0.0004665328391762604,False,False,0.0004665328391762604,5.090387971172618e-07,1.8914405389981312,5.821650566039879,5.821650566039879,5.821650566039879,5.147471884447338,5.821650566039879
PEN,740,nnls_nonneg,0.0004184378219084679,False,True,0.0004184378219084679,5.090387971172618e-07,1.696238351234098,5.712975870252936,5.712975870252936,5.712975870252936,5.03891814652396,5.712975870252936
PEN,760,nnls_original_legacy,-1.735610999381744e-05,True,False,1e-12,0.0003321935108008477,1.3188598668645075,332193490.1796195,3321919.091950442,33207.9401922358,325.3877931378724,3321919.091950442
PEN,760,nnls_intermedia_legacy,0.000281052364608055,False,False,0.000281052364608055,0.0003321935108008477,0.20303829927189246,0.01478639247385205,0.01478639247385205,0.01478639247385205,0.01478639247385205,0.01478639247385205
PEN,760,nnls_nonneg,0.0003759296436243701,False,True,0.0003759296436243701,0.0003321935108008477,0.17363924523203314,0.007343073146874435,0.007343073146874435,0.007343073146874435,0.007343073146874435,0.007343073146874435
PEN,780,nnls_original_legacy,0.00016020523641381568,False,False,0.00016020523641381568,1.1835214243785843e-05,0.5814385469807908,1.6792517025705278,1.6792517025705278,1.6792517025705278,1.6792517025705278,1.6792517025705278
PEN,780,nnls_intermedia_legacy,0.00010672925963488225,False,False,0.00010672925963488225,1.1835214243785843e-05,0.3718746891208152,1.3101060609768762,1.3101060609768762,1.3101060609768762,1.3101060609768762,1.3101060609768762
PEN,780,nnls_nonneg,0.00011845639516592801,False,True,0.00011845639516592801,1.1835214243785843e-05,0.41783147030673445,1.4033775648411821,1.4033775648411821,1.4033775648411821,1.4033775648411821,1.4033775648411821
PEN,800,nnls_original_legacy,0.00013008082934886484,False,False,0.00013008082934886484,7.803180557827917e-05,0.20066224517741063,0.1109111936080227,0.1109111936080227,0.1109111936080227,0.1109111936080227,0.1109111936080227
PEN,800,nnls_intermedia_legacy,5.1951899425353285e-05,False,False,5.1951899425353285e-05,7.803180557827917e-05,0.10054468160111255,0.09520278531506299,0.09520278531506299,0.09520278531506299,0.09520278531506299,0.09520278531506299
PEN,800,nnls_nonneg,9.688876863944887e-05,False,True,9.688876863944887e-05,7.803180557827917e-05,0.07269839606905719,0.021822237763971408,0.021822237763971408,0.021822237763971408,0.021822237763971408,0.021822237763971408
PEN,820,nnls_original_legacy,0.00011590706080429462,False,False,0.00011590706080429462,0.00020511754668503854,0.3367442718513884,0.19887803114238167,0.19887803114238167,0.19887803114238167,0.19887803114238167,0.19887803114238167
PEN,820,nnls_intermedia_legacy,0.00010257544636347507,False,False,0.00010257544636347507,0.00020511754668503854,0.3870673336882958,0.3066902886751355,0.3066902886751355,0.3066902886751355,0.3066902886751355,0.3066902886751355
PEN,820,nnls_nonneg,0.00011706542563670636,False,True,0.00011706542563670636,0.00020511754668503854,0.3323717732804223,0.1913113860188882,0.1913113860188882,0.1913113860188882,0.1913113860188882,0.1913113860188882
PEN,840,nnls_original_legacy,0.00012278209770491907,False,False,0.00012278209770491907,5.0850008145633e-05,0.2667956143529812,0.295679328730867,0.295679328730867,0.295679328730867,0.295679328730867,0.295679328730867
PEN,840,nnls_intermedia_legacy,0.00016658011526167796,False,False,0.00016658011526167796,5.0850008145633e-05,0.4292421534858022,0.4918546559764936,0.4918546559764936,0.4918546559764936,0.4918546559764936,0.4918546559764936
PEN,840,nnls_nonneg,0.00017717253454716593,False,True,0.00017717253454716593,5.0850008145633e-05,0.46852936213038004,0.5352521605665932,0.5352521605665932,0.5352521605665932,0.5352521605665932,0.5352521605665932
PEN,860,nnls_original_legacy,0.0001833035828771477,False,False,0.0001833035828771477,1.3960114757616921e-06,0.6702017221201151,3.8851403203210655,3.8851403203210655,3.8851403203210655,3.8851403203210655,3.8851403203210655
PEN,860,nnls_intermedia_legacy,0.00035441187324032446,False,False,0.00035441187324032446,1.3960114757616921e-06,1.300615673485506,4.540779448110105,4.540779448110105,4.540779448110105,4.540779448110105,4.540779448110105
PEN,860,nnls_nonneg,0.00011215253819568246,False,True,0.00011215253819568246,1.3960114757616921e-06,0.4080600624365648,3.3986881035090795,3.3986881035090795,3.3986881035090795,3.3986881035090795,3.3986881035090795
PEN,880,nnls_original_legacy,0.00017078490293512345,False,False,0.00017078490293512345,1.1225195272692955e-07,0.6346316620683603,6.328071514352683,6.328071514352683,6.328071514352683,4.146260205628416,6.328071514352683
PEN,880,nnls_intermedia_legacy,0.00026659218038484043,False,False,0.00026659218038484043,1.1225195272692955e-07,0.9908828328105883,6.773150495140349,6.773150495140349,6.773150495140349,4.589471124180879,6.773150495140349
PEN,880,nnls_nonneg,9.951102855144353e-05,False,True,9.951102855144353e-05,1.1225195272692955e-07,0.3696058532946296,5.7884058693131735,5.7884058693131735,5.7884058693131735,3.6103176151480554,5.7884058693131735
PEN,900,nnls_original_legacy,0.0002247268964105057,False,False,0.0002247268964105057,5.244980580856069e-06,0.7941577966177827,2.7809536857636807,2.7809536857636807,2.7809536857636807,2.7809536857636807,2.7809536857636807
PEN,900,nnls_intermedia_legacy,0.00029473087799351523,False,False,0.00029473087799351523,5.244980580856069e-06,1.0474552382693492,3.0465869524754448,3.0465869524754448,3.0465869524754448,3.0465869524754448,3.0465869524754448
PEN,900,nnls_nonneg,0.00011328292304191302,False,True,0.00011328292304191302,5.244980580856069e-06,0.39091682798406324,2.1189167283033363,2.1189167283033363,2.1189167283033363,2.1189167283033363,2.1189167283033363
PEN,920,nnls_original_legacy,9.735192468798427e-05,False,False,9.735192468798427e-05,2.3542430772847428e-07,0.3544093683760984,5.027116611516492,5.027116611516492,5.027116611516492,3.58860451300509,5.027116611516492
PEN,920,nnls_intermedia_legacy,3.15603570391025e-05,False,False,3.15603570391025e-05,2.3542430772847428e-07,0.11431476196404514,3.9057271314843067,3.9057271314843067,3.9057271314843067,2.4835871285564073,3.9057271314843067
PEN,920,nnls_nonneg,0.00011051659694923231,False,True,0.00011051659694923231,2.3542430772847428e-07,0.4024514947163079,5.153661753189236,5.153661753189236,5.153661753189236,3.714214123010823,5.153661753189236
PEN,940,nnls_original_legacy,0.0005779960151323196,False,False,0.0005779960151323196,0.0005832006890419704,0.019095931457733202,4.0300456959130315e-05,4.0300456959130315e-05,4.0300456959130315e-05,4.0300456959130315e-05,4.0300456959130315e-05
PEN,940,nnls_intermedia_legacy,0.000638627905610295,False,False,0.000638627905610295,0.0005832006890419704,0.2033622753039433,0.003999518150316961,0.003999518150316961,0.003999518150316961,0.003999518150316961,0.003999518150316961
PEN,940,nnls_nonneg,0.0004728589964964864,False,True,0.0004728589964964864,0.0005832006890419704,0.4048433070651674,0.02361597388640546,0.02361597388640546,0.02361597388640546,0.02361597388640546,0.02361597388640546
PEN,960,nnls_original_legacy,5.7580377478503276e-05,False,False,5.7580377478503276e-05,0.000526671334123629,1.6723658285086458,5.9333206924599216,5.9333206924599216,5.9333206924599216,5.9333206924599216,5.9333206924599216
PEN,960,nnls_intermedia_legacy,0.00028269280914888686,False,False,0.00028269280914888686,0.000526671334123629,0.8698128631082866,0.24083588316209248,0.24083588316209248,0.24083588316209248,0.24083588316209248,0.24083588316209248
PEN,960,nnls_nonneg,0.00012697117891783666,False,True,0.00012697117891783666,0.000526671334123629,1.4249792534829397,1.7253431306503129,1.7253431306503129,1.7253431306503129,1.7253431306503129,1.7253431306503129
PEN,980,nnls_original_legacy,0.0004393599168830942,False,False,0.0004393599168830942,4.260038604218253e-06,1.5532425943838661,3.645736722178138,3.645736722178138,3.645736722178138,3.645736722178138,3.645736722178138
PEN,980,nnls_intermedia_legacy,0.00041324795878078203,False,False,0.00041324795878078203,4.260038604218253e-06,1.4600267430999858,3.585078249276866,3.585078249276866,3.585078249276866,3.585078249276866,3.585078249276866
PEN,980,nnls_nonneg,0.00044587121876369555,False,True,0.00044587121876369555,4.260038604218253e-06,1.57648698476579,3.6603063557681814,3.6603063557681814,3.6603063557681814,3.6603063557681814,3.6603063557681814
PEN,1000,nnls_original_legacy,0.00024732665096203907,False,False,0.00024732665096203907,4.18660209366931e-06,0.8675069825523061,3.095747907676598,3.095747907676598,3.095747907676598,3.095747907676598,3.095747907676598
PEN,1000,nnls_intermedia_legacy,0.00044470433335938066,False,False,0.00044470433335938066,4.18660209366931e-06,1.5717369869329632,3.674934542827584,3.674934542827584,3.674934542827584,3.674934542827584,3.674934542827584
PEN,1000,nnls_nonneg,0.00012576497886918495,False,True,0.00012576497886918495,4.18660209366931e-06,0.4337832918559375,2.4358145625024683,2.4358145625024683,2.4358145625024683,2.4358145625024683,2.4358145625024683
PEN,1020,nnls_original_legacy,0.00012849277466167404,False,False,0.00012849277466167404,6.33306687702887e-06,0.4394400230897489,2.0593753953557257,2.0593753953557257,2.0593753953557257,2.0593753953557257,2.0593753953557257
PEN,1020,nnls_intermedia_legacy,0.00022251026570772135,False,False,0.00022251026570772135,6.33306687702887e-06,0.7776452233588049,2.587650529732333,2.587650529732333,2.587650529732333,2.587650529732333,2.587650529732333
PEN,1020,nnls_nonneg,0.00011317031261378134,False,True,0.00011317031261378134,6.33306687702887e-06,0.38432116926940507,1.9390697541946205,1.9390697541946205,1.9390697541946205,1.9390697541946205,1.9390697541946205
PEN,1040,nnls_original_legacy,0.00017886157258478055,False,False,0.00017886157258478055,1.7122103027065916e-05,0.5809195084682796,1.4419702027026395,1.4419702027026395,1.4419702027026395,1.4419702027026395,1.4419702027026395
PEN,1040,nnls_intermedia_legacy,0.0002685690684670085,False,False,0.0002685690684670085,1.7122103027065916e-05,0.9031218413702573,1.8164909870808312,1.8164909870808312,1.8164909870808312,1.8164909870808312,1.8164909870808312
PEN,1040,nnls_nonneg,0.00011110832655475896,False,True,0.00011110832655475896,1.7122103027065916e-05,0.3375702351677032,1.0242382260040785,1.0242382260040785,1.0242382260040785,1.0242382260040785,1.0242382260040785
PEN,1060,nnls_original_legacy,0.0001083994313622449,False,False,0.0001083994313622449,4.783623308578838e-06,0.3675755195733319,2.164754167360925,2.164754167360925,2.164754167360925,2.164754167360925,2.164754167360925
PEN,1060,nnls_intermedia_legacy,5.527704574128127e-05,False,False,5.527704574128127e-05,4.783623308578838e-06,0.17912465611543957,1.5336985177263087,1.5336985177263087,1.5336985177263087,1.5336985177263087,1.5336985177263087
PEN,1060,nnls_nonneg,0.00011798477039931325,False,True,0.00011798477039931325,4.783623308578838e-06,0.40157936554065843,2.2459016914429903,2.2459016914429903,2.2459016914429903,2.2459016914429903,2.2459016914429903
PEN,1080,nnls_original_legacy,0.0009089469350822899,False,False,0.0009089469350822899,1.5326217237365912e-06,3.150864867428737,5.38699305227338,5.38699305227338,5.38699305227338,5.38699305227338,5.38699305227338
PEN,1080,nnls_intermedia_legacy,0.0007618402971353766,False,False,0.0007618402971353766,1.5326217237365912e-06,2.6400583588153594,5.210768872247388,5.210768872247388,5.210768872247388,5.210768872247388,5.210768872247388
PEN,1080,nnls_nonneg,0.0005821879168813047,False,True,0.0005821879168813047,1.5326217237365912e-06,2.0162414705877745,4.942445983636582,4.942445983636582,4.942445983636582,4.942445983636582,4.942445983636582
PEN,1100,nnls_original_legacy,0.00024396413975653013,False,False,0.00024396413975653013,0.0005516219267133777,1.0967562279646565,0.4452362578995379,0.4452362578995379,0.4452362578995379,0.4452362578995379,0.4452362578995379
PEN,1100,nnls_intermedia_legacy,0.0002596376715484735,False,False,0.0002596376715484735,0.0005516219267133777,1.0408823176143,0.37100774489270205,0.37100774489270205,0.37100774489270205,0.37100774489270205,0.37100774489270205
PEN,1100,nnls_nonneg,0.00033348847161590925,False,True,0.00033348847161590925,0.0005516219267133777,0.7776147250228814,0.15084133997917082,0.15084133997917082,0.15084133997917082,0.15084133997917082,0.15084133997917082
PEN,1120,nnls_original_legacy,0.00020959097211236904,False,False,0.00020959097211236904,5.825732823222325e-05,0.521155421166397,0.5582452288947255,0.5582452288947255,0.5582452288947255,0.5582452288947255,0.5582452288947255
PEN,1120,nnls_intermedia_legacy,0.0001118799704902881,False,False,0.0001118799704902881,5.825732823222325e-05,0.1846630398471702,0.1732694735619238,0.1732694735619238,0.1732694735619238,0.1732694735619238,0.1732694735619238
PEN,1120,nnls_nonneg,0.000131295003921911,False,True,0.000131295003921911,5.825732823222325e-05,0.2515235849684561,0.2562900530850398,0.2562900530850398,0.2562900530850398,0.2562900530850398,0.2562900530850398
PEN,1140,nnls_original_legacy,5.0849103861964047e-05,False,False,5.0849103861964047e-05,0.0003155652344793643,1.1402069194728266,3.3804124288546316,3.3804124288546316,3.3804124288546316,3.3804124288546316,3.3804124288546316
PEN,1140,nnls_intermedia_legacy,6.0574810897028595e-05,False,False,6.0574810897028595e-05,0.0003155652344793643,1.098315560482793,2.5590262176852296,2.5590262176852296,2.5590262176852296,2.5590262176852296,2.5590262176852296
PEN,1140,nnls_nonneg,0.00011567437674325621,False,True,0.00011567437674325621,0.0003155652344793643,0.8609862141702348,0.7244615682336935,0.7244615682336935,0.7244615682336935,0.7244615682336935,0.7244615682336935
PEN,1160,nnls_original_legacy,0.00010384900647216979,False,False,0.00010384900647216979,0.00011971295080217151,0.0936642570155136,0.01060089487286886,0.01060089487286886,0.01060089487286886,0.01060089487286886,0.01060089487286886
PEN,1160,nnls_intermedia_legacy,7.360073822080583e-05,False,False,7.360073822080583e-05,0.00011971295080217151,0.2722567629417902,0.14007659868731936,0.14007659868731936,0.14007659868731936,0.14007659868731936,0.14007659868731936
PEN,1160,nnls_nonneg,0.00010034163672093621,False,True,0.00010034163672093621,0.00011971295080217151,0.114372548408512,0.016537528952738967,0.016537528952738967,0.016537528952738967,0.016537528952738967,0.016537528952738967
PEN,1180,nnls_original_legacy,0.00010587013742359663,False,False,0.00010587013742359663,0.00010811181126525236,0.012936232359508028,0.0002210501769683848,0.0002210501769683848,0.0002210501769683848,0.0002210501769683848,0.0002210501769683848
PEN,1180,nnls_intermedia_legacy,8.33157002079726e-05,False,False,8.33157002079726e-05,0.00010811181126525236,0.14309318701431337,0.03708733578045509,0.03708733578045509,0.03708733578045509,0.03708733578045509,0.03708733578045509
PEN,1180,nnls_nonneg,9.151225856740279e-05,False,True,9.151225856740279e-05,0.00010811181126525236,0.095792557674079,0.014698530477987859,0.014698530477987859,0.014698530477987859,0.014698530477987859,0.014698530477987859
PEN,1200,nnls_original_legacy,9.071533204294676e-05,False,False,9.071533204294676e-05,0.0008565183234581616,4.328550268845046,6.196676042350612,6.196676042350612,6.196676042350612,6.196676042350612,6.196676042350612
PEN,1200,nnls_intermedia_legacy,0.00010270585058858129,False,False,0.00010270585058858129,0.0008565183234581616,4.260776229234175,5.218521437460742,5.218521437460742,5.218521437460742,5.218521437460742,5.218521437460742
PEN,1200,nnls_nonneg,0.00010970549526776207,False,True,0.00010970549526776207,0.0008565183234581616,4.221212119146414,4.752356925726249,4.752356925726249,4.752356925726249,4.752356925726249,4.752356925726249
PEN,1220,nnls_original_legacy,0.00019662429041885404,False,False,0.00019662429041885404,0.0005037832155076424,1.6743613760399523,0.6213103506048165,0.6213103506048165,0.6213103506048165,0.6213103506048165,0.6213103506048165
PEN,1220,nnls_intermedia_legacy,0.0001932653427064725,False,False,0.0001932653427064725,0.0005037832155076424,1.692671416394872,0.6486099925171986,0.6486099925171986,0.6486099925171986,0.6486099925171986,0.6486099925171986
PEN,1220,nnls_nonneg,0.00015469856388844767,False,True,0.00015469856388844767,0.0005037832155076424,1.9029037084648823,1.0758798881182416,1.0758798881182416,1.0758798881182416,1.0758798881182416,1.0758798881182416
PEN,1240,nnls_original_legacy,9.503340404946267e-05,False,False,9.503340404946267e-05,1.815433282642754e-06,0.5206963671099201,2.9770073958866385,2.9770073958866385,2.9770073958866385,2.9770073958866385,2.9770073958866385
PEN,1240,nnls_intermedia_legacy,6.475193052074892e-05,False,False,6.475193052074892e-05,1.815433282642754e-06,0.35155029873456406,2.6022760964207587,2.6022760964207587,2.6022760964207587,2.6022760964207587,2.6022760964207587
PEN,1240,nnls_nonneg,8.494312538929441e-05,False,True,8.494312538929441e-05,1.815433282642754e-06,0.46433415070189604,2.8670300961517414,2.8670300961517414,2.8670300961517414,2.8670300961517414,2.8670300961517414
PEN,1260,nnls_original_legacy,0.00015080120104397487,False,False,0.00015080120104397487,0.00016386931142230586,0.07286126582943396,0.0035510581511506434,0.0035510581511506434,0.0035510581511506434,0.0035510581511506434,0.0035510581511506434
PEN,1260,nnls_intermedia_legacy,0.0002387192510262218,False,False,0.0002387192510262218,0.00016386931142230586,0.41732593228176557,0.0626709682248876,0.0626709682248876,0.0626709682248876,0.0626709682248876,0.0626709682248876
PEN,1260,nnls_nonneg,0.00024161580857613474,False,True,0.00024161580857613474,0.00016386931142230586,0.43347569253971446,0.06650230763166287,0.06650230763166287,0.06650230763166287,0.06650230763166287,0.06650230763166287
PEN,1280,nnls_original_legacy,0.00010867696070359637,False,False,0.00010867696070359637,4.1912511513349375e-06,0.5623993849306355,2.29394666760026,2.29394666760026,2.29394666760026,2.29394666760026,2.29394666760026
PEN,1280,nnls_intermedia_legacy,0.0001364419611689643,False,False,0.0001364419611689643,4.1912511513349375e-06,0.7118458427403652,2.5136182356050636,2.5136182356050636,2.5136182356050636,2.5136182356050636,2.5136182356050636
PEN,1280,nnls_nonneg,0.00015175543968354587,False,True,0.00015175543968354587,4.1912511513349375e-06,0.7942713814542647,2.616889439583159,2.616889439583159,2.616889439583159,2.616889439583159,2.616889439583159
PEN,1300,nnls_original_legacy,0.00014143703650492116,False,False,0.00014143703650492116,1.4647583823265458e-06,0.7439643516076114,3.5805206018163505,3.5805206018163505,3.5805206018163505,3.5805206018163505,3.5805206018163505
PEN,1300,nnls_intermedia_legacy,0.00011999948363281235,False,False,0.00011999948363281235,1.4647583823265458e-06,0.6300219671835786,3.4180035099628023,3.4180035099628023,3.4180035099628023,3.4180035099628023,3.4180035099628023
PEN,1300,nnls_nonneg,0.00013342824849610197,False,True,0.00013342824849610197,1.4647583823265458e-06,0.7013969742807564,3.522851439896124,3.522851439896124,3.522851439896124,3.522851439896124,3.522851439896124
PEN,1320,nnls_original_legacy,0.00033518146455301166,False,False,0.00033518146455301166,0.0005080418893716425,0.9039313760721152,0.09983007600040983,0.09983007600040983,0.09983007600040983,0.09983007600040983,0.09983007600040983
PEN,1320,nnls_intermedia_legacy,0.0003793147706994619,False,False,0.0003793147706994619,0.0005080418893716425,0.6731470296988499,0.047170021232072035,0.047170021232072035,0.047170021232072035,0.047170021232072035,0.047170021232072035
PEN,1320,nnls_nonneg,0.00028147260775829346,False,True,0.00028147260775829346,0.0005080418893716425,1.1847887260447805,0.21441379168100028,0.21441379168100028,0.21441379168100028,0.21441379168100028,0.21441379168100028
PEN,1340,nnls_original_legacy,9.934659671422575e-05,False,False,9.934659671422575e-05,5.630267670985717e-07,0.5216862653679887,4.17871011915535,4.17871011915535,4.17871011915535,3.6086804829648704,4.17871011915535
PEN,1340,nnls_intermedia_legacy,9.807255121951981e-05,False,False,9.807255121951981e-05,5.630267670985717e-07,0.5149578991386875,4.165876552599591,4.165876552599591,4.165876552599591,3.5959040562864804,4.165876552599591
PEN,1340,nnls_nonneg,0.0001129555119588714,False,True,0.0001129555119588714,5.630267670985717e-07,0.5935563564518466,4.306406650151044,4.306406650151044,4.306406650151044,3.735847084673865,4.306406650151044
PEN,1360,nnls_original_legacy,0.00010474628690907044,False,False,0.00010474628690907044,0.00020877140661203192,0.5633481403835092,0.30341631070497455,0.30341631070497455,0.30341631070497455,0.30341631070497455,0.30341631070497455
PEN,1360,nnls_intermedia_legacy,9.261886687829853e-05,False,False,9.261886687829853e-05,0.00020877140661203192,0.6290241957583398,0.44134452700219073,0.44134452700219073,0.44134452700219073,0.44134452700219073,0.44134452700219073
PEN,1360,nnls_nonneg,0.0001277885212794169,False,True,0.0001277885212794169,0.00020877140661203192,0.4385628969742089,0.1428626341503496,0.1428626341503496,0.1428626341503496,0.1428626341503496,0.1428626341503496
PEN,1380,nnls_original_legacy,7.97466021019158e-05,False,False,7.97466021019158e-05,2.236602532628111e-05,0.2840640834907791,0.5517747308324701,0.5517747308324701,0.5517747308324701,0.5517747308324701,0.5517747308324701
PEN,1380,nnls_intermedia_legacy,9.091894082029046e-05,False,False,9.091894082029046e-05,2.236602532628111e-05,0.33937304580555433,0.6484248931460119,0.6484248931460119,0.6484248931460119,0.6484248931460119,0.6484248931460119
PEN,1380,nnls_nonneg,0.00022575753134505727,False,True,0.00022575753134505727,2.236602532628111e-05,1.0068951027269255,1.4109894763755029,1.4109894763755029,1.4109894763755029,1.4109894763755029,1.4109894763755029
PEN,1400,nnls_original_legacy,0.00011492801087274716,False,False,0.00011492801087274716,5.330001268626589e-05,0.3165644861829484,0.2321380576125911,0.2321380576125911,0.2321380576125911,0.2321380576125911,0.2321380576125911
PEN,1400,nnls_intermedia_legacy,0.00010705445370054687,False,False,0.00010705445370054687,5.330001268626589e-05,0.27612039171297087,0.1952786321765383,0.1952786321765383,0.1952786321765383,0.1952786321765383,0.1952786321765383
PEN,1400,nnls_nonneg,0.00011388352825585833,False,True,0.00011388352825585833,5.330001268626589e-05,0.3111992932078022,0.22726181568062764,0.22726181568062764,0.22726181568062764,0.22726181568062764,0.22726181568062764
PEN,1420,nnls_original_legacy,0.00012575908109074024,False,False,0.00012575908109074024,0.0004712536499310806,1.7075828397125628,1.4262448627284048,1.4262448627284048,1.4262448627284048,1.4262448627284048,1.4262448627284048
PEN,1420,nnls_intermedia_legacy,0.0001300828264257306,False,False,0.0001300828264257306,0.0004712536499310806,1.6862130295818318,1.3354948360346643,1.3354948360346643,1.3354948360346643,1.3354948360346643,1.3354948360346643
PEN,1420,nnls_nonneg,0.00011871136629804364,False,True,0.00011871136629804364,0.0004712536499310806,1.742415679139218,1.591041860633288,1.591041860633288,1.591041860633288,1.591041860633288,1.591041860633288
PEN,1440,nnls_original_legacy,0.00020865527494086906,False,False,0.00020865527494086906,2.351752759021622e-06,0.9679483617233365,3.4967935789103013,3.4967935789103013,3.4967935789103013,3.4967935789103013,3.4967935789103013
PEN,1440,nnls_intermedia_legacy,0.00022385179413226286,False,False,0.00022385179413226286,2.351752759021622e-06,1.0392483846198972,3.5663291417580787,3.5663291417580787,3.5663291417580787,3.5663291417580787,3.5663291417580787
PEN,1440,nnls_nonneg,0.00014160766325442664,False,True,0.00014160766325442664,2.351752759021622e-06,0.6533699909665391,3.114506918432647,3.114506918432647,3.114506918432647,3.114506918432647,3.114506918432647
PEN,1460,nnls_original_legacy,0.0001257778876431543,False,False,0.0001257778876431543,0.0003093855103072712,0.8558139783582647,0.5597060930685338,0.5597060930685338,0.5597060930685338,0.5597060930685338,0.5597060930685338
PEN,1460,nnls_intermedia_legacy,0.0001213765296147529,False,False,0.0001213765296147529,0.0003093855103072712,0.8763291599711545,0.6132825345682831,0.6132825345682831,0.6132825345682831,0.6132825345682831,0.6132825345682831
PEN,1460,nnls_nonneg,0.00013392701152722632,False,True,0.00013392701152722632,0.0003093855103072712,0.8178300753472215,0.47281223936856565,0.47281223936856565,0.47281223936856565,0.47281223936856565,0.47281223936856565
PEN,1480,nnls_original_legacy,0.0002480188395742173,False,False,0.0002480188395742173,0.000567651540017812,1.4668262346248728,0.4607405980428232,0.4607405980428232,0.4607405980428232,0.4607405980428232,0.4607405980428232
PEN,1480,nnls_intermedia_legacy,0.0002550772880892925,False,False,0.0002550772880892925,0.000567651540017812,1.4344343127617707,0.4254688151391379,0.4254688151391379,0.4254688151391379,0.4254688151391379,0.4254688151391379
PEN,1480,nnls_nonneg,0.00013122202913381188,False,True,0.00013122202913381188,0.000567651540017812,2.0028184076307376,1.8612690326996892,1.8612690326996892,1.8612690326996892,1.8612690326996892,1.8612690326996892
PEN,1500,nnls_original_legacy,9.501351682325882e-05,False,False,9.501351682325882e-05,3.685598642261573e-05,0.2516259452242234,0.33490366471512356,0.33490366471512356,0.33490366471512356,0.33490366471512356,0.33490366471512356
PEN,1500,nnls_intermedia_legacy,8.907637526976883e-05,False,False,8.907637526976883e-05,3.685598642261573e-05,0.22593814787390099,0.2962332332653066,0.2962332332653066,0.2962332332653066,0.2962332332653066,0.2962332332653066
PEN,1500,nnls_nonneg,0.00017362394504102281,False,True,0.00017362394504102281,3.685598642261573e-05,0.5917439517576834,0.762148455447317,0.762148455447317,0.762148455447317,0.762148455447317,0.762148455447317
PEN,1520,nnls_original_legacy,0.00028308228212316986,False,False,0.00028308228212316986,0.00047067129467012715,0.7926277516646818,0.15424367445794918,0.15424367445794918,0.15424367445794918,0.15424367445794918,0.15424367445794918
PEN,1520,nnls_intermedia_legacy,0.0002973543056741207,False,False,0.0002973543056741207,0.00047067129467012715,0.7323235697443049,0.12362797335681108,0.12362797335681108,0.12362797335681108,0.12362797335681108,0.12362797335681108
PEN,1520,nnls_nonneg,0.0001546404776445993,False,True,0.0001546404776445993,0.00047067129467012715,1.3353383151531475,0.9305916997227777,0.9305916997227777,0.9305916997227777,0.9305916997227777,0.9305916997227777
PEN,1540,nnls_original_legacy,0.00011640793792862521,False,False,0.00011640793792862521,0.00014414773439696779,0.11320187367201008,0.024560173100714122,0.024560173100714122,0.024560173100714122,0.024560173100714122,0.024560173100714122
PEN,1540,nnls_intermedia_legacy,0.00012820147404521634,False,False,0.00012820147404521634,0.00014414773439696779,0.06507425358870363,0.007148711457496182,0.007148711457496182,0.007148711457496182,0.007148711457496182,0.007148711457496182
PEN,1540,nnls_nonneg,0.0002535868775416087,False,True,0.0002535868775416087,0.00014414773439696779,0.4466044324143119,0.13330307578861134,0.13330307578861134,0.13330307578861134,0.13330307578861134,0.13330307578861134
PEN,1560,nnls_original_legacy,0.0001658975254673148,False,False,0.0001658975254673148,7.3996417242786565e-06,0.6440120482753068,2.154542387433657,2.154542387433657,2.154542387433657,2.154542387433657,2.154542387433657
PEN,1560,nnls_intermedia_legacy,0.00015649793221775296,False,False,0.00015649793221775296,7.3996417242786565e-06,0.6058194165590424,2.0988938943032345,2.0988938943032345,2.0988938943032345,2.0988938943032345,2.0988938943032345
PEN,1560,nnls_nonneg,0.00017132061481171272,False,True,0.00017132061481171272,7.3996417242786565e-06,0.6660472628421331,2.1852969346289406,2.1852969346289406,2.1852969346289406,2.1852969346289406,2.1852969346289406
PEN,1580,nnls_original_legacy,0.00016015962490699445,False,False,0.00016015962490699445,0.00017323745877808287,0.054029421536638624,0.003162724252838478,0.003162724252838478,0.003162724252838478,0.003162724252838478,0.003162724252838478
PEN,1580,nnls_intermedia_legacy,0.0001616037247892603,False,False,0.0001616037247892603,0.00017323745877808287,0.04806330497260715,0.0024732166517023035,0.0024732166517023035,0.0024732166517023035,0.0024732166517023035,0.0024732166517023035
PEN,1580,nnls_nonneg,0.00018470268145832856,False,True,0.00018470268145832856,0.00017323745877808287,0.04736712175032916,0.0020102202007585834,0.0020102202007585834,0.0020102202007585834,0.0020102202007585834,0.0020102202007585834
PEN,1600,nnls_original_legacy,0.00022103360926164093,False,False,0.00022103360926164093,0.00033899174585401594,0.4775641121810057,0.10600507496612321,0.10600507496612321,0.10600507496612321,0.10600507496612321,0.10600507496612321
PEN,1600,nnls_intermedia_legacy,0.0002273816184817313,False,False,0.0002273816184817313,0.00033899174585401594,0.4518636266114052,0.09150337009821641,0.09150337009821641,0.09150337009821641,0.09150337009821641,0.09150337009821641
PEN,1600,nnls_nonneg,0.00016350557457743347,False,True,0.00016350557457743347,0.00033899174585401594,0.7104715283469674,0.34414464897594055,0.34414464897594055,0.34414464897594055,0.34414464897594055,0.34414464897594055
PEN,1620,nnls_original_legacy,0.0003842684468752134,False,False,0.0003842684468752134,0.00042523470665851965,0.17420373834371658,0.00530856161199722,0.00530856161199722,0.00530856161199722,0.00530856161199722,0.00530856161199722
PEN,1620,nnls_intermedia_legacy,0.00038090779209062366,False,False,0.00038090779209062366,0.00042523470665851965,0.18849448955837328,0.00628783443826908,0.00628783443826908,0.00628783443826908,0.00628783443826908,0.00628783443826908
PEN,1620,nnls_nonneg,0.00030537071949626884,False,True,0.00030537071949626884,0.00042523470665851965,0.5097061524995806,0.06140482679327963,0.06140482679327963,0.06140482679327963,0.06140482679327963,0.06140482679327963
PEN,1640,nnls_original_legacy,0.00023596779594893812,False,False,0.00023596779594893812,0.0005701260154678954,1.4076815441172104,0.5339558210819044,0.5339558210819044,0.5339558210819044,0.5339558210819044,0.5339558210819044
PEN,1640,nnls_intermedia_legacy,0.00022967710362463417,False,False,0.00022967710362463417,0.0005701260154678954,1.4341818393886845,0.5731106573048099,0.5731106573048099,0.5731106573048099,0.5731106573048099,0.5731106573048099
PEN,1640,nnls_nonneg,0.0002495626706873256,False,True,0.0002495626706873256,0.0005701260154678954,1.3504115051178325,0.4583530303987895,0.4583530303987895,0.4583530303987895,0.4583530303987895,0.4583530303987895
PEN,1660,nnls_original_legacy,0.00016049894061744853,False,False,0.00016049894061744853,0.00034083443960759895,0.755523107025764,0.3704835767801702,0.3704835767801702,0.3704835767801702,0.3704835767801702,0.3704835767801702
PEN,1660,nnls_intermedia_legacy,0.00015705336241925567,False,False,0.00015705336241925567,0.00034083443960759895,0.7699585008355047,0.39537116909151226,0.39537116909151226,0.39537116909151226,0.39537116909151226,0.39537116909151226
PEN,1660,nnls_nonneg,0.0001624940856980963,False,True,0.0001624940856980963,0.00034083443960759895,0.7471643633577716,0.35676380632729465,0.35676380632729465,0.35676380632729465,0.35676380632729465,0.35676380632729465
PEN,1680,nnls_original_legacy,0.0001389218344220622,False,False,0.0001389218344220622,2.4223248269466514e-06,0.587749499740239,3.066620284014535,3.066620284014535,3.066620284014535,3.066620284014535,3.066620284014535
PEN,1680,nnls_intermedia_legacy,0.00012249713637665517,False,False,0.00012249713637665517,2.4223248269466514e-06,0.5170268422874249,2.9431344443640564,2.9431344443640564,2.9431344443640564,2.9431344443640564,2.9431344443640564
PEN,1680,nnls_nonneg,0.0001504885188596012,False,True,0.0001504885188596012,2.4223248269466514e-06,0.6375541694565031,3.145255452837005,3.145255452837005,3.145255452837005,3.145255452837005,3.145255452837005
PEN,1700,nnls_original_legacy,0.00013088466401511403,False,False,0.00013088466401511403,4.355130641223708e-06,0.5695757891811628,2.4362364681030595,2.4362364681030595,2.4362364681030595,2.4362364681030595,2.4362364681030595
PEN,1700,nnls_intermedia_legacy,0.00012965434063485213,False,False,0.00012965434063485213,4.355130641223708e-06,0.5640374583932828,2.4271077020636582,2.4271077020636582,2.4271077020636582,2.4271077020636582,2.4271077020636582
PEN,1700,nnls_nonneg,0.0001440849683694496,False,True,0.0001440849683694496,4.355130641223708e-06,0.6289972820893449,2.5292747034562266,2.5292747034562266,2.5292747034562266,2.5292747034562266,2.5292747034562266
PEN,1720,nnls_original_legacy,0.00012032962169010587,False,False,0.00012032962169010587,0.00031790623626213715,0.9205430031646699,0.6704399099294875,0.6704399099294875,0.6704399099294875,0.6704399099294875,0.6704399099294875
PEN,1720,nnls_intermedia_legacy,0.00010619682762416246,False,False,0.00010619682762416246,0.00031790623626213715,0.9863900909931148,0.8970945593023436,0.8970945593023436,0.8970945593023436,0.8970945593023436,0.8970945593023436
PEN,1720,nnls_nonneg,0.00013521502900267716,False,True,0.00013521502900267716,0.00031790623626213715,0.8511893623984036,0.49622596802131547,0.49622596802131547,0.49622596802131547,0.49622596802131547,0.49622596802131547
PEN,1740,nnls_original_legacy,0.00012066565963772969,False,False,0.00012066565963772969,8.606644866919431e-07,0.5558870042043444,3.950206744861613,3.950206744861613,3.950206744861613,3.8013109395593814,3.950206744861613
PEN,1740,nnls_intermedia_legacy,0.00010753571710386791,False,False,0.00010753571710386791,8.606644866919431e-07,0.4949649665937917,3.8358770957352215,3.8358770957352215,3.8358770957352215,3.6871222804036785,3.8358770957352215
PEN,1740,nnls_nonneg,0.00013518580678269766,False,True,0.00013518580678269766,8.606644866919431e-07,0.6232594963683542,4.063067237760502,4.063067237760502,4.063067237760502,3.914047404940872,4.063067237760502
PEN,1760,nnls_original_legacy,0.00012183770061221948,False,False,0.00012183770061221948,3.747130368970123e-07,0.5636751357354793,4.787360126868453,4.787360126868453,4.787360126868453,3.8108974763402665,4.787360126868453
PEN,1760,nnls_intermedia_legacy,0.00010965580478852036,False,False,0.00010965580478852036,3.747130368970123e-07,0.5071424263149995,4.682358368260197,4.682358368260197,4.682358368260197,3.7064658569745204,4.682358368260197
PEN,1760,nnls_nonneg,0.00013584143421612488,False,True,0.00013584143421612488,3.747130368970123e-07,0.6286624754803533,4.895841520604598,4.895841520604598,4.895841520604598,3.918849804796083,4.895841520604598
PEN,1780,nnls_original_legacy,0.000598147403689711,False,False,0.000598147403689711,4.583845140454393e-06,2.206682613103335,3.878962425712233,3.878962425712233,3.878962425712233,3.878962425712233,3.878962425712233
PEN,1780,nnls_intermedia_legacy,0.0005205336673645266,False,False,0.0005205336673645266,4.583845140454393e-06,1.918139153822624,3.741122421788025,3.741122421788025,3.741122421788025,3.741122421788025,3.741122421788025
PEN,1780,nnls_nonneg,0.00013153424991419748,False,True,0.00013153424991419748,4.583845140454393e-06,0.4719616743745939,2.3915781384243178,2.3915781384243178,2.3915781384243178,2.3915781384243178,2.3915781384243178
PEN,1800,nnls_original_legacy,0.00012223125557644427,False,False,0.00012223125557644427,0.0007617654441710011,2.4226619568160572,3.4024418423571436,3.4024418423571436,3.4024418423571436,3.4024418423571436,3.4024418423571436
PEN,1800,nnls_intermedia_legacy,0.00011920686217855542,False,False,0.00011920686217855542,0.0007617654441710011,2.4341188624173244,3.5355034490995036,3.5355034490995036,3.5355034490995036,3.5355034490995036,3.5355034490995036
PEN,1800,nnls_nonneg,0.0001275707075069988,False,True,0.0001275707075069988,0.0007617654441710011,2.4024352241517253,3.184351515238954,3.184351515238954,3.184351515238954,3.184351515238954,3.184351515238954
PEN,1820,nnls_original_legacy,0.00011809236644231901,False,False,0.00011809236644231901,1.422075945734014e-05,0.404896142872834,1.2371849034959093,1.2371849034959093,1.2371849034959093,1.2371849034959093,1.2371849034959093
PEN,1820,nnls_intermedia_legacy,0.00011367572970617236,False,False,0.00011367572970617236,1.422075945734014e-05,0.3876798964813167,1.2037464344162898,1.2037464344162898,1.2037464344162898,1.2037464344162898,1.2037464344162898
PEN,1820,nnls_nonneg,0.00012645526382526552,False,True,0.00012645526382526552,1.422075945734014e-05,0.4374950887434416,1.2976426100135363,1.2976426100135363,1.2976426100135363,1.2976426100135363,1.2976426100135363
PEN,1840,nnls_original_legacy,0.00013302263524938231,False,False,0.00013302263524938231,1.1175825328399378e-06,0.5213370769460249,3.7877528502632263,3.7877528502632263,3.7877528502632263,3.7877528502632263,3.7877528502632263
PEN,1840,nnls_intermedia_legacy,0.00013326057591698972,False,False,0.00013326057591698972,1.1175825328399378e-06,0.5222775056072652,3.7895249745276685,3.7895249745276685,3.7895249745276685,3.7895249745276685,3.7895249745276685
PEN,1840,nnls_nonneg,0.00013185139755775394,False,True,0.00013185139755775394,1.1175825328399378e-06,0.516707916637248,3.77898368918195,3.77898368918195,3.77898368918195,3.77898368918195,3.77898368918195
PEN,1860,nnls_original_legacy,0.00011066543161706973,False,False,0.00011066543161706973,5.7748621244582006e-06,0.41274914069461377,2.005180209973254,2.005180209973254,2.005180209973254,2.005180209973254,2.005180209973254
PEN,1860,nnls_intermedia_legacy,0.00010975018801430589,False,False,0.00010975018801430589,5.7748621244582006e-06,0.4091476156729232,1.9973106270650312,1.9973106270650312,1.9973106270650312,1.9973106270650312,1.9973106270650312
PEN,1860,nnls_nonneg,0.00012102726742330169,False,True,0.00012102726742330169,5.7748621244582006e-06,0.4535234338053226,2.090216869814811,2.090216869814811,2.090216869814811,2.090216869814811,2.090216869814811
PEN,1880,nnls_original_legacy,0.00010920901517432785,False,False,0.00010920901517432785,5.954594716946515e-07,0.46445832536830073,4.217138041982564,4.217138041982564,4.217138041982564,3.702420369652298,4.217138041982564
PEN,1880,nnls_intermedia_legacy,0.0001030814459109882,False,False,0.0001030814459109882,5.954594716946515e-07,0.43825532943268375,4.159717955026389,4.159717955026389,4.159717955026389,3.645220479633293,4.159717955026389
PEN,1880,nnls_nonneg,0.00011230998854949922,False,True,0.00011230998854949922,5.954594716946515e-07,0.47771885156621857,4.244986681119607,4.244986681119607,4.244986681119607,3.7301667305599597,4.244986681119607
PEN,1900,nnls_original_legacy,0.00010820075145061183,False,False,0.00010820075145061183,5.6385467834845014e-06,0.4370380665942316,2.006473842002959,2.006473842002959,2.006473842002959,2.006473842002959,2.006473842002959
PEN,1900,nnls_intermedia_legacy,0.00010417882369879075,False,False,0.00010417882369879075,5.6385467834845014e-06,0.41989982805555726,1.9706062438759018,1.9706062438759018,1.9706062438759018,1.9706062438759018,1.9706062438759018
PEN,1900,nnls_nonneg,0.00011120920971557994,False,True,0.00011120920971557994,5.6385467834845014e-06,0.4498577089548693,2.032488986517707,2.032488986517707,2.032488986517707,2.032488986517707,2.032488986517707
PEN,1920,nnls_original_legacy,9.812410345510933e-05,False,False,9.812410345510933e-05,1.092982456786701e-05,0.39231406045078393,1.306125552665435,1.306125552665435,1.306125552665435,1.306125552665435,1.306125552665435
PEN,1920,nnls_intermedia_legacy,0.00010281203742428668,False,False,0.00010281203742428668,1.092982456786701e-05,0.4134065269984053,1.3477159925593334,1.3477159925593334,1.3477159925593334,1.3477159925593334,1.3477159925593334
PEN,1920,nnls_nonneg,0.00010697936082818346,False,True,0.00010697936082818346,1.092982456786701e-05,0.43215660540559697,1.383308275066331,1.383308275066331,1.383308275066331,1.383308275066331,1.383308275066331
PEN,1940,nnls_original_legacy,0.00011540247485397186,False,False,0.00011540247485397186,2.166282701540373e-05,0.44268015680030265,0.8605434946848474,0.8605434946848474,0.8605434946848474,0.8605434946848474,0.8605434946848474
PEN,1940,nnls_intermedia_legacy,0.00011430970880660105,False,False,0.00011430970880660105,2.166282701540373e-05,0.4375196312772152,0.8528237061652009,0.8528237061652009,0.8528237061652009,0.8528237061652009,0.8528237061652009
PEN,1940,nnls_nonneg,0.00010467196738730202,False,True,0.00010467196738730202,2.166282701540373e-05,0.3920059454348764,0.7821927925903256,0.7821927925903256,0.7821927925903256,0.7821927925903256,0.7821927925903256
PEN,1960,nnls_original_legacy,9.34888851843213e-05,False,False,9.34888851843213e-05,2.0617533103621406e-07,0.4623131987693773,5.119076250765498,5.119076250765498,5.119076250765498,3.5485390129021157,5.119076250765498
PEN,1960,nnls_intermedia_legacy,9.079741366138237e-05,False,False,9.079741366138237e-05,2.0617533103621406e-07,0.4489741479300136,5.089929870056603,5.089929870056603,5.089929870056603,3.519644330863459,5.089929870056603
PEN,1960,nnls_nonneg,9.688295368363423e-05,False,True,9.688295368363423e-05,2.0617533103621406e-07,0.4791343510196459,5.154660024260438,5.154660024260438,5.154660024260438,3.583825320048663,5.154660024260438
PEN,1980,nnls_original_legacy,0.00011272788777855124,False,False,0.00011272788777855124,9.079321497472267e-08,0.5693795559496553,6.124952982287584,6.124952982287584,6.124952982287584,3.7338477612271914,6.124952982287584
PEN,1980,nnls_intermedia_legacy,0.00010690889747576012,False,False,0.00010690889747576012,9.079321497472267e-08,0.5399646094125847,6.07199702524722,6.07199702524722,6.07199702524722,3.6813308047537827,6.07199702524722
PEN,1980,nnls_nonneg,9.659104116918586e-05,False,True,9.659104116918586e-05,9.079321497472267e-08,0.48780793345292867,5.970596692041357,5.970596692041357,5.970596692041357,3.5808389224177883,5.970596692041357
PEN,2000,nnls_original_legacy,0.00013908892846964787,False,False,0.00013908892846964787,0.0005379632255692614,2.1507274061460375,1.5150878387795133,1.5150878387795133,1.5150878387795133,1.5150878387795133,1.5150878387795133
PEN,2000,nnls_intermedia_legacy,0.0001307074603360997,False,False,0.0001307074603360997,0.0005379632255692614,2.195920223406107,1.7009520647076437,1.7009520647076437,1.7009520647076437,1.7009520647076437,1.7009520647076437
PEN,2000,nnls_nonneg,0.0001059061801006583,False,True,0.0001059061801006583,0.0005379632255692614,2.3296485520994716,2.4543841131645334,2.4543841131645334,2.4543841131645334,2.4543841131645334,2.4543841131645334
PEN,2020,nnls_original_legacy,0.00018424365858577733,False,False,0.00018424365858577733,0.00045574497201411504,1.5175497648149379,0.567924961889058,0.567924961889058,0.567924961889058,0.567924961889058,0.567924961889058
PEN,2020,nnls_intermedia_legacy,0.00023918043735050143,False,False,0.00023918043735050143,0.00045574497201411504,1.210482021232539,0.26072903263936587,0.26072903263936587,0.26072903263936587,0.26072903263936587,0.26072903263936587
PEN,2020,nnls_nonneg,0.0003445974333895726,False,True,0.0003445974333895726,0.00045574497201411504,0.6212563724630168,0.04298663604335706,0.04298663604335706,0.04298663604335706,0.04298663604335706,0.04298663604335706
PEN,2040,nnls_original_legacy,0.0001098784560390087,False,False,0.0001098784560390087,8.267083993263475e-07,0.6258535679655469,3.8972019008378886,3.8972019008378886,3.8972019008378886,3.708475774948373,3.8972019008378886
PEN,2040,nnls_intermedia_legacy,0.00011250976034507317,False,False,0.00011250976034507317,8.267083993263475e-07,0.6409547582169383,3.9206911048264494,3.9206911048264494,3.9206911048264494,3.7319280942720674,3.9206911048264494
PEN,2040,nnls_nonneg,8.728220873527818e-05,False,True,8.728220873527818e-05,8.267083993263475e-07,0.4961725467645114,3.6689215656201117,3.6689215656201117,3.6689215656201117,3.4806037361358984,3.6689215656201117
PEN,2060,nnls_original_legacy,0.0004997017974312482,False,False,0.0004997017974312482,0.000444065114888034,0.32361199356280346,0.006700539835272634,0.006700539835272634,0.006700539835272634,0.006700539835272634,0.006700539835272634
PEN,2060,nnls_intermedia_legacy,0.0005062271467369285,False,False,0.0005062271467369285,0.000444065114888034,0.3615668320071102,0.00821952637656076,0.00821952637656076,0.00821952637656076,0.00821952637656076,0.00821952637656076
PEN,2060,nnls_nonneg,0.00030418275058998866,False,True,0.00030418275058998866,0.000444065114888034,0.8136288632883252,0.08152037536865686,0.08152037536865686,0.08152037536865686,0.08152037536865686,0.08152037536865686
PEN,2080,nnls_original_legacy,8.947977202957619e-05,False,False,8.947977202957619e-05,2.104799207542178e-06,0.5158197487764594,2.7733151406001975,2.7733151406001975,2.7733151406001975,2.7733151406001975,2.7733151406001975
PEN,2080,nnls_intermedia_legacy,8.131842790249936e-05,False,False,8.131842790249936e-05,2.104799207542178e-06,0.4676391045789325,2.6800360043605003,2.6800360043605003,2.6800360043605003,2.6800360043605003,2.6800360043605003
PEN,2080,nnls_nonneg,8.561853762389573e-05,False,True,8.561853762389573e-05,2.104799207542178e-06,0.4930248809009428,2.7302651984564243,2.7302651984564243,2.7302651984564243,2.7302651984564243,2.7302651984564243
PEN,2100,nnls_original_legacy,9.533859127789968e-05,False,False,9.533859127789968e-05,1.301742324426961e-05,0.47082695878976794,1.1276848313104524,1.1276848313104524,1.1276848313104524,1.1276848313104524,1.1276848313104524
PEN,2100,nnls_intermedia_legacy,0.00010013003965167043,False,False,0.00010013003965167043,1.301742324426961e-05,0.4982311261492381,1.1701862022006164,1.1701862022006164,1.1701862022006164,1.1701862022006164,1.1701862022006164
PEN,2100,nnls_nonneg,8.959250541737027e-05,False,True,8.959250541737027e-05,1.301742324426961e-05,0.43796284625005366,1.0742788567244972,1.0742788567244972,1.0742788567244972,1.0742788567244972,1.0742788567244972
PEN,2120,nnls_original_legacy,0.0005182623931477463,False,False,0.0005182623931477463,1.983731742519146e-06,2.947261494036029,4.569329534243269,4.569329534243269,4.569329534243269,4.569329534243269,4.569329534243269
PEN,2120,nnls_intermedia_legacy,0.0005442130823971108,False,False,0.0005442130823971108,1.983731742519146e-06,3.0954052638369567,4.6180062143678065,4.6180062143678065,4.6180062143678065,4.6180062143678065,4.6180062143678065
PEN,2120,nnls_nonneg,0.00030775837314930203,False,True,0.00030775837314930203,1.983731742519146e-06,1.7455647382713262,4.050780927210956,4.050780927210956,4.050780927210956,4.050780927210956,4.050780927210956
PEN,2140,nnls_original_legacy,0.00010819588727227738,False,False,0.00010819588727227738,1.085544699448252e-06,0.628476213576494,3.611894609094521,3.611894609094521,3.611894609094521,3.611894609094521,3.611894609094521
PEN,2140,nnls_intermedia_legacy,0.00010331906950598234,False,False,0.00010331906950598234,1.085544699448252e-06,0.5998611994663517,3.56624679568573,3.56624679568573,3.56624679568573,3.56624679568573,3.56624679568573
PEN,2140,nnls_nonneg,9.357657293341847e-05,False,True,9.357657293341847e-05,1.085544699448252e-06,0.5426965297469578,3.468298778108733,3.468298778108733,3.468298778108733,3.468298778108733,3.468298778108733
PEN,2160,nnls_original_legacy,6.443190538990437e-05,False,False,6.443190538990437e-05,2.1942385074272097e-06,0.36164760091370257,2.413829025573565,2.413829025573565,2.413829025573565,2.413829025573565,2.413829025573565
PEN,2160,nnls_intermedia_legacy,7.147162106015477e-05,False,False,7.147162106015477e-05,2.1942385074272097e-06,0.4025536375758424,2.514166233639497,2.514166233639497,2.514166233639497,2.514166233639497,2.514166233639497
PEN,2160,nnls_nonneg,7.944364363322108e-05,False,True,7.944364363322108e-05,2.1942385074272097e-06,0.4488770777430867,2.616832884097524,2.616832884097524,2.616832884097524,2.616832884097524,2.616832884097524
PEN,2180,nnls_original_legacy,8.210492765817589e-05,False,False,8.210492765817589e-05,3.640269665407645e-07,0.47993797958869466,4.422959044929481,4.422959044929481,4.422959044929481,3.4201775718019567,4.422959044929481
PEN,2180,nnls_intermedia_legacy,0.00011127513163724186,False,False,0.00011127513163724186,3.640269665407645e-07,0.6512095051462261,4.725804541565972,4.725804541565972,4.725804541565972,3.720992531812051,4.725804541565972
PEN,2180,nnls_nonneg,9.114422140302122e-05,False,True,9.114422140302122e-05,3.640269665407645e-07,0.5330117815666774,4.526964399230917,4.526964399230917,4.526964399230917,3.523414725155688,4.526964399230917
PEN,2200,nnls_original_legacy,0.00017516049867060264,False,False,0.00017516049867060264,0.0004461966890316677,1.5615053834246102,0.6123019203195508,0.6123019203195508,0.6123019203195508,0.6123019203195508,0.6123019203195508
PEN,2200,nnls_intermedia_legacy,0.0001598958865733744,False,False,0.0001598958865733744,0.0004461966890316677,1.6494485246485076,0.7643081719634239,0.7643081719634239,0.7643081719634239,0.7643081719634239,0.7643081719634239
PEN,2200,nnls_nonneg,9.212468522894265e-05,False,True,9.212468522894265e-05,0.0004461966890316677,2.0398948912370685,2.2657829483063257,2.2657829483063257,2.2657829483063257,2.2657829483063257,2.2657829483063257
PEN,2220,nnls_original_legacy,0.00016683644227774363,False,False,0.00016683644227774363,2.437234994447776e-05,0.8248755243127638,1.0696499435493334,1.0696499435493334,1.0696499435493334,1.0696499435493334,1.0696499435493334
PEN,2220,nnls_intermedia_legacy,0.0001570831931375335,False,False,0.0001570831931375335,2.437234994447776e-05,0.768403634684157,1.0184819487421772,1.0184819487421772,1.0184819487421772,1.0184819487421772,1.0184819487421772
PEN,2220,nnls_nonneg,9.161547806474377e-05,False,True,9.161547806474377e-05,2.437234994447776e-05,0.3893416906407579,0.5901796784403,0.5901796784403,0.5901796784403,0.5901796784403,0.5901796784403
PEN,2240,nnls_original_legacy,0.0011792197062681716,False,False,0.0011792197062681716,0.0016035490679957476,1.8852910651852441,0.05247271695466216,0.05247271695466216,0.05247271695466216,0.05247271695466216,0.05247271695466216
PEN,2240,nnls_intermedia_legacy,0.0011458077938967292,False,False,0.0011458077938967292,0.0016035490679957476,2.0337398541358276,0.06338274289772339,0.06338274289772339,0.06338274289772339,0.06338274289772339,0.06338274289772339
PEN,2240,nnls_nonneg,0.00047055636594207364,False,True,0.00047055636594207364,0.0016035490679957476,5.033875123336922,1.1817136846509015,1.1817136846509015,1.1817136846509015,1.1817136846509015,1.1817136846509015
PEN,2260,nnls_original_legacy,0.00020002840989475788,False,False,0.00020002840989475788,8.677316111092857e-08,0.8716903633760754,6.74335111903798,6.74335111903798,6.74335111903798,4.3034586957872625,6.74335111903798
PEN,2260,nnls_intermedia_legacy,0.00011299530394241956,False,False,0.00011299530394241956,8.677316111092857e-08,0.4922500377254089,6.172572104731959,6.172572104731959,6.172572104731959,3.7361961851246965,6.172572104731959
PEN,2260,nnls_nonneg,0.00013019207870381924,False,True,0.00013019207870381924,8.677316111092857e-08,0.5672232303307607,6.314135298475972,6.314135298475972,6.314135298475972,3.87669184733204,6.314135298475972
PEN,2280,nnls_original_legacy,0.00010380070154276003,False,False,0.00010380070154276003,0.0005126360734130134,2.459125548452092,2.341563661336514,2.341563661336514,2.341563661336514,2.341563661336514,2.341563661336514
PEN,2280,nnls_intermedia_legacy,9.62809354979847e-05,False,False,9.62809354979847e-05,0.0005126360734130134,2.5043565878176337,2.652081922454814,2.652081922454814,2.652081922454814,2.652081922454814,2.652081922454814
PEN,2280,nnls_nonneg,9.445979126741059e-05,False,True,9.445979126741059e-05,0.0005126360734130134,2.5153106847792883,2.7356375660486343,2.7356375660486343,2.7356375660486343,2.7356375660486343,2.7356375660486343
PEN,2300,nnls_original_legacy,9.911455917020065e-05,False,False,9.911455917020065e-05,8.15975077045202e-08,0.598365226490691,6.103056169385713,6.103056169385713,6.103056169385713,3.606365679564864,6.103056169385713
PEN,2300,nnls_intermedia_legacy,7.701790430296516e-05,False,False,7.701790430296516e-05,8.15975077045202e-08,0.4648554366958543,5.8510539400973665,5.8510539400973665,5.8510539400973665,3.3570219121438445,5.8510539400973665
PEN,2300,nnls_nonneg,9.161743623394246e-05,False,True,9.161743623394246e-05,8.15975077045202e-08,0.5530669986231754,6.024468798731859,6.024468798731859,6.024468798731859,3.5285365583500727,6.024468798731859
PEN,2320,nnls_original_legacy,9.327276824496895e-05,False,False,9.327276824496895e-05,1.4799204947967606e-05,0.47356751733919633,0.999620602900837,0.999620602900837,0.999620602900837,0.999620602900837,0.999620602900837
PEN,2320,nnls_intermedia_legacy,9.040470519142408e-05,False,False,9.040470519142408e-05,1.4799204947967606e-05,0.4562595037512442,0.9734223540359874,0.9734223540359874,0.9734223540359874,0.9734223540359874,0.9734223540359874
PEN,2320,nnls_nonneg,8.728355427565219e-05,False,True,8.728355427565219e-05,1.4799204947967606e-05,0.4374241708273532,0.9441417924759274,0.9441417924759274,0.9441417924759274,0.9441417924759274,0.9441417924759274
PEN,2340,nnls_original_legacy,0.00022597376226464515,False,False,0.00022597376226464515,0.00043170737386294297,1.2387033350411372,0.26310232559447,0.26310232559447,0.26310232559447,0.26310232559447,0.26310232559447
PEN,2340,nnls_intermedia_legacy,0.00022779959398743172,False,False,0.00022779959398743172,0.00043170737386294297,1.227710168554294,0.2558374393917251,0.2558374393917251,0.2558374393917251,0.2558374393917251,0.2558374393917251
PEN,2340,nnls_nonneg,0.00020338990372893224,False,True,0.00020338990372893224,0.00043170737386294297,1.3746786901080887,0.36993735216352386,0.36993735216352386,0.36993735216352386,0.36993735216352386,0.36993735216352386
PEN,2360,nnls_original_legacy,0.00011754237294330225,False,False,0.00011754237294330225,1.0407091129810663e-05,0.6475160332741337,1.5128505354778436,1.5128505354778436,1.5128505354778436,1.5128505354778436,1.5128505354778436
PEN,2360,nnls_intermedia_legacy,0.0001113676476501576,False,False,0.0001113676476501576,1.0407091129810663e-05,0.6101965474736026,1.4637975206228253,1.4637975206228253,1.4637975206228253,1.4637975206228253,1.4637975206228253
PEN,2360,nnls_nonneg,9.833229588012396e-05,False,True,9.833229588012396e-05,1.0407091129810663e-05,0.5314120506431457,1.3517010456965504,1.3517010456965504,1.3517010456965504,1.3517010456965504,1.3517010456965504
PEN,2380,nnls_original_legacy,0.00018211511820816304,False,False,0.00018211511820816304,0.00031320392482010723,0.7956995296489695,0.1775973832233011,0.1775973832233011,0.1775973832233011,0.1775973832233011,0.1775973832233011
PEN,2380,nnls_intermedia_legacy,0.00015365094728292888,False,False,0.00015365094728292888,0.00031320392482010723,0.9684749786169596,0.3262408937198049,0.3262408937198049,0.3262408937198049,0.3262408937198049,0.3262408937198049
PEN,2380,nnls_nonneg,0.0001157809671372527,False,True,0.0001157809671372527,0.00031320392482010723,1.1983430060140812,0.7099874184873909,0.7099874184873909,0.7099874184873909,0.7099874184873909,0.7099874184873909
PEN,2400,nnls_original_legacy,7.79682277156914e-05,False,False,7.79682277156914e-05,4.976781675526685e-06,0.4495629967523719,1.8153488684536367,1.8153488684536367,1.8153488684536367,1.8153488684536367,1.8153488684536367
PEN,2400,nnls_intermedia_legacy,7.319121803250096e-05,False,False,7.319121803250096e-05,4.976781675526685e-06,0.42014082600227515,1.756288987756879,1.756288987756879,1.756288987756879,1.756288987756879,1.756288987756879
PEN,2400,nnls_nonneg,7.518648800331042e-05,False,True,7.518648800331042e-05,4.976781675526685e-06,0.4324299310422483,1.7813806026806795,1.7813806026806795,1.7813806026806795,1.7813806026806795,1.7813806026806795
PEN,2420,nnls_original_legacy,6.994132079953727e-05,False,False,6.994132079953727e-05,2.2405038506458513e-05,0.2851842683929098,0.4587112611969275,0.4587112611969275,0.4587112611969275,0.4587112611969275,0.4587112611969275
PEN,2420,nnls_intermedia_legacy,8.483789010464514e-05,False,False,8.483789010464514e-05,2.2405038506458513e-05,0.37455320962919164,0.5955487521039344,0.5955487521039344,0.5955487521039344,0.5955487521039344,0.5955487521039344
PEN,2420,nnls_nonneg,7.922683563928724e-05,False,True,7.922683563928724e-05,2.2405038506458513e-05,0.34089082827698297,0.5458252878227539,0.5458252878227539,0.5458252878227539,0.5458252878227539,0.5458252878227539
PEN,2440,nnls_original_legacy,0.00014883586253460076,False,False,0.00014883586253460076,0.00023013567677856447,0.4915344944004334,0.11041314061827401,0.11041314061827401,0.11041314061827401,0.11041314061827401,0.11041314061827401
PEN,2440,nnls_intermedia_legacy,0.00014772492608186106,False,False,0.00014772492608186106,0.00023013567677856447,0.4982511590408937,0.11454915384476894,0.11454915384476894,0.11454915384476894,0.11454915384476894,0.11454915384476894
PEN,2440,nnls_nonneg,0.00013867160267243086,False,True,0.00013867160267243086,0.00023013567677856447,0.5529870866205595,0.15301274308516377,0.15301274308516377,0.15301274308516377,0.15301274308516377,0.15301274308516377
PEN,2460,nnls_original_legacy,7.156558612961367e-05,False,False,7.156558612961367e-05,6.802094266983711e-07,0.4301973071377206,3.6654735655664146,3.6654735655664146,3.6654735655664146,3.284587514307166,3.6654735655664146
PEN,2460,nnls_intermedia_legacy,7.857507346545961e-05,False,False,7.857507346545961e-05,6.802094266983711e-07,0.4727372881120033,3.7580658747447533,3.7580658747447533,3.7580658747447533,3.3767811999977093,3.7580658747447533
PEN,2460,nnls_nonneg,7.783353723660118e-05,False,True,7.783353723660118e-05,6.802094266983711e-07,0.46823696796646835,3.7486662404837823,3.7486662404837823,3.7486662404837823,3.3674203402600984,3.7486662404837823
PEN,2480,nnls_original_legacy,5.959113152093693e-05,False,False,5.959113152093693e-05,0.00041956543962032126,2.2192828806327514,4.089023500622705,4.089023500622705,4.089023500622705,4.089023500622705,4.089023500622705
PEN,2480,nnls_intermedia_legacy,0.00013084352561734553,False,False,0.00013084352561734553,0.00041956543962032126,1.780003701912585,1.0414024377670366,1.0414024377670366,1.0414024377670366,1.0414024377670366,1.0414024377670366
PEN,2480,nnls_nonneg,7.751747532594973e-05,False,True,7.751747532594973e-05,0.00041956543962032126,2.108764915812278,2.723811038615849,2.723811038615849,2.723811038615849,2.723811038615849,2.723811038615849
PEN,2500,nnls_original_legacy,8.393096322636928e-05,False,False,8.393096322636928e-05,2.316378657428828e-05,0.3720665337919021,0.5633906466745247,0.5633906466745247,0.5633906466745247,0.5633906466745247,0.5633906466745247
PEN,2500,nnls_intermedia_legacy,7.409754459912092e-05,False,False,7.409754459912092e-05,2.316378657428828e-05,0.31185827358404977,0.47540432676568223,0.47540432676568223,0.47540432676568223,0.47540432676568223,0.47540432676568223
PEN,2500,nnls_nonneg,7.667528123383927e-05,False,True,7.667528123383927e-05,2.316378657428828e-05,0.3276412930947187,0.49909164343371426,0.49909164343371426,0.49909164343371426,0.49909164343371426,0.49909164343371426
PEN,2520,nnls_original_legacy,0.0002096603429314839,False,False,0.0002096603429314839,0.0017803257672818014,9.290062420623668,5.352413151109123,5.352413151109123,5.352413151109123,5.352413151109123,5.352413151109123
PEN,2520,nnls_intermedia_legacy,0.00014553279284626068,False,False,0.00014553279284626068,0.0017803257672818014,9.669359585976256,8.729008612008235,8.729008612008235,8.729008612008235,8.729008612008235,8.729008612008235
PEN,2520,nnls_nonneg,0.00023268724093141927,False,True,0.00023268724093141927,0.0017803257672818014,9.153864528662547,4.616296964985285,4.616296964985285,4.616296964985285,4.616296964985285,4.616296964985285
PEN,2540,nnls_original_legacy,7.741920635998632e-05,False,False,7.741920635998632e-05,0.00035899846602702835,1.604061534854565,2.1029891911508676,2.1029891911508676,2.1029891911508676,2.1029891911508676,2.1029891911508676
PEN,2540,nnls_intermedia_legacy,7.581615590416597e-05,False,False,7.581615590416597e-05,0.00035899846602702835,1.6131935695706627,2.180111576711706,2.180111576711706,2.180111576711706,2.180111576711706,2.180111576711706
PEN,2540,nnls_nonneg,7.995039397686547e-05,False,True,7.995039397686547e-05,0.00035899846602702835,1.5896422175421427,1.9883533792700403,1.9883533792700403,1.9883533792700403,1.9883533792700403,1.9883533792700403
PEN,2560,nnls_original_legacy,9.853139448542006e-05,False,False,9.853139448542006e-05,6.616644350400997e-05,0.18024251758351248,0.06972829482176324,0.06972829482176324,0.06972829482176324,0.06972829482176324,0.06972829482176324
PEN,2560,nnls_intermedia_legacy,8.218471804875385e-05,False,False,8.218471804875385e-05,6.616644350400997e-05,0.08920681304127034,0.021890178952765904,0.021890178952765904,0.021890178952765904,0.021890178952765904,0.021890178952765904
PEN,2560,nnls_nonneg,8.095656062890964e-05,False,True,8.095656062890964e-05,6.616644350400997e-05,0.08236712446986667,0.01904726935713441,0.01904726935713441,0.01904726935713441,0.01904726935713441,0.01904726935713441
PEN,2580,nnls_original_legacy,0.0002542108107824255,False,False,0.0002542108107824255,0.0002185471445671393,0.19180491139067277,0.010870432940393915,0.010870432940393915,0.010870432940393915,0.010870432940393915,0.010870432940393915
PEN,2580,nnls_intermedia_legacy,0.00025167359408541346,False,False,0.00025167359408541346,0.0002185471445671393,0.17815935344910747,0.009506577388797233,0.009506577388797233,0.009506577388797233,0.009506577388797233,0.009506577388797233
PEN,2580,nnls_nonneg,0.00023120340504640964,False,True,0.00023120340504640964,0.0002185471445671393,0.068067396804068,0.0015553036651696495,0.0015553036651696495,0.0015553036651696495,0.0015553036651696495,0.0015553036651696495
PEN,2600,nnls_original_legacy,9.006147138597996e-05,False,False,9.006147138597996e-05,1.906195411886623e-06,0.46561799878994825,2.8765486206685003,2.8765486206685003,2.8765486206685003,2.8765486206685003,2.8765486206685003
PEN,2600,nnls_intermedia_legacy,8.148854830231638e-05,False,False,8.148854830231638e-05,1.906195411886623e-06,0.4203375859514852,2.7787453618036158,2.7787453618036158,2.7787453618036158,2.7787453618036158,2.7787453618036158
PEN,2600,nnls_nonneg,9.089531520423088e-05,False,True,9.089531520423088e-05,1.906195411886623e-06,0.470022189981766,2.8855704647455815,2.8855704647455815,2.8855704647455815,2.8855704647455815,2.8855704647455815
PEN,2620,nnls_original_legacy,8.028569168559562e-05,False,False,8.028569168559562e-05,0.0002836313583062757,1.0965781575590579,1.2706919784756474,1.2706919784756474,1.2706919784756474,1.2706919784756474,1.2706919784756474
PEN,2620,nnls_intermedia_legacy,7.714915284060221e-05,False,False,7.714915284060221e-05,0.0002836313583062757,1.1134925085994036,1.3744679955507806,1.3744679955507806,1.3744679955507806,1.3744679955507806,1.3744679955507806
PEN,2620,nnls_nonneg,8.387624995795145e-05,False,True,8.387624995795145e-05,0.0002836313583062757,1.0772154249257972,1.1632126691958335,1.1632126691958335,1.1632126691958335,1.1632126691958335,1.1632126691958335
PEN,2640,nnls_original_legacy,0.00018229928741399776,False,False,0.00018229928741399776,2.386895506739639e-07,0.988178197528372,5.639550623327583,5.639550623327583,5.639550623327583,4.211135257776142,5.639550623327583
PEN,2640,nnls_intermedia_legacy,0.0001514382025676418,False,False,0.0001514382025676418,2.386895506739639e-07,0.8206721497885074,5.454345311967551,5.454345311967551,5.454345311967551,4.026780991489395,5.454345311967551
PEN,2640,nnls_nonneg,0.0002043295167534317,False,True,0.0002043295167534317,2.386895506739639e-07,1.1077526281040722,5.753493651376295,5.753493651376295,5.753493651376295,4.3246280244117,5.753493651376295
PEN,2660,nnls_original_legacy,7.597326624710025e-05,False,False,7.597326624710025e-05,3.879710530027424e-07,0.4166853112798766,4.282312744903907,4.282312744903907,4.282312744903907,3.3435440432830585,4.282312744903907
PEN,2660,nnls_intermedia_legacy,7.50978789698538e-05,False,False,7.50978789698538e-05,3.879710530027424e-07,0.41185949140084854,4.270783068633465,4.270783068633465,4.270783068633465,3.3321082709331256,4.270783068633465
PEN,2660,nnls_nonneg,8.065660110002111e-05,False,True,8.065660110002111e-05,3.879710530027424e-07,0.4425035188559134,4.34183535647488,4.34183535647488,4.34183535647488,3.402598891215475,4.34183535647488
PEN,2680,nnls_original_legacy,0.0001941944421488596,False,False,0.0001941944421488596,0.00038541996389551757,1.0524900471996024,0.2992379909615377,0.2992379909615377,0.2992379909615377,0.2992379909615377,0.2992379909615377
PEN,2680,nnls_intermedia_legacy,0.00019007532646513672,False,False,0.00019007532646513672,0.00038541996389551757,1.0751613319778222,0.32080911856814875,0.32080911856814875,0.32080911856814875,0.32080911856814875,0.32080911856814875
PEN,2680,nnls_nonneg,0.0001836436709571465,False,True,0.0001836436709571465,0.00038541996389551757,1.110560651835055,0.35740182592083825,0.35740182592083825,0.35740182592083825,0.35740182592083825,0.35740182592083825
PEN,2700,nnls_original_legacy,9.183194232282877e-05,False,False,9.183194232282877e-05,3.799369104589366e-05,0.29994160717900603,0.29627074208727944,0.29627074208727944,0.29627074208727944,0.29627074208727944,0.29627074208727944
PEN,2700,nnls_intermedia_legacy,7.767093375482999e-05,False,False,7.767093375482999e-05,3.799369104589366e-05,0.22104833764629195,0.2042232636114647,0.2042232636114647,0.2042232636114647,0.2042232636114647,0.2042232636114647
PEN,2700,nnls_nonneg,7.835870646713941e-05,False,True,7.835870646713941e-05,3.799369104589366e-05,0.22488003068629844,0.2087457526917731,0.2087457526917731,0.2087457526917731,0.2087457526917731,0.2087457526917731
PEN,2720,nnls_original_legacy,0.00022654119907583652,False,False,0.00022654119907583652,0.00036836623096006365,0.7745528755199269,0.13989439370293644,0.13989439370293644,0.13989439370293644,0.13989439370293644,0.13989439370293644
PEN,2720,nnls_intermedia_legacy,0.0002235531269714977,False,False,0.0002235531269714977,0.00036836623096006365,0.7908717143731823,0.14835082531982868,0.14835082531982868,0.14835082531982868,0.14835082531982868,0.14835082531982868
PEN,2720,nnls_nonneg,0.00021084260134096122,False,True,0.00021084260134096122,0.00036836623096006365,0.8602880511488954,0.18914906177788682,0.18914906177788682,0.18914906177788682,0.18914906177788682,0.18914906177788682
PEN,2740,nnls_original_legacy,0.0001544152999743437,False,False,0.0001544152999743437,0.0005969111974216308,3.316395434978848,1.5134994796654722,1.5134994796654722,1.5134994796654722,1.5134994796654722,1.5134994796654722
PEN,2740,nnls_intermedia_legacy,0.00014895529884254756,False,False,0.00014895529884254756,0.0005969111974216308,3.357316769917609,1.6191955442350627,1.6191955442350627,1.6191955442350627,1.6191955442350627,1.6191955442350627
PEN,2740,nnls_nonneg,0.00020810262104486988,False,True,0.00020810262104486988,0.0005969111974216308,2.9140224693950327,0.814613187255508,0.814613187255508,0.814613187255508,0.814613187255508,0.814613187255508
PEN,2760,nnls_original_legacy,0.0002145061881190397,False,False,0.0002145061881190397,0.00020410726329853944,0.08112467364111095,0.0012144934125064566,0.0012144934125064566,0.0012144934125064566,0.0012144934125064566,0.0012144934125064566
PEN,2760,nnls_intermedia_legacy,0.00024879114481176577,False,False,0.00024879114481176577,0.00020410726329853944,0.3485903944254275,0.01836412559796785,0.01836412559796785,0.01836412559796785,0.01836412559796785,0.01836412559796785
PEN,2760,nnls_nonneg,0.0001554878435154847,False,True,0.0001554878435154847,0.00020410726329853944,0.37929253558453374,0.040611419712651475,0.040611419712651475,0.040611419712651475,0.040611419712651475,0.040611419712651475
PEN,2780,nnls_original_legacy,8.900090584685756e-05,False,False,8.900090584685756e-05,0.0005990418646922915,3.8422191599395057,3.8240540237138214,3.8240540237138214,3.8240540237138214,3.8240540237138214,3.8240540237138214
PEN,2780,nnls_intermedia_legacy,9.431139347046128e-05,False,False,9.431139347046128e-05,0.0005990418646922915,3.8022144172964443,3.5030149104426664,3.5030149104426664,3.5030149104426664,3.5030149104426664,3.5030149104426664
PEN,2780,nnls_nonneg,8.91195866601567e-05,False,True,8.91195866601567e-05,0.0005990418646922915,3.8413251186142614,3.81642326943909,3.81642326943909,3.81642326943909,3.81642326943909,3.81642326943909
PEN,2800,nnls_original_legacy,0.00010629828420774896,False,False,0.00010629828420774896,5.8392295018434535e-06,0.7420688045419429,1.956582781296111,1.956582781296111,1.956582781296111,1.956582781296111,1.956582781296111
PEN,2800,nnls_intermedia_legacy,0.00010440142259530073,False,False,0.00010440142259530073,5.8392295018434535e-06,0.7280571076048005,1.9395750031631303,1.9395750031631303,1.9395750031631303,1.9395750031631303,1.9395750031631303
PEN,2800,nnls_nonneg,9.021296719391939e-05,False,True,9.021296719391939e-05,5.8392295018434535e-06,0.623250127598639,1.8023014874517829,1.8023014874517829,1.8023014874517829,1.8023014874517829,1.8023014874517829
PEN,2820,nnls_original_legacy,0.00010196703053003164,False,False,0.00010196703053003164,2.192017584848857e-06,0.7032578806400404,2.8613244566565856,2.8613244566565856,2.8613244566565856,2.8613244566565856,2.8613244566565856
PEN,2820,nnls_intermedia_legacy,9.108929083129218e-05,False,False,9.108929083129218e-05,2.192017584848857e-06,0.6265868190096857,2.7510823448411164,2.7510823448411164,2.7510823448411164,2.7510823448411164,2.7510823448411164
PEN,2820,nnls_nonneg,7.488133927751623e-05,False,True,7.488133927751623e-05,2.192017584848857e-06,0.5123460955783865,2.5603555418647233,2.5603555418647233,2.5603555418647233,2.5603555418647233,2.5603555418647233
PEN,2840,nnls_original_legacy,0.0001478767182012952,False,False,0.0001478767182012952,2.28079877130212e-06,1.0122948658415054,3.1872768717902105,3.1872768717902105,3.1872768717902105,3.1872768717902105,3.1872768717902105
PEN,2840,nnls_intermedia_legacy,0.00017153384674529966,False,False,0.00017153384674529966,2.28079877130212e-06,1.1767774272993021,3.33355137838877,3.33355137838877,3.33355137838877,3.33355137838877,3.33355137838877
PEN,2840,nnls_nonneg,0.00014122721563685785,False,True,0.00014122721563685785,2.28079877130212e-06,0.9660624073170311,3.1419941848811606,3.1419941848811606,3.1419941848811606,3.1419941848811606,3.1419941848811606
PEN,2860,nnls_original_legacy,7.079432827452064e-05,False,False,7.079432827452064e-05,9.669849541963697e-06,0.42552689656147163,1.1273568762427018,1.1273568762427018,1.1273568762427018,1.1273568762427018,1.1273568762427018
PEN,2860,nnls_intermedia_legacy,9.310917656764507e-05,False,False,9.310917656764507e-05,9.669849541963697e-06,0.5808749394128478,1.3686149532672922,1.3686149532672922,1.3686149532672922,1.3686149532672922,1.3686149532672922
PEN,2860,nnls_nonneg,8.999755191237341e-05,False,True,8.999755191237341e-05,9.669849541963697e-06,0.5592129144716574,1.3382154142177205,1.3382154142177205,1.3382154142177205,1.3382154142177205,1.3382154142177205
PEN,2880,nnls_original_legacy,0.00028190428615870885,False,False,0.00028190428615870885,0.00038362641263793964,0.6891995688513589,0.052737640558703,0.052737640558703,0.052737640558703,0.052737640558703,0.052737640558703
PEN,2880,nnls_intermedia_legacy,0.0002495165863563576,False,False,0.0002495165863563576,0.00038362641263793964,0.9086364751809298,0.10733479917630628,0.10733479917630628,0.10733479917630628,0.10733479917630628,0.10733479917630628
PEN,2880,nnls_nonneg,0.00020613641198279455,False,True,0.00020613641198279455,0.00038362641263793964,1.2025508722719185,0.23990072322752876,0.23990072322752876,0.23990072322752876,0.23990072322752876,0.23990072322752876
PEN,2900,nnls_original_legacy,0.00014494860693533434,False,False,0.00014494860693533434,7.98423442421695e-05,0.40761792125104057,0.14715734231761446,0.14715734231761446,0.14715734231761446,0.14715734231761446,0.14715734231761446
PEN,2900,nnls_intermedia_legacy,0.00014843069606864046,False,False,0.00014843069606864046,7.98423442421695e-05,0.4294186186865284,0.15797408550111425,0.15797408550111425,0.15797408550111425,0.15797408550111425,0.15797408550111425
PEN,2900,nnls_nonneg,0.0001595454911945015,False,True,0.0001595454911945015,7.98423442421695e-05,0.4990062358668695,0.1927113302105612,0.1927113302105612,0.1927113302105612,0.1927113302105612,0.1927113302105612
PEN,2920,nnls_original_legacy,0.00030075624583236906,False,False,0.00030075624583236906,0.0006159502569846173,1.9418201308900684,0.3311387863200008,0.3311387863200008,0.3311387863200008,0.3311387863200008,0.3311387863200008
PEN,2920,nnls_intermedia_legacy,0.0002850445889418863,False,False,0.0002850445889418863,0.0006159502569846173,2.0386151541458886,0.39037030708369147,0.39037030708369147,0.39037030708369147,0.39037030708369147,0.39037030708369147
PEN,2920,nnls_nonneg,0.00023861840352261773,False,True,0.00023861840352261773,0.0006159502569846173,2.3246336007464645,0.6330185895219669,0.6330185895219669,0.6330185895219669,0.6330185895219669,0.6330185895219669
PEN,2940,nnls_original_legacy,0.00021694608106251313,False,False,0.00021694608106251313,0.0004307853447771934,1.252908812100807,0.29971823325945746,0.29971823325945746,0.29971823325945746,0.29971823325945746,0.29971823325945746
PEN,2940,nnls_intermedia_legacy,0.00023115403735643724,False,False,0.00023115403735643724,0.0004307853447771934,1.1696627639552597,0.24110329235814065,0.24110329235814065,0.24110329235814065,0.24110329235814065,0.24110329235814065
PEN,2940,nnls_nonneg,0.00018232879945297682,False,True,0.00018232879945297682,0.0004307853447771934,1.4557354419073594,0.5028857629963484,0.5028857629963484,0.5028857629963484,0.5028857629963484,0.5028857629963484
PEN,2960,nnls_original_legacy,9.493642154968305e-05,False,False,9.493642154968305e-05,0.00036090779427014054,1.5446907221228707,1.4661585170478668,1.4661585170478668,1.4661585170478668,1.4661585170478668,1.4661585170478668
PEN,2960,nnls_intermedia_legacy,9.766904079736668e-05,False,False,9.766904079736668e-05,0.00036090779427014054,1.5288203991034541,1.3881739431253077,1.3881739431253077,1.3881739431253077,1.3881739431253077,1.3881739431253077
PEN,2960,nnls_nonneg,0.000110387381656631,False,True,0.000110387381656631,0.00036090779427014054,1.454955671012021,1.0848393507647716,1.0848393507647716,1.0848393507647716,1.0848393507647716,1.0848393507647716
PEN,2980,nnls_original_legacy,0.0002271368926970385,False,False,0.0002271368926970385,0.00039428526656422325,0.9575956813493808,0.18437088067390017,0.18437088067390017,0.18437088067390017,0.18437088067390017,0.18437088067390017
PEN,2980,nnls_intermedia_legacy,0.0002259907572246849,False,False,0.0002259907572246849,0.00039428526656422325,0.9641619096241426,0.18811585362471384,0.18811585362471384,0.18811585362471384,0.18811585362471384,0.18811585362471384
PEN,2980,nnls_nonneg,0.00018190842094560443,False,True,0.00018190842094560443,0.00039428526656422325,1.2167103123874314,0.393921910968436,0.393921910968436,0.393921910968436,0.393921910968436,0.393921910968436
PEN,3000,nnls_original_legacy,0.00010727292211776357,False,False,0.00010727292211776357,0.0003813480471760291,1.5574865423078132,1.286596759050326,1.286596759050326,1.286596759050326,1.286596759050326,1.286596759050326
PEN,3000,nnls_intermedia_legacy,0.0001013920238828401,False,False,0.0001013920238828401,0.0003813480471760291,1.59090591904121,1.4364066777818776,1.4364066777818776,1.4364066777818776,1.4364066777818776,1.4364066777818776
PEN,3000,nnls_nonneg,9.977560346240899e-05,False,True,9.977560346240899e-05,0.0003813480471760291,1.6000915503567037,1.481268266782564,1.481268266782564,1.481268266782564,1.481268266782564,1.481268266782564
PEN,3020,nnls_original_legacy,0.00010183415526902401,False,False,0.00010183415526902401,0.00031093887466111385,1.1815877574750364,0.9371341390341292,0.9371341390341292,0.9371341390341292,0.9371341390341292,0.9371341390341292
PEN,3020,nnls_intermedia_legacy,9.69689250363061e-05,False,False,9.69689250363061e-05,0.00031093887466111385,1.2090797074271444,1.0413768895091562,1.0413768895091562,1.0413768895091562,1.0413768895091562,1.0413768895091562
PEN,3020,nnls_nonneg,0.00010676023973686734,False,True,0.00010676023973686734,0.00031093887466111385,1.1537519385781063,0.8434861909047431,0.8434861909047431,0.8434861909047431,0.8434861909047431,0.8434861909047431
PEN,3040,nnls_original_legacy,9.738328599378925e-05,False,False,9.738328599378925e-05,0.00047512024061216316,2.152513888642414,2.2939551240192753,2.2939551240192753,2.2939551240192753,2.2939551240192753,2.2939551240192753
PEN,3040,nnls_intermedia_legacy,0.00010740289022115238,False,False,0.00010740289022115238,0.00047512024061216316,2.0954177083656162,1.93673850348216,1.93673850348216,1.93673850348216,1.93673850348216,1.93673850348216
PEN,3040,nnls_nonneg,0.00011245279277480105,False,True,0.00011245279277480105,0.00047512024061216316,2.066641108008891,1.784029551734581,1.784029551734581,1.784029551734581,1.784029551734581,1.784029551734581
PEN,3060,nnls_original_legacy,0.00025271350233568407,False,False,0.00025271350233568407,0.0004074548961329545,0.8691479247423912,0.13464565713562004,0.13464565713562004,0.13464565713562004,0.13464565713562004,0.13464565713562004
PEN,3060,nnls_intermedia_legacy,0.0002486484159384385,False,False,0.0002486484159384385,0.0004074548961329545,0.8919806091286607,0.14478850557833178,0.14478850557833178,0.14478850557833178,0.14478850557833178,0.14478850557833178
PEN,3060,nnls_nonneg,0.00021952098878715037,False,True,0.00021952098878715037,0.0004074548961329545,1.0555828763719963,0.2376266665548883,0.2376266665548883,0.2376266665548883,0.2376266665548883,0.2376266665548883
PEN,3080,nnls_original_legacy,0.0002631352986053257,False,False,0.0002631352986053257,0.00029191375168925715,0.16137917770334784,0.005577468146095166,0.005577468146095166,0.005577468146095166,0.005577468146095166,0.005577468146095166
PEN,3080,nnls_intermedia_legacy,0.0002611290888590401,False,False,0.0002611290888590401,0.00029191375168925715,0.17262927784638796,0.006447082503169499,0.006447082503169499,0.006447082503169499,0.006447082503169499,0.006447082503169499
PEN,3080,nnls_nonneg,0.00019827882473084333,False,True,0.00019827882473084333,0.00029191375168925715,0.5250708741290541,0.08545452042931112,0.08545452042931112,0.08545452042931112,0.08545452042931112,0.08545452042931112
PEN,3100,nnls_original_legacy,0.00031043542993093164,False,False,0.00031043542993093164,0.00040602570939799864,0.5466069867604549,0.03948267072334133,0.03948267072334133,0.03948267072334133,0.03948267072334133,0.03948267072334133
PEN,3100,nnls_intermedia_legacy,0.0003156233916396758,False,False,0.0003156233916396758,0.00040602570939799864,0.516941040255693,0.03455786752244849,0.03455786752244849,0.03455786752244849,0.03455786752244849,0.03455786752244849
PEN,3100,nnls_nonneg,0.0002020534394984982,False,True,0.0002020534394984982,0.00040602570939799864,1.1663598898763332,0.3116123811930258,0.3116123811930258,0.3116123811930258,0.3116123811930258,0.3116123811930258
PEN,3120,nnls_original_legacy,0.00011900783964480874,False,False,0.00011900783964480874,0.0006148453088246089,2.775784660161972,2.5242456046135344,2.5242456046135344,2.5242456046135344,2.5242456046135344,2.5242456046135344
PEN,3120,nnls_intermedia_legacy,0.00011884653250437326,False,False,0.00011884653250437326,0.0006148453088246089,2.776687685677038,2.529901501940153,2.529901501940153,2.529901501940153,2.529901501940153,2.529901501940153
PEN,3120,nnls_nonneg,0.00011928098844685362,False,True,0.00011928098844685362,0.0006148453088246089,2.7742555255124426,2.5147072757147546,2.5147072757147546,2.5147072757147546,2.5147072757147546,2.5147072757147546
PEN,3140,nnls_original_legacy,0.0001995413360961883,False,False,0.0001995413360961883,0.00030352602629648233,0.563251938145457,0.10167259498793335,0.10167259498793335,0.10167259498793335,0.10167259498793335,0.10167259498793335
PEN,3140,nnls_intermedia_legacy,0.00019021977408478452,False,False,0.00019021977408478452,0.00030352602629648233,0.6137438697880193,0.128372441601879,0.128372441601879,0.128372441601879,0.128372441601879,0.128372441601879
PEN,3140,nnls_nonneg,0.00018944667743433225,False,True,0.00018944667743433225,0.00030352602629648233,0.6179314880412664,0.13081152194399803,0.13081152194399803,0.13081152194399803,0.13081152194399803,0.13081152194399803
PEN,3160,nnls_original_legacy,0.00010860015950102266,False,False,0.00010860015950102266,2.778155820991293e-05,0.4233117824129403,0.6191155267917621,0.6191155267917621,0.6191155267917621,0.6191155267917621,0.6191155267917621
PEN,3160,nnls_intermedia_legacy,0.00010780364909672815,False,False,0.00010780364909672815,2.778155820991293e-05,0.41913981910788556,0.6136442562697066,0.6136442562697066,0.6136442562697066,0.6136442562697066,0.6136442562697066
PEN,3160,nnls_nonneg,0.00012731510626812792,False,True,0.00012731510626812792,2.778155820991293e-05,0.521336956657302,0.7405037506003875,0.7405037506003875,0.7405037506003875,0.7405037506003875,0.7405037506003875
PEN,3180,nnls_original_legacy,0.0004189542081080936,False,False,0.0004189542081080936,0.0006143152528350457,0.9986031964244477,0.08355982656219219,0.08355982656219219,0.08355982656219219,0.08355982656219219,0.08355982656219219
PEN,3180,nnls_intermedia_legacy,0.00043489232941227457,False,False,0.00043489232941227457,0.0006143152528350457,0.917134247987974,0.06715885340610939,0.06715885340610939,0.06715885340610939,0.06715885340610939,0.06715885340610939
PEN,3180,nnls_nonneg,0.00020392265099650967,False,True,0.00020392265099650967,0.0006143152528350457,2.0977537490019826,0.9097240229297154,0.9097240229297154,0.9097240229297154,0.9097240229297154,0.9097240229297154
PEN,3200,nnls_original_legacy,0.00011129341843981099,False,False,0.00011129341843981099,3.0242975421826523e-06,0.5384125554380046,2.6326653675177147,2.6326653675177147,2.6326653675177147,2.6326653675177147,2.6326653675177147
PEN,3200,nnls_intermedia_legacy,0.00011567239964337533,False,False,0.00011567239964337533,3.0242975421826523e-06,0.5601888332952464,2.670228576378749,2.670228576378749,2.670228576378749,2.670228576378749,2.670228576378749
PEN,3200,nnls_nonneg,0.0001360064096087536,False,True,0.0001360064096087536,3.0242975421826523e-06,0.6613080275492842,2.828259600982079,2.828259600982079,2.828259600982079,2.828259600982079,2.828259600982079
PEN,3220,nnls_original_legacy,0.00024690838594589466,False,False,0.00024690838594589466,8.1886149182143e-07,1.1952774272487254,4.712174147619629,4.712174147619629,4.712174147619629,4.513067445924598,4.712174147619629
PEN,3220,nnls_intermedia_legacy,0.0002453022638708516,False,False,0.0002453022638708516,8.1886149182143e-07,1.1874763578372434,4.705669681695039,4.705669681695039,4.705669681695039,4.506567783435263,4.705669681695039
PEN,3220,nnls_nonneg,0.00021145048407927695,False,True,0.00021145048407927695,8.1886149182143e-07,1.023055428718763,4.55770377351779,4.55770377351779,4.55770377351779,4.358720092835007,4.55770377351779
PEN,3240,nnls_original_legacy,0.00021202819140973922,False,False,0.00021202819140973922,0.0005659509404867081,1.7103964360073978,0.6874368061490272,0.6874368061490272,0.6874368061490272,0.6874368061490272,0.6874368061490272
PEN,3240,nnls_intermedia_legacy,0.00021480985655441894,False,False,0.00021480985655441894,0.0005659509404867081,1.6969535302828171,0.6659058696150426,0.6659058696150426,0.6659058696150426,0.6659058696150426,0.6659058696150426
PEN,3240,nnls_nonneg,0.00018596919746675792,False,True,0.00018596919746675792,0.0005659509404867081,1.8363312917979775,0.9303246276144737,0.9303246276144737,0.9303246276144737,0.9303246276144737,0.9303246276144737
PEN,3260,nnls_original_legacy,0.0003110531159591486,False,False,0.0003110531159591486,0.0004875724631952082,0.8240755717197614,0.11801417012967663,0.11801417012967663,0.11801417012967663,0.11801417012967663,0.11801417012967663
PEN,3260,nnls_intermedia_legacy,0.00031086410033160457,False,False,0.00031086410033160457,0.0004875724631952082,0.824957985822075,0.11835940718406945,0.11835940718406945,0.11835940718406945,0.11835940718406945,0.11835940718406945
PEN,3260,nnls_nonneg,0.0002471485133003857,False,True,0.0002471485133003857,0.0004875724631952082,1.1224123987935606,0.29334190912681146,0.29334190912681146,0.29334190912681146,0.29334190912681146,0.29334190912681146
PEN,3280,nnls_original_legacy,0.00020127081120758077,False,False,0.00020127081120758077,0.000632408325323115,1.9707967345891748,0.9971927460019074,0.9971927460019074,0.9971927460019074,0.9971927460019074,0.9971927460019074
PEN,3280,nnls_intermedia_legacy,0.00020858625966253306,False,False,0.00020858625966253306,0.000632408325323115,1.9373566801864581,0.9226965208744702,0.9226965208744702,0.9226965208744702,0.9226965208744702,0.9226965208744702
PEN,3280,nnls_nonneg,0.00015709429097631827,False,True,0.00015709429097631827,0.000632408325323115,2.1727344898686978,1.6329717106830035,1.6329717106830035,1.6329717106830035,1.6329717106830035,1.6329717106830035
PEN,3300,nnls_original_legacy,0.0002746228862796535,False,False,0.0002746228862796535,0.00014700185756475219,0.5641859165630158,0.16023987021184483,0.16023987021184483,0.16023987021184483,0.16023987021184483,0.16023987021184483
PEN,3300,nnls_intermedia_legacy,0.0003000853803593268,False,False,0.0003000853803593268,0.00014700185756475219,0.6767502854995239,0.2034885873804504,0.2034885873804504,0.2034885873804504,0.2034885873804504,0.2034885873804504
PEN,3300,nnls_nonneg,0.00026485280815439615,False,True,0.00026485280815439615,0.00014700185756475219,0.5209944414785733,0.14376128600468752,0.14376128600468752,0.14376128600468752,0.14376128600468752,0.14376128600468752
PEN,3320,nnls_original_legacy,0.0002963312229440671,False,False,0.0002963312229440671,5.2788212864311095e-05,1.0742841724860834,0.9033291203854379,0.9033291203854379,0.9033291203854379,0.9033291203854379,0.9033291203854379
PEN,3320,nnls_intermedia_legacy,0.0002949580102087913,False,False,0.0002949580102087913,5.2788212864311095e-05,1.068226841148674,0.8995136518821898,0.8995136518821898,0.8995136518821898,0.8995136518821898,0.8995136518821898
PEN,3320,nnls_nonneg,0.00022121942244431996,False,True,0.00022121942244431996,5.2788212864311095e-05,0.7429610997467523,0.6714909173927781,0.6714909173927781,0.6714909173927781,0.6714909173927781,0.6714909173927781
PEN,3340,nnls_original_legacy,0.0002732153856825079,False,False,0.0002732153856825079,0.0005577017091113495,1.2227923613888603,0.32768913409406575,0.32768913409406575,0.32768913409406575,0.32768913409406575,0.32768913409406575
PEN,3340,nnls_intermedia_legacy,0.00028287863698263203,False,False,0.00028287863698263203,0.0005577017091113495,1.1812573247180083,0.29271660738746585,0.29271660738746585,0.29271660738746585,0.29271660738746585,0.29271660738746585
PEN,3340,nnls_nonneg,0.00021889215177203558,False,True,0.00021889215177203558,0.0005577017091113495,1.4562870147382716,0.6125927517926995,0.6125927517926995,0.6125927517926995,0.6125927517926995,0.6125927517926995
PEN,3360,nnls_original_legacy,0.00031857700073417255,False,False,0.00031857700073417255,0.00021718958470966608,0.42650025977018025,0.06484267566253266,0.06484267566253266,0.06484267566253266,0.06484267566253266,0.06484267566253266
PEN,3360,nnls_intermedia_legacy,0.0002864079051294366,False,False,0.0002864079051294366,0.00021718958470966608,0.291176487156473,0.03496899306976875,0.03496899306976875,0.03496899306976875,0.03496899306976875,0.03496899306976875
PEN,3360,nnls_nonneg,0.00024305719812732886,False,True,0.00024305719812732886,0.00021718958470966608,0.10881571179998398,0.0061001313872375285,0.0061001313872375285,0.0061001313872375285,0.0061001313872375285,0.0061001313872375285
PEN,3380,nnls_original_legacy,0.0001682872384416842,False,False,0.0001682872384416842,0.0006143127105556953,1.853049497963339,1.3555501998419643,1.3555501998419643,1.3555501998419643,1.3555501998419643,1.3555501998419643
PEN,3380,nnls_intermedia_legacy,0.0001885461674737187,False,False,0.0001885461674737187,0.0006143127105556953,1.7688821115265159,1.0769941814113029,1.0769941814113029,1.0769941814113029,1.0769941814113029,1.0769941814113029
PEN,3380,nnls_nonneg,0.00021923517652685907,False,True,0.00021923517652685907,0.0006143127105556953,1.641382100037536,0.7717127420627912,0.7717127420627912,0.7717127420627912,0.7717127420627912,0.7717127420627912
PEN,3400,nnls_original_legacy,0.0001711960359205267,False,False,0.0001711960359205267,1.7918472477402264e-06,0.7114572577420831,3.5700288788933463,3.5700288788933463,3.5700288788933463,3.5700288788933463,3.5700288788933463
PEN,3400,nnls_intermedia_legacy,0.00015395945711049408,False,False,0.00015395945711049408,1.7918472477402264e-06,0.6390677307231972,3.465080668271165,3.465080668271165,3.465080668271165,3.465080668271165,3.465080668271165
PEN,3400,nnls_nonneg,0.0001770317902046275,False,True,0.0001770317902046275,1.7918472477402264e-06,0.7359660362578408,3.603203865298486,3.603203865298486,3.603203865298486,3.603203865298486,3.603203865298486
PEN,3420,nnls_original_legacy,0.00017226158355622125,False,False,0.00017226158355622125,0.000299702157483141,0.5346442865880427,0.18603342608227913,0.18603342608227913,0.18603342608227913,0.18603342608227913,0.18603342608227913
PEN,3420,nnls_intermedia_legacy,0.00017161883039463547,False,False,0.00017161883039463547,0.000299702157483141,0.5373407928492693,0.1888111798357528,0.1888111798357528,0.1888111798357528,0.1888111798357528,0.1888111798357528
PEN,3420,nnls_nonneg,0.00017899794984654934,False,True,0.00017899794984654934,0.000299702157483141,0.5063835872007856,0.15891808501037774,0.15891808501037774,0.15891808501037774,0.15891808501037774,0.15891808501037774
PEN,3440,nnls_original_legacy,0.0002622628328475151,False,False,0.0002622628328475151,0.000339401420394937,0.32107575225044427,0.0362906697865899,0.0362906697865899,0.0362906697865899,0.0362906697865899,0.0362906697865899
PEN,3440,nnls_intermedia_legacy,0.00026973399591393907,False,False,0.00026973399591393907,0.000339401420394937,0.2899783549813652,0.0285346927866168,0.0285346927866168,0.0285346927866168,0.0285346927866168,0.0285346927866168
PEN,3440,nnls_nonneg,0.0002074710050311215,False,True,0.0002074710050311215,0.000339401420394937,0.5491370623244756,0.14370614506290202,0.14370614506290202,0.14370614506290202,0.14370614506290202,0.14370614506290202
PEN,3460,nnls_original_legacy,0.00022334250955926738,False,False,0.00022334250955926738,0.0004628987754506362,0.9800051888274204,0.34379403396318287,0.34379403396318287,0.34379403396318287,0.34379403396318287,0.34379403396318287
PEN,3460,nnls_intermedia_legacy,0.000236268377764334,False,False,0.000236268377764334,0.0004628987754506362,0.9271265138992976,0.2866674405378249,0.2866674405378249,0.2866674405378249,0.2866674405378249,0.2866674405378249
PEN,3460,nnls_nonneg,0.00019092049340960272,False,True,0.00019092049340960272,0.0004628987754506362,1.1126410184129685,0.5389117324659907,0.5389117324659907,0.5389117324659907,0.5389117324659907,0.5389117324659907
PEN,3480,nnls_original_legacy,0.00019744304803980586,False,False,0.00019744304803980586,4.002261199268416e-08,0.8077439532448599,7.503963567763066,7.503963567763066,7.503963567763066,4.290514930033848,7.503963567763066
PEN,3480,nnls_intermedia_legacy,0.00020376945842072913,False,False,0.00020376945842072913,4.002261199268416e-08,0.8336306878572682,7.535496345025228,7.535496345025228,7.535496345025228,4.321896755798531,7.535496345025228
PEN,3480,nnls_nonneg,0.00018900535200246568,False,True,0.00018900535200246568,4.002261199268416e-08,0.7732181503160089,7.4602977707604,7.4602977707604,7.4602977707604,4.24706618759942,7.4602977707604
PEN,3500,nnls_original_legacy,0.00012952551085628307,False,False,0.00012952551085628307,5.795577840022609e-06,0.4986496307791145,2.151527353751265,2.151527353751265,2.151527353751265,2.151527353751265,2.151527353751265
PEN,3500,nnls_intermedia_legacy,0.00013137414501858332,False,False,0.00013137414501858332,5.795577840022609e-06,0.5060998953998472,2.1650691924344145,2.1650691924344145,2.1650691924344145,2.1650691924344145,2.1650691924344145
PEN,3500,nnls_nonneg,0.0002211423360974865,False,True,0.0002211423360974865,5.795577840022609e-06,0.8678787652818941,2.6679188186546416,2.6679188186546416,2.6679188186546416,2.6679188186546416,2.6679188186546416
PEN,3520,nnls_original_legacy,0.0001270368644111928,False,False,0.0001270368644111928,2.9516538308029856e-07,0.5186541585975067,5.067020236853552,5.067020236853552,5.067020236853552,3.852349046105619,5.067020236853552
PEN,3520,nnls_intermedia_legacy,0.00013422559390938226,False,False,0.00013422559390938226,2.9516538308029856e-07,0.5480719782879429,5.121940404749914,5.121940404749914,5.121940404749914,3.9069720650056565,5.121940404749914
PEN,3520,nnls_nonneg,0.0002020602772710822,False,True,0.0002020602772710822,2.9516538308029856e-07,0.8256660210732374,5.530246293208239,5.530246293208239,5.530246293208239,4.313515073471091,5.530246293208239
PEN,3540,nnls_original_legacy,0.00014564174846541764,False,False,0.00014564174846541764,0.0,0.5921267930463643,17.796660393458478,13.191490887220532,8.58638867624719,3.9880159917339943,13.191490887220532
PEN,3540,nnls_intermedia_legacy,0.00013729202982125735,False,False,0.00013729202982125735,0.0,0.5581798501148185,17.737620826965255,13.132451362067819,8.52735328514544,3.929394005728464,13.132451362067819
PEN,3540,nnls_nonneg,0.0002198573687695621,False,True,0.0002198573687695621,0.0,0.8938607237885812,18.208489574837586,13.603319839141426,8.998194682346833,4.397527415708411,13.603319839141426
PEN,3560,nnls_original_legacy,0.0003627490155084031,False,False,0.0003627490155084031,7.414273141618619e-06,1.413607963822134,2.910743359260832,2.910743359260832,2.910743359260832,2.910743359260832,2.910743359260832
PEN,3560,nnls_intermedia_legacy,0.0002586735764933338,False,False,0.0002586735764933338,7.414273141618619e-06,0.999570573472827,2.5808226604472155,2.5808226604472155,2.5808226604472155,2.5808226604472155,2.5808226604472155
PEN,3560,nnls_nonneg,0.00021113190404283287,False,True,0.00021113190404283287,7.414273141618619e-06,0.8104382461866854,2.3841929128687376,2.3841929128687376,2.3841929128687376,2.3841929128687376,2.3841929128687376
PEN,3580,nnls_original_legacy,0.00016936629784045434,False,False,0.00016936629784045434,0.0004253799183423334,1.0192735771029318,0.5906783107033546,0.5906783107033546,0.5906783107033546,0.5906783107033546,0.5906783107033546
PEN,3580,nnls_intermedia_legacy,0.0001749783924727915,False,False,0.0001749783924727915,0.0004253799183423334,0.9969300011645553,0.5427223547966888,0.5427223547966888,0.5427223547966888,0.5427223547966888,0.5427223547966888
PEN,3580,nnls_nonneg,0.000192594289657081,False,True,0.000192594289657081,0.0004253799183423334,0.9267953790233225,0.4162871150286682,0.4162871150286682,0.4162871150286682,0.4162871150286682,0.4162871150286682
PEN,3600,nnls_original_legacy,0.00023051657011931276,False,False,0.00023051657011931276,0.0,0.9298454862283903,18.255833309874625,13.650663553356743,9.045536314389748,4.444660830511304,13.650663553356743
PEN,3600,nnls_intermedia_legacy,0.00017992586395169891,False,False,0.00017992586395169891,0.0,0.7257753851041442,18.00805546263684,13.402885826875371,8.797770663549294,4.198102743762718,13.402885826875371
PEN,3600,nnls_nonneg,0.00018810667100159346,False,True,0.00018810667100159346,0.0,0.7587746896882467,18.052519764145085,13.447350104454117,8.842232548178451,4.24232533343284,13.447350104454117
PEN,3620,nnls_original_legacy,0.0002448218610188102,False,False,0.0002448218610188102,0.00040623471108166116,0.6496304996569688,0.15290708993449487,0.15290708993449487,0.15290708993449487,0.15290708993449487,0.15290708993449487
PEN,3620,nnls_intermedia_legacy,0.0001779896464679228,False,False,0.0001779896464679228,0.00040623471108166116,0.9186068848392474,0.4571445169809485,0.4571445169809485,0.4571445169809485,0.4571445169809485,0.4571445169809485
PEN,3620,nnls_nonneg,0.00019272289166968483,False,True,0.00019272289166968483,0.00040623471108166116,0.8593107046512233,0.36219179401926405,0.36219179401926405,0.36219179401926405,0.36219179401926405,0.36219179401926405
PEN,3640,nnls_original_legacy,0.0002477773744128095,False,False,0.0002477773744128095,3.1739842395850066e-05,0.8335941138539817,1.1830561367474366,1.1830561367474366,1.1830561367474366,1.1830561367474366,1.1830561367474366
PEN,3640,nnls_intermedia_legacy,0.00021648056659078396,False,False,0.00021648056659078396,3.1739842395850066e-05,0.7128334546329178,1.066545545602283,1.066545545602283,1.066545545602283,1.066545545602283,1.066545545602283
PEN,3640,nnls_nonneg,0.00019212913254196593,False,True,0.00019212913254196593,3.1739842395850066e-05,0.618871947586056,0.965795532637773,0.965795532637773,0.965795532637773,0.965795532637773,0.965795532637773
PEN,3660,nnls_original_legacy,0.0001969863882580528,False,False,0.0001969863882580528,0.00030704695521981785,0.41908415004214783,0.11485563269902066,0.11485563269902066,0.11485563269902066,0.11485563269902066,0.11485563269902066
PEN,3660,nnls_intermedia_legacy,0.00015215910246136672,False,False,0.00015215910246136672,0.00030704695521981785,0.5897756654995143,0.31585954871668487,0.31585954871668487,0.31585954871668487,0.31585954871668487,0.31585954871668487
PEN,3660,nnls_nonneg,0.00019310347351894532,False,True,0.00019310347351894532,0.00030704695521981785,0.4338693548438849,0.12628987464239882,0.12628987464239882,0.12628987464239882,0.12628987464239882,0.12628987464239882
PEN,3680,nnls_original_legacy,0.00020987970050863837,False,False,0.00020987970050863837,0.000199553894746354,0.0396763616578571,0.0012514755717742965,0.0012514755717742965,0.0012514755717742965,0.0012514755717742965,0.0012514755717742965
PEN,3680,nnls_intermedia_legacy,0.00017963056497525187,False,False,0.00017963056497525187,0.000199553894746354,0.07655433925692226,0.005730780740786701,0.005730780740786701,0.005730780740786701,0.005730780740786701,0.005730780740786701
PEN,3680,nnls_nonneg,0.0002082862069542154,False,True,0.0002082862069542154,0.000199553894746354,0.03355344708632022,0.0009041976934358598,0.0009041976934358598,0.0009041976934358598,0.0009041976934358598,0.0009041976934358598
PEN,3700,nnls_original_legacy,0.00022125254596572512,False,False,0.00022125254596572512,5.511936160718718e-06,0.8350156254157871,2.7173012583789986,2.7173012583789986,2.7173012583789986,2.7173012583789986,2.7173012583789986
PEN,3700,nnls_intermedia_legacy,0.00018212576118355314,False,False,0.00018212576118355314,5.511936160718718e-06,0.6835769292198145,2.52804594311218,2.52804594311218,2.52804594311218,2.52804594311218,2.52804594311218
PEN,3700,nnls_nonneg,0.0002228148338545861,False,True,0.0002228148338545861,5.511936160718718e-06,0.8410623998259265,2.724162876592963,2.724162876592963,2.724162876592963,2.724162876592963,2.724162876592963
PEN,3720,nnls_original_legacy,0.0002267614943398647,False,False,0.0002267614943398647,0.0,0.8724231451178925,18.239409341770944,13.63423959236491,9.029113064582676,4.428308699180137,13.63423959236491
PEN,3720,nnls_intermedia_legacy,0.00018790000530528192,False,False,0.00018790000530528192,0.0,0.722910713184889,18.051420497940274,13.446250838828167,8.841133340438375,4.241231914280235,13.446250838828167
PEN,3720,nnls_nonneg,0.00019372419041476495,False,True,0.00019372419041476495,0.0,0.74531819425109,18.081946011723865,13.47677633677159,8.871657254365237,4.271597426551211,13.47677633677159
PEN,3740,nnls_original_legacy,0.000206778655693459,False,False,0.000206778655693459,0.00040196901353289633,0.7555657882909327,0.2792318793330768,0.2792318793330768,0.2792318793330768,0.2792318793330768,0.2792318793330768
PEN,3740,nnls_intermedia_legacy,0.0002104072965104796,False,False,0.0002104072965104796,0.00040196901353289633,0.7415196187481108,0.26310301601483443,0.26310301601483443,0.26310301601483443,0.26310301601483443,0.26310301601483443
PEN,3740,nnls_nonneg,0.0001930851953242508,False,True,0.0001930851953242508,0.00040196901353289633,0.8085720448131031,0.3485785444142313,0.3485785444142313,0.3485785444142313,0.3485785444142313,0.3485785444142313
PEN,3760,nnls_original_legacy,0.00015222157798415605,False,False,0.00015222157798415605,0.00035004309065809347,0.7660441038704359,0.4668438287515282,0.4668438287515282,0.4668438287515282,0.4668438287515282,0.4668438287515282
PEN,3760,nnls_intermedia_legacy,0.00017553428584880858,False,False,0.00017553428584880858,0.00035004309065809347,0.6757679647206626,0.3039360662192361,0.3039360662192361,0.3039360662192361,0.3039360662192361,0.3039360662192361
PEN,3760,nnls_nonneg,0.00019778725910649,False,True,0.00019778725910649,0.00035004309065809347,0.5895955422818,0.19893169371084118,0.19893169371084118,0.19893169371084118,0.19893169371084118,0.19893169371084118
PEN,3780,nnls_original_legacy,0.0001788270791041532,False,False,0.0001788270791041532,0.0005794950643290384,1.563342565772322,1.0647952285823417,1.0647952285823417,1.0647952285823417,1.0647952285823417,1.0647952285823417
PEN,3780,nnls_intermedia_legacy,0.0001904169431527308,False,False,0.0001904169431527308,0.0005794950643290384,1.518120765012558,0.930354660053448,0.930354660053448,0.930354660053448,0.930354660053448,0.930354660053448
PEN,3780,nnls_nonneg,0.0002297058748622656,False,True,0.0002297058748622656,0.0005794950643290384,1.3648216206580048,0.5974124285491949,0.5974124285491949,0.5974124285491949,0.5974124285491949,0.5974124285491949
PEN,3800,nnls_original_legacy,0.00015755305529168903,False,False,0.00015755305529168903,4.7126409897816355e-05,0.4287266660993816,0.5060432384743196,0.5060432384743196,0.5060432384743196,0.5060432384743196,0.5060432384743196
PEN,3800,nnls_intermedia_legacy,0.00014400459425046544,False,False,0.00014400459425046544,4.7126409897816355e-05,0.37612535314395384,0.44426793445495405,0.44426793445495405,0.44426793445495405,0.44426793445495405,0.44426793445495405
PEN,3800,nnls_nonneg,0.0001954620916416467,False,True,0.0001954620916416467,4.7126409897816355e-05,0.575906857179056,0.66363544841026,0.66363544841026,0.66363544841026,0.66363544841026,0.66363544841026
PEN,3820,nnls_original_legacy,0.0002470207499396168,False,False,0.0002470207499396168,9.216677756897318e-05,0.6019078060506827,0.3589861093717581,0.3589861093717581,0.3589861093717581,0.3589861093717581,0.3589861093717581
PEN,3820,nnls_intermedia_legacy,0.0002478006956633643,False,False,0.0002478006956633643,9.216677756897318e-05,0.6049394068048168,0.36096418070352065,0.36096418070352065,0.36096418070352065,0.36096418070352065,0.36096418070352065
PEN,3820,nnls_nonneg,0.00023161508228951338,False,True,0.00023161508228951338,9.216677756897318e-05,0.5420269294153373,0.3194079412984827,0.3194079412984827,0.3194079412984827,0.3194079412984827,0.3194079412984827
PEN,3840,nnls_original_legacy,0.0002444908504257027,False,False,0.0002444908504257027,6.867622280910404e-06,0.930850629525849,2.60044942791496,2.60044942791496,2.60044942791496,2.60044942791496,2.60044942791496
PEN,3840,nnls_intermedia_legacy,0.0002362808705877086,False,False,0.0002362808705877086,6.867622280910404e-06,0.898689359096787,2.5672687851195306,2.5672687851195306,2.5672687851195306,2.5672687851195306,2.5672687851195306
PEN,3840,nnls_nonneg,0.00024495700240257534,False,True,0.00024495700240257534,6.867622280910404e-06,0.9326767046301826,2.602300781862988,2.602300781862988,2.602300781862988,2.602300781862988,2.602300781862988
PEN,3860,nnls_original_legacy,0.0002639260802015428,False,False,0.0002639260802015428,0.00040736703119169127,0.5508398807061828,0.10944360119968399,0.10944360119968399,0.10944360119968399,0.10944360119968399,0.10944360119968399
PEN,3860,nnls_intermedia_legacy,0.00027771726645601017,False,False,0.00027771726645601017,0.00040736703119169127,0.49787916524265174,0.0837298434360485,0.0837298434360485,0.0837298434360485,0.0837298434360485,0.0837298434360485
PEN,3860,nnls_nonneg,0.00023750517401179062,False,True,0.00023750517401179062,0.00040736703119169127,0.6523010653487182,0.17566707196023557,0.17566707196023557,0.17566707196023557,0.17566707196023557,0.17566707196023557
PEN,3880,nnls_original_legacy,0.0002262344370309741,False,False,0.0002262344370309741,6.064228228428379e-07,0.8633026019901191,4.924430108610575,4.924430108610575,4.924430108610575,4.425991987163562,4.924430108610575
PEN,3880,nnls_intermedia_legacy,0.00023165350313534235,False,False,0.00023165350313534235,6.064228228428379e-07,0.8840371454583875,4.948038344250604,4.948038344250604,4.948038344250604,4.449559526330811,4.948038344250604
PEN,3880,nnls_nonneg,0.00023156516615721986,False,True,0.00023156516615721986,6.064228228428379e-07,0.8836991486749085,4.947657937793452,4.947657937793452,4.947657937793452,4.449179768001,4.947657937793452
ARS,500,nnls_original_legacy,3.409433047921532e-05,False,False,3.409433047921532e-05,4.060009138105232e-08,0.7496062929695602,5.734306886974675,5.734306886974675,5.734306886974675,2.558461498574086,5.734306886974675
ARS,500,nnls_intermedia_legacy,2.5514425018985396e-05,False,False,2.5514425018985396e-05,4.060009138105232e-08,0.5607414886493286,5.444820201146001,5.444820201146001,5.444820201146001,2.278437494254666,5.444820201146001
ARS,500,nnls_nonneg,2.1100478667686147e-05,False,True,2.1100478667686147e-05,4.060009138105232e-08,0.4635796821722917,5.255204818805939,5.255204818805939,5.255204818805939,2.0966880156999865,5.255204818805939
ARS,520,nnls_original_legacy,3.878039502224847e-05,False,False,3.878039502224847e-05,1.4340948817168924e-06,0.8004796753754342,2.3343608238393134,2.3343608238393134,2.3343608238393134,2.3343608238393134,2.3343608238393134
ARS,520,nnls_intermedia_legacy,3.106828871032461e-05,False,False,3.106828871032461e-05,1.4340948817168924e-06,0.6351785790472938,2.121813179958277,2.121813179958277,2.121813179958277,2.121813179958277,2.121813179958277
ARS,520,nnls_nonneg,2.4993932916839954e-05,False,True,2.4993932916839954e-05,1.4340948817168924e-06,0.5049809869059944,1.915476926213572,1.915476926213572,1.915476926213572,1.915476926213572,1.915476926213572
ARS,540,nnls_original_legacy,3.092094360374323e-05,False,False,3.092094360374323e-05,2.679617174793674e-06,0.7351365600932919,1.5324200670060044,1.5324200670060044,1.5324200670060044,1.5324200670060044,1.5324200670060044
ARS,540,nnls_intermedia_legacy,2.9429302047903913e-05,False,False,2.9429302047903913e-05,2.679617174793674e-06,0.6963083469422316,1.487369599191572,1.487369599191572,1.487369599191572,1.487369599191572,1.487369599191572
ARS,540,nnls_nonneg,2.1683572953362793e-05,False,True,2.1683572953362793e-05,2.679617174793674e-06,0.4946829503341417,1.214459239995894,1.214459239995894,1.214459239995894,1.214459239995894,1.214459239995894
ARS,560,nnls_original_legacy,1.920985572974819e-05,False,False,1.920985572974819e-05,2.2176884827820942e-06,0.4425076033218161,1.2744033852840992,1.2744033852840992,1.2744033852840992,1.2744033852840992,1.2744033852840992
ARS,560,nnls_intermedia_legacy,1.8938555889897845e-05,False,False,1.8938555889897845e-05,2.2176884827820942e-06,0.43544245146867605,1.2618335422276243,1.2618335422276243,1.2618335422276243,1.2618335422276243,1.2618335422276243
ARS,560,nnls_nonneg,2.0095967354747714e-05,False,True,2.0095967354747714e-05,2.2176884827820942e-06,0.46558359626345514,1.3144086371010966,1.3144086371010966,1.3144086371010966,1.3144086371010966,1.3144086371010966
ARS,580,nnls_original_legacy,2.005321356096785e-05,False,False,2.005321356096785e-05,5.173839693197534e-06,0.3881013740132356,0.6127798331772887,0.6127798331772887,0.6127798331772887,0.6127798331772887,0.6127798331772887
ARS,580,nnls_intermedia_legacy,2.0509739902522324e-05,False,False,2.0509739902522324e-05,5.173839693197534e-06,0.4000090323599559,0.6295473601448209,0.6295473601448209,0.6295473601448209,0.6295473601448209,0.6295473601448209
ARS,580,nnls_nonneg,2.026657409137202e-05,False,True,2.026657409137202e-05,5.173839693197534e-06,0.39366649494815703,0.6206471411790371,0.6206471411790371,0.6206471411790371,0.6206471411790371,0.6206471411790371
ARS,600,nnls_original_legacy,4.376713487729307e-05,False,False,4.376713487729307e-05,1.2450288823793005e-08,1.1055561665317664,7.165179114725156,7.165179114725156,7.165179114725156,2.801731384727952,7.165179114725156
ARS,600,nnls_intermedia_legacy,4.082995385679108e-05,False,False,4.082995385679108e-05,1.2450288823793005e-08,1.0313419739263925,7.095732363112363,7.095732363112363,7.095732363112363,2.733907798128357,7.095732363112363
ARS,600,nnls_nonneg,2.2480635231328532e-05,False,True,2.2480635231328532e-05,1.2450288823793005e-08,0.5677069929218131,6.499219562710994,6.499219562710994,6.499219562710994,2.1571370110366437,6.499219562710994
ARS,620,nnls_original_legacy,2.193648536868006e-05,False,False,2.193648536868006e-05,9.148878495006422e-06,0.31668417980876296,0.2915821301351138,0.2915821301351138,0.2915821301351138,0.2915821301351138,0.2915821301351138
ARS,620,nnls_intermedia_legacy,2.1430701805182995e-05,False,False,2.1430701805182995e-05,9.148878495006422e-06,0.30415848563086506,0.2780984759694154,0.2780984759694154,0.2780984759694154,0.2780984759694154,0.2780984759694154
ARS,620,nnls_nonneg,2.1249611939187304e-05,False,True,2.1249611939187304e-05,9.148878495006422e-06,0.29967380790726456,0.27325065163005435,0.27325065163005435,0.27325065163005435,0.27325065163005435,0.27325065163005435
ARS,640,nnls_original_legacy,7.600426866408184e-05,False,False,7.600426866408184e-05,5.508124499564346e-06,0.6231896046873875,1.6970365732205064,1.6970365732205064,1.6970365732205064,1.6970365732205064,1.6970365732205064
ARS,640,nnls_intermedia_legacy,0.0001044873139397085,False,False,0.0001044873139397085,5.508124499564346e-06,0.874981215930502,1.9955572072344956,1.9955572072344956,1.9955572072344956,1.9955572072344956,1.9955572072344956
ARS,640,nnls_nonneg,0.00011174658593457499,False,True,0.00011174658593457499,5.508124499564346e-06,0.9391535603674062,2.059300708674231,2.059300708674231,2.059300708674231,2.059300708674231,2.059300708674231
ARS,660,nnls_original_legacy,0.00010457771555059698,False,False,0.00010457771555059698,1.448239092292945e-09,0.919620944674495,10.187351212595031,10.187351212595031,8.255196293138694,3.6594927511176074,10.187351212595031
ARS,660,nnls_intermedia_legacy,8.522676978100818e-05,False,False,8.522676978100818e-05,1.448239092292945e-09,0.7494529372817083,9.98273945622732,9.98273945622732,8.050603103806452,3.457048986367526,9.98273945622732
ARS,660,nnls_nonneg,5.142945300048631e-05,False,True,5.142945300048631e-05,1.448239092292945e-09,0.4522466859571553,9.477646063308327,9.477646063308327,7.5455756510235386,2.959655135063837,9.477646063308327
ARS,680,nnls_original_legacy,0.00011306401717044535,False,False,0.00011306401717044535,2.9876538847756274e-05,0.723156781317359,0.5951251118277323,0.5951251118277323,0.5951251118277323,0.5951251118277323,0.5951251118277323
ARS,680,nnls_intermedia_legacy,0.00011968072485063879,False,False,0.00011968072485063879,2.9876538847756274e-05,0.7806764600647489,0.6373893957181598,0.6373893957181598,0.6373893957181598,0.6373893957181598,0.6373893957181598
ARS,680,nnls_nonneg,7.924575746467167e-05,False,True,7.924575746467167e-05,2.9876538847756274e-05,0.4291713843359052,0.3524915685077974,0.3524915685077974,0.3524915685077974,0.3524915685077974,0.3524915685077974
ARS,700,nnls_original_legacy,8.23408114843108e-05,False,False,8.23408114843108e-05,6.241703898268345e-10,0.7156477428131469,10.789961618157504,10.789961618157504,8.016158504027205,3.4230115174969997,10.789961618157504
ARS,700,nnls_intermedia_legacy,4.6325865535828185e-05,False,False,4.6325865535828185e-05,6.241703898268345e-10,0.40262908671869385,10.214801095710852,10.214801095710852,7.4410865041046,2.857286668968007,10.214801095710852
ARS,700,nnls_nonneg,4.546280738677653e-05,False,True,4.546280738677653e-05,6.241703898268345e-10,0.395127942545551,10.195995467118399,10.195995467118399,7.4222847176237075,2.838890573567597,10.195995467118399
ARS,720,nnls_original_legacy,1.8776980520533898e-05,False,False,1.8776980520533898e-05,6.769783272416681e-08,0.17326508307200728,4.628938154813842,4.628938154813842,4.628938154813842,1.9858883782145438,4.628938154813842
ARS,720,nnls_intermedia_legacy,3.721745469561152e-05,False,False,3.721745469561152e-05,6.769783272416681e-08,0.3440407532645278,5.3112979567193666,5.3112979567193666,5.3112979567193666,2.64364697659423,5.3112979567193666
ARS,720,nnls_nonneg,6.881553400779007e-05,False,True,6.881553400779007e-05,6.769783272416681e-08,0.6366678907286324,5.925114374972964,5.925114374972964,5.925114374972964,3.2459611071537084,5.925114374972964
ARS,740,nnls_original_legacy,9.702896670581875e-05,False,False,9.702896670581875e-05,9.462764616361936e-08,0.9068660171261548,5.933790414139914,5.933790414139914,5.933790414139914,3.5853157604095047,5.933790414139914
ARS,740,nnls_intermedia_legacy,7.217514357592897e-05,False,False,7.217514357592897e-05,9.462764616361936e-08,0.6743468932448841,5.638212401284049,5.638212401284049,5.638212401284049,3.292950900284226,5.638212401284049
ARS,740,nnls_nonneg,4.395821393099656e-05,False,True,4.395821393099656e-05,9.462764616361936e-08,0.41036433710571374,5.14319777485073,5.14319777485073,5.14319777485073,2.8059883762546223,5.14319777485073
ARS,760,nnls_original_legacy,2.8513285078147134e-05,False,False,2.8513285078147134e-05,9.602871558976129e-09,0.2687101745749648,6.996400012137209,6.996400012137209,6.955891021454847,2.3854414927774323,6.996400012137209
ARS,760,nnls_intermedia_legacy,4.68268973759316e-05,False,False,4.68268973759316e-05,9.602871558976129e-09,0.4413564285560896,7.492355944296037,7.492355944296037,7.451841506551068,2.8678130159448445,7.492355944296037
ARS,760,nnls_nonneg,9.85809395226516e-05,False,True,9.85809395226516e-05,9.602871558976129e-09,0.9292526098077483,8.23666844733876,8.23666844733876,8.19614955726806,3.601021880560098,8.23666844733876
ARS,780,nnls_original_legacy,0.00013468664554029523,False,False,0.00013468664554029523,7.365616533417422e-05,0.5817616050290493,0.15041367576477116,0.15041367576477116,0.15041367576477116,0.15041367576477116,0.15041367576477116
ARS,780,nnls_intermedia_legacy,0.0001445524006629024,False,False,0.0001445524006629024,7.365616533417422e-05,0.6758050652077531,0.1837806944357152,0.1837806944357152,0.1837806944357152,0.1837806944357152,0.1837806944357152
ARS,780,nnls_nonneg,6.498305872934197e-05,False,True,6.498305872934197e-05,7.365616533417422e-05,0.08267476188904714,0.008185945846596487,0.008185945846596487,0.008185945846596487,0.008185945846596487,0.008185945846596487
ARS,800,nnls_original_legacy,0.00013258443044099997,False,False,0.00013258443044099997,5.687726882865313e-10,1.265129075185985,11.359253640261555,11.359253640261555,8.492465262994545,3.894762017104223,11.359253640261555
ARS,800,nnls_intermedia_legacy,0.0001416348452952,False,False,0.0001416348452952,5.687726882865313e-10,1.3514890803213626,11.425285946349504,11.425285946349504,8.558493023662063,3.9603126430282733,11.425285946349504
ARS,800,nnls_nonneg,4.519779171398909e-05,False,True,4.519779171398909e-05,5.687726882865313e-10,0.43127662855191295,10.283090510842818,10.283090510842818,7.4164396654949964,2.8331732045000364,10.283090510842818
ARS,820,nnls_original_legacy,0.00010003677272007471,False,False,0.00010003677272007471,8.030230847777673e-08,0.959554538656564,6.128297483769713,6.128297483769713,6.128297483769713,3.6155341696734906,6.128297483769713
ARS,820,nnls_intermedia_legacy,9.30179226118537e-05,False,False,9.30179226118537e-05,8.030230847777673e-08,0.8921755140695555,6.055612400429157,6.055612400429157,6.055612400429157,3.543542807195859,6.055612400429157
ARS,820,nnls_nonneg,4.2643841820525965e-05,False,True,4.2643841820525965e-05,8.030230847777673e-08,0.4085982363312355,5.276722877784627,5.276722877784627,5.276722877784627,2.776332919552734,5.276722877784627
ARS,840,nnls_original_legacy,0.00015650724366083178,False,False,0.00015650724366083178,3.1101500743419075e-08,1.5159204658233432,7.5238002222638,7.5238002222638,7.5238002222638,4.059491774900136,7.5238002222638
ARS,840,nnls_intermedia_legacy,0.00018314326710205708,False,False,0.00018314326710205708,3.1101500743419075e-08,1.7739667884467212,7.680937753042127,7.680937753042127,7.680937753042127,4.215728933075813,7.680937753042127
ARS,840,nnls_nonneg,4.841643917122797e-05,False,True,4.841643917122797e-05,3.1101500743419075e-08,0.46875084346992096,6.350980988704187,6.350980988704187,6.350980988704187,2.9004935501499673,6.350980988704187
ARS,860,nnls_original_legacy,8.145102757542633e-05,False,False,8.145102757542633e-05,1.3153430125525735e-07,0.7935694138426422,5.430104454501735,5.430104454501735,5.430104454501735,3.412279266945859,5.430104454501735
ARS,860,nnls_intermedia_legacy,5.612238835909519e-05,False,False,5.612238835909519e-05,1.3153430125525735e-07,0.5463957957217347,5.058366132360164,5.058366132360164,5.058366132360164,3.0453530134668343,5.058366132360164
ARS,860,nnls_nonneg,3.6818701760090656e-05,False,True,3.6818701760090656e-05,1.3153430125525735e-07,0.35801765116387013,4.638066017545697,4.638066017545697,4.638066017545697,2.6331660263628307,4.638066017545697
ARS,880,nnls_original_legacy,3.164569807897383e-05,False,False,3.164569807897383e-05,3.2661959218500235e-06,0.2764143473926127,1.3741876087735014,1.3741876087735014,1.3741876087735014,1.3741876087735014,1.3741876087735014
ARS,880,nnls_intermedia_legacy,0.00010615119083888078,False,False,0.00010615119083888078,3.2661959218500235e-06,1.0020925867208923,2.5120077074372094,2.5120077074372094,2.5120077074372094,2.5120077074372094,2.5120077074372094
ARS,880,nnls_nonneg,5.1413581344343606e-05,False,True,5.1413581344343606e-05,3.2661959218500235e-06,0.46895213476739706,1.8198042668440246,1.8198042668440246,1.8198042668440246,1.8198042668440246,1.8198042668440246
ARS,900,nnls_original_legacy,9.788639620699255e-05,False,False,9.788639620699255e-05,2.3583767632808555e-07,0.9628928406638083,5.030828406467514,5.030828406467514,5.030828406467514,3.5940235080355274,5.030828406467514
ARS,900,nnls_intermedia_legacy,8.656774662417472e-05,False,False,8.656774662417472e-05,2.3583767632808555e-07,0.8512841943511988,4.908263141591079,4.908263141591079,4.908263141591079,3.472478951781314,4.908263141591079
ARS,900,nnls_nonneg,3.790109119978524e-05,False,True,3.790109119978524e-05,2.3583767632808555e-07,0.3714018998481748,4.0858138768302,4.0858138768302,4.0858138768302,2.66136436784972,4.0858138768302
ARS,920,nnls_original_legacy,5.403068726600321e-05,False,False,5.403068726600321e-05,1.9910848482195738e-07,0.542809588386603,4.607142720780122,4.607142720780122,4.607142720780122,3.0080601685983863,4.607142720780122
ARS,920,nnls_intermedia_legacy,5.6273641626762376e-05,False,False,5.6273641626762376e-05,1.9910848482195738e-07,0.5654263713400176,4.6476699206096095,4.6476699206096095,4.6476699206096095,3.047996557367296,4.6476699206096095
ARS,920,nnls_nonneg,3.631023311845284e-05,False,True,3.631023311845284e-05,1.9910848482195738e-07,0.36412576302538036,4.211488594966853,4.211488594966853,4.211488594966853,2.61964005123507,4.211488594966853
ARS,940,nnls_original_legacy,-3.7784272130065446e-05,True,False,1e-12,8.008230099223363e-06,0.08154685420077817,8008213.20324303,80070.0101820864,793.1373699610788,4.927760323953996,80070.0101820864
ARS,940,nnls_intermedia_legacy,-1.4618559258372564e-05,True,False,1e-12,8.008230099223363e-06,0.08154685420077817,8008213.20324303,80070.0101820864,793.1373699610788,4.927760323953996,80070.0101820864
ARS,940,nnls_nonneg,6.59578249780472e-05,False,True,6.59578249780472e-05,8.008230099223363e-06,0.59009390291243,1.2299601523857415,1.2299601523857415,1.2299601523857415,1.2299601523857415,1.2299601523857415
ARS,960,nnls_original_legacy,6.339464012744677e-05,False,False,6.339464012744677e-05,6.718544003913009e-06,0.5874701119218685,1.3504875375151362,1.3504875375151362,1.3504875375151362,1.3504875375151362,1.3504875375151362
ARS,960,nnls_intermedia_legacy,3.862533294321284e-05,False,False,3.862533294321284e-05,6.718544003913009e-06,0.33072646408782325,0.9229782775718123,0.9229782775718123,0.9229782775718123,0.9229782775718123,0.9229782775718123
ARS,960,nnls_nonneg,3.112594383450486e-05,False,True,3.112594383450486e-05,6.718544003913009e-06,0.2529923352332965,0.7490205033729234,0.7490205033729234,0.7490205033729234,0.7490205033729234,0.7490205033729234
ARS,980,nnls_original_legacy,4.329319912999791e-05,False,False,4.329319912999791e-05,2.937334038578351e-06,0.4207018833360376,1.758340648548447,1.758340648548447,1.758340648548447,1.758340648548447,1.758340648548447
ARS,980,nnls_intermedia_legacy,4.445673964657982e-05,False,False,4.445673964657982e-05,2.937334038578351e-06,0.43283156227006375,1.783085930839654,1.783085930839654,1.783085930839654,1.783085930839654,1.783085930839654
ARS,980,nnls_nonneg,3.3035510904630496e-05,False,True,3.3035510904630496e-05,2.937334038578351e-06,0.313767519636732,1.5089951331636442,1.5089951331636442,1.5089951331636442,1.5089951331636442,1.5089951331636442
ARS,1000,nnls_original_legacy,2.639733372454977e-05,False,False,2.639733372454977e-05,7.0534119857659e-06,0.20591634130118672,0.5869532229487171,0.5869532229487171,0.5869532229487171,0.5869532229487171,0.5869532229487171
ARS,1000,nnls_intermedia_legacy,8.260482439434436e-05,False,False,8.260482439434436e-05,7.0534119857659e-06,0.8042459348933254,1.5459440258960027,1.5459440258960027,1.5459440258960027,1.5459440258960027,1.5459440258960027
ARS,1000,nnls_nonneg,3.6342215959787785e-05,False,True,3.6342215959787785e-05,7.0534119857659e-06,0.3117797640447551,0.8335517267256007,0.8335517267256007,0.8335517267256007,0.8335517267256007,0.8335517267256007
ARS,1020,nnls_original_legacy,0.0001087791677671813,False,False,0.0001087791677671813,3.4696485267960625e-07,1.1535816536136783,4.751041262550061,4.751041262550061,4.751041262550061,3.6985127800277375,4.751041262550061
ARS,1020,nnls_intermedia_legacy,0.00010210106202587783,False,False,0.00010210106202587783,3.4696485267960625e-07,1.082535045161628,4.687893169413439,4.687893169413439,4.687893169413439,3.635757344354185,4.687893169413439
ARS,1020,nnls_nonneg,4.1504691737839156e-05,False,True,4.1504691737839156e-05,3.4696485267960625e-07,0.43786621836503054,3.792697921811592,3.792697921811592,3.792697921811592,2.749900136429553,3.792697921811592
ARS,1040,nnls_original_legacy,5.1966863360178336e-05,False,False,5.1966863360178336e-05,1.793502014192373e-06,0.5344406666200953,2.4009485474894663,2.4009485474894663,2.4009485474894663,2.4009485474894663,2.4009485474894663
ARS,1040,nnls_intermedia_legacy,3.7092821174990694e-05,False,False,3.7092821174990694e-05,1.793502014192373e-06,0.3760041415890078,2.0776050388998577,2.0776050388998577,2.0776050388998577,2.0776050388998577,2.0776050388998577
ARS,1040,nnls_nonneg,4.105191981492016e-05,False,True,4.105191981492016e-05,1.793502014192373e-06,0.4181759885527332,2.174356088527391,2.174356088527391,2.174356088527391,2.174356088527391,2.174356088527391
ARS,1060,nnls_original_legacy,8.029371631854318e-05,False,False,8.029371631854318e-05,1.3761018987837506e-08,0.8618642383930274,7.671778143700601,7.671778143700601,7.671778143700601,3.398145640023305,7.671778143700601
ARS,1060,nnls_intermedia_legacy,5.623772715827306e-05,False,False,5.623772715827306e-05,1.3761018987837506e-08,0.6036055398294276,7.315747922022,7.315747922022,7.315747922022,3.047369490874358,7.315747922022
ARS,1060,nnls_nonneg,3.3501567524265765e-05,False,True,3.3501567524265765e-05,1.3761018987837506e-08,0.35951617986618745,6.797918381841755,6.797918381841755,6.797918381841755,2.5414415790702307,6.797918381841755
ARS,1080,nnls_original_legacy,-2.7982445938158437e-05,True,False,1e-12,3.1169580035704354e-06,0.033830191534421954,3116942.0512023503,31158.23283780503,304.95377264371024,0.9801004762252365,31158.23283780503
ARS,1080,nnls_intermedia_legacy,1.114114766935153e-05,False,False,1.114114766935153e-05,3.1169580035704354e-06,0.08709131149096691,0.5535576452548701,0.5535576452548701,0.5535576452548701,0.5535576452548701,0.5535576452548701
ARS,1080,nnls_nonneg,6.541676500005556e-05,False,True,6.541676500005556e-05,3.1169580035704354e-06,0.6761769253904902,2.091568737869992,2.091568737869992,2.091568737869992,2.091568737869992,2.091568737869992
ARS,1100,nnls_original_legacy,0.00019823642700829417,False,False,0.00019823642700829417,2.854456168948643e-06,2.1266189184581674,3.2549783044196,3.2549783044196,3.2549783044196,3.2549783044196,3.2549783044196
ARS,1100,nnls_intermedia_legacy,0.0002575043696314527,False,False,0.0002575043696314527,2.854456168948643e-06,2.7717159430149514,3.5132404267374007,3.5132404267374007,3.5132404267374007,3.5132404267374007,3.5132404267374007
ARS,1100,nnls_nonneg,7.955820764032834e-05,False,True,7.955820764032834e-05,2.854456168948643e-06,0.8348756453576572,2.36348642367387,2.36348642367387,2.36348642367387,2.36348642367387,2.36348642367387
ARS,1120,nnls_original_legacy,0.00013128453695688202,False,False,0.00013128453695688202,2.0997096377136076e-06,1.4212093669656678,3.1515615173478,3.1515615173478,3.1515615173478,3.1515615173478,3.1515615173478
ARS,1120,nnls_intermedia_legacy,0.00015276481166956617,False,False,0.00015276481166956617,2.0997096377136076e-06,1.6575216976021367,3.300845213170832,3.300845213170832,3.300845213170832,3.300845213170832,3.300845213170832
ARS,1120,nnls_nonneg,6.071032826831799e-05,False,True,6.071032826831799e-05,2.0997096377136076e-06,0.6447967762937723,2.398900476071071,2.398900476071071,2.398900476071071,2.398900476071071,2.398900476071071
ARS,1140,nnls_original_legacy,0.009578364951834267,False,False,0.009578364951834267,8.753995639387985e-06,24.183257421603283,5.998665876906203,5.998665876906203,5.998665876906203,5.998665876906203,5.998665876906203
ARS,1140,nnls_intermedia_legacy,0.01651561256455802,False,False,0.01651561256455802,8.753995639387985e-06,41.71429871302576,6.5430812315561155,6.5430812315561155,6.5430812315561155,6.5430812315561155,6.5430812315561155
ARS,1140,nnls_nonneg,0.0003550936939329244,False,True,0.0003550936939329244,8.753995639387985e-06,0.8752311998358778,2.727524076744327,2.727524076744327,2.727524076744327,2.727524076744327,2.727524076744327
ARS,1160,nnls_original_legacy,0.0015465497345825026,False,False,0.0015465497345825026,1.2492860292698082e-07,3.836534957070642,8.423875411411736,8.423875411411736,8.423875411411736,6.344428351662396,8.423875411411736
ARS,1160,nnls_intermedia_legacy,0.0016641360346957808,False,False,0.0016641360346957808,1.2492860292698082e-07,4.1282555432335295,8.497149322255432,8.497149322255432,8.497149322255432,6.417662282072631,8.497149322255432
ARS,1160,nnls_nonneg,0.0003070140987497534,False,True,0.0003070140987497534,1.2492860292698082e-07,0.761363258441064,6.80731346711924,6.80731346711924,6.80731346711924,4.7301508502056615,6.80731346711924
ARS,1180,nnls_original_legacy,0.0009028860740334676,False,False,0.0009028860740334676,0.0008057825708118104,0.23617481795072592,0.006234536506012134,0.006234536506012134,0.006234536506012134,0.006234536506012134,0.006234536506012134
ARS,1180,nnls_intermedia_legacy,0.0009923249769537884,False,False,0.0009923249769537884,0.0008057825708118104,0.4537078205109081,0.020251511658704313,0.020251511658704313,0.020251511658704313,0.020251511658704313,0.020251511658704313
ARS,1180,nnls_nonneg,0.0003370703497376281,False,True,0.0003370703497376281,0.0008057825708118104,1.1400003070001097,0.5190248891056182,0.5190248891056182,0.5190248891056182,0.5190248891056182,0.5190248891056182
ARS,1200,nnls_original_legacy,1.505261225473233e-05,False,False,1.505261225473233e-05,3.774620165070934e-05,0.05386032567895105,0.5882847099660009,0.5882847099660009,0.5882847099660009,0.5882847099660009,0.5882847099660009
ARS,1200,nnls_intermedia_legacy,0.00026287581751192776,False,False,0.00026287581751192776,3.774620165070934e-05,0.5343162872424191,1.0843863706933727,1.0843863706933727,1.0843863706933727,1.0843863706933727,1.0843863706933727
ARS,1200,nnls_nonneg,0.000220919222330068,False,True,0.000220919222330068,3.774620165070934e-05,0.4347376863677826,0.9377720162266638,0.9377720162266638,0.9377720162266638,0.9377720162266638,0.9377720162266638
ARS,1220,nnls_original_legacy,0.00020662378570795642,False,False,0.00020662378570795642,2.983148765896939e-05,0.41690967038852544,1.0797110751735395,1.0797110751735395,1.0797110751735395,1.0797110751735395,1.0797110751735395
ARS,1220,nnls_intermedia_legacy,3.071845811901681e-05,False,False,3.071845811901681e-05,2.983148765896939e-05,0.002091644071735885,0.0004250614959016019,0.0004250614959016019,0.0004250614959016019,0.0004250614959016019,0.0004250614959016019
ARS,1220,nnls_nonneg,0.00019604685440855778,False,True,0.00019604685440855778,2.983148765896939e-05,0.3919672662769362,1.0349543073577299,1.0349543073577299,1.0349543073577299,1.0349543073577299,1.0349543073577299
ARS,1240,nnls_original_legacy,-0.0001518633684581717,True,False,1e-12,7.346023975013896e-06,0.0173116575388146,7346007.165344127,73448.03525055591,727.0030681043266,4.3518647639389405,73448.03525055591
ARS,1240,nnls_intermedia_legacy,0.0004749891921408205,False,False,0.0004749891921408205,7.346023975013896e-06,1.102049150293791,3.1845985048409693,3.1845985048409693,3.1845985048409693,3.1845985048409693,3.1845985048409693
ARS,1240,nnls_nonneg,0.0002494872688289085,False,True,0.0002494872688289085,7.346023975013896e-06,0.5706307101394477,2.5546931603966327,2.5546931603966327,2.5546931603966327,2.5546931603966327,2.5546931603966327
ARS,1260,nnls_original_legacy,0.0008357309677352996,False,False,0.0008357309677352996,0.0005001391165139826,0.7896893031927692,0.1118655763109031,0.1118655763109031,0.1118655763109031,0.1118655763109031,0.1118655763109031
ARS,1260,nnls_intermedia_legacy,0.0008934925230460493,False,False,0.0008934925230460493,0.0005001391165139826,0.9256094162666563,0.14000914628051087,0.14000914628051087,0.14000914628051087,0.14000914628051087,0.14000914628051087
ARS,1260,nnls_nonneg,0.0002729979719653143,False,True,0.0002729979719653143,0.0005001391165139826,0.5344913218609529,0.22660309907201803,0.22660309907201803,0.22660309907201803,0.22660309907201803,0.22660309907201803
ARS,1280,nnls_original_legacy,0.0009231097093884746,False,False,0.0009231097093884746,1.928541021110103e-05,2.0772373754572637,2.88929101243871,2.88929101243871,2.88929101243871,2.88929101243871,2.88929101243871
ARS,1280,nnls_intermedia_legacy,0.0010107816164013383,False,False,0.0010107816164013383,1.928541021110103e-05,2.2787315842216094,2.9782100259469475,2.9782100259469475,2.9782100259469475,2.9782100259469475,2.9782100259469475
ARS,1280,nnls_nonneg,0.0003097812799529336,False,True,0.0003097812799529336,1.928541021110103e-05,0.6676395828181619,1.8387725620487712,1.8387725620487712,1.8387725620487712,1.8387725620487712,1.8387725620487712
ARS,1300,nnls_original_legacy,0.0002528048305623322,False,False,0.0002528048305623322,9.277571894391583e-05,0.36723397693290377,0.36941836074922874,0.36941836074922874,0.36941836074922874,0.36941836074922874,0.36941836074922874
ARS,1300,nnls_intermedia_legacy,8.875317379995951e-05,False,False,8.875317379995951e-05,9.277571894391583e-05,0.009230915773184961,0.0009970641284311466,0.0009970641284311466,0.0009970641284311466,0.0009970641284311466,0.0009970641284311466
ARS,1300,nnls_nonneg,0.00020745923886492765,False,True,0.00020745923886492765,9.277571894391583e-05,0.2631751478423525,0.25194967101169574,0.25194967101169574,0.25194967101169574,0.25194967101169574,0.25194967101169574
ARS,1320,nnls_original_legacy,-0.0002127201796433524,True,False,1e-12,5.113328455854767e-06,0.01171733042457225,5113312.008493655,51121.44236762229,504.09582484609257,2.481477902458778,51121.44236762229
ARS,1320,nnls_intermedia_legacy,0.0005068950300718474,False,False,0.0005068950300718474,5.113328455854767e-06,1.149846562653957,3.606540936485022,3.606540936485022,3.606540936485022,3.606540936485022,3.606540936485022
ARS,1320,nnls_nonneg,0.00027059454863542396,False,True,0.00027059454863542396,5.113328455854767e-06,0.6083575138143832,2.987667659195302,2.987667659195302,2.987667659195302,2.987667659195302,2.987667659195302
ARS,1340,nnls_original_legacy,0.0002861729839966608,False,False,0.0002861729839966608,1.5805284583809228e-05,0.6196947104944478,1.9514819433352084,1.9514819433352084,1.9514819433352084,1.9514819433352084,1.9514819433352084
ARS,1340,nnls_intermedia_legacy,0.00014366016458537928,False,False,0.00014366016458537928,1.5805284583809228e-05,0.2930490329278926,1.3171247518857565,1.3171247518857565,1.3171247518857565,1.3171247518857565,1.3171247518857565
ARS,1340,nnls_nonneg,0.00022276479738736715,False,True,0.00022276479738736715,1.5805284583809228e-05,0.4743603457417166,1.7167226917762362,1.7167226917762362,1.7167226917762362,1.7167226917762362,1.7167226917762362
ARS,1360,nnls_original_legacy,0.00020869255937799386,False,False,0.00020869255937799386,4.3656287790098105e-05,0.37834326309237387,0.7737043182329382,0.7737043182329382,0.7737043182329382,0.7737043182329382,0.7737043182329382
ARS,1360,nnls_intermedia_legacy,3.9719561341238605e-05,False,False,3.9719561341238605e-05,4.3656287790098105e-05,0.009024888385037875,0.004609512672563376,0.004609512672563376,0.004609512672563376,0.004609512672563376,0.004609512672563376
ARS,1360,nnls_nonneg,0.00020332712653388618,False,True,0.00020332712653388618,4.3656287790098105e-05,0.3660430859821465,0.7531784294731316,0.7531784294731316,0.7531784294731316,0.7531784294731316,0.7531784294731316
ARS,1380,nnls_original_legacy,-0.0003292658930348848,True,False,1e-12,1.6516300161669818e-07,0.00037661680116809446,165149.98692854436,1643.2204981991417,12.711952379818033,0.0,1643.2204981991417
ARS,1380,nnls_intermedia_legacy,0.0004990211682189717,False,False,0.0004990211682189717,1.6516300161669818e-07,1.1375349722660406,7.013801894207425,7.013801894207425,7.013801894207425,5.214652439139319,7.013801894207425
ARS,1380,nnls_nonneg,0.00028224551153393585,False,True,0.00028224551153393585,1.6516300161669818e-07,0.643224213176904,6.444184879535967,6.444184879535967,6.444184879535967,4.646320315167762,6.444184879535967
ARS,1400,nnls_original_legacy,0.00034114519321974234,False,False,0.00034114519321974234,6.53801517314817e-05,0.6263465732248528,0.8437384998222104,0.8437384998222104,0.8437384998222104,0.8437384998222104,0.8437384998222104
ARS,1400,nnls_intermedia_legacy,0.000198774896731598,False,False,0.000198774896731598,6.53801517314817e-05,0.3029801782202429,0.44086982635622673,0.44086982635622673,0.44086982635622673,0.44086982635622673,0.44086982635622673
ARS,1400,nnls_nonneg,0.00022118422520949025,False,True,0.00022118422520949025,6.53801517314817e-05,0.35387860256238507,0.5143686166273562,0.5143686166273562,0.5143686166273562,0.5143686166273562,0.5143686166273562
ARS,1420,nnls_original_legacy,0.0002099231177501444,False,False,0.0002099231177501444,6.470790576223418e-05,0.32936460675069457,0.485103707800717,0.485103707800717,0.485103707800717,0.485103707800717,0.485103707800717
ARS,1420,nnls_intermedia_legacy,3.55478293058963e-05,False,False,3.55478293058963e-05,6.470790576223418e-05,0.06613836789813393,0.2213011122920876,0.2213011122920876,0.2213011122920876,0.2213011122920876,0.2213011122920876
ARS,1420,nnls_nonneg,0.00020641160925309498,False,True,0.00020641160925309498,6.470790576223418e-05,0.32140010634195854,0.4734785559952672,0.4734785559952672,0.4734785559952672,0.4734785559952672,0.4734785559952672
ARS,1440,nnls_original_legacy,0.0001307000408359109,False,False,0.0001307000408359109,8.325018794115728e-06,0.2765701535236221,1.817335249394977,1.817335249394977,1.817335249394977,1.817335249394977,1.817335249394977
ARS,1440,nnls_intermedia_legacy,0.000157797316747109,False,False,0.000157797316747109,8.325018794115728e-06,0.33781057361745825,1.9948037809062766,1.9948037809062766,1.9948037809062766,1.9948037809062766,1.9948037809062766
ARS,1440,nnls_nonneg,0.00022233647325938189,False,True,0.00022233647325938189,8.325018794115728e-06,0.48367044050098085,2.32236992018306,2.32236992018306,2.32236992018306,2.32236992018306,2.32236992018306
ARS,1460,nnls_original_legacy,0.0002753608940512496,False,False,0.0002753608940512496,1.7784544460959223e-07,0.6213089258606896,6.345568836998574,6.345568836998574,6.345568836998574,4.621714177041104,6.345568836998574
ARS,1460,nnls_intermedia_legacy,0.00011875532260050537,False,False,0.00011875532260050537,1.7784544460959223e-07,0.2677245031481288,5.505403237115494,5.505403237115494,5.505403237115494,3.785485939010197,5.505403237115494
ARS,1460,nnls_nonneg,0.0002275008290646373,False,True,0.0002275008290646373,1.7784544460959223e-07,0.5132503600477903,6.154776012574962,6.154776012574962,6.154776012574962,4.431549471001554,6.154776012574962
ARS,1480,nnls_original_legacy,0.0005305847334665235,False,False,0.0005305847334665235,2.455272332826415e-05,1.1388773922787971,2.1194317305235497,2.1194317305235497,2.1194317305235497,2.1194317305235497,2.1194317305235497
ARS,1480,nnls_intermedia_legacy,0.0004289868437918881,False,False,0.0004289868437918881,2.455272332826415e-05,0.9102208303706604,1.9178376838703937,1.9178376838703937,1.9178376838703937,1.9178376838703937,1.9178376838703937
ARS,1480,nnls_nonneg,0.0002531008730078549,False,True,0.0002531008730078549,2.455272332826415e-05,0.5143712561703752,1.4299729984297214,1.4299729984297214,1.4299729984297214,1.4299729984297214,1.4299729984297214
ARS,1500,nnls_original_legacy,0.0007804975811513357,False,False,0.0007804975811513357,1.3923600097761442e-07,1.7396306909739536,7.631694971548427,7.631694971548427,7.631694971548427,5.661212874800712,7.631694971548427
ARS,1500,nnls_intermedia_legacy,0.0007609390796654782,False,False,0.0007609390796654782,1.3923600097761442e-07,1.6960294792156536,7.606321217632409,7.606321217632409,7.606321217632409,5.635867467304959,7.606321217632409
ARS,1500,nnls_nonneg,0.00031365950356472094,False,True,0.00031365950356472094,1.3923600097761442e-07,0.6989218262171144,6.720336858916005,6.720336858916005,6.720336858916005,4.75149618456271,6.720336858916005
ARS,1520,nnls_original_legacy,0.0005090651471348586,False,False,0.0005090651471348586,1.76676832354329e-05,1.0978705717688222,2.395544967992995,2.395544967992995,2.395544967992995,2.395544967992995,2.395544967992995
ARS,1520,nnls_intermedia_legacy,0.0004082303276854478,False,False,0.0004082303276854478,1.76676832354329e-05,0.8725873967099697,2.1833730920135794,2.1833730920135794,2.1833730920135794,2.1833730920135794,2.1833730920135794
ARS,1520,nnls_nonneg,0.0002530627680691926,False,True,0.0002530627680691926,1.76676832354329e-05,0.5259150796734753,1.731715807430465,1.731715807430465,1.731715807430465,1.731715807430465,1.731715807430465
ARS,1540,nnls_original_legacy,0.000559627261509618,False,False,0.000559627261509618,0.00010605124489092975,1.0016195213014762,0.8528518953072606,0.8528518953072606,0.8528518953072606,0.8528518953072606,0.8528518953072606
ARS,1540,nnls_intermedia_legacy,0.00047106233850212874,False,False,0.00047106233850212874,0.00010605124489092975,0.8060440222965569,0.7162001008360588,0.7162001008360588,0.7162001008360588,0.7162001008360588,0.7162001008360588
ARS,1540,nnls_nonneg,0.00026718787294985173,False,True,0.00026718787294985173,0.00010605124489092975,0.35583361189089274,0.3209460212196893,0.3209460212196893,0.3209460212196893,0.3209460212196893,0.3209460212196893
ARS,1560,nnls_original_legacy,0.00010444812457858572,False,False,0.00010444812457858572,1.828465537034513e-05,0.188648143529597,0.9176880098861819,0.9176880098861819,0.9176880098861819,0.9176880098861819,0.9176880098861819
ARS,1560,nnls_intermedia_legacy,0.00014319910199462303,False,False,0.00014319910199462303,1.828465537034513e-05,0.2734903628212226,1.1858607213439263,1.1858607213439263,1.1858607213439263,1.1858607213439263,1.1858607213439263
ARS,1560,nnls_nonneg,0.00023383449543607559,False,True,0.00023383449543607559,1.828465537034513e-05,0.4719294329738132,1.6267462357729428,1.6267462357729428,1.6267462357729428,1.6267462357729428,1.6267462357729428
ARS,1580,nnls_original_legacy,0.00012892568204714126,False,False,0.00012892568204714126,5.283041705121321e-06,0.26984005116236504,2.235711536916205,2.235711536916205,2.235711536916205,2.235711536916205,2.235711536916205
ARS,1580,nnls_intermedia_legacy,0.00022831118666624965,False,False,0.00022831118666624965,5.283041705121321e-06,0.4867408677175054,2.78934719312962,2.78934719312962,2.78934719312962,2.78934719312962,2.78934719312962
ARS,1580,nnls_nonneg,0.000238086905597368,False,True,0.000238086905597368,5.283041705121321e-06,0.5080755827415859,2.830323295944434,2.830323295944434,2.830323295944434,2.830323295944434,2.830323295944434
ARS,1600,nnls_original_legacy,0.00014526326191593119,False,False,0.00014526326191593119,1.1279249473948971e-06,0.3148649581605338,3.8659327759322286,3.8659327759322286,3.8659327759322286,3.8659327759322286,3.8659327759322286
ARS,1600,nnls_intermedia_legacy,0.00015927555840079688,False,False,0.00015927555840079688,1.1279249473948971e-06,0.345474947627609,3.9573377537049597,3.9573377537049597,3.9573377537049597,3.9573377537049597,3.9573377537049597
ARS,1600,nnls_nonneg,0.000231393866808655,False,True,0.000231393866808655,1.1279249473948971e-06,0.5030180500828079,4.32861617556845,4.32861617556845,4.32861617556845,4.32861617556845,4.32861617556845
ARS,1620,nnls_original_legacy,0.00024129688880172347,False,False,0.00024129688880172347,1.0588860643309307e-06,0.5246897528791451,4.433198918339633,4.433198918339633,4.433198918339633,4.433198918339633,4.433198918339633
ARS,1620,nnls_intermedia_legacy,8.453712600639467e-05,False,False,8.453712600639467e-05,1.0588860643309307e-06,0.18231993517639247,3.3924990187682598,3.3924990187682598,3.3924990187682598,3.3924990187682598,3.3924990187682598
ARS,1620,nnls_nonneg,0.0002203743170364022,False,True,0.0002203743170364022,1.0588860643309307e-06,0.47899398916126806,4.342915011909475,4.342915011909475,4.342915011909475,4.342915011909475,4.342915011909475
ARS,1640,nnls_original_legacy,4.525069733025513e-05,False,False,4.525069733025513e-05,1.473276778326063e-05,0.382767526787952,0.4477249776695853,0.4477249776695853,0.4477249776695853,0.4477249776695853,0.4477249776695853
ARS,1640,nnls_intermedia_legacy,5.26567383726014e-05,False,False,5.26567383726014e-05,1.473276778326063e-05,0.4756569218140351,0.5535089414283796,0.5535089414283796,0.5535089414283796,0.5535089414283796,0.5535089414283796
ARS,1640,nnls_nonneg,5.389541459948674e-05,False,True,5.389541459948674e-05,1.473276778326063e-05,0.49119287208634405,0.5703297525913136,0.5703297525913136,0.5703297525913136,0.5703297525913136,0.5703297525913136
ARS,1660,nnls_original_legacy,7.894812785026388e-05,False,False,7.894812785026388e-05,0.0005931730139018672,6.168800649133245,4.4967574780719755,4.4967574780719755,4.4967574780719755,4.4967574780719755,4.4967574780719755
ARS,1660,nnls_intermedia_legacy,4.99810492682708e-05,False,False,4.99810492682708e-05,0.0005931730139018672,6.516298675788766,8.394116210087866,8.394116210087866,8.394116210087866,8.394116210087866,8.394116210087866
ARS,1660,nnls_nonneg,5.0303858571735445e-05,False,True,5.0303858571735445e-05,0.0005931730139018672,6.512426155623419,8.32439515951994,8.32439515951994,8.32439515951994,8.32439515951994,8.32439515951994
ARS,1680,nnls_original_legacy,4.9456674863198896e-05,False,False,4.9456674863198896e-05,3.190761473011146e-07,0.6320035518999859,4.049874159032875,4.049874159032875,4.049874159032875,2.9213167486429783,4.049874159032875
ARS,1680,nnls_intermedia_legacy,9.003644578994545e-05,False,False,9.003644578994545e-05,3.190761473011146e-07,1.1539370617011886,4.6460838954203645,4.6460838954203645,4.6460838954203645,3.5113211550326664,4.6460838954203645
ARS,1680,nnls_nonneg,0.00010049292191173281,False,True,0.00010049292191173281,3.190761473011146e-07,1.2884273547156273,4.75558790534681,4.75558790534681,4.75558790534681,3.620038245868983,4.75558790534681
ARS,1700,nnls_original_legacy,5.075319366734008e-05,False,False,5.075319366734008e-05,1.1461917287247215e-05,0.5531312480846524,0.7137809206943972,0.7137809206943972,0.7137809206943972,0.7137809206943972,0.7137809206943972
ARS,1700,nnls_intermedia_legacy,4.305836629554554e-05,False,False,4.305836629554554e-05,1.1461917287247215e-05,0.4448056893325546,0.5897214460061604,0.5897214460061604,0.5897214460061604,0.5897214460061604,0.5897214460061604
ARS,1700,nnls_nonneg,4.199155860112382e-05,False,True,4.199155860112382e-05,1.1461917287247215e-05,0.4297874785273499,0.5713962656854013,0.5713962656854013,0.5713962656854013,0.5713962656854013,0.5713962656854013
ARS,1720,nnls_original_legacy,2.6567584221719354e-05,False,False,2.6567584221719354e-05,3.2048683261392722e-06,0.3421835251860626,1.235651605664268,1.235651605664268,1.235651605664268,1.235651605664268,1.235651605664268
ARS,1720,nnls_intermedia_legacy,2.5867572499830208e-05,False,False,2.5867572499830208e-05,3.2048683261392722e-06,0.33193075835286623,1.2122143615550036,1.2122143615550036,1.2122143615550036,1.2122143615550036,1.2122143615550036
ARS,1720,nnls_nonneg,2.366965769887748e-05,False,True,2.366965769887748e-05,3.2048683261392722e-06,0.29973885746214346,1.1349228158600133,1.1349228158600133,1.1349228158600133,1.1349228158600133,1.1349228158600133
ARS,1740,nnls_original_legacy,0.00012527231249244317,False,False,0.00012527231249244317,8.296668741509172e-07,1.8164866496840049,4.023843789943474,4.023843789943474,4.023843789943474,3.8384724776363672,4.023843789943474
ARS,1740,nnls_intermedia_legacy,7.839125421089101e-05,False,False,7.839125421089101e-05,8.296668741509172e-07,1.132164839677585,3.559027049186512,3.559027049186512,3.559027049186512,3.374468892776278,3.559027049186512
ARS,1740,nnls_nonneg,7.992464121514868e-05,False,True,7.992464121514868e-05,8.296668741509172e-07,1.1545476571449722,3.5781958354258494,3.5781958354258494,3.5781958354258494,3.3935959918290166,3.5781958354258494
ARS,1760,nnls_original_legacy,7.722098667431675e-05,False,False,7.722098667431675e-05,8.68509212303309e-05,0.0911194159917797,0.007184352207958877,0.007184352207958877,0.007184352207958877,0.007184352207958877,0.007184352207958877
ARS,1760,nnls_intermedia_legacy,4.836629166930537e-05,False,False,4.836629166930537e-05,8.68509212303309e-05,0.3641454622420672,0.21030115416991935,0.21030115416991935,0.21030115416991935,0.21030115416991935,0.21030115416991935
ARS,1760,nnls_nonneg,4.6593565210141866e-05,False,True,4.6593565210141866e-05,8.68509212303309e-05,0.38091917952255216,0.24128041379743737,0.24128041379743737,0.24128041379743737,0.24128041379743737,0.24128041379743737
ARS,1780,nnls_original_legacy,-2.542228111093038e-05,True,False,1e-12,8.317137471760241e-06,0.07358957057401232,8317120.537931542,83159.04605908867,823.9902588482779,5.198819330002209,83159.04605908867
ARS,1780,nnls_intermedia_legacy,0.000203490293307918,False,False,0.000203490293307918,8.317137471760241e-06,1.7268814542510333,2.238172567222958,2.238172567222958,2.238172567222958,2.238172567222958,2.238172567222958
ARS,1780,nnls_nonneg,0.0002047120238713564,False,True,0.0002047120238713564,8.317137471760241e-06,1.7376912597442873,2.243914563798469,2.243914563798469,2.243914563798469,2.243914563798469,2.243914563798469
ARS,1800,nnls_original_legacy,3.394350130960261e-05,False,False,3.394350130960261e-05,1.2903433871840375e-05,0.17857699728670026,0.3473484056050029,0.3473484056050029,0.3473484056050029,0.3473484056050029,0.3473484056050029
ARS,1800,nnls_intermedia_legacy,8.842594997695259e-05,False,False,8.842594997695259e-05,1.2903433871840375e-05,0.640995291173924,1.0705956211598497,1.0705956211598497,1.0705956211598497,1.0705956211598497,1.0705956211598497
ARS,1800,nnls_nonneg,0.00010687980167727027,False,True,0.00010687980167727027,1.2903433871840375e-05,0.7976218530784847,1.2349398467574852,1.2349398467574852,1.2349398467574852,1.2349398467574852,1.2349398467574852
ARS,1820,nnls_original_legacy,0.0001056581399588966,False,False,0.0001056581399588966,8.107546821367548e-08,0.8508213705845801,6.1733509769391395,6.1733509769391395,6.1733509769391395,3.6696732736863638,6.1733509769391395
ARS,1820,nnls_intermedia_legacy,8.397418856445964e-05,False,False,8.397418856445964e-05,8.107546821367548e-08,0.6760753750020604,5.943849805183268,5.943849805183268,5.943849805183268,3.442417893741349,5.943849805183268
ARS,1820,nnls_nonneg,7.617082772958443e-05,False,True,7.617082772958443e-05,8.107546821367548e-08,0.613189878111962,5.846417792945529,5.846417792945529,5.846417792945529,3.3461069368244214,5.846417792945529
ARS,1840,nnls_original_legacy,0.00043958585042411854,False,False,0.00043958585042411854,0.00011304344191741799,1.6479756516557729,0.6152198121183043,0.6152198121183043,0.6152198121183043,0.6152198121183043,0.6152198121183043
ARS,1840,nnls_intermedia_legacy,0.00036141020737467423,False,False,0.00036141020737467423,0.00011304344191741799,1.2534432633905792,0.47502574398846087,0.47502574398846087,0.47502574398846087,0.47502574398846087,0.47502574398846087
ARS,1840,nnls_nonneg,0.00033016797599971494,False,True,0.00033016797599971494,0.00011304344191741799,1.0957717473238613,0.41421096269095203,0.41421096269095203,0.41421096269095203,0.41421096269095203,0.41421096269095203
ARS,1860,nnls_original_legacy,0.00012203790855070132,False,False,0.00012203790855070132,5.821083460731219e-07,0.5674489783560881,4.3502003069877935,4.3502003069877935,4.3502003069877935,3.812525897463038,4.3502003069877935
ARS,1860,nnls_intermedia_legacy,8.628608365909661e-05,False,False,8.628608365909661e-05,5.821083460731219e-07,0.4004142507026797,4.0055132765261305,4.0055132765261305,4.0055132765261305,3.4692576840492846,4.0055132765261305
ARS,1860,nnls_nonneg,8.053201365529095e-05,False,True,8.053201365529095e-05,5.821083460731219e-07,0.3735308812831227,3.9369817624634686,3.9369817624634686,3.9369817624634686,3.4010722125516235,3.9369817624634686
ARS,1880,nnls_original_legacy,7.1538972752051e-05,False,False,7.1538972752051e-05,1.2615231506949472e-05,0.27324105411143773,0.9116781266780423,0.9116781266780423,0.9116781266780423,0.9116781266780423,0.9116781266780423
ARS,1880,nnls_intermedia_legacy,3.4471207719309786e-05,False,False,3.4471207719309786e-05,1.2615231506949472e-05,0.10135048883027777,0.3711837861049856,0.3711837861049856,0.3711837861049856,0.3711837861049856,0.3711837861049856
ARS,1880,nnls_nonneg,3.3165863974810516e-05,False,True,3.3165863974810516e-05,1.2615231506949472e-05,0.09529735144986061,0.3469841642727176,0.3469841642727176,0.3469841642727176,0.3469841642727176,0.3469841642727176
ARS,1900,nnls_original_legacy,-1.6870192427818694e-05,True,False,1e-12,6.96731089259214e-05,0.30728294737859674,69673089.86659642,696716.6351044104,6957.46190797451,64.42929449427916,696716.6351044104
ARS,1900,nnls_intermedia_legacy,0.00023740358549642046,False,False,0.00023740358549642046,6.96731089259214e-05,0.7397504825046599,0.5194267519874693,0.5194267519874693,0.5194267519874693,0.5194267519874693,0.5194267519874693
ARS,1900,nnls_nonneg,0.00023434916209642202,False,True,0.00023434916209642202,6.96731089259214e-05,0.7262793994306624,0.5103024240835046,0.5103024240835046,0.5103024240835046,0.5103024240835046,0.5103024240835046
ARS,1920,nnls_original_legacy,5.785668130770169e-05,False,False,5.785668130770169e-05,2.5878353406183405e-08,0.2534853722623525,6.712764659927164,6.712764659927164,6.712764659927164,3.07525302912099,6.712764659927164
ARS,1920,nnls_intermedia_legacy,8.863495725283446e-05,False,False,8.863495725283446e-05,2.5878353406183405e-08,0.3883934547545028,7.139166732280325,7.139166732280325,7.139166732280325,3.4958085614784684,7.139166732280325
ARS,1920,nnls_nonneg,9.088490883667057e-05,False,True,9.088490883667057e-05,2.5878353406183405e-08,0.3982554968785194,7.164227141185613,7.164227141185613,7.164227141185613,3.520596894811426,7.164227141185613
ARS,1940,nnls_original_legacy,2.2869212648459135e-05,False,False,2.2869212648459135e-05,1.0435098693828604e-07,0.0996595729549622,4.394349713919032,4.394349713919032,4.394349713919032,2.1735184900353675,4.394349713919032
ARS,1940,nnls_intermedia_legacy,9.358329728301068e-05,False,False,9.358329728301068e-05,1.0435098693828604e-07,0.4092303307905998,5.799962167222468,5.799962167222468,5.799962167222468,3.549537587246708,5.799962167222468
ARS,1940,nnls_nonneg,8.460743088268755e-05,False,True,8.460743088268755e-05,1.0435098693828604e-07,0.36993595572883464,5.6992506406599945,5.6992506406599945,5.6992506406599945,3.4498413910634858,5.6992506406599945
ARS,1960,nnls_original_legacy,0.00042723288010381463,False,False,0.00042723288010381463,1.4173803308242984e-09,1.8585918026122124,11.616277517426942,11.616277517426942,9.66252284364564,5.0596698950381525,11.616277517426942
ARS,1960,nnls_intermedia_legacy,0.00045292677050095425,False,False,0.00045292677050095425,1.4173803308242984e-09,1.9703683411773236,11.674678535898106,11.674678535898106,9.720922722504643,5.117938320321966,11.674678535898106
ARS,1960,nnls_nonneg,0.00045565283731057544,False,True,0.00045565283731057544,1.4173803308242984e-09,1.9822275928191309,11.680679257158005,11.680679257158005,9.726923330395545,5.123925851167811,11.680679257158005
ARS,1980,nnls_original_legacy,0.00013548981895437966,False,False,0.00013548981895437966,0.0002344628679117991,0.4076558191031651,0.1820825628888978,0.1820825628888978,0.1820825628888978,0.1820825628888978,0.1820825628888978
ARS,1980,nnls_intermedia_legacy,9.62452032058303e-05,False,False,9.62452032058303e-05,0.0002344628679117991,0.5692987728859339,0.5457011614276286,0.5457011614276286,0.5457011614276286,0.5457011614276286,0.5457011614276286
ARS,1980,nnls_nonneg,0.00013355663295530252,False,True,0.00013355663295530252,0.0002344628679117991,0.4156183354673079,0.19275981326296798,0.19275981326296798,0.19275981326296798,0.19275981326296798,0.19275981326296798
ARS,2000,nnls_original_legacy,0.00029873676353633444,False,False,0.00029873676353633444,0.0002167197302631439,0.33309579755145097,0.04641167629357268,0.04641167629357268,0.04641167629357268,0.04641167629357268,0.04641167629357268
ARS,2000,nnls_intermedia_legacy,5.007481263905582e-05,False,False,5.007481263905582e-05,0.0002167197302631439,0.6767950452316104,1.8628321313010225,1.8628321313010225,1.8628321313010225,1.8628321313010225,1.8628321313010225
ARS,2000,nnls_nonneg,2.7594382179231323e-05,False,True,2.7594382179231323e-05,0.0002167197302631439,0.7680948230274364,4.792769982693268,4.792769982693268,4.792769982693268,4.792769982693268,4.792769982693268
ARS,2020,nnls_original_legacy,0.00011289631492200003,False,False,0.00011289631492200003,3.9081281331396514e-05,0.2979213547452842,0.4069958974736678,0.4069958974736678,0.4069958974736678,0.4069958974736678,0.4069958974736678
ARS,2020,nnls_intermedia_legacy,1.3308461001140475e-05,False,False,1.3308461001140475e-05,3.9081281331396514e-05,0.10402045728221558,0.8593304426936128,0.8593304426936128,0.8593304426936128,0.8593304426936128,0.8593304426936128
ARS,2020,nnls_nonneg,1.3633475256711435e-05,False,True,1.3633475256711435e-05,3.9081281331396514e-05,0.10270868266637964,0.8134523819413628,0.8134523819413628,0.8134523819413628,0.8134523819413628,0.8134523819413628
ARS,2040,nnls_original_legacy,7.046898481677842e-06,False,False,7.046898481677842e-06,1.2292651215902952e-06,0.023640540740894295,0.920611648612857,0.920611648612857,0.920611648612857,0.920611648612857,0.920611648612857
ARS,2040,nnls_intermedia_legacy,0.00017610996419828995,False,False,0.00017610996419828995,1.2292651215902952e-06,0.7106453836851243,3.9716721675798743,3.9716721675798743,3.9716721675798743,3.9716721675798743,3.9716721675798743
ARS,2040,nnls_nonneg,0.00016956929715138542,False,True,0.00016956929715138542,1.2292651215902952e-06,0.6840667225312965,3.9340944851472717,3.9340944851472717,3.9340944851472717,3.9340944851472717,3.9340944851472717
ARS,2060,nnls_original_legacy,9.51743068310633e-05,False,False,9.51743068310633e-05,1.397643606808426e-05,0.3323353921031876,1.0651881818715516,1.0651881818715516,1.0651881818715516,1.0651881818715516,1.0651881818715516
ARS,2060,nnls_intermedia_legacy,5.89910518856765e-06,False,False,5.89910518856765e-06,1.397643606808426e-05,0.033059769914745615,0.5066746990381386,0.5066746990381386,0.5066746990381386,0.5066746990381386,0.5066746990381386
ARS,2060,nnls_nonneg,6.01318959892555e-06,False,True,6.01318959892555e-06,1.397643606808426e-05,0.032592832950846314,0.480879137560537,0.480879137560537,0.480879137560537,0.480879137560537,0.480879137560537
ARS,2080,nnls_original_legacy,0.0002989464616921302,False,False,0.0002989464616921302,3.744342177090635e-06,0.7160817807587674,3.3925436778371916,3.3925436778371916,3.3925436778371916,3.3925436778371916,3.3925436778371916
ARS,2080,nnls_intermedia_legacy,0.00035857102626383965,False,False,0.00035857102626383965,3.744342177090635e-06,0.8607151067173251,3.5723232134613996,3.5723232134613996,3.5723232134613996,3.5723232134613996,3.5723232134613996
ARS,2080,nnls_nonneg,0.0003355106811534726,False,True,0.0003355106811534726,3.744342177090635e-06,0.8047768464545899,3.5065679726246364,3.5065679726246364,3.5065679726246364,3.5065679726246364,3.5065679726246364
ARS,2100,nnls_original_legacy,0.0002583700690622486,False,False,0.0002583700690622486,1.5092529379129702e-05,0.5757723646087662,1.8986074427859214,1.8986074427859214,1.8986074427859214,1.8986074427859214,1.8986074427859214
ARS,2100,nnls_intermedia_legacy,0.00017709349008203343,False,False,0.00017709349008203343,1.5092529379129702e-05,0.3834126090484921,1.5477014205326185,1.5477014205326185,1.5477014205326185,1.5477014205326185,1.5477014205326185
ARS,2100,nnls_nonneg,0.00017376917360758143,False,True,0.00017376917360758143,1.5092529379129702e-05,0.37554484797323523,1.5303818457301066,1.5303818457301066,1.5303818457301066,1.5303818457301066,1.5303818457301066
ARS,2120,nnls_original_legacy,0.0002479474372443677,False,False,0.0002479474372443677,1.5825981710602088e-05,0.549999166474534,1.8153917460771143,1.8153917460771143,1.8153917460771143,1.8153917460771143,1.8153917460771143
ARS,2120,nnls_intermedia_legacy,0.00015607035515152122,False,False,0.00015607035515152122,1.5825981710602088e-05,0.3323014165919205,1.3900567671786659,1.3900567671786659,1.3900567671786659,1.3900567671786659,1.3900567671786659
ARS,2120,nnls_nonneg,0.00014657847209643038,False,True,0.00014657847209643038,1.5825981710602088e-05,0.30981091584708814,1.333877274823617,1.333877274823617,1.333877274823617,1.333877274823617,1.333877274823617
ARS,2140,nnls_original_legacy,0.00022172439681364395,False,False,0.00022172439681364395,1.4756765910597785e-07,0.5244015779037952,6.315569202836023,6.315569202836023,6.315569202836023,4.405945258432012,6.315569202836023
ARS,2140,nnls_intermedia_legacy,0.00014363790813750254,False,False,0.00014363790813750254,1.4756765910597785e-07,0.3395958018170912,5.881791467324775,5.881791467324775,5.881791467324775,3.9742575564764655,5.881791467324775
ARS,2140,nnls_nonneg,0.00013321690653555988,False,True,0.00013321690653555988,1.4756765910597785e-07,0.3149326197314531,5.806554903276483,5.806554903276483,5.806554903276483,3.899485230725487,5.806554903276483
ARS,2160,nnls_original_legacy,0.00020656954248696112,False,False,0.00020656954248696112,8.084384983779665e-06,0.48465131650948057,2.2798390860840314,2.2798390860840314,2.2798390860840314,2.2798390860840314,2.2798390860840314
ARS,2160,nnls_intermedia_legacy,0.00011585163562884142,False,False,0.00011585163562884142,8.084384983779665e-06,0.263140783717791,1.73215817363296,1.73215817363296,1.73215817363296,1.73215817363296,1.73215817363296
ARS,2160,nnls_nonneg,0.00010145553249115322,False,True,0.00010145553249115322,8.084384983779665e-06,0.2279890855956026,1.6093702006047765,1.6093702006047765,1.6093702006047765,1.6093702006047765,1.6093702006047765
ARS,2180,nnls_original_legacy,0.00019081539510356572,False,False,0.00019081539510356572,1.225460054683807e-07,0.470418584783283,6.35121743038393,6.35121743038393,6.35121743038393,4.256547110177132,6.35121743038393
ARS,2180,nnls_intermedia_legacy,0.0001131756630380411,False,False,0.0001131756630380411,1.225460054683807e-07,0.2788897830796129,5.829292711158405,5.829292711158405,5.829292711158405,3.73777697370738,5.829292711158405
ARS,2180,nnls_nonneg,9.953094175928487e-05,False,True,9.953094175928487e-05,1.225460054683807e-07,0.24522973497569636,5.700968568199417,5.700968568199417,5.700968568199417,3.610515695154329,5.700968568199417
ARS,2200,nnls_original_legacy,0.00022320215058586093,False,False,0.00022320215058586093,2.79531604515739e-06,0.5465919465448745,3.3926563870348048,3.3926563870348048,3.3926563870348048,3.3926563870348048,3.3926563870348048
ARS,2200,nnls_intermedia_legacy,0.0001405465061233813,False,False,0.0001405465061233813,2.79531604515739e-06,0.3416123246841721,2.9374821675860088,2.9374821675860088,2.9374821675860088,2.9374821675860088,2.9374821675860088
ARS,2200,nnls_nonneg,0.00013127263291809655,False,True,0.00013127263291809655,2.79531604515739e-06,0.31861383456089587,2.8706251265793323,2.8706251265793323,2.8706251265793323,2.8706251265793323,2.8706251265793323
ARS,2220,nnls_original_legacy,0.0002414348064073018,False,False,0.0002414348064073018,3.4625503449421807e-07,0.5980965989432631,5.54861332082781,5.54861332082781,5.54861332082781,4.490741388752179,5.54861332082781
ARS,2220,nnls_intermedia_legacy,0.00015609825685986052,False,False,0.00015609825685986052,3.4625503449421807e-07,0.3863922282493893,5.113283528598826,5.113283528598826,5.113283528598826,4.05689188208301,5.113283528598826
ARS,2220,nnls_nonneg,0.000150223043828831,False,True,0.000150223043828831,3.4625503449421807e-07,0.3718168993425757,5.075005769603638,5.075005769603638,5.075005769603638,4.018777916852529,5.075005769603638
ARS,2240,nnls_original_legacy,0.00020937106466512826,False,False,0.00020937106466512826,9.925083654732197e-07,0.5174394885448458,4.356368372102663,4.356368372102663,4.356368372102663,4.348884315948294,4.356368372102663
ARS,2240,nnls_intermedia_legacy,0.00011919540386902224,False,False,0.00011919540386902224,9.925083654732197e-07,0.2935179458001529,3.796610767035438,3.796610767035438,3.796610767035438,3.789153780973895,3.796610767035438
ARS,2240,nnls_nonneg,0.00010631889068252503,False,True,0.00010631889068252503,9.925083654732197e-07,0.2615433678215977,3.683298020776326,3.683298020776326,3.683298020776326,3.6758486468222937,3.683298020776326
ARS,2260,nnls_original_legacy,0.0002018093870818549,False,False,0.0002018093870818549,2.9579126223348007e-06,0.5462413856406787,3.2374967617028174,3.2374967617028174,3.2374967617028174,3.2374967617028174,3.2374967617028174
ARS,2260,nnls_intermedia_legacy,0.00011756216659751849,False,False,0.00011756216659751849,2.9579126223348007e-06,0.3148158024066566,2.707643859325101,2.707643859325101,2.707643859325101,2.707643859325101,2.707643859325101
ARS,2260,nnls_nonneg,0.00010872524153361662,False,True,0.00010872524153361662,2.9579126223348007e-06,0.29054092989274294,2.631545545795729,2.631545545795729,2.631545545795729,2.631545545795729,2.631545545795729
ARS,2280,nnls_original_legacy,0.00017953101328882916,False,False,0.00017953101328882916,4.194211543829828e-07,0.5168613613192038,5.0615638956002105,5.0615638956002105,5.0615638956002105,4.1959180372532705,5.0615638956002105
ARS,2280,nnls_intermedia_legacy,9.035003748973693e-05,False,False,9.035003748973693e-05,4.194211543829828e-07,0.25951229749817434,4.377213334320351,4.377213334320351,4.377213334320351,3.5147594960065867,4.377213334320351
ARS,2280,nnls_nonneg,7.885193557430582e-05,False,True,7.885193557430582e-05,4.194211543829828e-07,0.22633228643481593,4.24177068057513,4.24177068057513,4.24177068057513,3.3802538575257524,4.24177068057513
ARS,2300,nnls_original_legacy,0.00020723500370372787,False,False,0.00020723500370372787,2.99972496632333e-06,0.598881891222013,3.249807818075414,3.249807818075414,3.249807818075414,3.249807818075414,3.249807818075414
ARS,2300,nnls_intermedia_legacy,0.00012428142727973675,False,False,0.00012428142727973675,2.99972496632333e-06,0.3556359885574451,2.748164512939202,2.748164512939202,2.748164512939202,2.748164512939202,2.748164512939202
ARS,2300,nnls_nonneg,0.00012220308361274082,False,True,0.00012220308361274082,2.99972496632333e-06,0.3495416330984151,2.731710722051096,2.731710722051096,2.731710722051096,2.731710722051096,2.731710722051096
ARS,2320,nnls_original_legacy,0.0002085230490600554,False,False,0.0002085230490600554,3.0184601578656395e-06,0.6156609968905162,3.2497781892483415,3.2497781892483415,3.2497781892483415,3.2497781892483415,3.2497781892483415
ARS,2320,nnls_intermedia_legacy,0.00012252412563956916,False,False,0.00012252412563956916,3.0184601578656395e-06,0.35802109109859476,2.7281967739821518,2.7281967739821518,2.7281967739821518,2.7281967739821518,2.7281967739821518
ARS,2320,nnls_nonneg,0.00012446645379762475,False,True,0.00012446645379762475,3.0184601578656395e-06,0.36384001561247103,2.7435406066610946,2.7435406066610946,2.7435406066610946,2.7435406066610946,2.7435406066610946
ARS,2340,nnls_original_legacy,0.00012743266858376203,False,False,0.00012743266858376203,1.474038824793929e-05,0.4354832382545083,1.2726688827832575,1.2726688827832575,1.2726688827832575,1.2726688827832575,1.2726688827832575
ARS,2340,nnls_intermedia_legacy,8.412246106546786e-05,False,False,8.412246106546786e-05,1.474038824793929e-05,0.26811712086531225,0.9169077375588468,0.9169077375588468,0.9169077375588468,0.9169077375588468,0.9169077375588468
ARS,2340,nnls_nonneg,9.332837837831146e-05,False,True,9.332837837831146e-05,1.474038824793929e-05,0.30369207480673127,1.0034741142549684,1.0034741142549684,1.0034741142549684,1.0034741142549684,1.0034741142549684
ARS,2360,nnls_original_legacy,0.00012373711831768503,False,False,0.00012373711831768503,1.1521029651389498e-06,0.5058686834893246,3.685881256049943,3.685881256049943,3.685881256049943,3.685881256049943,3.685881256049943
ARS,2360,nnls_intermedia_legacy,9.276386933522928e-05,False,False,9.276386933522928e-05,1.1521029651389498e-06,0.3780521094889811,3.4008880253102616,3.4008880253102616,3.4008880253102616,3.4008880253102616,3.4008880253102616
ARS,2360,nnls_nonneg,9.592977715176774e-05,False,True,9.592977715176774e-05,1.1521029651389498e-06,0.39111678639581976,3.434037355677333,3.434037355677333,3.434037355677333,3.434037355677333,3.434037355677333
ARS,2380,nnls_original_legacy,0.00010659609998383064,False,False,0.00010659609998383064,7.75403237470834e-06,0.41622988433811886,1.6935760880985575,1.6935760880985575,1.6935760880985575,1.6935760880985575,1.6935760880985575
ARS,2380,nnls_intermedia_legacy,8.889439347863771e-05,False,False,8.889439347863771e-05,7.75403237470834e-06,0.3416869348686586,1.5264635230944852,1.5264635230944852,1.5264635230944852,1.5264635230944852,1.5264635230944852
ARS,2380,nnls_nonneg,9.245282386696886e-05,False,True,9.245282386696886e-05,7.75403237470834e-06,0.35667169899578643,1.5623556395307538,1.5623556395307538,1.5623556395307538,1.5623556395307538,1.5623556395307538
ARS,2400,nnls_original_legacy,0.00012076722112303578,False,False,0.00012076722112303578,1.2904860926564282e-06,0.5319524544410612,3.549531668398986,3.549531668398986,3.549531668398986,3.549531668398986,3.549531668398986
ARS,2400,nnls_intermedia_legacy,8.886771147651495e-05,False,False,8.886771147651495e-05,1.2904860926564282e-06,0.38992461573574044,3.246651340861411,3.246651340861411,3.246651340861411,3.246651340861411,3.246651340861411
ARS,2400,nnls_nonneg,8.900708028297638e-05,False,True,8.900708028297638e-05,1.2904860926564282e-06,0.39054513468991864,3.248195647212879,3.248195647212879,3.248195647212879,3.248195647212879,3.248195647212879
ARS,2420,nnls_original_legacy,9.413317351940543e-05,False,False,9.413317351940543e-05,1.1622159230992086e-06,0.41729719622128003,3.4067285652155075,3.4067285652155075,3.4067285652155075,3.4067285652155075,3.4067285652155075
ARS,2420,nnls_intermedia_legacy,8.59425321169308e-05,False,False,8.59425321169308e-05,1.1622159230992086e-06,0.3805337619093762,3.316873555546989,3.316873555546989,3.316873555546989,3.316873555546989,3.316873555546989
ARS,2420,nnls_nonneg,8.718446060312211e-05,False,True,8.718446060312211e-05,1.1622159230992086e-06,0.3861081185535802,3.3310281893641864,3.3310281893641864,3.3310281893641864,3.3310281893641864,3.3310281893641864
ARS,2440,nnls_original_legacy,0.00010443518406669583,False,False,0.00010443518406669583,3.725614909181434e-06,0.4555680865644473,2.3690086603186313,2.3690086603186313,2.3690086603186313,2.3690086603186313,2.3690086603186313
ARS,2440,nnls_intermedia_legacy,8.781381322648358e-05,False,False,8.781381322648358e-05,3.725614909181434e-06,0.3803799373836046,2.2024131966797387,2.2024131966797387,2.2024131966797387,2.2024131966797387,2.2024131966797387
ARS,2440,nnls_nonneg,8.888515198261043e-05,False,True,8.888515198261043e-05,3.725614909181434e-06,0.3852262270785558,2.214028124594254,2.214028124594254,2.214028124594254,2.214028124594254,2.214028124594254
ARS,2460,nnls_original_legacy,0.00011100708772817564,False,False,0.00011100708772817564,1.1870728529581156e-06,0.5036177976579403,3.548797230434359,3.548797230434359,3.548797230434359,3.548797230434359,3.548797230434359
ARS,2460,nnls_intermedia_legacy,6.082762508931158e-05,False,False,6.082762508931158e-05,1.1870728529581156e-06,0.27350245401536316,2.9560689139144003,2.9560689139144003,2.9560689139144003,2.9560689139144003,2.9560689139144003
ARS,2460,nnls_nonneg,6.58850692932633e-05,False,True,6.58850692932633e-05,1.1870728529581156e-06,0.29669511989385644,3.0344386875101064,3.0344386875101064,3.0344386875101064,3.0344386875101064,3.0344386875101064
ARS,2480,nnls_original_legacy,9.046523442755692e-05,False,False,9.046523442755692e-05,6.692369148697588e-07,0.43980445155751474,3.91398050050711,3.91398050050711,3.91398050050711,3.516019597068854,3.91398050050711
ARS,2480,nnls_intermedia_legacy,4.780526898425088e-05,False,False,4.780526898425088e-05,6.692369148697588e-07,0.23086370558935643,3.2827522410684766,3.2827522410684766,3.2827522410684766,2.8880540595021365,3.2827522410684766
ARS,2480,nnls_nonneg,5.285091038781641e-05,False,True,5.285091038781641e-05,6.692369148697588e-07,0.2555763387992887,3.3817548187661615,3.3817548187661615,3.3817548187661615,2.9863960879906273,3.3817548187661615
ARS,2500,nnls_original_legacy,0.00010103192719094069,False,False,0.00010103192719094069,2.4175849510140483e-07,0.5128279810146367,5.037645474977124,5.037645474977124,5.037645474977124,3.6253344389683084,5.037645474977124
ARS,2500,nnls_intermedia_legacy,8.540670913146353e-05,False,False,8.540670913146353e-05,2.4175849510140483e-07,0.43332569290421014,4.870071337552663,4.870071337552663,4.870071337552663,3.4591333409918485,4.870071337552663
ARS,2500,nnls_nonneg,8.440621799534892e-05,False,True,8.440621799534892e-05,2.4175849510140483e-07,0.42823511853574125,4.858321303188323,4.858321303188323,4.858321303188323,3.447488540213379,4.858321303188323
ARS,2520,nnls_original_legacy,9.00165742511887e-05,False,False,9.00165742511887e-05,3.2748126780567604e-07,0.4596860979162173,4.619956245587678,4.619956245587678,4.619956245587678,3.511102877005756,4.619956245587678
ARS,2520,nnls_intermedia_legacy,5.6368925760888955e-05,False,False,5.6368925760888955e-05,3.2748126780567604e-07,0.2872308335795819,4.154052074393125,4.154052074393125,4.154052074393125,3.049658315645827,4.154052074393125
ARS,2520,nnls_nonneg,5.913521399529349e-05,False,True,5.913521399529349e-05,3.2748126780567604e-07,0.30140897054012133,4.201688846089141,4.201688846089141,4.201688846089141,3.096736982379511,4.201688846089141
ARS,2540,nnls_original_legacy,7.65181389880326e-05,False,False,7.65181389880326e-05,1.3004523502624598e-08,0.3991520050927717,7.680155797459143,7.680155797459143,7.680155797459143,3.350596620350787,7.680155797459143
ARS,2540,nnls_intermedia_legacy,3.337886979109017e-05,False,False,3.337886979109017e-05,1.3004523502624598e-08,0.17408049951715956,6.850770682570694,6.850770682570694,6.850770682570694,2.537882131893584,6.850770682570694
ARS,2540,nnls_nonneg,3.9048944382618455e-05,False,True,3.9048944382618455e-05,1.3004523502624598e-08,0.20366311064613404,7.007606895141333,7.007606895141333,7.007606895141333,2.690424730358329,7.007606895141333
ARS,2560,nnls_original_legacy,7.673848821406996e-05,False,False,7.673848821406996e-05,1.758496390835599e-06,0.39528115188451257,2.7988597061978795,2.7988597061978795,2.7988597061978795,2.7988597061978795,2.7988597061978795
ARS,2560,nnls_intermedia_legacy,3.5205259125060594e-05,False,False,3.5205259125060594e-05,1.758496390835599e-06,0.17632537132786988,2.0466861788664574,2.0466861788664574,2.0466861788664574,2.0466861788664574,2.0466861788664574
ARS,2560,nnls_nonneg,4.0357193655221565e-05,False,True,4.0357193655221565e-05,1.758496390835599e-06,0.2034854518506391,2.1768838467753597,2.1768838467753597,2.1768838467753597,2.1768838467753597,2.1768838467753597
ARS,2580,nnls_original_legacy,-1.0118956245837324e-05,True,False,1e-12,5.1827692934402146e-08,0.002575847746045059,51815.83725450412,511.02641963198323,2.5374297673899986,0.0,511.02641963198323
ARS,2580,nnls_intermedia_legacy,1.932342985617477e-05,False,False,1.932342985617477e-05,5.1827692934402146e-08,0.9578213500462166,4.923831118402462,4.923831118402462,4.923831118402462,2.0130689889544056,4.923831118402462
ARS,2580,nnls_nonneg,9.968421546990948e-06,False,True,9.968421546990948e-06,5.1827692934402146e-08,0.4928664068870229,4.2644520986392855,4.2644520986392855,4.2644520986392855,1.3997390360658408,4.2644520986392855
ARS,2600,nnls_original_legacy,4.315769285032817e-06,False,False,4.315769285032817e-06,1.7301135433593292e-06,0.2888946734515453,0.31497039450518916,0.31497039450518916,0.31497039450518916,0.31497039450518916,0.31497039450518916
ARS,2600,nnls_intermedia_legacy,4.203542851884204e-06,False,False,4.203542851884204e-06,1.7301135433593292e-06,0.27635564196542944,0.2993252770556287,0.2993252770556287,0.2993252770556287,0.2993252770556287,0.2993252770556287
ARS,2600,nnls_nonneg,4.63903878551945e-06,False,True,4.63903878551945e-06,1.7301135433593292e-06,0.32501349440467253,0.359266705239105,0.359266705239105,0.359266705239105,0.359266705239105,0.359266705239105
ARS,2620,nnls_original_legacy,4.669711223525339e-06,False,False,4.669711223525339e-06,3.356480860154384e-07,0.522300896132909,1.7046669606897344,1.7046669606897344,1.7046669606897344,0.7552432376175742,1.7046669606897344
ARS,2620,nnls_intermedia_legacy,4.669711223525336e-06,False,False,4.669711223525336e-06,3.356480860154384e-07,0.5223008961329086,1.704666960689734,1.704666960689734,1.704666960689734,0.7552432376175735,1.704666960689734
ARS,2620,nnls_nonneg,4.903820142752396e-06,False,True,4.903820142752396e-06,3.356480860154384e-07,0.5505135211975385,1.7501528005373,1.7501528005373,1.7501528005373,0.7939371726185616,1.7501528005373
ARS,2640,nnls_original_legacy,4.302160952956519e-06,False,False,4.302160952956519e-06,2.331658840991961e-06,0.26727280329486114,0.1545113551167867,0.1545113551167867,0.1545113551167867,0.1545113551167867,0.1545113551167867
ARS,2640,nnls_intermedia_legacy,4.3021609529565195e-06,False,False,4.3021609529565195e-06,2.331658840991961e-06,0.2672728032948613,0.1545113551167867,0.1545113551167867,0.1545113551167867,0.1545113551167867,0.1545113551167867
ARS,2640,nnls_nonneg,4.522514356046353e-06,False,True,4.522514356046353e-06,2.331658840991961e-06,0.29716085639654793,0.17805507913973218,0.17805507913973218,0.17805507913973218,0.17805507913973218,0.17805507913973218
ARS,2660,nnls_original_legacy,4.2787857402020664e-06,False,False,4.2787857402020664e-06,3.5094900242010027e-07,0.5496600292684986,1.582804322304734,1.582804322304734,1.582804322304734,0.6873804287514869,1.582804322304734
ARS,2660,nnls_intermedia_legacy,4.278785740202066e-06,False,False,4.278785740202066e-06,3.5094900242010027e-07,0.5496600292684983,1.582804322304734,1.582804322304734,1.582804322304734,0.6873804287514866,1.582804322304734
ARS,2660,nnls_nonneg,4.440025852453377e-06,False,True,4.440025852453377e-06,3.5094900242010027e-07,0.5722239113073836,1.6168166652545666,1.6168166652545666,1.6168166652545666,0.7158841128827327,1.6168166652545666
ARS,2680,nnls_original_legacy,4.676029527832733e-06,False,False,4.676029527832733e-06,1.7118249345665794e-06,0.4165875913264712,0.37097448589570514,0.37097448589570514,0.37097448589570514,0.37097448589570514,0.37097448589570514
ARS,2680,nnls_intermedia_legacy,4.676029527832734e-06,False,False,4.676029527832734e-06,1.7118249345665794e-06,0.41658759132647133,0.37097448589570536,0.37097448589570536,0.37097448589570536,0.37097448589570536,0.37097448589570536
ARS,2680,nnls_nonneg,4.777260441998851e-06,False,True,4.777260441998851e-06,1.7118249345665794e-06,0.43081452518793334,0.3846349776395266,0.3846349776395266,0.3846349776395266,0.3846349776395266,0.3846349776395266
ARS,2700,nnls_original_legacy,5.231788241598623e-06,False,False,5.231788241598623e-06,2.286652385204102e-06,0.40698673408289016,0.26473321878815215,0.26473321878815215,0.26473321878815215,0.26473321878815215,0.26473321878815215
ARS,2700,nnls_intermedia_legacy,5.231788241598623e-06,False,False,5.231788241598623e-06,2.286652385204102e-06,0.40698673408289016,0.26473321878815215,0.26473321878815215,0.26473321878815215,0.26473321878815215,0.26473321878815215
ARS,2700,nnls_nonneg,5.301353619836344e-06,False,True,5.301353619836344e-06,2.286652385204102e-06,0.41659993614714785,0.2722069640610001,0.2722069640610001,0.2722069640610001,0.2722069640610001,0.2722069640610001
ARS,2720,nnls_original_legacy,8.535964090807098e-06,False,False,8.535964090807098e-06,1.9386099898400782e-07,1.1424143992577633,2.807613268182128,2.807613268182128,2.807613268182128,1.2614396903751768,2.807613268182128
ARS,2720,nnls_intermedia_legacy,8.556407020301522e-06,False,False,8.556407020301522e-06,1.9386099898400782e-07,1.1452139687140954,2.8099510611833334,2.8099510611833334,2.8099510611833334,1.263551847035174,2.8099510611833334
ARS,2720,nnls_nonneg,9.147601622601022e-06,False,True,9.147601622601022e-06,1.9386099898400782e-07,1.2261754743435846,2.8752981533579574,2.8752981533579574,2.8752981533579574,1.3228099989256479,2.8752981533579574
ARS,2740,nnls_original_legacy,3.967961121743896e-06,False,False,3.967961121743896e-06,3.2542032392638144e-08,0.5760566499986833,3.8116763096716797,3.8116763096716797,3.8116763096716797,0.6302709897242995,3.8116763096716797
ARS,2740,nnls_intermedia_legacy,3.959665225442045e-06,False,False,3.959665225442045e-06,3.2542032392638144e-08,0.5748423177703035,3.809600583239785,3.809600583239785,3.809600583239785,0.6287060852329871,3.809600583239785
ARS,2740,nnls_nonneg,4.031985308009461e-06,False,True,4.031985308009461e-06,3.2542032392638144e-08,0.5854283477573362,3.827552577753842,3.827552577753842,3.827552577753842,0.6422756636665949,3.827552577753842
ARS,2760,nnls_original_legacy,4.073954340393515e-06,False,False,4.073954340393515e-06,1.0587198367415882e-06,0.47614603128761684,0.6074288669121941,0.6074288669121941,0.6074288669121941,0.6074288669121941,0.6074288669121941
ARS,2760,nnls_intermedia_legacy,4.073954340393515e-06,False,False,4.073954340393515e-06,1.0587198367415882e-06,0.47614603128761684,0.6074288669121941,0.6074288669121941,0.6074288669121941,0.6074288669121941,0.6074288669121941
ARS,2760,nnls_nonneg,4.884608462408291e-06,False,True,4.884608462408291e-06,1.0587198367415882e-06,0.6041592065404168,0.7457747547225952,0.7457747547225952,0.7457747547225952,0.7457747547225952,0.7457747547225952
ARS,2780,nnls_original_legacy,8.088613031969962e-06,False,False,8.088613031969962e-06,1.893637016346143e-06,0.9332699804783577,0.6860694081773102,0.6860694081773102,0.6860694081773102,0.6860694081773102,0.6860694081773102
ARS,2780,nnls_intermedia_legacy,8.088613031969959e-06,False,False,8.088613031969959e-06,1.893637016346143e-06,0.9332699804783572,0.68606940817731,0.68606940817731,0.68606940817731,0.68606940817731,0.68606940817731
ARS,2780,nnls_nonneg,6.992447263690648e-06,False,True,6.992447263690648e-06,1.893637016346143e-06,0.7681331659720526,0.5771430465276324,0.5771430465276324,0.5771430465276324,0.5771430465276324,0.5771430465276324
ARS,2800,nnls_original_legacy,7.22992109725868e-06,False,False,7.22992109725868e-06,2.016587555116251e-06,0.7960240668286082,0.5557438536220036,0.5557438536220036,0.5557438536220036,0.5557438536220036,0.5557438536220036
ARS,2800,nnls_intermedia_legacy,7.229921097258678e-06,False,False,7.229921097258678e-06,2.016587555116251e-06,0.7960240668286078,0.5557438536220034,0.5557438536220034,0.5557438536220034,0.5557438536220034,0.5557438536220034
ARS,2800,nnls_nonneg,6.714208744809856e-06,False,True,6.714208744809856e-06,2.016587555116251e-06,0.717279931086747,0.5031655057017979,0.5031655057017979,0.5031655057017979,0.5031655057017979,0.5031655057017979
ARS,2820,nnls_original_legacy,4.4200872899320736e-06,False,False,4.4200872899320736e-06,4.3029851374957076e-05,5.653038234170652,6.4593335875262685,6.4593335875262685,6.4593335875262685,6.4593335875262685,6.4593335875262685
ARS,2820,nnls_intermedia_legacy,4.420087289932075e-06,False,False,4.420087289932075e-06,4.3029851374957076e-05,5.653038234170652,6.459333587526265,6.459333587526265,6.459333587526265,6.459333587526265,6.459333587526265
ARS,2820,nnls_nonneg,4.794061861543879e-06,False,True,4.794061861543879e-06,4.3029851374957076e-05,5.5982828477540565,5.781140210477568,5.781140210477568,5.781140210477568,5.781140210477568,5.781140210477568
ARS,2840,nnls_original_legacy,1.832751295579225e-05,False,False,1.832751295579225e-05,6.185895503233863e-06,1.5942419007110873,0.42365122544886713,0.42365122544886713,0.42365122544886713,0.42365122544886713,0.42365122544886713
ARS,2840,nnls_intermedia_legacy,1.592580637848786e-05,False,False,1.592580637848786e-05,6.185895503233863e-06,1.27888842546671,0.33408866457735575,0.33408866457735575,0.33408866457735575,0.33408866457735575,0.33408866457735575
ARS,2840,nnls_nonneg,1.6930501624421277e-05,False,True,1.6930501624421277e-05,6.185895503233863e-06,1.4108088442058775,0.3722149326058213,0.3722149326058213,0.3722149326058213,0.3722149326058213,0.3722149326058213
ARS,2860,nnls_original_legacy,5.5540525679841145e-06,False,False,5.5540525679841145e-06,3.1122995812155044e-05,3.099166068562698,2.880236139134971,2.880236139134971,2.880236139134971,2.880236139134971,2.880236139134971
ARS,2860,nnls_intermedia_legacy,4.724165894270039e-06,False,False,4.724165894270039e-06,3.1122995812155044e-05,3.1997551541328795,3.702784463313767,3.702784463313767,3.702784463313767,3.702784463313767,3.702784463313767
ARS,2860,nnls_nonneg,4.48758638867695e-06,False,True,4.48758638867695e-06,3.1122995812155044e-05,3.2284305346227864,3.9987210632157915,3.9987210632157915,3.9987210632157915,3.9987210632157915,3.9987210632157915
ARS,2880,nnls_original_legacy,1.3898047474167131e-05,False,False,1.3898047474167131e-05,5.319142673971151e-06,1.027292475289567,0.3431621180547897,0.3431621180547897,0.3431621180547897,0.3431621180547897,0.3431621180547897
ARS,2880,nnls_intermedia_legacy,1.3164946293543306e-05,False,False,1.3164946293543306e-05,5.319142673971151e-06,0.9395062899872717,0.3102838862870112,0.3102838862870112,0.3102838862870112,0.3102838862870112,0.3102838862870112
ARS,2880,nnls_nonneg,1.29762940179626e-05,False,True,1.29762940179626e-05,5.319142673971151e-06,0.9169158699203788,0.3017243282298556,0.3017243282298556,0.3017243282298556,0.3017243282298556,0.3017243282298556
ARS,2900,nnls_original_legacy,-1.152521198031514e-05,True,False,1e-12,9.885529392733546e-05,8.567700439902383,98855274.5181678,988538.1352758793,9875.330565444217,93.2616368239952,988538.1352758793
ARS,2900,nnls_intermedia_legacy,-1.2778201131953457e-05,True,False,1e-12,9.885529392733546e-05,8.567700439902383,98855274.5181678,988538.1352758793,9875.330565444217,93.2616368239952,988538.1352758793
ARS,2900,nnls_nonneg,2.3524797604976973e-05,False,True,2.3524797604976973e-05,9.885529392733546e-05,6.528827211645105,1.7665720244501788,1.7665720244501788,1.7665720244501788,1.7665720244501788,1.7665720244501788
ARS,2920,nnls_original_legacy,4.805861568094874e-05,False,False,4.805861568094874e-05,5.341245178091554e-06,3.5255569090642793,1.308102841925817,1.308102841925817,1.308102841925817,1.308102841925817,1.308102841925817
ARS,2920,nnls_intermedia_legacy,4.6342374442328724e-05,False,False,4.6342374442328724e-05,5.341245178091554e-06,3.38391181047299,1.2758541348241796,1.2758541348241796,1.2758541348241796,1.2758541348241796,1.2758541348241796
ARS,2920,nnls_nonneg,1.200659850400993e-05,False,True,1.200659850400993e-05,5.341245178091554e-06,0.5501060152561205,0.254856716556644,0.254856716556644,0.254856716556644,0.254856716556644,0.254856716556644
ARS,2940,nnls_original_legacy,7.778984322754448e-05,False,False,7.778984322754448e-05,4.1771427569172264e-06,5.765338145100369,1.9780812022268175,1.9780812022268175,1.9780812022268175,1.9780812022268175,1.9780812022268175
ARS,2940,nnls_intermedia_legacy,7.873315813250841e-05,False,False,7.873315813250841e-05,4.1771427569172264e-06,5.839218458818793,1.9894913571290598,1.9894913571290598,1.9894913571290598,1.9894913571290598,1.9894913571290598
ARS,2940,nnls_nonneg,3.0938006045224957e-05,False,True,3.0938006045224957e-05,4.1771427569172264e-06,2.0959077024141943,1.1373744826911993,1.1373744826911993,1.1373744826911993,1.1373744826911993,1.1373744826911993
ARS,2960,nnls_original_legacy,5.8332457628854174e-05,False,False,5.8332457628854174e-05,1.6290554636496227e-06,4.208173532635761,2.606085380693259,2.606085380693259,2.606085380693259,2.606085380693259,2.606085380693259
ARS,2960,nnls_intermedia_legacy,6.045388368327552e-05,False,False,6.045388368327552e-05,1.6290554636496227e-06,4.365612568615474,2.6408275215819383,2.6408275215819383,2.6408275215819383,2.6408275215819383,2.6408275215819383
ARS,2960,nnls_nonneg,3.412799605064034e-05,False,True,3.412799605064034e-05,1.6290554636496227e-06,2.4118690659587703,2.08985136749959,2.08985136749959,2.08985136749959,2.08985136749959,2.08985136749959
ARS,2980,nnls_original_legacy,4.113177489562774e-05,False,False,4.113177489562774e-05,5.055710738738942e-06,2.633378818424284,1.2191774575268761,1.2191774575268761,1.2191774575268761,1.2191774575268761,1.2191774575268761
ARS,2980,nnls_intermedia_legacy,4.142262062157341e-05,False,False,4.142262062157341e-05,5.055710738738942e-06,2.6546091547160633,1.2253606084163597,1.2253606084163597,1.2253606084163597,1.2253606084163597,1.2253606084163597
ARS,2980,nnls_nonneg,2.0700427472374415e-05,False,True,2.0700427472374415e-05,5.055710738738942e-06,1.1419889233880485,0.6538680973289028,0.6538680973289028,0.6538680973289028,0.6538680973289028,0.6538680973289028
ARS,3000,nnls_original_legacy,4.4868160246767114e-05,False,False,4.4868160246767114e-05,3.1792266552185627e-06,2.908614363353072,1.7179475165847364,1.7179475165847364,1.7179475165847364,1.7179475165847364,1.7179475165847364
ARS,3000,nnls_intermedia_legacy,4.517664090233978e-05,False,False,4.517664090233978e-05,3.1792266552185627e-06,2.930136891955174,1.72431542341007,1.72431542341007,1.72431542341007,1.72431542341007,1.72431542341007
ARS,3000,nnls_nonneg,2.078796848450373e-05,False,True,2.078796848450373e-05,3.1792266552185627e-06,1.2285523997096903,1.0306723033888492,1.0306723033888492,1.0306723033888492,1.0306723033888492,1.0306723033888492
ARS,3020,nnls_original_legacy,6.463755128247134e-05,False,False,6.463755128247134e-05,4.078188728470181e-06,4.000624556904225,1.8262357614552411,1.8262357614552411,1.8262357614552411,1.8262357614552411,1.8262357614552411
ARS,3020,nnls_intermedia_legacy,6.814645707187501e-05,False,False,6.814645707187501e-05,4.078188728470181e-06,4.232427106946493,1.875850690638591,1.875850690638591,1.875850690638591,1.875850690638591,1.875850690638591
ARS,3020,nnls_nonneg,4.561691507307283e-05,False,True,4.561691507307283e-05,4.078188728470181e-06,2.744098379974811,1.5040264421776226,1.5040264421776226,1.5040264421776226,1.5040264421776226,1.5040264421776226
ARS,3040,nnls_original_legacy,7.131231019182147e-05,False,False,7.131231019182147e-05,8.764030969361486e-06,4.07168209642858,1.2193094774547801,1.2193094774547801,1.2193094774547801,1.2193094774547801,1.2193094774547801
ARS,3040,nnls_intermedia_legacy,7.265511332246398e-05,False,False,7.265511332246398e-05,8.764030969361486e-06,4.159094052984885,1.2356929241514187,1.2356929241514187,1.2356929241514187,1.2356929241514187,1.2356929241514187
ARS,3040,nnls_nonneg,3.336383303297768e-05,False,True,3.336383303297768e-05,8.764030969361486e-06,1.601364176332868,0.5994970932498209,0.5994970932498209,0.5994970932498209,0.5994970932498209,0.5994970932498209
ARS,3060,nnls_original_legacy,7.586725658949734e-05,False,False,7.586725658949734e-05,6.328033885955034e-06,4.2724133559722,1.5674048923764112,1.5674048923764112,1.5674048923764112,1.5674048923764112,1.5674048923764112
ARS,3060,nnls_intermedia_legacy,7.881436364998483e-05,False,False,7.881436364998483e-05,6.328033885955034e-06,4.453480372214034,1.6023960379402484,1.6023960379402484,1.6023960379402484,1.6023960379402484,1.6023960379402484
ARS,3060,nnls_nonneg,5.564362214706217e-05,False,True,5.564362214706217e-05,6.328033885955034e-06,3.02989550002041,1.2877022135438891,1.2877022135438891,1.2877022135438891,1.2877022135438891,1.2877022135438891
ARS,3080,nnls_original_legacy,9.110144769076141e-06,False,False,9.110144769076141e-06,3.5536349716992595e-10,0.5256754726875897,9.151796966483776,9.151796966483776,5.815656465757887,1.3191563421117793,9.151796966483776
ARS,3080,nnls_intermedia_legacy,1.0492208163226941e-05,False,False,1.0492208163226941e-05,3.5536349716992595e-10,0.6054266936718539,9.29303612793317,9.29303612793317,5.956756176201263,1.4459417239727963,9.29303612793317
ARS,3080,nnls_nonneg,1.2617781852299755e-05,False,True,1.2617781852299755e-05,3.5536349716992595e-10,0.7280817742658537,9.477504597557042,9.477504597557042,6.141069795501704,1.6143603097847588,9.477504597557042
ARS,3100,nnls_original_legacy,3.7495949242785815e-05,False,False,3.7495949242785815e-05,8.449801634277354e-06,1.494533007443791,0.7154423272781385,0.7154423272781385,0.7154423272781385,0.7154423272781385,0.7154423272781385
ARS,3100,nnls_intermedia_legacy,3.827915408372087e-05,False,False,3.827915408372087e-05,8.449801634277354e-06,1.5348318278637603,0.7315041001385274,0.7315041001385274,0.7315041001385274,0.7315041001385274,0.7315041001385274
ARS,3100,nnls_nonneg,2.357135961611674e-05,False,True,2.357135961611674e-05,8.449801634277354e-06,0.7780607546459614,0.38436691525511124,0.38436691525511124,0.38436691525511124,0.38436691525511124,0.38436691525511124
ARS,3120,nnls_original_legacy,0.0793379428193659,False,False,0.0793379428193659,1.2226809040852417e-08,791.5525057405229,14.685596194940358,14.685596194940358,14.685596194940358,10.281484369372391,14.685596194940358
ARS,3120,nnls_intermedia_legacy,0.022807010841548847,False,False,0.022807010841548847,1.2226809040852417e-08,227.54484225999678,13.438948072592481,13.438948072592481,13.438948072592481,9.034867106893353,13.438948072592481
ARS,3120,nnls_nonneg,0.004789760716132151,False,True,0.004789760716132151,1.2226809040852417e-08,47.78719825780631,11.878362562743117,11.878362562743117,11.878362562743117,7.474444512975447,11.878362562743117
ARS,3140,nnls_original_legacy,8.798729037223476e-05,False,False,8.798729037223476e-05,6.843368766210799e-12,0.49418615550756584,15.369422892129041,12.687533884963262,8.08247621522562,3.488557654282599,12.687533884963262
ARS,3140,nnls_intermedia_legacy,8.853567262997451e-05,False,False,8.853567262997451e-05,6.843368766210799e-12,0.49726617922044775,15.375636066551422,12.693747052827831,8.088688686174319,3.494700433644141,12.693747052827831
ARS,3140,nnls_nonneg,8.756571483099762e-05,False,True,8.756571483099762e-05,6.843368766210799e-12,0.4918183497562762,15.364620054168352,12.682731052099813,8.077673924059333,3.483809532832476,12.682731052099813
ARS,3160,nnls_original_legacy,8.836734809531119e-05,False,False,8.836734809531119e-05,1.4685856569787976e-08,0.49606703078286707,7.702539113417217,7.702539113417217,7.702539113417217,3.492818933054256,7.702539113417217
ARS,3160,nnls_intermedia_legacy,8.896950763156864e-05,False,False,8.896950763156864e-05,1.4685856569787976e-08,0.49944793052759306,7.709329152783299,7.709329152783299,7.709329152783299,3.4995335060823685,7.709329152783299
ARS,3160,nnls_nonneg,8.751237930285105e-05,False,True,8.751237930285105e-05,1.4685856569787976e-08,0.49126670196943895,7.692818462181249,7.692818462181249,7.692818462181249,3.483207215872163,7.692818462181249
ARS,3180,nnls_original_legacy,7.143914603847562e-05,False,False,7.143914603847562e-05,1.3529739923712427e-07,0.40018958626086654,5.271019832342626,5.271019832342626,5.271019832342626,3.2828439106312794,5.271019832342626
ARS,3180,nnls_intermedia_legacy,7.296625240441792e-05,False,False,7.296625240441792e-05,1.3529739923712427e-07,0.4087604008301446,5.292131250852134,5.292131250852134,5.292131250852134,3.3037020043124015,5.292131250852134
ARS,3180,nnls_nonneg,9.018429006543044e-05,False,True,9.018429006543044e-05,1.3529739923712427e-07,0.5053958489761061,5.503635442753813,5.503635442753813,5.503635442753813,3.512943649854808,5.503635442753813
ARS,3200,nnls_original_legacy,9.306802676193369e-05,False,False,9.306802676193369e-05,2.37705193120022e-06,0.5077305602033694,2.693010676491289,2.693010676491289,2.693010676491289,2.693010676491289,2.693010676491289
ARS,3200,nnls_intermedia_legacy,9.329591704501208e-05,False,False,9.329591704501208e-05,2.37705193120022e-06,0.5090063967605158,2.695393937455289,2.695393937455289,2.695393937455289,2.695393937455289,2.695393937455289
ARS,3200,nnls_nonneg,9.189000711430699e-05,False,True,9.189000711430699e-05,2.37705193120022e-06,0.5011354543867608,2.6805997000824378,2.6805997000824378,2.6805997000824378,2.6805997000824378,2.6805997000824378
ARS,3220,nnls_original_legacy,0.0013257388726107982,False,False,0.0013257388726107982,9.645082631886797e-08,0.5057024245839966,8.528519947548366,8.528519947548366,8.528519947548366,6.190479519058876,8.528519947548366
ARS,3220,nnls_intermedia_legacy,0.001317218749016823,False,False,0.001317218749016823,9.645082631886797e-08,0.5024521912718877,8.522072979822571,8.522072979822571,8.522072979822571,6.184036959741198,8.522072979822571
ARS,3220,nnls_nonneg,0.0013137842875898,False,True,0.0013137842875898,9.645082631886797e-08,0.5011420223739674,8.519462407717976,8.519462407717976,8.519462407717976,6.181428180835523,8.519462407717976
ARS,3240,nnls_original_legacy,0.001317191394449481,False,False,0.001317191394449481,3.8399367008582737e-07,0.5023104990132619,7.140677752529395,7.140677752529395,7.140677752529395,6.184016208378482,7.140677752529395
ARS,3240,nnls_intermedia_legacy,0.001312397752287309,False,False,0.001312397752287309,3.8399367008582737e-07,0.5004819120952764,7.137032888493131,7.137032888493131,7.137032888493131,6.180373052533198,7.137032888493131
ARS,3240,nnls_nonneg,0.0013138361328963362,False,True,0.0013138361328963362,3.8399367008582737e-07,0.5010305980162879,7.138127962421178,7.138127962421178,7.138127962421178,6.1814676125923675,7.138127962421178
ARS,3260,nnls_original_legacy,0.0012833066792706047,False,False,0.0012833066792706047,3.110007377587833e-07,0.4894265466392584,7.325397706860024,7.325397706860024,7.325397706860024,6.157974605962009,7.325397706860024
ARS,3260,nnls_intermedia_legacy,0.001293458245150121,False,False,0.001293458245150121,3.110007377587833e-07,0.49329908176507753,7.333275156443982,7.333275156443982,7.333275156443982,6.165847841794412,7.333275156443982
ARS,3260,nnls_nonneg,0.0013138114894957647,False,True,0.0013138114894957647,3.110007377587833e-07,0.5010632685504801,7.348884436659592,7.348884436659592,7.348884436659592,6.181448869863429,7.348884436659592
ARS,3280,nnls_original_legacy,0.0012861768181363332,False,False,0.0012861768181363332,3.739050924878344e-07,0.4905637512102278,7.143473377670897,7.143473377670897,7.143473377670897,6.160206888083654,7.143473377670897
ARS,3280,nnls_intermedia_legacy,0.0012940812080719638,False,False,0.0012940812080719638,3.739050924878344e-07,0.49357946002416414,7.149598442459398,7.149598442459398,7.149598442459398,6.166328979520203,7.149598442459398
ARS,3280,nnls_nonneg,0.0013135801094217388,False,True,0.0013135801094217388,3.739050924878344e-07,0.5010187449204627,7.16454951954408,7.16454951954408,7.16454951954408,6.181272874822867,7.16454951954408
ARS,3300,nnls_original_legacy,0.001247618609853845,False,False,0.001247618609853845,3.240972445731416e-07,0.47584688379275397,7.255963344487613,7.255963344487613,7.255963344487613,6.129793428143995,7.255963344487613
ARS,3300,nnls_intermedia_legacy,0.0012943364570641878,False,False,0.0012943364570641878,3.240972445731416e-07,0.4936698933448786,7.292715521543842,7.292715521543842,7.292715521543842,6.166526051092171,7.292715521543842
ARS,3300,nnls_nonneg,0.001313640465032142,False,True,0.001313640465032142,3.240972445731416e-07,0.5010344347129356,7.307515930413119,7.307515930413119,7.307515930413119,6.18131878620514,7.307515930413119
ARS,3320,nnls_original_legacy,0.0012001088972809098,False,False,0.0012001088972809098,3.15415974160331e-07,0.4577660068041313,7.244293360617089,7.244293360617089,7.244293360617089,6.09100083710994,7.244293360617089
ARS,3320,nnls_intermedia_legacy,0.0013036587043344957,False,False,0.0013036587043344957,3.15415974160331e-07,0.4972741241749901,7.327034883594653,7.327034883594653,7.327034883594653,6.173697050355773,7.327034883594653
ARS,3320,nnls_nonneg,0.001313585250055762,False,True,0.001313585250055762,3.15415974160331e-07,0.5010614719702403,7.334618586811791,7.334618586811791,7.334618586811791,6.181276785288997,7.334618586811791
ARS,3340,nnls_original_legacy,0.0012678828561354613,False,False,0.0012678828561354613,1.2949302013190426e-05,0.47888998579665387,3.5942751847274117,3.5942751847274117,3.5942751847274117,3.5942751847274117,3.5942751847274117
ARS,3340,nnls_intermedia_legacy,0.001284802914317264,False,False,0.001284802914317264,1.2949302013190426e-05,0.48534677898362816,3.607397547058019,3.607397547058019,3.607397547058019,3.607397547058019,3.607397547058019
ARS,3340,nnls_nonneg,0.0013132252878509964,False,True,0.0013132252878509964,1.2949302013190426e-05,0.4961929229991145,3.629060239857826,3.629060239857826,3.629060239857826,3.629060239857826,3.629060239857826
ARS,3360,nnls_original_legacy,0.0012774275757698572,False,False,0.0012774275757698572,3.0887920245282314e-07,0.48741261176919753,7.3276504352247365,7.3276504352247365,7.3276504352247365,6.153386451559039,7.3276504352247365
ARS,3360,nnls_intermedia_legacy,0.0012854355303233026,False,False,0.0012854355303233026,3.0887920245282314e-07,0.49046884926248197,7.333898174576147,7.333898174576147,7.333898174576147,6.15963082045202,7.333898174576147
ARS,3360,nnls_nonneg,0.001313003282241373,False,True,0.001313003282241373,3.0887920245282314e-07,0.5009900874207731,7.355112629523013,7.355112629523013,7.355112629523013,6.180833986821816,7.355112629523013
ARS,3380,nnls_original_legacy,0.0012814061132570133,False,False,0.0012814061132570133,1.0741499321022708e-06,0.4886374652037249,6.085021950814698,6.085021950814698,6.085021950814698,6.085021950814698,6.085021950814698
ARS,3380,nnls_intermedia_legacy,0.0012871607618933113,False,False,0.0012871607618933113,1.0741499321022708e-06,0.49083372133364017,6.089499035074325,6.089499035074325,6.089499035074325,6.089499035074325,6.089499035074325
ARS,3380,nnls_nonneg,0.001313007669581444,False,True,0.001313007669581444,1.0741499321022708e-06,0.5006981688502713,6.109364211139797,6.109364211139797,6.109364211139797,6.109364211139797,6.109364211139797
ARS,3400,nnls_original_legacy,0.0013048657054433035,False,False,0.0013048657054433035,7.595260092713865e-08,0.4985034376051093,8.751559419243316,8.751559419243316,8.751559419243316,6.174621769144652,8.751559419243316
ARS,3400,nnls_intermedia_legacy,0.0013001621793181748,False,False,0.0013001621793181748,7.595260092713865e-08,0.49670642476289906,8.747948512051504,8.747948512051504,8.747948512051504,6.17101342380736,8.747948512051504
ARS,3400,nnls_nonneg,0.0013109247402560316,False,True,0.0013109247402560316,7.595260092713865e-08,0.5008183313848421,8.756191819208352,8.756191819208352,8.756191819208352,6.179250896048532,8.756191819208352
ARS,3420,nnls_original_legacy,0.0013597672136907244,False,False,0.0013597672136907244,3.4873427077384676e-07,0.5194683685075594,7.268770312419301,7.268770312419301,7.268770312419301,6.215804217672421,7.268770312419301
ARS,3420,nnls_intermedia_legacy,0.0013343021102312292,False,False,0.0013343021102312292,3.4873427077384676e-07,0.5097375049447627,7.2498700796642,7.2498700796642,7.2498700796642,6.196913125732588,7.2498700796642
ARS,3420,nnls_nonneg,0.0013104446324841642,False,True,0.0013104446324841642,3.4873427077384676e-07,0.5006209560456618,7.231832940347164,7.231832940347164,7.231832940347164,6.178884872489104,7.231832940347164
ARS,3440,nnls_original_legacy,0.0012436974979722903,False,False,0.0012436974979722903,3.5198278210483638e-09,0.47543551324153516,11.775190110071392,11.775190110071392,10.731022301424737,6.126648128938009,11.775190110071392
ARS,3440,nnls_intermedia_legacy,0.0012758195017670902,False,False,0.0012758195017670902,3.5198278210483638e-09,0.4877150141709456,11.800689961522858,11.800689961522858,10.756522021690902,6.152127807537877,11.800689961522858
ARS,3440,nnls_nonneg,0.0013097750383347056,False,True,0.0013097750383347056,3.5198278210483638e-09,0.5006954323759943,11.826956567382798,11.826956567382798,10.782788495873454,6.178374164876507,11.826956567382798
ARS,3460,nnls_original_legacy,0.0013043299965336216,False,False,0.0013043299965336216,5.234586236818497e-08,0.49868604889795737,9.123367290320159,9.123367290320159,9.123367290320159,6.174211452444119,9.123367290320159
ARS,3460,nnls_intermedia_legacy,0.0012963873456126682,False,False,0.0012963873456126682,5.234586236818497e-08,0.49564920378794,9.117259470948708,9.117259470948708,9.117259470948708,6.168108084436304,9.117259470948708
ARS,3460,nnls_nonneg,0.0013095481752915543,False,True,0.0013095481752915543,5.234586236818497e-08,0.500681201499014,9.127359807450924,9.127359807450924,9.127359807450924,6.178201074499652,9.127359807450924
ARS,3480,nnls_original_legacy,0.001428056899770353,False,False,0.001428056899770353,3.553788296491482e-08,0.5459812337584754,9.601250899066834,9.601250899066834,9.601250899066834,6.264770240093217,9.601250899066834
ARS,3480,nnls_intermedia_legacy,0.0013754765536206478,False,False,0.0013754765536206478,3.553788296491482e-08,0.5258779754820578,9.563737396986458,9.563737396986458,9.563737396986458,6.227282555258718,9.563737396986458
ARS,3480,nnls_nonneg,0.001309567042463204,False,True,0.001309567042463204,3.553788296491482e-08,0.5006785231639229,9.5146350224572,9.5146350224572,9.5146350224572,6.178215470784501,9.5146350224572
ARS,3500,nnls_original_legacy,0.0012824313580624123,False,False,0.0012824313580624123,9.0574387414923e-07,0.49012622146415813,6.256218036995994,6.256218036995994,6.256218036995994,6.157292822464234,6.256218036995994
ARS,3500,nnls_intermedia_legacy,0.001279744572640873,False,False,0.001279744572640873,9.0574387414923e-07,0.48909864622729626,6.254122250532608,6.254122250532608,6.254122250532608,6.155197190307676,6.254122250532608
ARS,3500,nnls_nonneg,0.0013089808709015472,False,True,0.0013089808709015472,9.0574387414923e-07,0.500280222496593,6.276694810647793,6.276694810647793,6.276694810647793,6.1777681053869875,6.276694810647793
ARS,3520,nnls_original_legacy,0.001307732957635792,False,False,0.001307732957635792,2.2224068980530778e-07,0.5001881985235845,7.680214589929982,7.680214589929982,7.680214589929982,6.176815032456598,7.680214589929982
ARS,3520,nnls_intermedia_legacy,0.001295244191614461,False,False,0.001295244191614461,2.2224068980530778e-07,0.49541062133279645,7.670620399494016,7.670620399494016,7.670620399494016,6.167226576500403,7.670620399494016
ARS,3520,nnls_nonneg,0.001308495301420769,False,True,0.001308495301420769,2.2224068980530778e-07,0.5004798331232259,7.680797271724888,7.680797271724888,7.680797271724888,6.177397367750223,7.680797271724888
ARS,3540,nnls_original_legacy,0.0013215314202183644,False,False,0.0013215314202183644,1.9683318937033376e-07,0.5055793814997338,7.812094116601097,7.812094116601097,7.812094116601097,6.1873032078008565,7.812094116601097
ARS,3540,nnls_intermedia_legacy,0.001303216463697176,False,False,0.001303216463697176,1.9683318937033376e-07,0.4985715694882453,7.798140390352538,7.798140390352538,7.798140390352538,6.173358022726798,7.798140390352538
ARS,3540,nnls_nonneg,0.0013080130786086608,False,True,0.0013080130786086608,1.9683318937033376e-07,0.5004068878277839,7.80181367689703,7.80181367689703,7.80181367689703,6.177029049252954,7.80181367689703
ARS,3560,nnls_original_legacy,0.003350246024106537,False,False,0.003350246024106537,1.0176788429362777e-05,1.2467753412651676,4.799717203466468,4.799717203466468,4.799717203466468,4.799717203466468,4.799717203466468
ARS,3560,nnls_intermedia_legacy,0.0025088631480297526,False,False,0.0025088631480297526,1.0176788429362777e-05,0.932705377909267,4.511531852167764,4.511531852167764,4.511531852167764,4.511531852167764,4.511531852167764
ARS,3560,nnls_nonneg,0.0013421194611211021,False,True,0.0013421194611211021,1.0176788429362777e-05,0.49718528662601263,3.889478472790273,3.889478472790273,3.889478472790273,3.889478472790273,3.889478472790273
ARS,3580,nnls_original_legacy,0.0013527485745125766,False,False,0.0013527485745125766,4.388196256138062e-06,0.5015423022849015,4.73421942689597,4.73421942689597,4.73421942689597,4.73421942689597,4.73421942689597
ARS,3580,nnls_intermedia_legacy,0.001333991378540377,False,False,0.001333991378540377,4.388196256138062e-06,0.49456528975619535,4.720302020232424,4.720302020232424,4.720302020232424,4.720302020232424,4.720302020232424
ARS,3580,nnls_nonneg,0.001349379263423877,False,True,0.001349379263423877,4.388196256138062e-06,0.5002890378996593,4.731733704794801,4.731733704794801,4.731733704794801,4.731733704794801,4.731733704794801
ARS,3600,nnls_original_legacy,0.0005433277151644903,False,False,0.0005433277151644903,4.140948013339394e-06,0.2004882890266994,3.884409370057506,3.884409370057506,3.884409370057506,3.884409370057506,3.884409370057506
ARS,3600,nnls_intermedia_legacy,0.0013181916880841346,False,False,0.0013181916880841346,4.140948013339394e-06,0.4886095145899753,4.766232778058283,4.766232778058283,4.766232778058283,4.766232778058283,4.766232778058283
ARS,3600,nnls_nonneg,0.0013512505688860828,False,True,0.0013512505688860828,4.140948013339394e-06,0.5009019498886743,4.790925569687513,4.790925569687513,4.790925569687513,4.790925569687513,4.790925569687513
ARS,3620,nnls_original_legacy,0.0012725335777962956,False,False,0.0012725335777962956,4.116892488057791e-07,0.5014163367273056,7.036575119396911,7.036575119396911,7.036575119396911,6.1495509692236725,7.036575119396911
ARS,3620,nnls_intermedia_legacy,0.0012430427057495183,False,False,0.0012430427057495183,4.116892488057791e-07,0.4897922894078519,7.013135107387994,7.013135107387994,7.013135107387994,6.126121925509179,7.013135107387994
ARS,3620,nnls_nonneg,0.0012756792334601935,False,True,0.0012756792334601935,4.116892488057791e-07,0.5026562203845218,7.0390432341651135,7.0390432341651135,7.0390432341651135,6.152017943985631,7.0390432341651135
ARS,3640,nnls_original_legacy,0.0011652550036586092,False,False,0.0011652550036586092,3.1548626428213736e-06,0.4563331321889523,4.914457714589148,4.914457714589148,4.914457714589148,4.914457714589148,4.914457714589148
ARS,3640,nnls_intermedia_legacy,0.0013096847218308477,False,False,0.0013096847218308477,3.1548626428213736e-06,0.5130477502743568,5.0310056300118875,5.0310056300118875,5.0310056300118875,5.0310056300118875,5.0310056300118875
ARS,3640,nnls_nonneg,0.0012821048552244892,False,True,0.0012821048552244892,3.1548626428213736e-06,0.5022176965899712,5.00977415582182,5.00977415582182,5.00977415582182,5.00977415582182,5.00977415582182
ARS,3660,nnls_original_legacy,0.0014606517873692842,False,False,0.0014606517873692842,0.00016271038672184483,0.505757118643891,1.3060619328737242,1.3060619328737242,1.3060619328737242,1.3060619328737242,1.3060619328737242
ARS,3660,nnls_intermedia_legacy,0.0013204190055408336,False,False,0.0013204190055408336,0.00016271038672184483,0.4511138753960861,1.2169588706919314,1.2169588706919314,1.2169588706919314,1.2169588706919314,1.2169588706919314
ARS,3660,nnls_nonneg,0.0012928591740807589,False,True,0.0012928591740807589,0.00016271038672184483,0.44037488445041956,1.1984927469124718,1.1984927469124718,1.1984927469124718,1.1984927469124718,1.1984927469124718
ARS,3680,nnls_original_legacy,0.0012420254334387156,False,False,0.0012420254334387156,6.254311714505867e-06,0.4790720408400574,4.296263214468768,4.296263214468768,4.296263214468768,4.296263214468768,4.296263214468768
ARS,3680,nnls_intermedia_legacy,0.001290253691632598,False,False,0.001290253691632598,6.254311714505867e-06,0.49776871506470466,4.334170388359459,4.334170388359459,4.334170388359459,4.334170388359459,4.334170388359459
ARS,3680,nnls_nonneg,0.0013035397079240096,False,True,0.0013035397079240096,6.254311714505867e-06,0.5029193119895463,4.3443655401526815,4.3443655401526815,4.3443655401526815,4.3443655401526815,4.3443655401526815
ARS,3700,nnls_original_legacy,0.0011837241817876387,False,False,0.0011837241817876387,0.0008724252266987108,0.1197240426373896,0.04216120560122638,0.04216120560122638,0.04216120560122638,0.04216120560122638,0.04216120560122638
ARS,3700,nnls_intermedia_legacy,0.0013320778725422456,False,False,0.0013320778725422456,0.0008724252266987108,0.17678014034335457,0.07815396641880179,0.07815396641880179,0.07815396641880179,0.07815396641880179,0.07815396641880179
ARS,3700,nnls_nonneg,0.0013198715344534795,False,True,0.0013198715344534795,0.0008724252266987108,0.17208564292248033,0.0750052695284813,0.0750052695284813,0.0750052695284813,0.0750052695284813,0.0750052695284813
ARS,3720,nnls_original_legacy,6.878724448576276e-05,False,False,6.878724448576276e-05,6.958363824807175e-05,0.0048861217388581285,6.650799710605781e-05,6.650799710605781e-05,6.650799710605781e-05,6.650799710605781e-05,6.650799710605781e-05
ARS,3720,nnls_intermedia_legacy,7.373441893263988e-05,False,False,7.373441893263988e-05,6.958363824807175e-05,0.025466321681500176,0.0016465820439670598,0.0016465820439670598,0.0016465820439670598,0.0016465820439670598,0.0016465820439670598
ARS,3720,nnls_nonneg,8.472817786854622e-05,False,True,8.472817786854622e-05,6.958363824807175e-05,0.09291642874004441,0.018176110937898837,0.018176110937898837,0.018176110937898837,0.018176110937898837,0.018176110937898837
ARS,3740,nnls_original_legacy,0.00012407490895251596,False,False,0.00012407490895251596,2.9275217617644625e-06,0.7359304606984205,2.7703240303814742,2.7703240303814742,2.7703240303814742,2.7703240303814742,2.7703240303814742
ARS,3740,nnls_intermedia_legacy,0.00012148622371511084,False,False,0.00012148622371511084,2.9275217617644625e-06,0.7202050508192367,2.749742182881533,2.749742182881533,2.749742182881533,2.749742182881533,2.749742182881533
ARS,3740,nnls_nonneg,0.00012408223522867128,False,True,0.00012408223522867128,2.9275217617644625e-06,0.7359749654121515,2.770381682715577,2.770381682715577,2.770381682715577,2.770381682715577,2.770381682715577
ARS,3760,nnls_original_legacy,7.221278747635743e-05,False,False,7.221278747635743e-05,2.3150233992411747e-05,0.2977998257148289,0.4581958347836199,0.4581958347836199,0.4581958347836199,0.4581958347836199,0.4581958347836199
ARS,3760,nnls_intermedia_legacy,7.183915156158105e-05,False,False,7.183915156158105e-05,2.3150233992411747e-05,0.2955319309070787,0.45467566389847414,0.45467566389847414,0.45467566389847414,0.45467566389847414,0.45467566389847414
ARS,3760,nnls_nonneg,7.26908530877154e-05,False,True,7.26908530877154e-05,2.3150233992411747e-05,0.3007015877641532,0.4626858714893831,0.4626858714893831,0.4626858714893831,0.4626858714893831,0.4626858714893831
ARS,3780,nnls_original_legacy,8.623595939623099e-05,False,False,8.623595939623099e-05,0.00022331455736014123,0.8240354291706932,0.638081748662418,0.638081748662418,0.638081748662418,0.638081748662418,0.638081748662418
ARS,3780,nnls_intermedia_legacy,8.274477721591697e-05,False,False,8.274477721591697e-05,0.00022331455736014123,0.8450223509002658,0.7060152317265347,0.7060152317265347,0.7060152317265347,0.7060152317265347,0.7060152317265347
ARS,3780,nnls_nonneg,9.591077976021924e-05,False,True,9.591077976021924e-05,0.00022331455736014123,0.7658761331959315,0.4831942618199043,0.4831942618199043,0.4831942618199043,0.4831942618199043,0.4831942618199043
ARS,3800,nnls_original_legacy,0.0001224029586817988,False,False,0.0001224029586817988,0.0001283264927237619,0.03498903612896709,0.0011345174545891457,0.0011345174545891457,0.0011345174545891457,0.0011345174545891457,0.0011345174545891457
ARS,3800,nnls_intermedia_legacy,0.0001225115050255216,False,False,0.0001225115050255216,0.0001283264927237619,0.03434787632212214,0.0010920329059975753,0.0010920329059975753,0.0010920329059975753,0.0010920329059975753,0.0010920329059975753
ARS,3800,nnls_nonneg,0.0001383620155023162,False,True,0.0001383620155023162,0.0001283264927237619,0.05927766542480127,0.002764901136280473,0.002764901136280473,0.002764901136280473,0.002764901136280473,0.002764901136280473
ARS,3820,nnls_original_legacy,0.00014016270773496505,False,False,0.00014016270773496505,6.945420289409851e-05,0.4087536394186167,0.19766191207081296,0.19766191207081296,0.19766191207081296,0.19766191207081296,0.19766191207081296
ARS,3820,nnls_intermedia_legacy,0.00016905736697318455,False,False,0.00016905736697318455,6.945420289409851e-05,0.5757886679482659,0.30040268063431896,0.30040268063431896,0.30040268063431896,0.30040268063431896,0.30040268063431896
ARS,3820,nnls_nonneg,0.00013018032660563138,False,True,0.00013018032660563138,6.945420289409851e-05,0.3510472202847108,0.1617760674018227,0.1617760674018227,0.1617760674018227,0.1617760674018227,0.1617760674018227
ARS,3840,nnls_original_legacy,9.635168627025433e-05,False,False,9.635168627025433e-05,4.556321395109894e-05,0.29222871519328886,0.2217886646039291,0.2217886646039291,0.2217886646039291,0.2217886646039291,0.2217886646039291
ARS,3840,nnls_intermedia_legacy,8.456806001987123e-05,False,False,8.456806001987123e-05,4.556321395109894e-05,0.22442762171230599,0.15723165374210968,0.15723165374210968,0.15723165374210968,0.15723165374210968,0.15723165374210968
ARS,3840,nnls_nonneg,9.007723502705507e-05,False,True,9.007723502705507e-05,4.556321395109894e-05,0.2561265301576601,0.18739064139747064,0.18739064139747064,0.18739064139747064,0.18739064139747064,0.18739064139747064
ARS,3860,nnls_original_legacy,9.525841679621164e-05,False,False,9.525841679621164e-05,4.190348260555132e-05,0.3045570878331633,0.2611171395198091,0.2611171395198091,0.2611171395198091,0.2611171395198091,0.2611171395198091
ARS,3860,nnls_intermedia_legacy,0.00010139524760453807,False,False,0.00010139524760453807,4.190348260555132e-05,0.33958693742176804,0.29692598605940956,0.29692598605940956,0.29692598605940956,0.29692598605940956,0.29692598605940956
ARS,3860,nnls_nonneg,9.508252008935156e-05,False,True,9.508252008935156e-05,4.190348260555132e-05,0.3035530459462533,0.2600826851313567,0.2600826851313567,0.2600826851313567,0.2600826851313567,0.2600826851313567
ARS,3880,nnls_original_legacy,0.00022286363714782924,False,False,0.00022286363714782924,6.518092229032637e-06,1.218909717860319,2.5612253590562597,2.5612253590562597,2.5612253590562597,2.5612253590562597,2.5612253590562597
ARS,3880,nnls_intermedia_legacy,0.00030605581348758584,False,False,0.00030605581348758584,6.518092229032637e-06,1.687621713887506,2.8704828226001347,2.8704828226001347,2.8704828226001347,2.8704828226001347,2.8704828226001347
ARS,3880,nnls_nonneg,0.0003363019546293723,False,True,0.0003363019546293723,6.518092229032637e-06,1.8580311178774802,2.962809366882297,2.962809366882297,2.962809366882297,2.962809366882297,2.962809366882297
GTQ,500,nnls_original_legacy,2.0792415472645877e-05,False,False,2.0792415472645877e-05,5.657423118041454e-05,1.1898975481602982,0.7199417916069928,0.7199417916069928,0.7199417916069928,0.7199417916069928,0.7199417916069928
GTQ,500,nnls_intermedia_legacy,2.0797502025874496e-05,False,False,2.0797502025874496e-05,5.657423118041454e-05,1.1897283986329308,0.719520930317832,0.719520930317832,0.719520930317832,0.719520930317832,0.719520930317832
GTQ,500,nnls_nonneg,2.3042698633790326e-05,False,True,2.3042698633790326e-05,5.657423118041454e-05,1.115066062861165,0.556986566869671,0.556986566869671,0.556986566869671,0.556986566869671,0.556986566869671
GTQ,520,nnls_original_legacy,1.796811581401988e-05,False,False,1.796811581401988e-05,4.291319073035549e-05,0.8148820535011085,0.5177162344628936,0.5177162344628936,0.5177162344628936,0.5177162344628936,0.5177162344628936
GTQ,520,nnls_intermedia_legacy,2.2309478415859282e-05,False,False,2.2309478415859282e-05,4.291319073035549e-05,0.673062536668826,0.26937311922596363,0.26937311922596363,0.26937311922596363,0.26937311922596363,0.26937311922596363
GTQ,520,nnls_nonneg,3.222995663997167e-05,False,True,3.222995663997167e-05,4.291319073035549e-05,0.34898976101707563,0.04518617603988018,0.04518617603988018,0.04518617603988018,0.04518617603988018,0.04518617603988018
GTQ,540,nnls_original_legacy,1.6450794976383303e-05,False,False,1.6450794976383303e-05,0.00016216601196968871,4.896553959223358,6.569393067769344,6.569393067769344,6.569393067769344,6.569393067769344,6.569393067769344
GTQ,540,nnls_intermedia_legacy,1.0671455753268826e-05,False,False,1.0671455753268826e-05,0.00016216601196968871,5.090760487124531,11.475192775993165,11.475192775993165,11.475192775993165,11.475192775993165,11.475192775993165
GTQ,540,nnls_nonneg,1.0367248485319864e-05,False,True,1.0367248485319864e-05,0.00016216601196968871,5.100982942493544,11.892176840267748,11.892176840267748,11.892176840267748,11.892176840267748,11.892176840267748
GTQ,560,nnls_original_legacy,2.221313355993828e-05,False,False,2.221313355993828e-05,5.022139978999012e-06,0.5611096168817876,0.7129163493002513,0.7129163493002513,0.7129163493002513,0.7129163493002513,0.7129163493002513
GTQ,560,nnls_intermedia_legacy,2.196254458068198e-05,False,False,2.196254458068198e-05,5.022139978999012e-06,0.5529304569348488,0.7041507521286792,0.7041507521286792,0.7041507521286792,0.7041507521286792,0.7041507521286792
GTQ,560,nnls_nonneg,1.8761924848203296e-05,False,True,1.8761924848203296e-05,5.022139978999012e-06,0.4484630505909462,0.5856506336571845,0.5856506336571845,0.5856506336571845,0.5856506336571845,0.5856506336571845
GTQ,580,nnls_original_legacy,4.371038474503324e-05,False,False,4.371038474503324e-05,1.9587007933452228e-07,1.4143735176385197,4.412370499107413,4.412370499107413,4.412370499107413,2.8004635696209905,4.412370499107413
GTQ,580,nnls_intermedia_legacy,5.803169643180396e-05,False,False,5.803169643180396e-05,1.9587007933452228e-07,1.8798661042669198,4.694668277363012,4.694668277363012,4.694668277363012,3.0782213136903547,4.694668277363012
GTQ,580,nnls_nonneg,2.8992671238484835e-05,False,True,2.8992671238484835e-05,1.9587007933452228e-07,0.9359964891050552,4.004102630190066,4.004102630190066,4.004102630190066,2.4015345572994824,4.004102630190066
GTQ,600,nnls_original_legacy,1.7656464240441118e-05,False,False,1.7656464240441118e-05,1.102948170212069e-06,0.5408888306667923,1.8355823159063007,1.8355823159063007,1.8355823159063007,1.8355823159063007,1.8355823159063007
GTQ,600,nnls_intermedia_legacy,6.624881078003043e-06,False,False,6.624881078003043e-06,1.102948170212069e-06,0.18043005611883953,0.9593314030626818,0.9593314030626818,0.9593314030626818,0.9593314030626818,0.9593314030626818
GTQ,600,nnls_nonneg,1.0095236852292124e-05,False,True,1.0095236852292124e-05,1.102948170212069e-06,0.2938244956318341,1.3233312778253072,1.3233312778253072,1.3233312778253072,1.3233312778253072,1.3233312778253072
GTQ,620,nnls_original_legacy,1.9986966825298367e-05,False,False,1.9986966825298367e-05,5.4149169176729985e-08,0.6592627076102037,4.913802274994873,4.913802274994873,4.913802274994873,2.0451130065806216,4.913802274994873
GTQ,620,nnls_intermedia_legacy,1.4566306684210433e-05,False,False,1.4566306684210433e-05,5.4149169176729985e-08,0.4799785169202423,4.5984411751594205,4.5984411751594205,4.5984411751594205,1.7473626825268522,4.5984411751594205
GTQ,620,nnls_nonneg,1.5757883394908695e-05,False,True,1.5757883394908695e-05,5.4149169176729985e-08,0.5193890058020758,4.676789744200943,4.676789744200943,4.676789744200943,1.8208010725741808,4.676789744200943
GTQ,640,nnls_original_legacy,2.196026931516439e-05,False,False,2.196026931516439e-05,7.986977512043258e-06,0.45444285670073586,0.3751237311912712,0.3751237311912712,0.3751237311912712,0.3751237311912712,0.3751237311912712
GTQ,640,nnls_intermedia_legacy,2.3513463448609604e-05,False,False,2.3513463448609604e-05,7.986977512043258e-06,0.5049562209787228,0.4194375437923654,0.4194375437923654,0.4194375437923654,0.4194375437923654,0.4194375437923654
GTQ,640,nnls_nonneg,1.8057705712764996e-05,False,True,1.8057705712764996e-05,7.986977512043258e-06,0.32752271669946853,0.25806310427009027,0.25806310427009027,0.25806310427009027,0.25806310427009027,0.25806310427009027
GTQ,660,nnls_original_legacy,1.8301543696243754e-05,False,False,1.8301543696243754e-05,6.680563878126413e-07,0.5808138951589479,2.346870841744604,2.346870841744604,2.346870841744604,1.9616256108455907,2.346870841744604
GTQ,660,nnls_intermedia_legacy,1.1580030989356823e-05,False,False,1.1580030989356823e-05,6.680563878126413e-07,0.3594199128817857,1.9103552243340185,1.9103552243340185,1.9103552243340185,1.5356377029921946,1.9103552243340185
GTQ,660,nnls_nonneg,1.4084499101935078e-05,False,True,1.4084499101935078e-05,6.680563878126413e-07,0.4419123804422127,2.0958895645680395,2.0958895645680395,2.0958895645680395,1.7160748782052213,2.0958895645680395
GTQ,680,nnls_original_legacy,1.694451295529368e-05,False,False,1.694451295529368e-05,3.67869499673547e-07,0.5486919759307983,2.8516813294725787,2.8516813294725787,2.8516813294725787,1.8889602167910806,2.8516813294725787
GTQ,680,nnls_intermedia_legacy,5.028676193156679e-06,False,False,5.028676193156679e-06,3.67869499673547e-07,0.15427412919421327,1.6883381336808867,1.6883381336808867,1.6883381336808867,0.8140162605496235,1.6883381336808867
GTQ,680,nnls_nonneg,7.705274420539672e-06,False,True,7.705274420539672e-06,3.67869499673547e-07,0.2428703503826303,2.0896746647393036,2.0896746647393036,2.0896746647393036,1.1716863151078938,2.0896746647393036
GTQ,700,nnls_original_legacy,1.692168521576554e-05,False,False,1.692168521576554e-05,2.778967956065915e-09,0.5713448449245783,7.714435832538223,7.714435832538223,6.434357091936675,1.8876917172233867,7.714435832538223
GTQ,700,nnls_intermedia_legacy,7.76714139641267e-06,False,False,7.76714139641267e-06,2.778967956065915e-09,0.26219948161241896,6.935935638231884,6.935935638231884,5.65635985497772,1.1786496892819383,6.935935638231884
GTQ,700,nnls_nonneg,9.827567997322596e-06,False,True,9.827567997322596e-06,2.778967956065915e-09,0.3317792818390307,7.171149929109374,7.171149929109374,5.891379229109598,1.3869460718828153,7.171149929109374
GTQ,720,nnls_original_legacy,1.4313805133235288e-05,False,False,1.4313805133235288e-05,1.658012840621352e-06,0.4707517309738161,1.2714377934666943,1.2714377934666943,1.2714377934666943,1.2714377934666943,1.2714377934666943
GTQ,720,nnls_intermedia_legacy,3.6127174558264226e-06,False,False,3.6127174558264226e-06,1.658012840621352e-06,0.07270825562515924,0.23777831195549104,0.23777831195549104,0.23777831195549104,0.23777831195549104,0.23777831195549104
GTQ,720,nnls_nonneg,5.265570320502417e-06,False,True,5.265570320502417e-06,1.658012840621352e-06,0.1341886694231443,0.47044777327848863,0.47044777327848863,0.47044777327848863,0.47044777327848863,0.47044777327848863
GTQ,740,nnls_original_legacy,1.4067966650779152e-05,False,False,1.4067966650779152e-05,1.5729485552568543e-06,0.48321914249822084,1.3027590796082658,1.3027590796082658,1.3027590796082658,1.3027590796082658,1.3027590796082658
GTQ,740,nnls_intermedia_legacy,7.1158738237916645e-06,False,False,7.1158738237916645e-06,1.5729485552568543e-06,0.21436124179387603,0.7304239619852604,0.7304239619852604,0.7304239619852604,0.7304239619852604,0.7304239619852604
GTQ,740,nnls_nonneg,9.230063533900461e-06,False,True,9.230063533900461e-06,1.5729485552568543e-06,0.2961231833122673,0.9399298017456041,0.9399298017456041,0.9399298017456041,0.9399298017456041,0.9399298017456041
GTQ,760,nnls_original_legacy,1.2310917948364018e-05,False,False,1.2310917948364018e-05,5.8312046222108055e-06,0.26453261791290544,0.2209241398370232,0.2209241398370232,0.2209241398370232,0.2209241398370232,0.2209241398370232
GTQ,760,nnls_intermedia_legacy,2.7207471192444414e-06,False,False,2.7207471192444414e-06,5.8312046222108055e-06,0.12698362176695405,0.3809194477325586,0.3809194477325586,0.3809194477325586,0.3809194477325586,0.3809194477325586
GTQ,760,nnls_nonneg,1.856484864772027e-06,False,True,1.856484864772027e-06,5.8312046222108055e-06,0.16226690441097572,0.9964535150687139,0.9964535150687139,0.9964535150687139,0.9964535150687139,0.9964535150687139
GTQ,780,nnls_original_legacy,1.130529651829726e-05,False,False,1.130529651829726e-05,9.809680147304683e-07,0.45652261290040624,1.531257416776255,1.531257416776255,1.531257416776255,1.51372544948447,1.531257416776255
GTQ,780,nnls_intermedia_legacy,7.546498393070103e-06,False,False,7.546498393070103e-06,9.809680147304683e-07,0.29031554762724837,1.1702889176145712,1.1702889176145712,1.1702889176145712,1.153595455315628,1.1702889176145712
GTQ,780,nnls_nonneg,8.157483224824673e-06,False,True,8.157483224824673e-06,9.809680147304683e-07,0.3173321610310886,1.238404875917905,1.238404875917905,1.238404875917905,1.2215225219306922,1.238404875917905
GTQ,800,nnls_original_legacy,1.1732796143339004e-05,False,False,1.1732796143339004e-05,4.0054253563616426e-05,1.1971400814297373,1.1860242258691636,1.1860242258691636,1.1860242258691636,1.1860242258691636,1.1860242258691636
GTQ,800,nnls_intermedia_legacy,6.841383605874148e-06,False,False,6.841383605874148e-06,4.0054253563616426e-05,1.4038987208779523,3.08745584445263,3.08745584445263,3.08745584445263,3.08745584445263,3.08745584445263
GTQ,800,nnls_nonneg,7.0526686266748995e-06,False,True,7.0526686266748995e-06,4.0054253563616426e-05,1.3949677621616399,2.942475826520452,2.942475826520452,2.942475826520452,2.942475826520452,2.942475826520452
GTQ,820,nnls_original_legacy,1.5455984772071323e-05,False,False,1.5455984772071323e-05,0.0002500087199743873,9.42828979100541,12.392028852617006,12.392028852617006,12.392028852617006,12.392028852617006,12.392028852617006
GTQ,820,nnls_intermedia_legacy,2.5265430888823292e-05,False,False,2.5265430888823292e-05,0.0002500087199743873,9.033980593978928,6.6032294895817,6.6032294895817,6.6032294895817,6.6032294895817,6.6032294895817
GTQ,820,nnls_nonneg,3.0023128026823427e-05,False,True,3.0023128026823427e-05,0.0002500087199743873,8.84273597977219,5.207676494074689,5.207676494074689,5.207676494074689,5.207676494074689,5.207676494074689
GTQ,840,nnls_original_legacy,6.127526402420685e-05,False,False,6.127526402420685e-05,6.304820562228607e-05,0.0655838605748031,0.0004106865735213905,0.0004106865735213905,0.0004106865735213905,0.0004106865735213905,0.0004106865735213905
GTQ,840,nnls_intermedia_legacy,7.153977673548406e-05,False,False,7.153977673548406e-05,6.304820562228607e-05,0.31411639083450404,0.007656811617685166,0.007656811617685166,0.007656811617685166,0.007656811617685166,0.007656811617685166
GTQ,840,nnls_nonneg,9.835907327527103e-05,False,True,9.835907327527103e-05,6.304820562228607e-05,1.3062037821424126,0.08572559627605503,0.08572559627605503,0.08572559627605503,0.08572559627605503,0.08572559627605503
GTQ,860,nnls_original_legacy,1.2164842421946353e-05,False,False,1.2164842421946353e-05,2.4910198839152743e-06,0.3654210802800316,0.7906298676252419,0.7906298676252419,0.7906298676252419,0.7906298676252419,0.7906298676252419
GTQ,860,nnls_intermedia_legacy,3.0028469570341116e-06,False,False,3.0028469570341116e-06,2.4910198839152743e-06,0.019333867376661543,0.016421333440707064,0.016421333440707064,0.016421333440707064,0.016421333440707064,0.016421333440707064
GTQ,860,nnls_nonneg,4.664824058044369e-06,False,True,4.664824058044369e-06,2.4910198839152743e-06,0.08211375250110503,0.16135872224191328,0.16135872224191328,0.16135872224191328,0.16135872224191328,0.16135872224191328
GTQ,880,nnls_original_legacy,1.3634085341384416e-05,False,False,1.3634085341384416e-05,5.101646841054907e-07,0.517369017920215,2.3230129562517146,2.3230129562517146,2.3230129562517146,1.6859185199189817,2.3230129562517146
GTQ,880,nnls_intermedia_legacy,1.2793871255084323e-05,False,False,1.2793871255084323e-05,5.101646841054907e-07,0.48424623791996313,2.2618636522029423,2.2618636522029423,2.2618636522029423,1.6271286728734466,2.2618636522029423
GTQ,880,nnls_nonneg,1.1722156948750504e-05,False,True,1.1722156948750504e-05,5.101646841054907e-07,0.44199729473914273,2.178023902816875,2.178023902816875,2.178023902816875,1.546789339111422,2.178023902816875
GTQ,900,nnls_original_legacy,1.476351804102861e-05,False,False,1.476351804102861e-05,1.771570283553039e-05,0.13295636624476118,0.017672586700857584,0.017672586700857584,0.017672586700857584,0.017672586700857584,0.017672586700857584
GTQ,900,nnls_intermedia_legacy,2.113597057063643e-05,False,False,2.113597057063643e-05,1.771570283553039e-05,0.15403723049140713,0.014702815267166436,0.014702815267166436,0.014702815267166436,0.014702815267166436,0.014702815267166436
GTQ,900,nnls_nonneg,1.398957886154818e-05,False,True,1.398957886154818e-05,1.771570283553039e-05,0.16781195563395307,0.030211247841771538,0.030211247841771538,0.030211247841771538,0.030211247841771538,0.030211247841771538
GTQ,920,nnls_original_legacy,7.912976203275452e-06,False,False,7.912976203275452e-06,4.618150079430827e-08,0.39054290209783665,4.149516119462104,4.149516119462104,4.149516119462104,1.1948786701116534,4.149516119462104
GTQ,920,nnls_intermedia_legacy,3.1840688154203323e-06,False,False,3.1840688154203323e-06,4.618150079430827e-08,0.15577877199763776,3.2478397841492272,3.2478397841492272,3.2478397841492272,0.472223444571499,3.2478397841492272
GTQ,920,nnls_nonneg,4.207254072260797e-06,False,True,4.207254072260797e-06,4.618150079430827e-08,0.20657426809265655,3.5229628093336505,3.5229628093336505,3.5229628093336505,0.6744949140676777,3.5229628093336505
GTQ,940,nnls_original_legacy,7.66413866189354e-06,False,False,7.66413866189354e-06,3.037867036400394e-08,0.41433853379031055,4.534530424992637,4.534530424992637,4.534530424992637,1.167029939460246,4.534530424992637
GTQ,940,nnls_intermedia_legacy,3.155116578506014e-06,False,False,3.155116578506014e-06,3.037867036400394e-08,0.16960178532927003,3.6526683781541776,3.6526683781541776,3.6526683781541776,0.46597094522279137,3.6526683781541776
GTQ,940,nnls_nonneg,5.602453522734801e-06,False,True,5.602453522734801e-06,3.037867036400394e-08,0.3024361948846902,4.222641567302573,4.222641567302573,4.222641567302573,0.9016978563527387,4.222641567302573
GTQ,960,nnls_original_legacy,2.6923824348051906e-05,False,False,2.6923824348051906e-05,6.887872493192891e-07,1.4880800126395675,2.6914172118027833,2.6914172118027833,2.6914172118027833,2.3301533841657385,2.6914172118027833
GTQ,960,nnls_intermedia_legacy,2.6773023948055706e-05,False,False,2.6773023948055706e-05,6.887872493192891e-07,1.4795264489343636,2.685944561645753,2.685944561645753,2.685944561645753,2.324745840711315,2.685944561645753
GTQ,960,nnls_nonneg,1.171518066279957e-05,False,True,1.171518066279957e-05,6.887872493192891e-07,0.6254291003420475,1.892502750564394,1.892502750564394,1.892502750564394,1.546244825707141,1.892502750564394
GTQ,980,nnls_original_legacy,5.296386529755371e-06,False,False,5.296386529755371e-06,2.4388324118865388e-06,0.1732406326908159,0.2359763980529297,0.2359763980529297,0.2359763980529297,0.2359763980529297,0.2359763980529297
GTQ,980,nnls_intermedia_legacy,5.311856757050489e-06,False,False,5.311856757050489e-06,2.4388324118865388e-06,0.1741785228772932,0.2375519691122645,0.2375519691122645,0.2375519691122645,0.2375519691122645,0.2375519691122645
GTQ,980,nnls_nonneg,5.7512254078208745e-06,False,True,5.7512254078208745e-06,2.4388324118865388e-06,0.20081546478785958,0.28194793663293827,0.28194793663293827,0.28194793663293827,0.28194793663293827,0.28194793663293827
GTQ,1000,nnls_original_legacy,1.327442424246085e-05,False,False,1.327442424246085e-05,2.462635612917588e-06,0.7335263366056284,0.8701243510575416,0.8701243510575416,0.8701243510575416,0.8701243510575416,0.8701243510575416
GTQ,1000,nnls_intermedia_legacy,1.4982737684533406e-05,False,False,1.4982737684533406e-05,2.462635612917588e-06,0.84942694693698,0.9700314156526679,0.9700314156526679,0.9700314156526679,0.9700314156526679,0.9700314156526679
GTQ,1000,nnls_nonneg,1.1919103778223606e-05,False,True,1.1919103778223606e-05,2.462635612917588e-06,0.6415745523890899,0.7835227904758026,0.7835227904758026,0.7835227904758026,0.7835227904758026,0.7835227904758026
GTQ,1020,nnls_original_legacy,3.4649685369985346e-06,False,False,3.4649685369985346e-06,1.295003170356646e-06,0.15466057166950808,0.35793209143312366,0.35793209143312366,0.35793209143312366,0.35793209143312366,0.35793209143312366
GTQ,1020,nnls_intermedia_legacy,2.1587301014450527e-06,False,False,2.1587301014450527e-06,1.295003170356646e-06,0.061560660359851894,0.11089817993013007,0.11089817993013007,0.11089817993013007,0.11089817993013007,0.11089817993013007
GTQ,1020,nnls_nonneg,4.9217956079924675e-06,False,True,4.9217956079924675e-06,1.295003170356646e-06,0.25849343051933343,0.5982762810196918,0.5982762810196918,0.5982762810196918,0.5982762810196918,0.5982762810196918
GTQ,1040,nnls_original_legacy,9.068680780204687e-06,False,False,9.068680780204687e-06,6.667537282701248e-05,4.4659838261378395,4.357259289132122,4.357259289132122,4.357259289132122,4.357259289132122,4.357259289132122
GTQ,1040,nnls_intermedia_legacy,1.3742346936242164e-05,False,False,1.3742346936242164e-05,6.667537282701248e-05,4.103655827080518,2.272464901178558,2.272464901178558,2.272464901178558,2.272464901178558,2.272464901178558
GTQ,1040,nnls_nonneg,5.338436864357324e-06,False,True,5.338436864357324e-06,6.667537282701248e-05,4.755172606187684,8.964778105050552,8.964778105050552,8.964778105050552,8.964778105050552,8.964778105050552
GTQ,1060,nnls_original_legacy,4.888185268656365e-06,False,False,4.888185268656365e-06,7.462541712742401e-07,0.3224726807245515,1.0321750190997934,1.0321750190997934,1.0321750190997934,0.7913960213433089,1.0321750190997934
GTQ,1060,nnls_intermedia_legacy,7.796879554503328e-06,False,False,7.796879554503328e-06,7.462541712742401e-07,0.548930924889476,1.4421245231092947,1.4421245231092947,1.4421245231092947,1.1819800346421232,1.4421245231092947
GTQ,1060,nnls_nonneg,7.346906424951059e-06,False,True,7.346906424951059e-06,7.462541712742401e-07,0.5138979806107921,1.3885422863839487,1.3885422863839487,1.3885422863839487,1.1303910405070816,1.3885422863839487
GTQ,1080,nnls_original_legacy,5.7867628051430485e-06,False,False,5.7867628051430485e-06,1.1089858248039566e-06,0.37743472185573257,0.8437689398033166,0.8437689398033166,0.8437689398033166,0.8437689398033166,0.8437689398033166
GTQ,1080,nnls_intermedia_legacy,5.4442185048912435e-06,False,False,5.4442185048912435e-06,1.1089858248039566e-06,0.3497959282081922,0.7948080217865792,0.7948080217865792,0.7948080217865792,0.7948080217865792,0.7948080217865792
GTQ,1080,nnls_nonneg,5.031473991327709e-06,False,True,5.031473991327709e-06,1.1089858248039566e-06,0.31649290599719326,0.7326767850584086,0.7326767850584086,0.7326767850584086,0.7326767850584086,0.7326767850584086
GTQ,1100,nnls_original_legacy,1.2032158530291824e-06,False,False,1.2032158530291824e-06,7.446420121609578e-06,0.4460903255428895,3.3660294227309713,3.3660294227309713,3.3660294227309713,3.3660294227309713,3.3660294227309713
GTQ,1100,nnls_intermedia_legacy,2.3165565524489287e-06,False,False,2.3165565524489287e-06,7.446420121609578e-06,0.36653974643662024,1.0467832953506448,1.0467832953506448,1.0467832953506448,1.0467832953506448,1.0467832953506448
GTQ,1100,nnls_nonneg,6.125111393924337e-06,False,True,6.125111393924337e-06,7.446420121609578e-06,0.0944103404468289,0.02038349737358014,0.02038349737358014,0.02038349737358014,0.02038349737358014,0.02038349737358014
GTQ,1120,nnls_original_legacy,1.8060749313003447e-05,False,False,1.8060749313003447e-05,2.3144451859659614e-05,0.2573311719145156,0.033463887956081795,0.033463887956081795,0.033463887956081795,0.033463887956081795,0.033463887956081795
GTQ,1120,nnls_intermedia_legacy,7.313613782703981e-06,False,False,7.313613782703981e-06,2.3144451859659614e-05,0.8013388032333781,1.0125536648742948,1.0125536648742948,1.0125536648742948,1.0125536648742948,1.0125536648742948
GTQ,1120,nnls_nonneg,4.7722158903790186e-05,False,True,4.7722158903790186e-05,2.3144451859659614e-05,1.2440952432981767,0.20862408265509425,0.20862408265509425,0.20862408265509425,0.20862408265509425,0.20862408265509425
GTQ,1140,nnls_original_legacy,2.676034025154106e-06,False,False,2.676034025154106e-06,7.40069523046498e-06,0.23931500110838855,0.7483079248341082,0.7483079248341082,0.7483079248341082,0.7483079248341082,0.7483079248341082
GTQ,1140,nnls_intermedia_legacy,1.369422773627095e-05,False,False,1.369422773627095e-05,7.40069523046498e-06,0.31878195560554146,0.15582489593122162,0.15582489593122162,0.15582489593122162,0.15582489593122162,0.15582489593122162
GTQ,1140,nnls_nonneg,2.899636237851878e-05,False,True,2.899636237851878e-05,7.40069523046498e-06,1.093870413748075,0.6208248429244447,0.6208248429244447,0.6208248429244447,0.6208248429244447,0.6208248429244447
GTQ,1160,nnls_original_legacy,5.092006346798129e-06,False,False,5.092006346798129e-06,0.00023587307489225277,11.193670533220773,41.48660528345783,41.48660528345783,41.48660528345783,41.48660528345783,41.48660528345783
GTQ,1160,nnls_intermedia_legacy,1.841442863827343e-05,False,False,1.841442863827343e-05,0.00023587307489225277,10.54748752187104,9.258985048908736,9.258985048908736,9.258985048908736,9.258985048908736,9.258985048908736
GTQ,1160,nnls_nonneg,1.7282029757922954e-05,False,True,1.7282029757922954e-05,0.00023587307489225277,10.602412737612187,10.034832394841345,10.034832394841345,10.034832394841345,10.034832394841345,10.034832394841345
GTQ,1180,nnls_original_legacy,7.582917324766838e-06,False,False,7.582917324766838e-06,9.98700588711569e-07,0.2979594007000119,1.1589022591901545,1.1589022591901545,1.1589022591901545,1.1577733632744893,1.1589022591901545
GTQ,1180,nnls_intermedia_legacy,1.4464478305047711e-05,False,False,1.4464478305047711e-05,9.98700588711569e-07,0.6093746939325255,1.74204117531281,1.74204117531281,1.74204117531281,1.7408307537035008,1.74204117531281
GTQ,1180,nnls_nonneg,1.117753383409529e-05,False,True,1.117753383409529e-05,9.98700588711569e-07,0.46062867842909844,1.5045550334659414,1.5045550334659414,1.5045550334659414,1.503371029266539,1.5045550334659414
GTQ,1200,nnls_original_legacy,5.8839171948321625e-06,False,False,5.8839171948321625e-06,1.754426597044473e-08,0.25462769792245277,4.818232569792868,4.818232569792868,4.818232569792868,0.9421775347897794,4.818232569792868
GTQ,1200,nnls_intermedia_legacy,2.017843825317159e-06,False,False,2.017843825317159e-06,1.754426597044473e-08,0.08682224572630072,3.7537521967724974,3.7537521967724974,3.7537521967724974,0.19760802009168033,3.7537521967724974
GTQ,1200,nnls_nonneg,5.980432626599568e-06,False,True,5.980432626599568e-06,1.754426597044473e-08,0.2588169137297224,4.834454630225369,4.834454630225369,4.834454630225369,0.955704894149715,4.834454630225369
GTQ,1220,nnls_original_legacy,4.698848111478131e-06,False,False,4.698848111478131e-06,2.562636350883749e-06,0.09257168153352335,0.1516562817135605,0.1516562817135605,0.1516562817135605,0.1516562817135605,0.1516562817135605
GTQ,1220,nnls_intermedia_legacy,1.8165977424050066e-06,False,False,1.8165977424050066e-06,2.562636350883749e-06,0.03232921461708981,0.06660786153174403,0.06660786153174403,0.06660786153174403,0.06660786153174403,0.06660786153174403
GTQ,1220,nnls_nonneg,6.467158082542096e-06,False,True,6.467158082542096e-06,2.562636350883749e-06,0.16920052073078556,0.3219540731148256,0.3219540731148256,0.3219540731148256,0.3219540731148256,0.3219540731148256
GTQ,1240,nnls_original_legacy,5.840030149779796e-06,False,False,5.840030149779796e-06,2.460321221381608e-07,0.2384327874930852,2.209157703780233,2.209157703780233,2.209157703780233,0.9359679521646387,2.209157703780233
GTQ,1240,nnls_intermedia_legacy,1.8169276566905943e-06,False,False,1.8169276566905943e-06,2.460321221381608e-07,0.06695622689049892,1.1348512199183243,1.1348512199183243,1.1348512199183243,0.14752661964815283,1.1348512199183243
GTQ,1240,nnls_nonneg,6.068077278979927e-06,False,True,6.068077278979927e-06,2.460321221381608e-07,0.24815283251746756,2.245880288546848,2.245880288546848,2.245880288546848,0.9678386434170116,2.245880288546848
GTQ,1260,nnls_original_legacy,3.3689762004400275e-05,False,False,3.3689762004400275e-05,0.0001444657096572294,4.68052968472654,1.8322708498030424,1.8322708498030424,1.8322708498030424,1.8322708498030424,1.8322708498030424
GTQ,1260,nnls_intermedia_legacy,3.737504199895176e-05,False,False,3.737504199895176e-05,0.0001444657096572294,4.524818424507079,1.5132599043623456,1.5132599043623456,1.5132599043623456,1.5132599043623456,1.5132599043623456
GTQ,1260,nnls_nonneg,3.751753857899527e-05,False,True,3.751753857899527e-05,0.0001444657096572294,4.518797627691548,1.5023843508092973,1.5023843508092973,1.5023843508092973,1.5023843508092973,1.5023843508092973
GTQ,1280,nnls_original_legacy,-1.2350519153499895e-05,True,False,1e-12,3.337179763905558e-05,1.3151357570784208,33371779.315833855,333704.2583390225,3328.0668825583425,28.864086477828465,333704.2583390225
GTQ,1280,nnls_intermedia_legacy,-7.588869827109539e-06,True,False,1e-12,3.337179763905558e-05,1.3151357570784208,33371779.315833855,333704.2583390225,3328.0668825583425,28.864086477828465,333704.2583390225
GTQ,1280,nnls_nonneg,5.488963427294778e-05,False,True,5.488963427294778e-05,3.337179763905558e-05,0.8479877987475491,0.10559331821031814,0.10559331821031814,0.10559331821031814,0.10559331821031814,0.10559331821031814
GTQ,1300,nnls_original_legacy,5.6060038531078354e-06,False,False,5.6060038531078354e-06,6.704422959695308e-07,0.2031416779434802,1.2432494014759365,1.2432494014759365,1.2432494014759365,0.9022183242710349,1.2432494014759365
GTQ,1300,nnls_intermedia_legacy,1.062791813310543e-05,False,False,1.062791813310543e-05,6.704422959695308e-07,0.4098375283582274,1.8263850918233766,1.8263850918233766,1.8263850918233766,1.457576129872915,1.8263850918233766
GTQ,1300,nnls_nonneg,1.145582177536814e-05,False,True,1.145582177536814e-05,6.704422959695308e-07,0.44391302982199177,1.8968398495252234,1.8968398495252234,1.8968398495252234,1.525789913600058,1.8968398495252234
GTQ,1320,nnls_original_legacy,8.399853846703701e-06,False,False,8.399853846703701e-06,1.635323553403748e-05,0.34122377784969593,0.2806361643877757,0.2806361643877757,0.2806361643877757,0.2806361643877757,0.2806361643877757
GTQ,1320,nnls_intermedia_legacy,1.3500638138356908e-05,False,False,1.3500638138356908e-05,1.635323553403748e-05,0.12238492987058362,0.019604707130141952,0.019604707130141952,0.019604707130141952,0.019604707130141952,0.019604707130141952
GTQ,1320,nnls_nonneg,7.79486222225918e-06,False,True,7.79486222225918e-06,1.635323553403748e-05,0.3671797215948764,0.35698961357126,0.35698961357126,0.35698961357126,0.35698961357126,0.35698961357126
GTQ,1340,nnls_original_legacy,-7.311327808804544e-06,True,False,1e-12,1.1136890556387492e-05,0.5043030466050424,11136873.330613865,111356.2849604316,1105.6736223814264,7.7266274850529655,111356.2849604316
GTQ,1340,nnls_intermedia_legacy,1.0548189657299981e-05,False,False,1.0548189657299981e-05,1.1136890556387492e-05,0.026657681702399908,0.0015017873909510815,0.0015017873909510815,0.0015017873909510815,0.0015017873909510815,0.0015017873909510815
GTQ,1340,nnls_nonneg,1.806312383885765e-05,False,True,1.806312383885765e-05,1.1136890556387492e-05,0.31363519662845185,0.10016339303797017,0.10016339303797017,0.10016339303797017,0.10016339303797017,0.10016339303797017
GTQ,1360,nnls_original_legacy,2.8656111574476815e-05,False,False,2.8656111574476815e-05,0.0001484542495372655,5.459086550841589,2.535634004753925,2.535634004753925,2.535634004753925,2.535634004753925,2.535634004753925
GTQ,1360,nnls_intermedia_legacy,3.2087064439998815e-05,False,False,3.2087064439998815e-05,0.0001484542495372655,5.302741310729758,2.0947835374819492,2.0947835374819492,2.0947835374819492,2.0947835374819492,2.0947835374819492
GTQ,1360,nnls_nonneg,5.3624124819245716e-06,False,True,5.3624124819245716e-06,0.0001484542495372655,6.520558136276429,23.36336509168307,23.36336509168307,23.36336509168307,23.36336509168307,23.36336509168307
GTQ,1380,nnls_original_legacy,4.698725367899306e-05,False,False,4.698725367899306e-05,3.135965308630373e-05,0.6628773657936698,0.07176189473454997,0.07176189473454997,0.07176189473454997,0.07176189473454997,0.07176189473454997
GTQ,1380,nnls_intermedia_legacy,4.456928987364549e-05,False,False,4.456928987364549e-05,3.135965308630373e-05,0.5603143735821184,0.055138643164677426,0.055138643164677426,0.055138643164677426,0.055138643164677426,0.055138643164677426
GTQ,1380,nnls_nonneg,5.670298490729261e-05,False,True,5.670298490729261e-05,3.135965308630373e-05,1.074990427243892,0.14535590668593468,0.14535590668593468,0.14535590668593468,0.14535590668593468,0.14535590668593468
GTQ,1400,nnls_original_legacy,8.542661713952012e-06,False,False,8.542661713952012e-06,5.1172016260579545e-06,0.1335632255460009,0.11148214123928435,0.11148214123928435,0.11148214123928435,0.11148214123928435,0.11148214123928435
GTQ,1400,nnls_intermedia_legacy,7.745815578751533e-06,False,False,7.745815578751533e-06,5.1172016260579545e-06,0.10249313938228428,0.0751858174732194,0.0751858174732194,0.0751858174732194,0.0751858174732194,0.0751858174732194
GTQ,1400,nnls_nonneg,1.357994796393956e-05,False,True,1.357994796393956e-05,5.1172016260579545e-06,0.32997368787326303,0.3528069729808416,0.3528069729808416,0.3528069729808416,0.3528069729808416,0.3528069729808416
GTQ,1420,nnls_original_legacy,2.76441566236256e-05,False,False,2.76441566236256e-05,5.2724399299454116e-05,0.9317621375467566,0.26158898977867784,0.26158898977867784,0.26158898977867784,0.26158898977867784,0.26158898977867784
GTQ,1420,nnls_intermedia_legacy,2.9379473075335668e-05,False,False,2.9379473075335668e-05,5.2724399299454116e-05,0.8672929780069353,0.2098177976767961,0.2098177976767961,0.2098177976767961,0.2098177976767961,0.2098177976767961
GTQ,1420,nnls_nonneg,9.04121050654638e-06,False,True,9.04121050654638e-06,5.2724399299454116e-05,1.6228846702414792,3.0682789140181175,3.0682789140181175,3.0682789140181175,3.0682789140181175,3.0682789140181175
GTQ,1440,nnls_original_legacy,1.3970116526242689e-05,False,False,1.3970116526242689e-05,5.870863221564308e-07,0.47944341862735645,2.2115283677782416,2.2115283677782416,2.2115283677782416,1.7085018786839945,2.2115283677782416
GTQ,1440,nnls_intermedia_legacy,9.366522057110315e-06,False,False,9.366522057110315e-06,5.870863221564308e-07,0.3145208983463442,1.832404485013861,1.832404485013861,1.832404485013861,1.3439050629358293,1.832404485013861
GTQ,1440,nnls_nonneg,1.046392414610508e-05,False,True,1.046392414610508e-05,5.870863221564308e-07,0.35383502983472753,1.936622710090795,1.936622710090795,1.936622710090795,1.443499987654158,1.936622710090795
GTQ,1460,nnls_original_legacy,2.17691557469357e-05,False,False,2.17691557469357e-05,1.0641437611681266e-05,0.4017194184627674,0.20456947947381932,0.20456947947381932,0.20456947947381932,0.20456947947381932,0.20456947947381932
GTQ,1460,nnls_intermedia_legacy,1.6816311775621897e-05,False,False,1.6816311775621897e-05,1.0641437611681266e-05,0.22291783706851406,0.0903982565934136,0.0903982565934136,0.0903982565934136,0.0903982565934136,0.0903982565934136
GTQ,1460,nnls_nonneg,1.4959308458184752e-05,False,True,1.4959308458184752e-05,1.0641437611681266e-05,0.1558785497953356,0.051937083634450154,0.051937083634450154,0.051937083634450154,0.051937083634450154,0.051937083634450154
GTQ,1480,nnls_original_legacy,2.294352009711862e-05,False,False,2.294352009711862e-05,1.5182875797875819e-05,0.2771985017123502,0.07461740727316513,0.07461740727316513,0.07461740727316513,0.07461740727316513,0.07461740727316513
GTQ,1480,nnls_intermedia_legacy,2.2116339341500866e-05,False,False,2.2116339341500866e-05,1.5182875797875819e-05,0.24765285353402788,0.06264887124486918,0.06264887124486918,0.06264887124486918,0.06264887124486918,0.06264887124486918
GTQ,1480,nnls_nonneg,2.5058284816790263e-05,False,True,2.5058284816790263e-05,1.5182875797875819e-05,0.3527347058164752,0.10693873895280004,0.10693873895280004,0.10693873895280004,0.10693873895280004,0.10693873895280004
GTQ,1500,nnls_original_legacy,3.9197781980222645e-05,False,False,3.9197781980222645e-05,5.447932721106523e-05,0.5313069623619517,0.06065624706253181,0.06065624706253181,0.06065624706253181,0.06065624706253181,0.06065624706253181
GTQ,1500,nnls_intermedia_legacy,4.456994426425353e-05,False,False,4.456994426425353e-05,5.447932721106523e-05,0.3445282576349482,0.021571727492850634,0.021571727492850634,0.021571727492850634,0.021571727492850634,0.021571727492850634
GTQ,1500,nnls_nonneg,4.6955981732063644e-05,False,True,4.6955981732063644e-05,5.447932721106523e-05,0.26157078835066594,0.011610528518989138,0.011610528518989138,0.011610528518989138,0.011610528518989138,0.011610528518989138
GTQ,1520,nnls_original_legacy,8.360510618164817e-06,False,False,8.360510618164817e-06,1.4633125152793015e-05,0.21355018525684583,0.19049861713570326,0.19049861713570326,0.19049861713570326,0.19049861713570326,0.19049861713570326
GTQ,1520,nnls_intermedia_legacy,1.1817707816885909e-05,False,False,1.1817707816885909e-05,1.4633125152793015e-05,0.0958504448725758,0.02454844009977819,0.02454844009977819,0.02454844009977819,0.02454844009977819,0.02454844009977819
GTQ,1520,nnls_nonneg,1.5361158558962717e-05,False,True,1.5361158558962717e-05,1.4633125152793015e-05,0.024785783966546224,0.0011599136461519777,0.0011599136461519777,0.0011599136461519777,0.0011599136461519777,0.0011599136461519777
GTQ,1540,nnls_original_legacy,1.0037327419467395e-05,False,False,1.0037327419467395e-05,2.2804484010998368e-07,0.33137436461457,2.8072435650812726,2.8072435650812726,2.8072435650812726,1.4059389995076708,2.8072435650812726
GTQ,1540,nnls_intermedia_legacy,6.300366586030402e-06,False,False,6.300366586030402e-06,2.2804484010998368e-07,0.20513342785374533,2.3550163096943604,2.3550163096943604,2.3550163096943604,0.9993287429994231,2.3550163096943604
GTQ,1540,nnls_nonneg,1.7188234659766298e-05,False,True,1.7188234659766298e-05,2.2804484010998368e-07,0.5729442576216697,3.335705616890168,3.335705616890168,3.335705616890168,1.9024044497279782,3.335705616890168
GTQ,1560,nnls_original_legacy,1.8965970306446728e-05,False,False,1.8965970306446728e-05,5.1044004171176284e-05,1.0358639445825513,0.7013050850006857,0.7013050850006857,0.7013050850006857,0.7013050850006857,0.7013050850006857
GTQ,1560,nnls_intermedia_legacy,2.182468524924e-05,False,False,2.182468524924e-05,5.1044004171176284e-05,0.9435503149640332,0.4891733091391899,0.4891733091391899,0.4891733091391899,0.4891733091391899,0.4891733091391899
GTQ,1560,nnls_nonneg,1.1805652678013414e-05,False,True,1.1805652678013414e-05,5.1044004171176284e-05,1.2670849381861577,1.8595822114995788,1.8595822114995788,1.8595822114995788,1.8595822114995788,1.8595822114995788
GTQ,1580,nnls_original_legacy,2.4410519598738654e-05,False,False,2.4410519598738654e-05,0.00010922783135173634,2.645378822922426,1.976199590631552,1.976199590631552,1.976199590631552,1.976199590631552,1.976199590631552
GTQ,1580,nnls_intermedia_legacy,2.1063863141990297e-05,False,False,2.1063863141990297e-05,0.00010922783135173634,2.749758152275149,2.539678527495645,2.539678527495645,2.539678527495645,2.539678527495645,2.539678527495645
GTQ,1580,nnls_nonneg,4.958499118283754e-05,False,True,4.958499118283754e-05,0.00010922783135173634,1.8602087599902692,0.41309288653029297,0.41309288653029297,0.41309288653029297,0.41309288653029297,0.41309288653029297
GTQ,1600,nnls_original_legacy,1.7492764855673274e-05,False,False,1.7492764855673274e-05,1.5833594111984834e-08,0.5546242932907673,6.008313896166057,6.008313896166057,6.008313896166057,1.9189538504976258,6.008313896166057
GTQ,1600,nnls_intermedia_legacy,1.8461301936739525e-05,False,False,1.8461301936739525e-05,1.5833594111984834e-08,0.5853604783837265,6.0621558045556885,6.0621558045556885,6.0621558045556885,1.9698441146843289,6.0621558045556885
GTQ,1600,nnls_nonneg,2.044750654310462e-05,False,True,2.044750654310462e-05,1.5833594111984834e-08,0.6483919860122401,6.16425668543418,6.16425668543418,6.16425668543418,2.066766664170009,6.16425668543418
GTQ,1620,nnls_original_legacy,1.9268165926921816e-05,False,False,1.9268165926921816e-05,3.7068251285500343e-06,0.5755466192333664,0.8406593480707987,0.8406593480707987,0.8406593480707987,0.8406593480707987,0.8406593480707987
GTQ,1620,nnls_intermedia_legacy,2.133299458679525e-05,False,False,2.133299458679525e-05,3.7068251285500343e-06,0.6519156911459013,0.9238393530671734,0.9238393530671734,0.9238393530671734,0.9238393530671734,0.9238393530671734
GTQ,1620,nnls_nonneg,1.5721510637032513e-05,False,True,1.5721510637032513e-05,3.7068251285500343e-06,0.44437119623282995,0.6806345966861171,0.6806345966861171,0.6806345966861171,0.6806345966861171,0.6806345966861171
GTQ,1640,nnls_original_legacy,4.011259879413213e-05,False,False,4.011259879413213e-05,8.191757984568891e-06,1.1560842602576242,0.7927810234610086,0.7927810234610086,0.7927810234610086,0.7927810234610086,0.7927810234610086
GTQ,1640,nnls_intermedia_legacy,3.4996516296048674e-05,False,False,3.4996516296048674e-05,8.191757984568891e-06,0.9707939514747235,0.6861935236737109,0.6861935236737109,0.6861935236737109,0.6861935236737109,0.6861935236737109
GTQ,1640,nnls_nonneg,2.5831156739678864e-05,False,True,2.5831156739678864e-05,8.191757984568891e-06,0.63885006610105,0.46557989263527566,0.46557989263527566,0.46557989263527566,0.46557989263527566,0.46557989263527566
GTQ,1660,nnls_original_legacy,1.67755671240839e-05,False,False,1.67755671240839e-05,2.238005671158733e-07,0.6163755627208312,3.3302643035114787,3.3302643035114787,3.3302643035114787,1.8795339933164898,3.3302643035114787
GTQ,1660,nnls_intermedia_legacy,1.4170955437895021e-05,False,False,1.4170955437895021e-05,2.238005671158733e-07,0.5193817470928512,3.1639873333138446,3.1639873333138446,3.1639873333138446,1.7217613503449085,3.1639873333138446
GTQ,1660,nnls_nonneg,1.639886967667772e-05,False,True,1.639886967667772e-05,2.238005671158733e-07,0.6023476279791624,3.3078596760249264,3.3078596760249264,3.3078596760249264,1.8581922229172356,3.3078596760249264
GTQ,1680,nnls_original_legacy,1.563091744219806e-05,False,False,1.563091744219806e-05,2.8753978402820804e-06,0.4768132176377763,0.8770155910438713,0.8770155910438713,0.8770155910438713,0.8770155910438713,0.8770155910438713
GTQ,1680,nnls_intermedia_legacy,1.0839634731918605e-05,False,False,1.0839634731918605e-05,2.8753978402820804e-06,0.29771060190760756,0.5922852970914665,0.5922852970914665,0.5922852970914665,0.5922852970914665,0.5922852970914665
GTQ,1680,nnls_nonneg,1.4582191174908098e-05,False,True,1.4582191174908098e-05,2.8753978402820804e-06,0.43761085179666465,0.8207955388117905,0.8207955388117905,0.8207955388117905,0.8207955388117905,0.8207955388117905
GTQ,1700,nnls_original_legacy,1.317433420255556e-05,False,False,1.317433420255556e-05,3.0836742204748097e-09,0.5112778242576252,7.360138089283108,7.360138089283108,6.184199795869531,1.6541757223740134,7.360138089283108
GTQ,1700,nnls_intermedia_legacy,8.638578373506532e-06,False,False,8.638578373506532e-06,3.0836742204748097e-09,0.33521015576622915,6.938228458893129,6.938228458893129,5.762565813041119,1.271997817042553,6.938228458893129
GTQ,1700,nnls_nonneg,1.2578896493569405e-05,False,True,1.2578896493569405e-05,3.0836742204748097e-09,0.4881642940976406,7.313899139198593,7.313899139198593,6.137985696595469,1.6115187577885681,7.313899139198593
GTQ,1720,nnls_original_legacy,1.2853760521528141e-05,False,False,1.2853760521528141e-05,1.489489477408291e-07,0.4927977137079778,3.469376047088886,3.469376047088886,3.469376047088886,1.6314346603225136,3.469376047088886
GTQ,1720,nnls_intermedia_legacy,1.087465895001726e-05,False,False,1.087465895001726e-05,1.489489477408291e-07,0.4160317794812421,3.3042837644371037,3.3042837644371037,3.3042837644371037,1.478392122406547,3.3042837644371037
GTQ,1720,nnls_nonneg,1.400146162398207e-05,False,True,1.400146162398207e-05,1.489489477408291e-07,0.537315058654387,3.5539514901563747,3.5539514901563747,3.5539514901563747,1.7105828408206105,3.5539514901563747
GTQ,1740,nnls_original_legacy,1.2806548240190563e-05,False,False,1.2806548240190563e-05,2.2220898316321266e-06,0.41696585744618075,0.9250205053063474,0.9250205053063474,0.9250205053063474,0.9250205053063474,0.9250205053063474
GTQ,1740,nnls_intermedia_legacy,1.1627631201737332e-05,False,False,1.1627631201737332e-05,2.2220898316321266e-06,0.3705234099611882,0.8460404049925465,0.8460404049925465,0.8460404049925465,0.8460404049925465,0.8460404049925465
GTQ,1740,nnls_nonneg,1.2790232715024207e-05,False,True,1.2790232715024207e-05,2.2220898316321266e-06,0.41632312102282504,0.9239670304692194,0.9239670304692194,0.9239670304692194,0.9239670304692194,0.9239670304692194
GTQ,1760,nnls_original_legacy,1.384331269317761e-05,False,False,1.384331269317761e-05,6.830842456614508e-08,0.5519694543130814,4.316458850230462,4.316458850230462,4.316458850230462,1.700039322849781,4.316458850230462
GTQ,1760,nnls_intermedia_legacy,8.187905308115862e-06,False,False,8.187905308115862e-06,6.830842456614508e-08,0.3253552139557268,3.7947228772278994,3.7947228772278994,3.7947228772278994,1.2247894616945953,3.7947228772278994
GTQ,1760,nnls_nonneg,1.2111891683254614e-05,False,True,1.2111891683254614e-05,6.830842456614508e-08,0.4825907817989033,4.183549708894674,4.183549708894674,4.183549708894674,1.576751239774549,4.183549708894674
GTQ,1780,nnls_original_legacy,1.0593492755470525e-05,False,False,1.0593492755470525e-05,2.2581865035607488e-08,0.4495335192465533,5.1529797217350435,5.1529797217350435,5.1529797217350435,1.4546374940774829,5.1529797217350435
GTQ,1780,nnls_intermedia_legacy,6.161206575439999e-06,False,False,6.161206575439999e-06,2.2581865035607488e-08,0.261048229240007,4.612545927153582,4.612545927153582,4.612545927153582,0.9805785020600526,4.612545927153582
GTQ,1780,nnls_nonneg,1.0351231250973294e-05,False,True,1.0351231250973294e-05,2.2581865035607488e-08,0.43923122194943515,5.129895164147157,5.129895164147157,5.129895164147157,1.4337123390782236,5.129895164147157
GTQ,1800,nnls_original_legacy,1.0824621839992305e-05,False,False,1.0824621839992305e-05,1.1950796801155237e-08,0.47368024053030183,5.80988470250791,5.80988470250791,5.80988470250791,1.4742053194827491,5.80988470250791
GTQ,1800,nnls_intermedia_legacy,9.310630097602079e-06,False,False,9.310630097602079e-06,1.1950796801155237e-08,0.4073554656590744,5.659397658334164,5.659397658334164,5.659397658334164,1.3385608851884778,5.659397658334164
GTQ,1800,nnls_nonneg,1.2017150239686965e-05,False,True,1.2017150239686965e-05,1.1950796801155237e-08,0.5259223865227383,5.914286619458068,5.914286619458068,5.914286619458068,1.5695492205316204,5.914286619458068
GTQ,1820,nnls_original_legacy,9.090662570570247e-06,False,False,9.090662570570247e-06,7.452471577239696e-10,0.41342793714512854,8.409124414264333,8.409124414264333,5.81351801140263,1.317250778561759,8.409124414264333
GTQ,1820,nnls_intermedia_legacy,5.016877291911779e-06,False,False,5.016877291911779e-06,7.452471577239696e-10,0.2281438928348469,7.814750874027185,7.814750874027185,5.219971144526225,0.812134866145577,7.814750874027185
GTQ,1820,nnls_nonneg,8.184546970800321e-06,False,True,8.184546970800321e-06,7.452471577239696e-10,0.3722159557926662,8.304133555244494,8.304133555244494,5.708639861292596,1.224429333002357,8.304133555244494
GTQ,1840,nnls_original_legacy,3.271106986262248e-05,False,False,3.271106986262248e-05,3.1535237809539383e-07,1.5442222893693303,3.6514186933148913,3.6514186933148913,3.6514186933148913,2.5182842392478544,3.6514186933148913
GTQ,1840,nnls_intermedia_legacy,3.1820365461171176e-05,False,False,3.1820365461171176e-05,3.1535237809539383e-07,1.5017646530901705,3.6240815074825186,3.6240815074825186,3.6240815074825186,2.4915329227819902,3.6240815074825186
GTQ,1840,nnls_nonneg,1.223539241644102e-05,False,True,1.223539241644102e-05,3.1535237809539383e-07,0.5681982973885312,2.6841711597926,2.6841711597926,2.6841711597926,1.586062882256973,2.6841711597926
GTQ,1860,nnls_original_legacy,7.249131431098697e-06,False,False,7.249131431098697e-06,2.133202267636998e-08,0.3581444979019826,4.83137028280422,4.83137028280422,4.83137028280422,1.118829220042803,4.83137028280422
GTQ,1860,nnls_intermedia_legacy,1.1959492980905242e-05,False,False,1.1959492980905242e-05,2.133202267636998e-08,0.5915474988522404,5.330854967497972,5.330854967497972,5.330854967497972,1.5651409395639626,5.330854967497972
GTQ,1860,nnls_nonneg,1.3778118801152366e-05,False,True,1.3778118801152366e-05,2.133202267636998e-08,0.6816621789172423,5.4721759165286485,5.4721759165286485,5.4721759165286485,1.6956605883706937,5.4721759165286485
GTQ,1880,nnls_original_legacy,1.0262173551370812e-05,False,False,1.0262173551370812e-05,4.058820938399661e-06,0.3263812850049681,0.32308493668951677,0.32308493668951677,0.32308493668951677,0.32308493668951677,0.32308493668951677
GTQ,1880,nnls_intermedia_legacy,8.253888808265557e-06,False,False,8.253888808265557e-06,4.058820938399661e-06,0.22071800967543237,0.20153843848155129,0.20153843848155129,0.20153843848155129,0.20153843848155129,0.20153843848155129
GTQ,1880,nnls_nonneg,1.2149351304538142e-05,False,True,1.2149351304538142e-05,4.058820938399661e-06,0.4256726744422891,0.4304604286781919,0.4304604286781919,0.4304604286781919,0.4304604286781919,0.4304604286781919
GTQ,1900,nnls_original_legacy,9.072010840976033e-06,False,False,9.072010840976033e-06,2.2821564288552494e-06,0.3982645809939092,0.6316332961743352,0.6316332961743352,0.6316332961743352,0.6316332961743352,0.6316332961743352
GTQ,1900,nnls_intermedia_legacy,8.267897371110782e-06,False,False,8.267897371110782e-06,2.2821564288552494e-06,0.3510986338749615,0.5632856472435397,0.5632856472435397,0.5632856472435397,0.5632856472435397,0.5632856472435397
GTQ,1900,nnls_nonneg,1.0274822323017055e-05,False,True,1.0274822323017055e-05,2.2821564288552494e-06,0.4688164929840376,0.7266871923914053,0.7266871923914053,0.7266871923914053,0.7266871923914053,0.7266871923914053
GTQ,1920,nnls_original_legacy,7.376520161761897e-06,False,False,7.376520161761897e-06,8.347832679162414e-06,0.062220130867027365,0.007976309427716544,0.007976309427716544,0.007976309427716544,0.007976309427716544,0.007976309427716544
GTQ,1920,nnls_intermedia_legacy,4.860060450870399e-06,False,False,4.860060450870399e-06,8.347832679162414e-06,0.22341897236070493,0.17668861081475784,0.17668861081475784,0.17668861081475784,0.17668861081475784,0.17668861081475784
GTQ,1920,nnls_nonneg,6.3735956488568345e-06,False,True,6.3735956488568345e-06,8.347832679162414e-06,0.12646525622555438,0.039914306149002377,0.039914306149002377,0.039914306149002377,0.039914306149002377,0.039914306149002377
GTQ,1940,nnls_original_legacy,9.264895129753907e-06,False,False,9.264895129753907e-06,4.206987137827892e-07,0.600443579051551,2.1374787089481306,2.1374787089481306,2.1374787089481306,1.3341668438989345,2.1374787089481306
GTQ,1940,nnls_intermedia_legacy,1.3365633973646861e-05,False,False,1.3365633973646861e-05,4.206987137827892e-07,0.8788478785915722,2.490001280593311,2.490001280593311,2.490001280593311,1.66750553182032,2.490001280593311
GTQ,1940,nnls_nonneg,1.853323832233315e-05,False,True,1.853323832233315e-05,4.206987137827892e-07,1.229683014347301,2.8081038190565373,2.8081038190565373,2.8081038190565373,1.9735228972255876,2.8081038190565373
GTQ,1960,nnls_original_legacy,5.718442128767899e-06,False,False,5.718442128767899e-06,1.747058078752113e-10,0.40396883806200246,9.396134061007356,9.396134061007356,5.3506153271971675,0.9185692155123879,9.396134061007356
GTQ,1960,nnls_intermedia_legacy,2.736079676277045e-06,False,False,2.736079676277045e-06,1.747058078752113e-10,0.19327888505717655,8.658997069912374,8.658997069912374,4.615351171095961,0.372012553312449,8.658997069912374
GTQ,1960,nnls_nonneg,4.144978866824735e-06,False,True,4.144978866824735e-06,1.747058078752113e-10,0.29281102072938836,9.074346935408801,9.074346935408801,5.029480433623808,0.6631534436586659,9.074346935408801
GTQ,1980,nnls_original_legacy,5.7141810983614486e-06,False,False,5.7141810983614486e-06,2.178020300736314e-07,0.39906037858723403,2.305235797898888,2.305235797898888,2.305235797898888,0.9179542010256243,2.305235797898888
GTQ,1980,nnls_intermedia_legacy,5.100805866519852e-06,False,False,5.100805866519852e-06,2.178020300736314e-07,0.3545267412245931,2.1962668213251813,2.1962668213251813,2.1962668213251813,0.8254459936084992,2.1962668213251813
GTQ,1980,nnls_nonneg,6.118807090315048e-06,False,True,6.118807090315048e-06,2.178020300736314e-07,0.42843793780014655,2.3711314106300927,2.3711314106300927,2.3711314106300927,0.9747977063156332,2.3711314106300927
GTQ,2000,nnls_original_legacy,5.3480182981422824e-06,False,False,5.3480182981422824e-06,2.4666727859004933e-06,0.22215232941314444,0.23508706759179443,0.23508706759179443,0.23508706759179443,0.23508706759179443,0.23508706759179443
GTQ,2000,nnls_intermedia_legacy,3.7861686268775238e-06,False,False,3.7861686268775238e-06,2.4666727859004933e-06,0.10173339971850114,0.07998015348566234,0.07998015348566234,0.07998015348566234,0.07998015348566234,0.07998015348566234
GTQ,2000,nnls_nonneg,5.15204851641429e-06,False,True,5.15204851641429e-06,2.4666727859004933e-06,0.20704301908555825,0.21529936047419795,0.21529936047419795,0.21529936047419795,0.21529936047419795,0.21529936047419795
GTQ,2020,nnls_original_legacy,4.543227210521675e-06,False,False,4.543227210521675e-06,1.203836009840676e-05,0.6007570174264091,0.6752770020460053,0.6752770020460053,0.6752770020460053,0.6752770020460053,0.6752770020460053
GTQ,2020,nnls_intermedia_legacy,9.030849754979749e-07,False,False,9.030849754979749e-07,1.203836009840676e-05,0.892525158809931,9.740225996436045,9.740225996436045,9.740225996436045,8.550261872254021,9.740225996436045
GTQ,2020,nnls_nonneg,2.3706515488651506e-06,False,True,2.3706515488651506e-06,1.203836009840676e-05,0.7748953674935108,2.453147399859212,2.453147399859212,2.453147399859212,2.453147399859212,2.453147399859212
GTQ,2040,nnls_original_legacy,6.116737875001787e-06,False,False,6.116737875001787e-06,3.581829443864157e-07,0.47673043432058687,1.8962981705278485,1.8962981705278485,1.8962981705278485,0.974514762622632,1.8962981705278485
GTQ,2040,nnls_intermedia_legacy,5.5097368689906045e-06,False,False,5.5097368689906045e-06,3.581829443864157e-07,0.4264789638187989,1.798237355655429,1.798237355655429,1.798237355655429,0.8880137375318387,1.798237355655429
GTQ,2040,nnls_nonneg,6.196765876856695e-06,False,True,6.196765876856695e-06,3.581829443864157e-07,0.4833556700857725,1.9085405223039262,1.9085405223039262,1.9085405223039262,0.9854020239960051,1.9085405223039262
GTQ,2060,nnls_original_legacy,4.31336571060464e-06,False,False,4.31336571060464e-06,3.0090231161766008e-06,0.1287071582354771,0.05770747719482916,0.05770747719482916,0.05770747719482916,0.05770747719482916,0.05770747719482916
GTQ,2060,nnls_intermedia_legacy,1.0832851578494992e-06,False,False,1.0832851578494992e-06,3.0090231161766008e-06,0.19002389493471777,0.7560660792726313,0.7560660792726313,0.7560660792726313,0.7560660792726313,0.7560660792726313
GTQ,2060,nnls_nonneg,2.023083388253799e-06,False,True,2.023083388253799e-06,3.0090231161766008e-06,0.09728847399026211,0.09035237362645065,0.09035237362645065,0.09035237362645065,0.09035237362645065,0.09035237362645065
GTQ,2080,nnls_original_legacy,4.277273334048559e-06,False,False,4.277273334048559e-06,1.2033677903175862e-07,0.47093052527505713,2.5989107034398855,2.5989107034398855,2.5989107034398855,0.6871095382716781,2.5989107034398855
GTQ,2080,nnls_intermedia_legacy,3.8934072693704235e-06,False,False,3.8934072693704235e-06,1.2033677903175862e-07,0.4274431530042497,2.507653486405641,2.507653486405641,2.507653486405641,0.616129116456767,2.507653486405641
GTQ,2080,nnls_nonneg,4.557121721241478e-06,False,True,4.557121721241478e-06,1.2033677903175862e-07,0.5026339554895715,2.6605585100949414,2.6605585100949414,2.6605585100949414,0.7361279771712992,2.6605585100949414
GTQ,2100,nnls_original_legacy,3.719610157186889e-05,False,False,3.719610157186889e-05,5.729176986876369e-08,4.0888759130725,5.477342519972407,5.477342519972407,5.477342519972407,2.643088497166802,5.477342519972407
GTQ,2100,nnls_intermedia_legacy,3.565745591172423e-05,False,False,3.565745591172423e-05,5.729176986876369e-08,3.919475460767746,5.435163291096854,5.435163291096854,5.435163291096854,2.60200289255198,5.435163291096854
GTQ,2100,nnls_nonneg,1.0792515909122077e-05,False,True,1.0792515909122077e-05,5.729176986876369e-08,1.181917235324632,4.243759692547891,4.243759692547891,4.243759692547891,1.4715097236406383,4.243759692547891
GTQ,2120,nnls_original_legacy,2.4985852178450638e-06,False,False,2.4985852178450638e-06,2.006095277721287e-07,0.2949215218909258,1.6024088148606235,1.6024088148606235,1.6024088148606235,0.3159511521433316,1.6024088148606235
GTQ,2120,nnls_intermedia_legacy,2.0854351422725796e-06,False,False,2.0854351422725796e-06,2.006095277721287e-07,0.24189796311980546,1.4375679677321513,1.4375679677321513,1.4375679677321513,0.21449376608476634,1.4375679677321513
GTQ,2120,nnls_nonneg,3.50922160390875e-06,False,True,3.50922160390875e-06,2.006095277721287e-07,0.42462629742177027,1.9189555449623565,1.9189555449623565,1.9189555449623565,0.5403577275188809,1.9189555449623565
GTQ,2140,nnls_original_legacy,2.5698067974399747e-06,False,False,2.5698067974399747e-06,3.34897334318159e-08,0.39842447213605164,3.353379076207627,3.353379076207627,3.353379076207627,0.33296503195100735,3.353379076207627
GTQ,2140,nnls_intermedia_legacy,2.636172252805029e-06,False,False,2.636172252805029e-06,3.34897334318159e-08,0.40884967563174734,3.3785482371942805,3.3785482371942805,3.3785482371942805,0.3486658431815879,3.3785482371942805
GTQ,2140,nnls_nonneg,3.108710879963666e-06,False,True,3.108710879963666e-06,3.34897334318159e-08,0.48307972981592284,3.5414973525250506,3.5414973525250506,3.5414973525250506,0.455884878169579,3.5414973525250506
GTQ,2160,nnls_original_legacy,3.5632915571491335e-07,False,False,3.5632915571491335e-07,2.0616765104467847e-06,0.3006213327876056,3.0304566896727128,3.0304566896727128,3.0304566896727128,0.3381570186108065,3.0304566896727128
GTQ,2160,nnls_intermedia_legacy,1.2571495694359947e-06,False,False,1.2571495694359947e-06,2.0616765104467847e-06,0.14182328344962072,0.14528861511015156,0.14528861511015156,0.14528861511015156,0.14528861511015156,0.14528861511015156
GTQ,2160,nnls_nonneg,2.7768303432720254e-06,False,True,2.7768303432720254e-06,2.0616765104467847e-06,0.12606845038082634,0.04024739935645427,0.04024739935645427,0.04024739935645427,0.04024739935645427,0.04024739935645427
GTQ,2180,nnls_original_legacy,1.7485850320573198e-06,False,False,1.7485850320573198e-06,2.850664769328407e-05,5.56826492405797,12.511364157280568,12.511364157280568,12.511364157280568,12.511364157280568,12.511364157280568
GTQ,2180,nnls_intermedia_legacy,1.6701367213463175e-06,False,False,1.6701367213463175e-06,2.850664769328407e-05,5.584589759768764,13.231219719562018,13.231219719562018,13.231219719562018,13.231219719562018,13.231219719562018
GTQ,2180,nnls_nonneg,2.2295125064766757e-06,False,True,2.2295125064766757e-06,2.850664769328407e-05,5.468185496756774,9.237690847303153,9.237690847303153,9.237690847303153,9.237690847303153,9.237690847303153
GTQ,2200,nnls_original_legacy,1.2789563390674264e-05,False,False,1.2789563390674264e-05,4.771779453603959e-08,2.5630390690139015,4.594811372621667,4.594811372621667,4.594811372621667,1.6268182302240715,4.594811372621667
GTQ,2200,nnls_intermedia_legacy,1.279145834359195e-05,False,False,1.279145834359195e-05,4.771779453603959e-08,2.5634202412958387,4.594958972932941,4.594958972932941,4.594958972932941,1.626954800210231,4.594958972932941
GTQ,2200,nnls_nonneg,7.950178731933415e-06,False,True,7.950178731933415e-06,4.771779453603959e-08,1.5895904538385186,4.121647413368914,4.121647413368914,4.121647413368914,1.198977746078259,4.121647413368914
GTQ,2220,nnls_original_legacy,1.970808826301958e-06,False,False,1.970808826301958e-06,2.4558886243434194e-08,0.3978713597466061,3.3975868787914996,3.3975868787914996,3.3975868787914996,0.18584991690211305,3.3975868787914996
GTQ,2220,nnls_intermedia_legacy,1.9672916574267927e-06,False,False,1.9672916574267927e-06,2.4558886243434194e-08,0.397152345845042,3.395822930884723,3.395822930884723,3.395822930884723,0.18497084216916226,3.395822930884723
GTQ,2220,nnls_nonneg,2.3191493255855544e-06,False,True,2.3191493255855544e-06,2.4558886243434194e-08,0.4690825157508594,3.5584715832792755,3.5584715832792755,3.5584715832792755,0.2723930365797098,3.5584715832792755
GTQ,2240,nnls_original_legacy,0.0002551484977215376,False,False,0.0002551484977215376,0.00023041524112730105,4.308050279924929,0.005025929706873544,0.005025929706873544,0.005025929706873544,0.005025929706873544,0.005025929706873544
GTQ,2240,nnls_intermedia_legacy,0.00025514849772153783,False,False,0.00025514849772153783,0.00023041524112730105,4.3080502799249665,0.005025929706873544,0.005025929706873544,0.005025929706873544,0.005025929706873544,0.005025929706873544
GTQ,2240,nnls_nonneg,0.0001385825980963307,False,True,0.0001385825980963307,0.00023041524112730105,15.99545300508493,0.1542398284238211,0.1542398284238211,0.1542398284238211,0.1542398284238211,0.1542398284238211
GTQ,2260,nnls_original_legacy,-3.4577612900901003e-06,True,False,1e-12,2.054264665676235e-07,0.020891973500765174,205413.23372420156,2045.6369924402616,16.520143606776976,0.0,2045.6369924402616
GTQ,2260,nnls_intermedia_legacy,1.8834764613992794e-06,False,False,1.8834764613992794e-06,2.054264665676235e-07,0.17065934721117698,1.3248540979148848,1.3248540979148848,1.3248540979148848,0.16405235270238183,1.3248540979148848
GTQ,2260,nnls_nonneg,9.597837581015043e-06,False,True,9.597837581015043e-06,2.054264665676235e-07,0.9552175170391185,2.865608368554083,2.865608368554083,2.865608368554083,1.3657279568239336,2.865608368554083
GTQ,2280,nnls_original_legacy,3.981241844087282e-06,False,False,3.981241844087282e-06,1.0063505661481816e-05,0.6133962534490403,0.600408517653594,0.600408517653594,0.600408517653594,0.600408517653594,0.600408517653594
GTQ,2280,nnls_intermedia_legacy,3.757550032358166e-06,False,False,3.757550032358166e-06,1.0063505661481816e-05,0.6359555707297967,0.6930609370669099,0.6930609370669099,0.6930609370669099,0.6930609370669099,0.6930609370669099
GTQ,2280,nnls_nonneg,1.1128395949791428e-05,False,True,1.1128395949791428e-05,1.0063505661481816e-05,0.10739417637809667,0.004893190900616462,0.004893190900616462,0.004893190900616462,0.004893190900616462,0.004893190900616462
GTQ,2300,nnls_original_legacy,5.589708770093637e-06,False,False,5.589708770093637e-06,0.0,0.5647407519335577,14.536437924301081,9.931285449432488,5.327886375394446,0.8998273844111375,9.931285449432488
GTQ,2300,nnls_intermedia_legacy,9.216969890593488e-07,False,False,9.216969890593488e-07,0.0,0.09312110381155925,12.733972888206447,8.128910112789482,3.5344809839139915,0.0,8.128910112789482
GTQ,2300,nnls_nonneg,2.387434805016588e-06,False,True,2.387434805016588e-06,0.0,0.24120786653341666,13.685730463024456,9.080601744137285,4.4795782682412115,0.2890790914550332,9.080601744137285
GTQ,2320,nnls_original_legacy,4.376266275675282e-06,False,False,4.376266275675282e-06,6.261372684716521e-08,0.4443214805611953,3.261274226467749,3.261274226467749,3.261274226467749,0.7047012036419733,3.261274226467749
GTQ,2320,nnls_intermedia_legacy,5.093433907493592e-07,False,False,5.093433907493592e-07,6.261372684716521e-08,0.046014736566938365,1.2190681766904956,1.2190681766904956,1.2190681766904956,0.0,1.2190681766904956
GTQ,2320,nnls_nonneg,4.07368706929086e-07,False,True,4.07368706929086e-07,6.261372684716521e-08,0.0355109831973971,1.0264369955820323,1.0264369955820323,1.0264369955820323,0.0,1.0264369955820323
GTQ,2340,nnls_original_legacy,9.666803571940696e-07,False,False,9.666803571940696e-07,6.413355236304516e-07,0.034082246015297406,0.07375627767026316,0.07375627767026316,0.07375627767026316,0.0,0.07375627767026316
GTQ,2340,nnls_intermedia_legacy,3.9254630435841036e-06,False,False,3.9254630435841036e-06,6.413355236304516e-07,0.34403632863830924,0.9750651497971674,0.9750651497971674,0.9750651497971674,0.6222313339862819,0.9750651497971674
GTQ,2340,nnls_nonneg,7.602595717637454e-06,False,True,7.602595717637454e-06,6.413355236304516e-07,0.7292428157223237,1.5570496934981182,1.5570496934981182,1.5570496934981182,1.1600237537767453,1.5570496934981182
GTQ,2360,nnls_original_legacy,2.9788601715955286e-06,False,False,2.9788601715955286e-06,9.064597288697174e-08,0.3058155456810568,2.5227642530835834,2.5227642530835834,2.5227642530835834,0.4272396067796418,2.5227642530835834
GTQ,2360,nnls_intermedia_legacy,2.427944488704393e-06,False,False,2.427944488704393e-06,9.064597288697174e-08,0.24748241364987345,2.3251732279037074,2.3251732279037074,2.3251732279037074,0.2989160410573697,2.3251732279037074
GTQ,2360,nnls_nonneg,1.327555225785471e-06,False,True,1.327555225785471e-06,9.064597288697174e-08,0.13096884514390988,1.7524132204275467,1.7524132204275467,1.7524132204275467,0.03660340635420667,1.7524132204275467
GTQ,2380,nnls_original_legacy,2.750332062183787e-06,False,False,2.750332062183787e-06,4.992679117425572e-07,0.24623686164032968,0.8878641324764751,0.8878641324764751,0.8878641324764751,0.3753141141624532,0.8878641324764751
GTQ,2380,nnls_intermedia_legacy,3.4563532975048765e-06,False,False,3.4563532975048765e-06,4.992679117425572e-07,0.3234663147426848,1.079275831202914,1.079275831202914,1.079275831202914,0.5295363482247502,1.079275831202914
GTQ,2380,nnls_nonneg,1.47905966205066e-06,False,True,1.47905966205066e-06,4.992679117425572e-07,0.10717635284168303,0.42357660781278916,0.42357660781278916,0.42357660781278916,0.06751177062639901,0.42357660781278916
GTQ,2400,nnls_original_legacy,1.449709217452448e-06,False,False,1.449709217452448e-06,2.87204862437193e-06,0.15988958442475526,0.2974578976048736,0.2974578976048736,0.2974578976048736,0.2974578976048736,0.2974578976048736
GTQ,2400,nnls_intermedia_legacy,1.060684224071137e-05,False,False,1.060684224071137e-05,2.87204862437193e-06,0.8694921415460527,0.5772469065932457,0.5772469065932457,0.5772469065932457,0.5772469065932457,0.5772469065932457
GTQ,2400,nnls_nonneg,1.0212647579298931e-06,False,True,1.0212647579298931e-06,2.87204862437193e-06,0.20805235503273306,0.7782631117316914,0.7782631117316914,0.7782631117316914,0.7782631117316914,0.7782631117316914
GTQ,2420,nnls_original_legacy,6.869286869505627e-06,False,False,6.869286869505627e-06,1.3342317952258894e-07,0.7564215710651558,2.960712846918844,2.960712846918844,2.960712846918844,1.072635816107916,2.960712846918844
GTQ,2420,nnls_intermedia_legacy,8.481745690966085e-06,False,False,8.481745690966085e-06,1.3342317952258894e-07,0.9374968854039559,3.1678763166629613,3.1678763166629613,3.1678763166629613,1.2558165457817303,3.1678763166629613
GTQ,2420,nnls_nonneg,2.343279871458807e-06,False,True,2.343279871458807e-06,1.3342317952258894e-07,0.24816168314526138,1.9227196479758168,1.9227196479758168,1.9227196479758168,0.27830387056491546,1.9227196479758168
GTQ,2440,nnls_original_legacy,2.497638497811163e-06,False,False,2.497638497811163e-06,7.959059794370371e-08,0.27487070095202554,2.4780713341255614,2.4780713341255614,2.4780713341255614,0.3157238821780617,2.4780713341255614
GTQ,2440,nnls_intermedia_legacy,9.036738292095369e-07,False,False,9.036738292095369e-07,7.959059794370371e-08,0.09367735661202814,1.5176469921501319,1.5176469921501319,1.5176469921501319,0.0,1.5176469921501319
GTQ,2440,nnls_nonneg,2.2449469120323687e-06,False,True,2.2449469120323687e-06,7.959059794370371e-08,0.24614607837051947,2.3749944036332127,2.3749944036332127,2.3749944036332127,0.25412670567773143,2.3749944036332127
GTQ,2460,nnls_original_legacy,2.7444071789925404e-06,False,False,2.7444071789925404e-06,3.5476899428394953e-07,0.27313894420608326,1.1751233192328856,1.1751233192328856,1.1751233192328856,0.3739425050368981,1.1751233192328856
GTQ,2460,nnls_intermedia_legacy,9.442219214703669e-07,False,False,9.442219214703669e-07,3.5476899428394953e-07,0.06737528351410951,0.35462065196788717,0.35462065196788717,0.35462065196788717,0.0,0.35462065196788717
GTQ,2460,nnls_nonneg,2.8047754382914935e-06,False,True,2.8047754382914935e-06,3.5476899428394953e-07,0.28003911960250455,1.194099385870699,1.194099385870699,1.194099385870699,0.38785826031580206,1.194099385870699
GTQ,2480,nnls_original_legacy,8.744989523387806e-06,False,False,8.744989523387806e-06,5.61327415094902e-08,0.9956756538130092,4.054935765591583,4.054935765591583,4.054935765591583,1.2828321051995135,4.054935765591583
GTQ,2480,nnls_intermedia_legacy,7.710521160120345e-06,False,False,7.710521160120345e-06,5.61327415094902e-08,0.8771335958873469,3.9299018088398396,3.9299018088398396,3.9299018088398396,1.1722787001212325,3.9299018088398396
GTQ,2480,nnls_nonneg,1.8935620696637857e-05,False,True,1.8935620696637857e-05,5.61327415094902e-08,2.1634430150330592,4.824045249622459,4.824045249622459,4.824045249622459,1.9938553624972348,4.824045249622459
GTQ,2500,nnls_original_legacy,2.090678628451223e-06,False,False,2.090678628451223e-06,1.2103148596866831e-07,0.22582649392609597,1.907084273037448,1.907084273037448,1.907084273037448,0.21580230573182635,1.907084273037448
GTQ,2500,nnls_intermedia_legacy,2.032627544257406e-06,False,False,2.032627544257406e-06,1.2103148596866831e-07,0.21917074705177259,1.8805782155178514,1.8805782155178514,1.8805782155178514,0.2013033603690626,1.8805782155178514
GTQ,2500,nnls_nonneg,2.459515258539119e-06,False,True,2.459515258539119e-06,1.2103148596866831e-07,0.2681148212146493,2.06087832151435,2.06087832151435,2.06087832151435,0.30654846335252106,2.06087832151435
GTQ,2520,nnls_original_legacy,2.0644535509785417e-06,False,False,2.0644535509785417e-06,4.198385768671409e-08,0.23384863860997537,2.9156721900325753,2.9156721900325753,2.9156721900325753,0.20925524962459008,2.9156721900325753
GTQ,2520,nnls_intermedia_legacy,3.434086572433113e-06,False,False,3.434086572433113e-06,4.198385768671409e-08,0.3922128497152162,3.4164466737868855,3.4164466737868855,3.4164466737868855,0.5249492224638843,3.4164466737868855
GTQ,2520,nnls_nonneg,1.5843501738561098e-06,False,True,1.5843501738561098e-06,4.198385768671409e-08,0.1783365478703628,2.6571435162040915,2.6571435162040915,2.6571435162040915,0.0913479364873806,2.6571435162040915
GTQ,2540,nnls_original_legacy,3.731847602051177e-06,False,False,3.731847602051177e-06,9.979911189433852e-08,0.40860720045182825,2.6482419887825346,2.6482419887825346,2.6482419887825346,0.5848672294133712,2.6482419887825346
GTQ,2540,nnls_intermedia_legacy,7.072886510947459e-07,False,False,7.072886510947459e-07,9.979911189433852e-08,0.06834286507714848,1.0993805400758583,1.0993805400758583,1.0993805400758583,0.0,1.0993805400758583
GTQ,2540,nnls_nonneg,2.6871801872811134e-06,False,True,2.6871801872811134e-06,9.979911189433852e-08,0.2910816142958978,2.330227353653699,2.330227353653699,2.330227353653699,0.3606296939169942,2.330227353653699
GTQ,2560,nnls_original_legacy,3.0068924386013407e-06,False,False,3.0068924386013407e-06,5.363301709549172e-07,0.28024778565532216,0.9022793792814208,0.9022793792814208,0.9022793792814208,0.4334763952909084,0.9022793792814208
GTQ,2560,nnls_intermedia_legacy,4.335852838690221e-06,False,False,4.335852838690221e-06,5.363301709549172e-07,0.4309981691715904,1.2136202219031316,1.2136202219031316,1.2136202219031316,0.6975534580398508,1.2136202219031316
GTQ,2560,nnls_nonneg,2.1597264428142734e-06,False,True,2.1597264428142734e-06,5.363301709549172e-07,0.18414966357561197,0.641319339392364,0.641319339392364,0.641319339392364,0.2330031700187276,0.641319339392364
GTQ,2580,nnls_original_legacy,1.6153379754743726e-06,False,False,1.6153379754743726e-06,1.7257381442320484e-06,0.012534111077881117,0.00223427375296259,0.00223427375296259,0.00223427375296259,0.00223427375296259,0.00223427375296259
GTQ,2580,nnls_intermedia_legacy,2.8961647494902824e-06,False,False,2.8961647494902824e-06,1.7257381442320484e-06,0.132882560270489,0.11360264997389335,0.11360264997389335,0.11360264997389335,0.11360264997389335,0.11360264997389335
GTQ,2580,nnls_nonneg,4.639244307359015e-06,False,True,4.639244307359015e-06,1.7257381442320484e-06,0.33078038091482176,0.3608835272839124,0.3608835272839124,0.3608835272839124,0.3608835272839124,0.3608835272839124
GTQ,2600,nnls_original_legacy,-6.0413271761749856e-06,True,False,1e-12,1.453877498422296e-07,0.01973468432552829,145374.86268264052,1445.5955090191808,10.861955767095894,0.0,1445.5955090191808
GTQ,2600,nnls_intermedia_legacy,-1.5344762855383366e-06,True,False,1e-12,1.453877498422296e-07,0.01973468432552829,145374.86268264052,1445.5955090191808,10.861955767095894,0.0,1445.5955090191808
GTQ,2600,nnls_nonneg,1.2837104218525709e-05,False,True,1.2837104218525709e-05,1.453877498422296e-07,1.7227637204241666,3.4920163012510193,3.4920163012510193,3.4920163012510193,1.6302389330720257,3.4920163012510193
GTQ,2620,nnls_original_legacy,1.6008557958860043e-06,False,False,1.6008557958860043e-06,1.0762811262334076e-07,0.20581183513625162,1.766843364382042,1.766843364382042,1.766843364382042,0.09520424212298173,1.766843364382042
GTQ,2620,nnls_intermedia_legacy,1.133409428233183e-06,False,False,1.133409428233183e-06,1.0762811262334076e-07,0.14138361977917055,1.4492632848000975,1.4492632848000975,1.4492632848000975,0.007523984978556442,1.4492632848000975
GTQ,2620,nnls_nonneg,5.539689936308682e-07,False,True,5.539689936308682e-07,1.0762811262334076e-07,0.06151924240767754,0.8327122789934811,0.8327122789934811,0.8327122789934811,0.0,0.8327122789934811
GTQ,2640,nnls_original_legacy,1.8342465500867025e-06,False,False,1.8342465500867025e-06,5.719384531301085e-07,0.17482126859412905,0.4771688007762216,0.4771688007762216,0.4771688007762216,0.1518167776537931,0.4771688007762216
GTQ,2640,nnls_intermedia_legacy,1.1918459241185945e-06,False,False,1.1918459241185945e-06,5.719384531301085e-07,0.08585305818006798,0.21410336131782914,0.21410336131782914,0.21410336131782914,0.014537928676361833,0.21410336131782914
GTQ,2640,nnls_nonneg,2.5552811662205725e-06,False,True,2.5552811662205725e-06,5.719384531301085e-07,0.2746797632015185,0.7207121914450001,0.7207121914450001,0.7207121914450001,0.3295086296722405,0.7207121914450001
GTQ,2660,nnls_original_legacy,2.6095073116422184e-06,False,False,2.6095073116422184e-06,2.979661406280978e-08,0.36162926802555295,3.483940430697511,3.483940430697511,3.483940430697511,0.34237553561065126,3.483940430697511
GTQ,2660,nnls_intermedia_legacy,9.30765179518599e-07,False,False,9.30765179518599e-07,2.979661406280978e-08,0.1262996673020465,2.473625287009223,2.473625287009223,2.473625287009223,0.0,2.473625287009223
GTQ,2660,nnls_nonneg,3.673025632482376e-07,False,True,3.673025632482376e-07,2.979661406280978e-08,0.047312293379532626,1.5929139710091,1.5929139710091,1.5929139710091,0.0,1.5929139710091
GTQ,2680,nnls_original_legacy,2.231726444385315e-06,False,False,2.231726444385315e-06,4.7649779777778e-08,0.31070628333622224,2.8680038312512957,2.8680038312512957,2.8680038312512957,0.25085906754890397,2.8680038312512957
GTQ,2680,nnls_intermedia_legacy,1.1622289316543474e-06,False,False,1.1622289316543474e-06,4.7649779777778e-08,0.1585597938824352,2.2352155425840277,2.2352155425840277,2.2352155425840277,0.010755337190539116,2.2352155425840277
GTQ,2680,nnls_nonneg,1.3096923511091707e-06,False,True,1.3096923511091707e-06,4.7649779777778e-08,0.17953790867543934,2.350051955682697,2.350051955682697,2.350051955682697,0.03333035601134915,2.350051955682697
GTQ,2700,nnls_original_legacy,1.0328130634032613e-06,False,False,1.0328130634032613e-06,4.8896901779008257e-08,0.13522678467503615,2.097670870977001,2.097670870977001,2.097670870977001,0.0005156354430131405,2.097670870977001
GTQ,2700,nnls_intermedia_legacy,2.1614634734067998e-06,False,False,2.1614634734067998e-06,4.8896901779008257e-08,0.2903454542525211,2.8114488963364876,2.8114488963364876,2.8114488963364876,0.23343502846042385,2.8114488963364876
GTQ,2700,nnls_nonneg,2.463028197728836e-06,False,True,2.463028197728836e-06,4.8896901779008257e-08,0.3317916969630417,2.9392851620124385,2.9392851620124385,2.9392851620124385,0.30739585164701566,2.9392851620124385
GTQ,2720,nnls_original_legacy,3.128448554808355e-06,False,False,3.128448554808355e-06,2.1606999130035435e-08,0.42238392213599146,3.982181813268145,3.982181813268145,3.982181813268145,0.46018446952956693,3.982181813268145
GTQ,2720,nnls_intermedia_legacy,3.0629179313282044e-06,False,False,3.0629179313282044e-06,2.1606999130035435e-08,0.4134748479944491,3.9611604008756514,3.9611604008756514,3.9611604008756514,0.44585409148296984,3.9611604008756514
GTQ,2720,nnls_nonneg,7.50888652944455e-06,False,True,7.50888652944455e-06,2.1606999130035435e-08,1.0179168900205777,4.853702696435497,4.853702696435497,4.853702696435497,1.1492627272849356,4.853702696435497
GTQ,2740,nnls_original_legacy,7.646928524728528e-06,False,False,7.646928524728528e-06,5.624465048961584e-07,1.1049283874381763,1.68331526906438,1.68331526906438,1.68331526906438,1.1650755261740304,1.68331526906438
GTQ,2740,nnls_intermedia_legacy,7.506246619346723e-06,False,False,7.506246619346723e-06,5.624465048961584e-07,1.0829869906754916,1.6661252673459828,1.6661252673459828,1.6661252673459828,1.148957931205806,1.6661252673459828
GTQ,2740,nnls_nonneg,2.67237328714458e-06,False,True,2.67237328714458e-06,5.624465048961584e-07,0.3290738815619905,0.7688932445307954,0.7688932445307954,0.7688932445307954,0.3571661693397796,0.7688932445307954
GTQ,2760,nnls_original_legacy,1.281497239765104e-05,False,False,1.281497239765104e-05,5.097288463204558e-06,2.6231277909460866,0.3196658749147696,0.3196658749147696,0.3196658749147696,0.3196658749147696,0.3196658749147696
GTQ,2760,nnls_intermedia_legacy,1.287919113706611e-05,False,False,1.287919113706611e-05,5.097288463204558e-06,2.644954800381823,0.32268125896986755,0.32268125896986755,0.32268125896986755,0.32268125896986755,0.32268125896986755
GTQ,2760,nnls_nonneg,6.279170476432914e-06,False,True,6.279170476432914e-06,5.097288463204558e-06,0.40170439484847364,0.0203065224693717,0.0203065224693717,0.0203065224693717,0.0203065224693717,0.0203065224693717
GTQ,2780,nnls_original_legacy,-9.694604656971823e-06,True,False,1e-12,1.9328035171423806e-07,0.05841737572943677,193267.17981722462,1924.2367903149282,15.36647852995949,0.0,1924.2367903149282
GTQ,2780,nnls_intermedia_legacy,-1.117775498172173e-05,True,False,1e-12,1.9328035171423806e-07,0.05841737572943677,193267.17981722462,1924.2367903149282,15.36647852995949,0.0,1924.2367903149282
GTQ,2780,nnls_nonneg,3.18735523447513e-05,False,True,3.18735523447513e-05,1.9328035171423806e-07,9.57514776314136,4.111454103049666,4.111454103049666,4.111454103049666,2.4931505597319084,4.111454103049666
GTQ,2800,nnls_original_legacy,1.812321004627149e-06,False,False,1.812321004627149e-06,1.203462961009947e-06,0.16706227915161145,0.07345028827865807,0.07345028827865807,0.07345028827865807,0.07345028827865807,0.07345028827865807
GTQ,2800,nnls_intermedia_legacy,1.4382680887967778e-06,False,False,1.4382680887967778e-06,1.203462961009947e-06,0.0644272999523941,0.014981005426443872,0.014981005426443872,0.014981005426443872,0.014981005426443872,0.014981005426443872
GTQ,2800,nnls_nonneg,2.708998608862342e-06,False,True,2.708998608862342e-06,1.203462961009947e-06,0.4130982900052679,0.25562227792712955,0.25562227792712955,0.25562227792712955,0.25562227792712955,0.25562227792712955
GTQ,2820,nnls_original_legacy,-3.928237828250305e-06,True,False,1e-12,2.462216978569817e-07,0.06314851090403503,246208.28386936188,2453.4081611359366,20.418522537805753,0.0,2453.4081611359366
GTQ,2820,nnls_intermedia_legacy,-1.470005503272204e-06,True,False,1e-12,2.462216978569817e-07,0.06314851090403503,246208.28386936188,2453.4081611359366,20.418522537805753,0.0,2453.4081611359366
GTQ,2820,nnls_nonneg,3.682583761410197e-06,False,True,3.682583761410197e-06,2.462216978569817e-07,0.8813278052137944,1.7719986792581572,1.7719986792581572,1.7719986792581572,0.5751630886824148,1.7719986792581572
GTQ,2840,nnls_original_legacy,-2.1909893057534234e-07,True,False,1e-12,1.3539622761725052e-07,0.03379542571497356,135383.41165647248,1345.751485580446,9.934002355653785,0.0,1345.751485580446
GTQ,2840,nnls_intermedia_legacy,-1.400166219479995e-06,True,False,1e-12,1.3539622761725052e-07,0.03379542571497356,135383.41165647248,1345.751485580446,9.934002355653785,0.0,1345.751485580446
GTQ,2840,nnls_nonneg,6.735233831872025e-06,False,True,6.735233831872025e-06,1.3539622761725052e-07,1.6473573360798692,2.927004984698778,2.927004984698778,2.927004984698778,1.0558254728328293,2.927004984698778
GTQ,2860,nnls_original_legacy,2.8571053850119547e-06,False,False,2.8571053850119547e-06,4.468362588216916e-07,0.5719460728605271,1.0117668137477631,1.0117668137477631,1.0117668137477631,0.39981359956309603,1.0117668137477631
GTQ,2860,nnls_intermedia_legacy,4.482541895930169e-06,False,False,4.482541895930169e-06,4.468362588216916e-07,0.9576548798157234,1.405437012919076,1.405437012919076,1.405437012919076,0.7232779815484214,1.405437012919076
GTQ,2860,nnls_nonneg,2.84440313409111e-06,False,True,2.84440313409111e-06,4.468362588216916e-07,0.5689318855850384,1.008009467443324,1.008009467443324,1.008009467443324,0.3969208567492324,1.008009467443324
GTQ,2880,nnls_original_legacy,2.1232766901165543e-06,False,False,2.1232766901165543e-06,5.1268142668561035e-06,0.6874980240127371,0.533052664511108,0.533052664511108,0.533052664511108,0.533052664511108,0.533052664511108
GTQ,2880,nnls_intermedia_legacy,1.867412910816883e-06,False,False,1.867412910816883e-06,5.1268142668561035e-06,0.7460642440751167,0.7354796375044605,0.7354796375044605,0.7354796375044605,0.7354796375044605,0.7354796375044605
GTQ,2880,nnls_nonneg,2.63658202794177e-06,False,True,2.63658202794177e-06,5.1268142668561035e-06,0.5700044363836093,0.2794915354629892,0.2794915354629892,0.2794915354629892,0.2794915354629892,0.2794915354629892
GTQ,2900,nnls_original_legacy,7.312319936821091e-06,False,False,7.312319936821091e-06,2.0173515131073077e-05,2.082542064093107,0.7440292099346355,0.7440292099346355,0.7440292099346355,0.7440292099346355,0.7440292099346355
GTQ,2900,nnls_intermedia_legacy,7.0443699992013854e-06,False,False,7.0443699992013854e-06,2.0173515131073077e-05,2.125929712576473,0.8116365730741955,0.8116365730741955,0.8116365730741955,0.8116365730741955,0.8116365730741955
GTQ,2900,nnls_nonneg,3.4413777869319153e-06,False,True,3.4413777869319153e-06,2.0173515131073077e-05,2.709342274575728,3.0935473686023744,3.0935473686023744,3.0935473686023744,3.0935473686023744,3.0935473686023744
GTQ,2920,nnls_original_legacy,1.000498747462815e-05,False,False,1.000498747462815e-05,1.1090735242272579e-07,1.4478253984401799,3.5132290117004477,3.5132290117004477,3.5132290117004477,1.4030338662399053,3.5132290117004477
GTQ,2920,nnls_intermedia_legacy,1.0061547801181235e-05,False,False,1.0061547801181235e-05,1.1090735242272579e-07,1.4561020119622232,3.518803990633388,3.518803990633388,3.518803990633388,1.4081092967606095,3.518803990633388
GTQ,2920,nnls_nonneg,6.461842797350057e-06,False,True,6.461842797350057e-06,1.1090735242272579e-07,0.9293482089742939,3.0821380536384106,3.0821380536384106,3.0821380536384106,1.020669155745479,3.0821380536384106
GTQ,2940,nnls_original_legacy,3.938675407183137e-06,False,False,3.938675407183137e-06,5.005008184157977e-09,0.5059658163944901,5.669431440589677,5.669431440589677,4.978553586332556,0.6247369386925326,5.669431440589677
GTQ,2940,nnls_intermedia_legacy,2.9165763033426116e-06,False,False,2.9165763033426116e-06,5.005008184157977e-09,0.3744989787961114,5.369442716502604,5.369442716502604,4.679009293153329,0.4132781949975659,5.369442716502604
GTQ,2940,nnls_nonneg,4.617859047462801e-06,False,True,4.617859047462801e-06,5.005008184157977e-09,0.5933253738000445,5.8283312564315,5.8283312564315,5.1372668797149315,0.7464817561171568,5.8283312564315
GTQ,2960,nnls_original_legacy,3.007109697477036e-06,False,False,3.007109697477036e-06,7.525244842472983e-07,0.290545691529542,0.6355495609301895,0.6355495609301895,0.6355495609301895,0.43352461870639925,0.6355495609301895
GTQ,2960,nnls_intermedia_legacy,3.055705066043955e-06,False,False,3.055705066043955e-06,7.525244842472983e-07,0.29680811837531307,0.6476007927256628,0.6476007927256628,0.6476007927256628,0.44426707121541353,0.6476007927256628
GTQ,2960,nnls_nonneg,3.74089361977525e-06,False,True,3.74089361977525e-06,7.525244842472983e-07,0.3851075452516217,0.8048079547605225,0.8048079547605225,0.8048079547605225,0.5866403264909512,0.8048079547605225
GTQ,2980,nnls_original_legacy,3.2157991549520865e-06,False,False,3.2157991549520865e-06,6.097013524246841e-07,0.3379678634064495,0.8524575198914426,0.8524575198914426,0.8524575198914426,0.47904059149057265,0.8524575198914426
GTQ,2980,nnls_intermedia_legacy,2.9654695987270853e-06,False,False,2.9654695987270853e-06,6.097013524246841e-07,0.3055042524157953,0.7874216992413354,0.7874216992413354,0.7874216992413354,0.42425012045647614,0.7874216992413354
GTQ,2980,nnls_nonneg,3.854370339586088e-06,False,True,3.854370339586088e-06,6.097013524246841e-07,0.42078000449124664,1.0021781096272266,1.0021781096272266,1.0021781096272266,0.6086534067234968,1.0021781096272266
GTQ,3000,nnls_original_legacy,1.7359253605002084e-06,False,False,1.7359253605002084e-06,1.1145779715036057e-06,0.07605965946829839,0.08513039553686985,0.08513039553686985,0.08513039553686985,0.08513039553686985,0.08513039553686985
GTQ,3000,nnls_intermedia_legacy,3.245930298789559e-07,False,False,3.245930298789559e-07,1.1145779715036057e-06,0.09670272493151646,1.2001115736239898,1.2001115736239898,1.2001115736239898,0.006102139134694262,1.2001115736239898
GTQ,3000,nnls_nonneg,4.05324971743969e-06,False,True,4.05324971743969e-06,1.1145779715036057e-06,0.3597252941642771,0.5660269169556589,0.5660269169556589,0.5660269169556589,0.5660269169556589,0.5660269169556589
GTQ,3020,nnls_original_legacy,-3.716324600935495e-06,True,False,1e-12,4.165951530283297e-08,0.004612350998283056,41647.87801775282,409.56303813416406,1.7390068221057429,0.0,409.56303813416406
GTQ,3020,nnls_intermedia_legacy,-5.7542229249762805e-06,True,False,1e-12,4.165951530283297e-08,0.004612350998283056,41647.87801775282,409.56303813416406,1.7390068221057429,0.0,409.56303813416406
GTQ,3020,nnls_nonneg,4.403526945869083e-06,False,True,4.403526945869083e-06,4.165951530283297e-08,0.48293760474902103,3.670091764583484,3.670091764583484,3.670091764583484,0.70949649466714,3.670091764583484
GTQ,3040,nnls_original_legacy,5.2914558967615565e-06,False,False,5.2914558967615565e-06,7.052238130908259e-09,0.5876007007120412,5.621836431449473,5.621836431449473,5.273153449825056,0.8550773300666188,5.621836431449473
GTQ,3040,nnls_intermedia_legacy,3.9067210306195305e-06,False,False,3.9067210306195305e-06,7.052238130908259e-09,0.4336247310079599,5.318913813522858,5.318913813522858,4.9704282884022115,0.6186675453307555,5.318913813522858
GTQ,3040,nnls_nonneg,4.359948751475509e-06,False,True,4.359948751475509e-06,7.052238130908259e-09,0.484021510580644,5.428488055027891,5.428488055027891,5.07992409397247,0.7018207971685606,5.428488055027891
GTQ,3060,nnls_original_legacy,5.0349365473646955e-06,False,False,5.0349365473646955e-06,1.1663753626649189e-07,0.5043156564963968,2.788250699014183,2.788250699014183,2.788250699014183,0.8150131586302221,2.788250699014183
GTQ,3060,nnls_intermedia_legacy,3.7797480612712434e-06,False,False,3.7797480612712434e-06,1.1663753626649189e-07,0.37561034517584874,2.5092000382536956,2.5092000382536956,2.5092000382536956,0.5942252550745855,2.5092000382536956
GTQ,3060,nnls_nonneg,4.7830438540921e-06,False,True,4.7830438540921e-06,1.1663753626649189e-07,0.4784869241058361,2.738146896586973,2.738146896586973,2.738146896586973,0.7741490195242751,2.738146896586973
GTQ,3080,nnls_original_legacy,5.757930508636782e-06,False,False,5.757930508636782e-06,1.4467511365734932e-07,0.5678904343379879,2.7089690041258065,2.7089690041258065,2.7089690041258065,0.9242516331462864,2.7089690041258065
GTQ,3080,nnls_intermedia_legacy,5.262238797183299e-06,False,False,5.262238797183299e-06,1.4467511365734932e-07,0.5177415347231877,2.6213142816249606,2.6213142816249606,2.6213142816249606,0.8505897482539087,2.6213142816249606
GTQ,3080,nnls_nonneg,4.894927290141106e-06,False,True,4.894927290141106e-06,1.4467511365734932e-07,0.480580800604783,2.5510201991793635,2.5510201991793635,2.5510201991793635,0.7924925484493763,2.5510201991793635
GTQ,3100,nnls_original_legacy,1.013681436964747e-05,False,False,1.013681436964747e-05,0.00012216392491819347,10.716564058773933,8.562320504796654,8.562320504796654,8.562320504796654,8.562320504796654,8.562320504796654
GTQ,3100,nnls_intermedia_legacy,8.248765562443018e-06,False,False,8.248765562443018e-06,0.00012216392491819347,10.897175661531733,11.11466424270559,11.11466424270559,11.11466424270559,11.11466424270559,11.11466424270559
GTQ,3100,nnls_nonneg,5.761745777396286e-06,False,True,5.761745777396286e-06,0.00012216392491819347,11.135085098911553,17.148465252921802,17.148465252921802,17.148465252921802,17.148465252921802,17.148465252921802
GTQ,3120,nnls_original_legacy,9.381685698082855e-06,False,False,9.381685698082855e-06,2.1897971381738262e-07,0.8203366318283124,2.780876833825536,2.780876833825536,2.780876833825536,1.3453501113094344,2.780876833825536
GTQ,3120,nnls_intermedia_legacy,6.916800200432626e-06,False,False,6.916800200432626e-06,2.1897971381738262e-07,0.5996555502289295,2.4843885547827798,2.4843885547827798,2.4843885547827798,1.0785287859743389,2.4843885547827798
GTQ,3120,nnls_nonneg,5.698363430695829e-06,False,True,5.698363430695829e-06,2.1897971381738262e-07,0.49056896407216766,2.297383727771438,2.297383727771438,2.297383727771438,0.9156679986280383,2.297383727771438
GTQ,3140,nnls_original_legacy,-1.7938517368303762e-06,True,False,1e-12,8.832186020005051e-06,0.7718245448396601,8832169.026091943,88309.47145712716,875.4350292631565,5.653783468644441,88309.47145712716
GTQ,3140,nnls_intermedia_legacy,9.008193594487962e-07,False,False,9.008193594487962e-07,8.832186020005051e-06,0.6931040788745598,6.521760825937999,6.521760825937999,6.521760825937999,5.653783468644441,6.521760825937999
GTQ,3140,nnls_nonneg,5.905987940037263e-06,False,True,5.905987940037263e-06,8.832186020005051e-06,0.25571378951711926,0.09302711839139288,0.09302711839139288,0.09302711839139288,0.09302711839139288,0.09302711839139288
GTQ,3160,nnls_original_legacy,4.519761829960425e-06,False,False,4.519761829960425e-06,4.963816897938638e-06,0.038425082581317244,0.004531767877531623,0.004531767877531623,0.004531767877531623,0.004531767877531623,0.004531767877531623
GTQ,3160,nnls_intermedia_legacy,5.81763492341877e-06,False,False,5.81763492341877e-06,4.963816897938638e-06,0.07388279180748134,0.011955059372989796,0.011955059372989796,0.011955059372989796,0.011955059372989796,0.011955059372989796
GTQ,3160,nnls_nonneg,5.988774572020949e-06,False,True,5.988774572020949e-06,4.963816897938638e-06,0.08869189005832927,0.01656535380909796,0.01656535380909796,0.01656535380909796,0.01656535380909796,0.01656535380909796
GTQ,3180,nnls_original_legacy,6.158747739375498e-06,False,False,6.158747739375498e-06,3.3718694324453173e-07,0.4992380072605238,1.9597405125876097,1.9597405125876097,1.9597405125876097,0.9802441383360234,1.9597405125876097
GTQ,3180,nnls_intermedia_legacy,5.3845652549068365e-06,False,False,5.3845652549068365e-06,3.3718694324453173e-07,0.4328466503139458,1.833275364753372,1.833275364753372,1.833275364753372,0.8692525894352692,1.833275364753372
GTQ,3180,nnls_nonneg,6.025178662238629e-06,False,True,6.025178662238629e-06,3.3718694324453173e-07,0.48778356020815344,1.9390278855120449,1.9390278855120449,1.9390278855120449,0.96191731456102,1.9390278855120449
GTQ,3200,nnls_original_legacy,5.116426100466852e-06,False,False,5.116426100466852e-06,1.2190363099845844e-07,0.4230170163671364,2.7608065583858434,2.7608065583858434,2.7608065583858434,0.8279050967430999,2.7608065583858434
GTQ,3200,nnls_intermedia_legacy,3.197208197073159e-06,False,False,3.197208197073159e-06,1.2190363099845844e-07,0.2604665751157621,2.304930595984921,2.304930595984921,2.304930595984921,0.4750508656664214,2.304930595984921
GTQ,3200,nnls_nonneg,6.525581482490595e-06,False,True,6.525581482490595e-06,1.2190363099845844e-07,0.5423671061795912,2.9989354056140916,2.9989354056140916,2.9989354056140916,1.028973113888124,2.9989354056140916
GTQ,3220,nnls_original_legacy,6.216033672747729e-06,False,False,6.216033672747729e-06,7.178987580605747e-07,0.464092405429658,1.2740502080874876,1.2740502080874876,1.2740502080874876,0.9880063195610287,1.2740502080874876
GTQ,3220,nnls_intermedia_legacy,6.241236648052088e-06,False,False,6.241236648052088e-06,7.178987580605747e-07,0.46621976490964084,1.2776301510205887,1.2776301510205887,1.2776301510205887,0.9914030003330352,1.2776301510205887
GTQ,3220,nnls_nonneg,6.147061495302218e-06,False,True,6.147061495302218e-06,7.178987580605747e-07,0.4582705286959857,1.2641881943637037,1.2641881943637037,1.2641881943637037,0.9786535171209858,1.2641881943637037
GTQ,3240,nnls_original_legacy,5.583827740016732e-06,False,False,5.583827740016732e-06,2.5641892840336216e-07,0.4464708444956959,2.126738960900977,2.126738960900977,2.126738960900977,0.8989631353673457,2.126738960900977
GTQ,3240,nnls_intermedia_legacy,5.11570707635236e-06,False,False,5.11570707635236e-06,2.5641892840336216e-07,0.40723934651556937,2.043382207509121,2.043382207509121,2.043382207509121,0.8277920251603266,2.043382207509121
GTQ,3240,nnls_nonneg,6.22322461977014e-06,False,True,6.22322461977014e-06,2.5641892840336216e-07,0.5000563820367812,2.2304344800108726,2.2304344800108726,2.2304344800108726,0.9889765989062487,2.2304344800108726
GTQ,3260,nnls_original_legacy,5.3769969820521355e-06,False,False,5.3769969820521355e-06,1.927320516245393e-08,0.4576352365200569,4.634753898686208,4.634753898686208,4.634753898686208,0.8681074517091538,4.634753898686208
GTQ,3260,nnls_intermedia_legacy,5.5449066445892825e-06,False,False,5.5449066445892825e-06,1.927320516245393e-08,0.4719774051963598,4.665395105381276,4.665395105381276,4.665395105381276,0.893225472028502,4.665395105381276
GTQ,3260,nnls_nonneg,6.156019999991434e-06,False,True,6.156019999991434e-06,1.927320516245393e-08,0.5241762524281564,4.76960073597109,4.76960073597109,4.76960073597109,0.979873081978581,4.76960073597109
GTQ,3280,nnls_original_legacy,1.0019269917002732e-05,False,False,1.0019269917002732e-05,1.4002087802564128e-10,0.8983692872393774,10.178243223304301,10.178243223304301,5.9106784931300815,1.4043179018730356,10.178243223304301
GTQ,3280,nnls_intermedia_legacy,8.626200650703906e-06,False,False,8.626200650703906e-06,1.4002087802564128e-10,0.7734591746033468,10.028539408871977,10.028539408871977,5.761133604010188,1.2707300505278245,10.028539408871977
GTQ,3280,nnls_nonneg,1.1712107875851412e-05,False,True,1.1712107875851412e-05,1.4002087802564128e-10,1.0501582795241144,10.334354140831286,10.334354140831286,6.066647171148333,1.546004895122652,10.334354140831286
GTQ,3300,nnls_original_legacy,5.905911544433233e-06,False,False,5.905911544433233e-06,9.136088126148522e-08,0.5240380168389063,3.184361088525546,3.184361088525546,3.184361088525546,0.9452756782138731,3.184361088525546
GTQ,3300,nnls_intermedia_legacy,5.02485007022243e-06,False,False,5.02485007022243e-06,9.136088126148522e-08,0.4446321032258436,3.0255153162066675,3.0255153162066675,3.0255153162066675,0.8134065296959037,3.0255153162066675
GTQ,3300,nnls_nonneg,6.37579421867871e-06,False,True,6.37579421867871e-06,9.136088126148522e-08,0.5663863252504532,3.2597758871290132,3.2597758871290132,3.2597758871290132,1.0093518716572798,3.2597758871290132
GTQ,3320,nnls_original_legacy,4.350523024498294e-06,False,False,4.350523024498294e-06,3.3435292593993814e-08,0.3957113843760853,3.876124695882843,3.876124695882843,3.876124695882843,0.7001534938352472,3.876124695882843
GTQ,3320,nnls_intermedia_legacy,4.951476815076096e-06,False,False,4.951476815076096e-06,3.3435292593993814e-08,0.45079580034895705,4.004581740902772,4.004581740902772,4.004581740902772,0.8016458265447746,4.004581740902772
GTQ,3320,nnls_nonneg,5.190678281617134e-06,False,True,5.190678281617134e-06,3.3435292593993814e-08,0.47272140143651964,4.051449062203473,4.051449062203473,4.051449062203473,0.8395174282523021,4.051449062203473
GTQ,3340,nnls_original_legacy,-9.276883313313036e-06,True,False,1e-12,2.524304131310411e-06,0.2260679929454372,2524288.38983442,25231.905007298945,245.89927751186823,0.5983386981256538,25231.905007298945
GTQ,3340,nnls_intermedia_legacy,-4.041610628923941e-06,True,False,1e-12,2.524304131310411e-06,0.2260679929454372,2524288.38983442,25231.905007298945,245.89927751186823,0.5983386981256538,25231.905007298945
GTQ,3340,nnls_nonneg,9.295103632221665e-06,False,True,9.295103632221665e-06,2.524304131310411e-06,0.606369748078703,0.5750958699882001,0.5750958699882001,0.5750958699882001,0.5750958699882001,0.5750958699882001
GTQ,3360,nnls_original_legacy,4.9612188273277745e-06,False,False,4.9612188273277745e-06,3.5636719862998387e-06,0.12672798448143693,0.049165716848569296,0.049165716848569296,0.049165716848569296,0.049165716848569296,0.049165716848569296
GTQ,3360,nnls_intermedia_legacy,5.261317118548626e-06,False,False,5.261317118548626e-06,3.5636719862998387e-06,0.15394056188941063,0.06692450152060547,0.06692450152060547,0.06692450152060547,0.06692450152060547,0.06692450152060547
GTQ,3360,nnls_nonneg,5.244868013526056e-06,False,True,5.244868013526056e-06,3.5636719862998387e-06,0.1524489754431914,0.06591745669083027,0.06591745669083027,0.06591745669083027,0.06591745669083027,0.06591745669083027
GTQ,3380,nnls_original_legacy,1.0442469366694733e-05,False,False,1.0442469366694733e-05,6.613277562092405e-08,0.9279663087281913,4.068304948946394,4.068304948946394,4.068304948946394,1.4416438737627226,4.068304948946394
GTQ,3380,nnls_intermedia_legacy,8.429349066428359e-06,False,False,8.429349066428359e-06,6.613277562092405e-08,0.7479309178493906,3.8556558963679404,3.8556558963679404,3.8556558963679404,1.2503526751665315,3.8556558963679404
GTQ,3380,nnls_nonneg,6.446346206891553e-06,False,True,6.446346206891553e-06,6.613277562092405e-08,0.5705889602509058,3.589863251727553,3.589863251727553,3.589863251727553,1.018640126502825,3.589863251727553
GTQ,3400,nnls_original_legacy,5.747011566229106e-06,False,False,5.747011566229106e-06,4.801918841707965e-06,0.09614271263431368,0.015214974375375778,0.015214974375375778,0.015214974375375778,0.015214974375375778,0.015214974375375778
GTQ,3400,nnls_intermedia_legacy,6.48375894668632e-06,False,False,6.48375894668632e-06,4.801918841707965e-06,0.17109079957390025,0.04089207343018697,0.04089207343018697,0.04089207343018697,0.04089207343018697,0.04089207343018697
GTQ,3400,nnls_nonneg,4.9092369598647845e-06,False,True,4.9092369598647845e-06,4.801918841707965e-06,0.010917293855620618,0.00024247991508086209,0.00024247991508086209,0.00024247991508086209,0.00024247991508086209,0.00024247991508086209
GTQ,3420,nnls_original_legacy,6.457163946320047e-06,False,False,6.457163946320047e-06,1.8132926541694602e-07,0.6801352147908709,2.6007128323760287,2.6007128323760287,2.6007128323760287,1.0200569546393505,2.6007128323760287
GTQ,3420,nnls_intermedia_legacy,6.3177746932580286e-06,False,False,6.3177746932580286e-06,1.8132926541694602e-07,0.6650290903642101,2.5795092404676976,2.5795092404676976,2.5795092404676976,1.0016506212780336,2.5795092404676976
GTQ,3420,nnls_nonneg,5.848232884440279e-06,False,True,5.848232884440279e-06,1.8132926541694602e-07,0.6141431229620862,2.504586120571109,2.504586120571109,2.504586120571109,0.9371313671924211,2.504586120571109
GTQ,3440,nnls_original_legacy,2.8576970223259774e-06,False,False,2.8576970223259774e-06,3.5583899494529316e-07,0.29584993946576565,1.207812472027606,1.207812472027606,1.207812472027606,0.3999481914347709,1.207812472027606
GTQ,3440,nnls_intermedia_legacy,4.221987824149027e-06,False,False,4.221987824149027e-06,3.5583899494529316e-07,0.45718017751913165,1.5578653129962787,1.5578653129962787,1.5578653129962787,0.6771613198775144,1.5578653129962787
GTQ,3440,nnls_nonneg,3.964002708292982e-06,False,True,3.964002708292982e-06,3.5583899494529316e-07,0.4266728984993913,1.5002988078345156,1.5002988078345156,1.5002988078345156,0.6295245612382456,1.5002988078345156
GTQ,3460,nnls_original_legacy,1.2479422352752163e-05,False,False,1.2479422352752163e-05,9.48648466974428e-06,0.34073380682078863,0.03438313139547411,0.03438313139547411,0.03438313139547411,0.03438313139547411,0.03438313139547411
GTQ,3460,nnls_intermedia_legacy,1.2017746566159818e-05,False,False,1.2017746566159818e-05,9.48648466974428e-06,0.2881738924678451,0.025889319318038284,0.025889319318038284,0.025889319318038284,0.025889319318038284,0.025889319318038284
GTQ,3460,nnls_nonneg,9.550288096541427e-06,False,True,9.550288096541427e-06,9.48648466974428e-06,0.007263761161560414,2.2416342809750134e-05,2.2416342809750134e-05,2.2416342809750134e-05,2.2416342809750134e-05,2.2416342809750134e-05
GTQ,3480,nnls_original_legacy,2.16861175970823e-06,False,False,2.16861175970823e-06,0.0,0.24364861410356745,13.58959823984892,8.984473705185717,4.383868651686502,0.23521171458589007,8.984473705185717
GTQ,3480,nnls_intermedia_legacy,2.879972977541925e-07,False,False,2.879972977541925e-07,0.0,0.03235717142510668,11.570709848530923,6.965883415768198,2.3950885523168135,0.0,6.965883415768198
GTQ,3480,nnls_nonneg,8.120984199044432e-06,False,True,8.120984199044432e-06,0.0,0.9124116091302391,14.909962034709569,10.304804039362114,5.700852917437855,1.217589137832932,10.304804039362114
GTQ,3500,nnls_original_legacy,5.820136943965113e-06,False,False,5.820136943965113e-06,8.444027232364306e-09,0.6808251579911864,5.537070544951479,5.537070544951479,5.368212149975532,0.9331410543579048,5.537070544951479
GTQ,3500,nnls_intermedia_legacy,5.982379126424148e-06,False,False,5.982379126424148e-06,8.444027232364306e-09,0.699831420209116,5.564525743149746,5.564525743149746,5.395660097829415,0.9559759131592895,5.564525743149746
GTQ,3500,nnls_nonneg,5.88029324319348e-06,False,True,5.88029324319348e-06,8.444027232364306e-09,0.6878723166269084,5.5473385433432645,5.5473385433432645,5.378477413407721,0.941666178080115,5.5473385433432645
GTQ,3520,nnls_original_legacy,4.3463030973929165e-06,False,False,4.3463030973929165e-06,2.5840315513859025e-07,0.4620697543455003,1.8820134694775823,1.8820134694775823,1.8820134694775823,0.6994062154734069,1.8820134694775823
GTQ,3520,nnls_intermedia_legacy,4.256892241753069e-06,False,False,4.256892241753069e-06,2.5840315513859025e-07,0.45196332985250204,1.862475971420258,1.862475971420258,1.862475971420258,0.683452531388953,1.862475971420258
GTQ,3520,nnls_nonneg,4.316109580801916e-06,False,True,4.316109580801916e-06,2.5840315513859025e-07,0.45865687462948246,1.875458194581194,1.875458194581194,1.875458194581194,0.6940445688556529,1.875458194581194
GTQ,3540,nnls_original_legacy,3.0878867529369086e-06,False,False,3.0878867529369086e-06,4.839169413334308e-09,0.3613702851475099,5.4600662860265805,5.4600662860265805,4.735895604940276,0.45133303160456095,5.4600662860265805
GTQ,3540,nnls_intermedia_legacy,3.750509761873769e-06,False,False,3.750509761873769e-06,4.839169413334308e-09,0.4390376772969192,5.654194218820894,5.654194218820894,4.929728257450158,0.5885221891038757,5.654194218820894
GTQ,3540,nnls_nonneg,4.104389613334933e-06,False,True,4.104389613334933e-06,4.839169413334308e-09,0.480516655277637,5.744248243097592,5.744248243097592,5.01966364024594,0.6556986256147646,5.744248243097592
GTQ,3560,nnls_original_legacy,7.191964817021675e-06,False,False,7.191964817021675e-06,7.819938432723916e-08,0.8455087921986154,3.532331069734031,3.532331069734031,3.532331069734031,1.1120084669301407,3.532331069734031
GTQ,3560,nnls_intermedia_legacy,7.118070089133669e-06,False,False,7.118070089133669e-06,7.819938432723916e-08,0.8367260114452207,3.5221161757157438,3.5221161757157438,3.5221161757157438,1.1031241518168806,3.5221161757157438
GTQ,3560,nnls_nonneg,6.225856130340534e-06,False,True,6.225856130340534e-06,7.819938432723916e-08,0.730681645234484,3.389764891033238,3.389764891033238,3.389764891033238,0.9893314438620131,3.389764891033238
GTQ,3580,nnls_original_legacy,3.6872911182175973e-06,False,False,3.6872911182175973e-06,8.205892327369095e-07,0.34389038265354416,0.7251699739861199,0.7251699739861199,0.7251699739861199,0.5760938773045166,0.7251699739861199
GTQ,3580,nnls_intermedia_legacy,3.91964753418419e-06,False,False,3.91964753418419e-06,8.205892327369095e-07,0.37176392513923556,0.7730871671273696,0.7730871671273696,0.7730871671273696,0.6211267153257445,0.7730871671273696
GTQ,3580,nnls_nonneg,3.996179470834985e-06,False,True,3.996179470834985e-06,8.205892327369095e-07,0.3809447182706586,0.7884148310000076,0.7884148310000076,0.7884148310000076,0.6355777837594148,0.7884148310000076
GTQ,3600,nnls_original_legacy,2.1642595454760885e-05,False,False,2.1642595454760885e-05,1.7179788242036607e-05,0.5916194672676647,0.024724987260977827,0.024724987260977827,0.024724987260977827,0.024724987260977827,0.024724987260977827
GTQ,3600,nnls_intermedia_legacy,2.19661502453842e-05,False,False,2.19661502453842e-05,1.7179788242036607e-05,0.6345120466994382,0.027871881286882783,0.027871881286882783,0.027871881286882783,0.027871881286882783,0.027871881286882783
GTQ,3600,nnls_nonneg,1.2470790953448717e-05,False,True,1.2470790953448717e-05,1.7179788242036607e-05,0.6242560645003973,0.05725773050052885,0.05725773050052885,0.05725773050052885,0.05725773050052885,0.05725773050052885
GTQ,3620,nnls_original_legacy,3.8933167650120645e-06,False,False,3.8933167650120645e-06,8.519480794518652e-08,0.5333838693719546,2.843958540964881,2.843958540964881,2.843958540964881,0.6161118412722686,2.843958540964881
GTQ,3620,nnls_intermedia_legacy,3.853648976131581e-06,False,False,3.853648976131581e-06,8.519480794518652e-08,0.5278278081530543,2.833942840356875,2.833942840356875,2.833942840356875,0.6085148001019509,2.833942840356875
GTQ,3620,nnls_nonneg,3.996977349183853e-06,False,True,3.996977349183853e-06,8.519480794518652e-08,0.5479030691534376,2.8696680081654686,2.8696680081654686,2.8696680081654686,0.6357274712993739,2.8696680081654686
GTQ,3640,nnls_original_legacy,6.436338877498886e-06,False,False,6.436338877498886e-06,2.667145208558173e-06,0.476904805116455,0.2953397525229682,0.2953397525229682,0.2953397525229682,0.2953397525229682,0.2953397525229682
GTQ,3640,nnls_intermedia_legacy,6.6370244625065115e-06,False,False,6.6370244625065115e-06,2.667145208558173e-06,0.5022969521415349,0.3135136271963126,0.3135136271963126,0.3135136271963126,0.3135136271963126,0.3135136271963126
GTQ,3640,nnls_nonneg,6.754887403397662e-06,False,True,6.754887403397662e-06,2.667145208558173e-06,0.5172097976446272,0.32410434338089233,0.32410434338089233,0.32410434338089233,0.32410434338089233,0.32410434338089233
GTQ,3660,nnls_original_legacy,9.801381549583942e-06,False,False,9.801381549583942e-06,4.261805571725667e-06,0.6671177228538399,0.26764725807739786,0.26764725807739786,0.26764725807739786,0.26764725807739786,0.26764725807739786
GTQ,3660,nnls_intermedia_legacy,1.0033272200515127e-05,False,False,1.0033272200515127e-05,4.261805571725667e-06,0.6950437525027946,0.2809811395008279,0.2809811395008279,0.2809811395008279,0.2809811395008279,0.2809811395008279
GTQ,3660,nnls_nonneg,8.771447796444715e-06,False,True,8.771447796444715e-06,4.261805571725667e-06,0.5430852945902251,0.20768149871734076,0.20768149871734076,0.20768149871734076,0.20768149871734076,0.20768149871734076
GTQ,3680,nnls_original_legacy,4.315746819296557e-06,False,False,4.315746819296557e-06,3.542642343945807e-08,0.5160676240382426,3.810776339808095,3.810776339808095,3.810776339808095,0.6939799918517928,3.810776339808095
GTQ,3680,nnls_intermedia_legacy,4.3396106149658095e-06,False,False,4.3396106149658095e-06,3.542642343945807e-08,0.5189448227506299,3.816245439276373,3.816245439276373,3.816245439276373,0.698220045255473,3.816245439276373
GTQ,3680,nnls_nonneg,4.2102982471794865e-06,False,True,4.2102982471794865e-06,3.542642343945807e-08,0.5033539509862548,3.7862450315155662,3.7862450315155662,3.7862450315155662,0.6750463529374144,3.7862450315155662
GTQ,3700,nnls_original_legacy,1.0251363039374339e-05,False,False,1.0251363039374339e-05,5.1192713896944244e-06,0.630952814637503,0.19377325858559868,0.19377325858559868,0.19377325858559868,0.19377325858559868,0.19377325858559868
GTQ,3700,nnls_intermedia_legacy,1.1132727420569005e-05,False,False,1.1132727420569005e-05,5.1192713896944244e-06,0.7393100644677354,0.23671688578990513,0.23671688578990513,0.23671688578990513,0.23671688578990513,0.23671688578990513
GTQ,3700,nnls_nonneg,8.390447923285896e-06,False,True,8.390447923285896e-06,5.1192713896944244e-06,0.40216702700046625,0.1042126663349654,0.1042126663349654,0.1042126663349654,0.1042126663349654,0.1042126663349654
GTQ,3720,nnls_original_legacy,4.665330934499626e-06,False,False,4.665330934499626e-06,9.413176293580065e-06,0.5866258091833466,0.31573505538179925,0.31573505538179925,0.31573505538179925,0.31573505538179925,0.31573505538179925
GTQ,3720,nnls_intermedia_legacy,5.4486683373027845e-06,False,False,5.4486683373027845e-06,9.413176293580065e-06,0.48983960343548605,0.180871234072135,0.180871234072135,0.180871234072135,0.180871234072135,0.180871234072135
GTQ,3720,nnls_nonneg,7.329332494620948e-06,False,True,7.329332494620948e-06,9.413176293580065e-06,0.2574718556151231,0.03408963758430783,0.03408963758430783,0.03408963758430783,0.03408963758430783,0.03408963758430783
GTQ,3740,nnls_original_legacy,6.269182399744469e-06,False,False,6.269182399744469e-06,2.885175228682053e-07,0.7372910730899632,2.124666959451462,2.124666959451462,2.124666959451462,0.9951563805146373,2.124666959451462
GTQ,3740,nnls_intermedia_legacy,5.8709333923058e-06,False,False,5.8709333923058e-06,2.885175228682053e-07,0.6881952879061541,2.0621564709278144,2.0621564709278144,2.0621564709278144,0.9403442987071438,2.0621564709278144
GTQ,3740,nnls_nonneg,4.527185916705383e-06,False,True,4.527185916705383e-06,2.885175228682053e-07,0.5225392883402955,1.8168299851928351,1.8168299851928351,1.8168299851928351,0.7309883056885114,1.8168299851928351
GTQ,3760,nnls_original_legacy,3.019846645280031e-06,False,False,3.019846645280031e-06,6.397072657932401e-07,0.29823815570666423,0.7637850096849264,0.7637850096849264,0.7637850096849264,0.43634869353033934,0.7637850096849264
GTQ,3760,nnls_intermedia_legacy,1.966384832001358e-06,False,False,1.966384832001358e-06,6.397072657932401e-07,0.16623642882990705,0.44826285203425087,0.44826285203425087,0.44826285203425087,0.18474420026390437,0.44826285203425087
GTQ,3760,nnls_nonneg,3.954396177465142e-06,False,True,3.954396177465142e-06,6.397072657932401e-07,0.4153398394557524,0.9833436831134894,0.9833436831134894,0.9833436831134894,0.6277110254640301,0.9833436831134894
GTQ,3780,nnls_original_legacy,7.689590243203126e-06,False,False,7.689590243203126e-06,1.3157304314382495e-05,0.674685216672454,0.17394445430526684,0.17394445430526684,0.17394445430526684,0.17394445430526684,0.17394445430526684
GTQ,3780,nnls_intermedia_legacy,6.350472977705885e-06,False,False,6.350472977705885e-06,1.3157304314382495e-05,0.8399247684595781,0.34341433470658633,0.34341433470658633,0.34341433470658633,0.34341433470658633,0.34341433470658633
GTQ,3780,nnls_nonneg,8.027931921949626e-06,False,True,8.027931921949626e-06,1.3157304314382495e-05,0.63293575321063,0.14489057909522063,0.14489057909522063,0.14489057909522063,0.14489057909522063,0.14489057909522063
GTQ,3800,nnls_original_legacy,4.5209562531779566e-06,False,False,4.5209562531779566e-06,3.712583128657667e-06,0.0987333003916223,0.018189853080482266,0.018189853080482266,0.018189853080482266,0.018189853080482266,0.018189853080482266
GTQ,3800,nnls_intermedia_legacy,4.713368315082621e-06,False,False,4.713368315082621e-06,3.712583128657667e-06,0.12223417805659699,0.02634581218579024,0.02634581218579024,0.02634581218579024,0.02634581218579024,0.02634581218579024
GTQ,3800,nnls_nonneg,4.224986536780443e-06,False,True,4.224986536780443e-06,3.712583128657667e-06,0.06258406926368232,0.008008879178445394,0.008008879178445394,0.008008879178445394,0.008008879178445394,0.008008879178445394
GTQ,3820,nnls_original_legacy,4.0447885016911275e-06,False,False,4.0447885016911275e-06,3.840465271889604e-07,0.43766286810519917,1.4493693137059287,1.4493693137059287,1.4493693137059287,0.6446609782611148,1.4493693137059287
GTQ,3820,nnls_intermedia_legacy,4.81900204351667e-06,False,False,4.81900204351667e-06,3.840465271889604e-07,0.5302245732462264,1.6092526339075284,1.6092526339075284,1.6092526339075284,0.7800787056520377,1.6092526339075284
GTQ,3820,nnls_nonneg,4.18842365197819e-06,False,True,4.18842365197819e-06,3.840465271889604e-07,0.4548352807672268,1.4810083942039491,1.4810083942039491,1.4810083942039491,0.6710777539062409,1.4810083942039491
GTQ,3840,nnls_original_legacy,4.674493285005708e-06,False,False,4.674493285005708e-06,1.3912581890038752e-09,0.5776060455713579,7.119965165541405,7.119965165541405,5.149430223925017,0.7560476991098712,7.119965165541405
GTQ,3840,nnls_intermedia_legacy,5.174017038473193e-06,False,False,5.174017038473193e-06,1.3912581890038752e-09,0.6393483183172965,7.221465039405585,7.221465039405585,5.250752297102972,0.8369228030064055,7.221465039405585
GTQ,3840,nnls_nonneg,4.0580908608824834e-06,False,True,4.0580908608824834e-06,1.3912581890038752e-09,0.5014173031396104,6.97860223666872,6.97860223666872,5.008347030635855,0.647133925437402,6.97860223666872
GTQ,3860,nnls_original_legacy,4.812128219414407e-06,False,False,4.812128219414407e-06,9.376398419440116e-08,0.5862877106387782,2.957598834594931,2.957598834594931,2.957598834594931,0.7789477051474638,2.957598834594931
GTQ,3860,nnls_intermedia_legacy,4.612007341955453e-06,False,False,4.612007341955453e-06,9.376398419440116e-08,0.5614213787391251,2.915968061378104,2.915968061378104,2.915968061378104,0.7454885213200211,2.915968061378104
GTQ,3860,nnls_nonneg,4.021307521035488e-06,False,True,4.021307521035488e-06,9.376398419440116e-08,0.48802305075570807,2.7818983545501945,2.7818983545501945,2.7818983545501945,0.6402824399966514,2.7818983545501945
GTQ,3880,nnls_original_legacy,4.2617721490804775e-06,False,False,4.2617721490804775e-06,1.8263693008957306e-05,1.7935992926379736,1.8302391065228316,1.8302391065228316,1.8302391065228316,1.8302391065228316,1.8302391065228316
GTQ,3880,nnls_intermedia_legacy,4.863708025810871e-06,False,False,4.863708025810871e-06,1.8263693008957306e-05,1.7164933174277588,1.4319825196987628,1.4319825196987628,1.4319825196987628,1.4319825196987628,1.4319825196987628
GTQ,3880,nnls_nonneg,4.877877343504736e-06,False,True,4.877877343504736e-06,1.8263693008957306e-05,1.7146782751598295,1.4239837088708507,1.4239837088708507,1.4239837088708507,1.4239837088708507,1.4239837088708507
GTQ,3900,nnls_original_legacy,2.749639184270993e-06,False,False,2.749639184270993e-06,1.1429004913922911e-07,0.3541193905956487,2.222050939967619,2.222050939967619,2.222050939967619,0.375153778418559,2.222050939967619
GTQ,3900,nnls_intermedia_legacy,2.647604956297377e-06,False,False,2.647604956297377e-06,1.1429004913922911e-07,0.3404087599440072,2.1858385470163313,2.1858385470163313,2.1858385470163313,0.35135529320127423,2.1858385470163313
GTQ,3900,nnls_nonneg,3.936018132511618e-06,False,True,3.936018132511618e-06,1.1429004913922911e-07,0.5135365185070407,2.568222329349177,2.568222329349177,2.568222329349177,0.6242334562361891,2.568222329349177
BTC,500,nnls_original_legacy,0.0011808968137261473,False,False,0.0011808968137261473,0.00857277101404237,2.9440468906518196,4.277225986623666,4.277225986623666,4.277225986623666,4.277225986623666,4.277225986623666
BTC,500,nnls_intermedia_legacy,0.0027243624613648406,False,False,0.0027243624613648406,0.00857277101404237,2.3293130467554772,1.0003506376187028,1.0003506376187028,1.0003506376187028,1.0003506376187028,1.0003506376187028
BTC,500,nnls_nonneg,0.0036212039052104833,False,True,0.0036212039052104833,0.00857277101404237,1.9721176734835002,0.5055969890110887,0.5055969890110887,0.5055969890110887,0.5055969890110887,0.5055969890110887
BTC,520,nnls_original_legacy,0.0028777763607617047,False,False,0.0028777763607617047,0.0035253036457648613,0.2297553305974351,0.022060917842708028,0.022060917842708028,0.022060917842708028,0.022060917842708028,0.022060917842708028
BTC,520,nnls_intermedia_legacy,0.0029875850057818447,False,False,0.0029875850057818447,0.0035253036457648613,0.19079307815901364,0.014483179154475723,0.014483179154475723,0.014483179154475723,0.014483179154475723,0.014483179154475723
BTC,520,nnls_nonneg,0.004345875755782293,False,True,0.004345875755782293,0.0035253036457648613,0.29115501505881863,0.020444436262188503,0.020444436262188503,0.020444436262188503,0.020444436262188503,0.020444436262188503
BTC,540,nnls_original_legacy,0.0030883599227502375,False,False,0.0030883599227502375,0.003451358450706272,0.11788001274371003,0.006409910434161281,0.006409910434161281,0.006409910434161281,0.006409910434161281,0.006409910434161281
BTC,540,nnls_intermedia_legacy,0.003251689349298613,False,False,0.003251689349298613,0.003451358450706272,0.0648404729104321,0.0018114821286354665,0.0018114821286354665,0.0018114821286354665,0.0018114821286354665,0.0018114821286354665
BTC,540,nnls_nonneg,0.002735384120012421,False,True,0.002735384120012421,0.003451358450706272,0.23250524926807034,0.029249408602759264,0.029249408602759264,0.029249408602759264,0.029249408602759264,0.029249408602759264
BTC,560,nnls_original_legacy,0.001416563468100818,False,False,0.001416563468100818,0.0012767637989637222,0.04339259618791859,0.005215942681977559,0.005215942681977559,0.005215942681977559,0.005215942681977559,0.005215942681977559
BTC,560,nnls_intermedia_legacy,0.00191841568838741,False,False,0.00191841568838741,0.0012767637989637222,0.19916314182169248,0.07270140455669427,0.07270140455669427,0.07270140455669427,0.07270140455669427,0.07270140455669427
BTC,560,nnls_nonneg,0.002051763984204653,False,True,0.002051763984204653,0.0012767637989637222,0.24055328808212698,0.09664746188421214,0.09664746188421214,0.09664746188421214,0.09664746188421214,0.09664746188421214
BTC,580,nnls_original_legacy,0.0019974704270281207,False,False,0.0019974704270281207,0.0002947646394605771,0.517033345616037,1.0610286299338503,1.0610286299338503,1.0610286299338503,1.0610286299338503,1.0610286299338503
BTC,580,nnls_intermedia_legacy,0.0017604988999084725,False,False,0.0017604988999084725,0.0002947646394605771,0.4450760043201891,0.9546077555574513,0.9546077555574513,0.9546077555574513,0.9546077555574513,0.9546077555574513
BTC,580,nnls_nonneg,0.0018500343957481243,False,True,0.0018500343957481243,0.0002947646394605771,0.4722638116932404,0.9961115798797957,0.9961115798797957,0.9961115798797957,0.9961115798797957,0.9961115798797957
BTC,600,nnls_original_legacy,0.0016785828665061694,False,False,0.0016785828665061694,0.015407496193674878,4.074361133557268,5.961967105760323,5.961967105760323,5.961967105760323,5.961967105760323,5.961967105760323
BTC,600,nnls_intermedia_legacy,0.0018860008757582093,False,False,0.0018860008757582093,0.015407496193674878,4.012805214661347,5.069004830695214,5.069004830695214,5.069004830695214,5.069004830695214,5.069004830695214
BTC,600,nnls_nonneg,0.001986041336353206,False,True,0.001986041336353206,0.015407496193674878,3.983115977449483,4.70918222884889,4.70918222884889,4.70918222884889,4.70918222884889,4.70918222884889
BTC,620,nnls_original_legacy,0.0019404334254851995,False,False,0.0019404334254851995,0.00016228215608277198,0.5099305024907742,1.5649620291422464,1.5649620291422464,1.5649620291422464,1.5649620291422464,1.5649620291422464
BTC,620,nnls_intermedia_legacy,0.0017561630113318702,False,False,0.0017561630113318702,0.00016228215608277198,0.45708623299565493,1.4739573046668322,1.4739573046668322,1.4739573046668322,1.4739573046668322,1.4739573046668322
BTC,620,nnls_nonneg,0.0017625175010078959,False,True,0.0017625175010078959,0.00016228215608277198,0.45890854596155756,1.4772360077592457,1.4772360077592457,1.4772360077592457,1.4772360077592457,1.4772360077592457
BTC,640,nnls_original_legacy,0.0018392526547617188,False,False,0.0018392526547617188,0.0021012571380675917,0.07629797288437153,0.009275120338167131,0.009275120338167131,0.009275120338167131,0.009275120338167131,0.009275120338167131
BTC,640,nnls_intermedia_legacy,0.0016426469415252438,False,False,0.0016426469415252438,0.0021012571380675917,0.13355125797383643,0.03296288132475822,0.03296288132475822,0.03296288132475822,0.03296288132475822,0.03296288132475822
BTC,640,nnls_nonneg,0.0016477658661178806,False,True,0.0016477658661178806,0.0021012571380675917,0.1320605828340901,0.03210039009502963,0.03210039009502963,0.03210039009502963,0.03210039009502963,0.03210039009502963
BTC,660,nnls_original_legacy,0.003776975659541244,False,False,0.003776975659541244,0.00031184663106296134,1.0347166609221239,1.5767325467754092,1.5767325467754092,1.5767325467754092,1.5767325467754092,1.5767325467754092
BTC,660,nnls_intermedia_legacy,0.0034023825059269334,False,False,0.0034023825059269334,0.00031184663106296134,0.9228599958667676,1.4813750734534405,1.4813750734534405,1.4813750734534405,1.4813750734534405,1.4813750734534405
BTC,660,nnls_nonneg,0.0035235099071350483,False,True,0.0035235099071350483,0.00031184663106296134,0.9590296562442558,1.5132059467912655,1.5132059467912655,1.5132059467912655,1.5132059467912655,1.5132059467912655
BTC,680,nnls_original_legacy,0.0017797948731939441,False,False,0.0017797948731939441,8.082168109461933e-06,0.5200872491894003,4.399134297142334,4.399134297142334,4.399134297142334,4.399134297142334,4.399134297142334
BTC,680,nnls_intermedia_legacy,0.002198245598501683,False,False,0.002198245598501683,8.082168109461933e-06,0.6429236921533477,4.609431343802126,4.609431343802126,4.609431343802126,4.609431343802126,4.609431343802126
BTC,680,nnls_nonneg,0.0023849094016389462,False,True,0.0023849094016389462,8.082168109461933e-06,0.6977189553008577,4.69064512741279,4.69064512741279,4.69064512741279,4.69064512741279,4.69064512741279
BTC,700,nnls_original_legacy,0.0018953436296694833,False,False,0.0018953436296694833,7.781579755100262e-05,0.529216697637127,2.2338672725373017,2.2338672725373017,2.2338672725373017,2.2338672725373017,2.2338672725373017
BTC,700,nnls_intermedia_legacy,0.0016601370503658355,False,False,0.0016601370503658355,7.781579755100262e-05,0.4607306767014722,2.1071840910877904,2.1071840910877904,2.1071840910877904,2.1071840910877904,2.1071840910877904
BTC,700,nnls_nonneg,0.0016463804779851966,False,True,0.0016463804779851966,7.781579755100262e-05,0.45672512164067175,2.0992548154656507,2.0992548154656507,2.0992548154656507,2.0992548154656507,2.0992548154656507
BTC,720,nnls_original_legacy,0.001966197231432384,False,False,0.001966197231432384,0.0036197401109315723,0.49464986996172383,0.23068436188577324,0.23068436188577324,0.23068436188577324,0.23068436188577324,0.23068436188577324
BTC,720,nnls_intermedia_legacy,0.0021931473063779164,False,False,0.0021931473063779164,0.0036197401109315723,0.42675878201267003,0.14941282902817044,0.14941282902817044,0.14941282902817044,0.14941282902817044,0.14941282902817044
BTC,720,nnls_nonneg,0.002348488596089688,False,True,0.002348488596089688,0.0036197401109315723,0.3802891381296599,0.10867597279632712,0.10867597279632712,0.10867597279632712,0.10867597279632712,0.10867597279632712
BTC,740,nnls_original_legacy,0.0020312181478169015,False,False,0.0020312181478169015,9.661751326314093e-05,0.5787654190526093,2.0931972342558964,2.0931972342558964,2.0931972342558964,2.0931972342558964,2.0931972342558964
BTC,740,nnls_intermedia_legacy,0.0019472704305455455,False,False,0.0019472704305455455,9.661751326314093e-05,0.5536511733022075,2.0530407656357372,2.0530407656357372,2.0530407656357372,2.0530407656357372,2.0530407656357372
BTC,740,nnls_nonneg,0.0018816830507798255,False,True,0.0018816830507798255,9.661751326314093e-05,0.5340297038078458,2.020508200620864,2.020508200620864,2.020508200620864,2.020508200620864,2.020508200620864
BTC,760,nnls_original_legacy,0.0017823152449570488,False,False,0.0017823152449570488,1.82017056849348e-05,0.524868865226202,3.594365582975726,3.594365582975726,3.594365582975726,3.594365582975726,3.594365582975726
BTC,760,nnls_intermedia_legacy,0.0016765080011514972,False,False,0.0016765080011514972,1.82017056849348e-05,0.4933885059677804,3.533809945272865,3.533809945272865,3.533809945272865,3.533809945272865,3.533809945272865
BTC,760,nnls_nonneg,0.0016439601110713204,False,True,0.0016439601110713204,1.82017056849348e-05,0.48370467680849716,3.5144198691116717,3.5144198691116717,3.5144198691116717,3.5144198691116717,3.5144198691116717
BTC,780,nnls_original_legacy,0.001696269393686215,False,False,0.001696269393686215,2.0812056990667e-06,0.5164766711898235,5.7044661866838435,5.7044661866838435,5.7044661866838435,5.7044661866838435,5.7044661866838435
BTC,780,nnls_intermedia_legacy,0.001414751449856617,False,False,0.001414751449856617,2.0812056990667e-06,0.43065536070007204,5.523232827198882,5.523232827198882,5.523232827198882,5.523232827198882,5.523232827198882
BTC,780,nnls_nonneg,0.0013960787106905381,False,True,0.0013960787106905381,2.0812056990667e-06,0.42496293866875673,5.509966026937594,5.509966026937594,5.509966026937594,5.509966026937594,5.509966026937594
BTC,800,nnls_original_legacy,0.0016018030467894442,False,False,0.0016018030467894442,0.0005755461760009855,0.3218862738087879,0.38287716713262787,0.38287716713262787,0.38287716713262787,0.38287716713262787,0.38287716713262787
BTC,800,nnls_intermedia_legacy,0.0011115043652034763,False,False,0.0011115043652034763,0.0005755461760009855,0.1681037071227131,0.1759584906382463,0.1759584906382463,0.1759584906382463,0.1759584906382463,0.1759584906382463
BTC,800,nnls_nonneg,0.0011628226173593826,False,True,0.0011628226173593826,0.0005755461760009855,0.1841997172299618,0.19824228236327013,0.19824228236327013,0.19824228236327013,0.19824228236327013,0.19824228236327013
BTC,820,nnls_original_legacy,0.0016002358597706824,False,False,0.0016002358597706824,0.0001533522603013233,0.453117164229143,1.4409997157847783,1.4409997157847783,1.4409997157847783,1.4409997157847783,1.4409997157847783
BTC,820,nnls_intermedia_legacy,0.0015167387383672323,False,False,0.0015167387383672323,0.0001533522603013233,0.426968565347033,1.3926866878592556,1.3926866878592556,1.3926866878592556,1.3926866878592556,1.3926866878592556
BTC,820,nnls_nonneg,0.0014876534346812919,False,True,0.0014876534346812919,0.0001533522603013233,0.417859988588163,1.3753009750463945,1.3753009750463945,1.3753009750463945,1.3753009750463945,1.3753009750463945
BTC,840,nnls_original_legacy,0.0020599318886946067,False,False,0.0020599318886946067,0.0002654622775419754,0.5810744677402804,1.1778248919088168,1.1778248919088168,1.1778248919088168,1.1778248919088168,1.1778248919088168
BTC,840,nnls_intermedia_legacy,0.0025028216447426444,False,False,0.0025028216447426444,0.0002654622775419754,0.7244883922023017,1.3497664822230568,1.3497664822230568,1.3497664822230568,1.3497664822230568,1.3497664822230568
BTC,840,nnls_nonneg,0.002192229218654933,False,True,0.002192229218654933,0.0002654622775419754,0.6239142016161738,1.2322938543134008,1.2322938543134008,1.2322938543134008,1.2322938543134008,1.2322938543134008
BTC,860,nnls_original_legacy,0.0027017514939443156,False,False,0.0027017514939443156,0.005046722245323705,0.7613734340836502,0.24310594066530866,0.24310594066530866,0.24310594066530866,0.24310594066530866,0.24310594066530866
BTC,860,nnls_intermedia_legacy,0.003109092323159487,False,False,0.003109092323159487,0.005046722245323705,0.6291165665727856,0.13880587286489532,0.13880587286489532,0.13880587286489532,0.13880587286489532,0.13880587286489532
BTC,860,nnls_nonneg,0.002727519475756381,False,True,0.002727519475756381,0.005046722245323705,0.7530069942079645,0.23495102564590287,0.23495102564590287,0.23495102564590287,0.23495102564590287,0.23495102564590287
BTC,880,nnls_original_legacy,0.0019270705916257973,False,False,0.0019270705916257973,4.127401497184855e-05,0.6095738243756832,2.8649411849855952,2.8649411849855952,2.8649411849855952,2.8649411849855952,2.8649411849855952
BTC,880,nnls_intermedia_legacy,0.001839764968545722,False,False,0.001839764968545722,4.127401497184855e-05,0.5813527409304833,2.819594378965532,2.819594378965532,2.819594378965532,2.819594378965532,2.819594378965532
BTC,880,nnls_nonneg,0.001831028998467486,False,True,0.001831028998467486,4.127401497184855e-05,0.5785288845526811,2.8149416891618295,2.8149416891618295,2.8149416891618295,2.8149416891618295,2.8149416891618295
BTC,900,nnls_original_legacy,0.0014254582353187242,False,False,0.0014254582353187242,0.00023371358019663114,0.4268878538044326,0.9721090668655619,0.9721090668655619,0.9721090668655619,0.9721090668655619,0.9721090668655619
BTC,900,nnls_intermedia_legacy,0.0012136704467753778,False,False,0.0012136704467753778,0.00023371358019663114,0.35102459389831303,0.8398757041959126,0.8398757041959126,0.8398757041959126,0.8398757041959126,0.8398757041959126
BTC,900,nnls_nonneg,0.001295273319663881,False,True,0.001295273319663881,0.00023371358019663114,0.3802550797426823,0.8928163848959674,0.8928163848959674,0.8928163848959674,0.8928163848959674,0.8928163848959674
BTC,920,nnls_original_legacy,0.0017937676953011176,False,False,0.0017937676953011176,5.366147460863836e-05,0.6327174381458748,2.5392937287663546,2.5392937287663546,2.5392937287663546,2.5392937287663546,2.5392937287663546
BTC,920,nnls_intermedia_legacy,0.002052226714712921,False,False,0.002052226714712921,5.366147460863836e-05,0.7266953382782319,2.670133286866139,2.670133286866139,2.670133286866139,2.670133286866139,2.670133286866139
BTC,920,nnls_nonneg,0.001961658513893735,False,True,0.001961658513893735,5.366147460863836e-05,0.693763969308703,2.6262054057310373,2.6262054057310373,2.6262054057310373,2.6262054057310373,2.6262054057310373
BTC,940,nnls_original_legacy,0.001335800220434361,False,False,0.001335800220434361,3.263596455994395e-06,0.4942293097169825,5.016899189719709,5.016899189719709,5.016899189719709,5.016899189719709,5.016899189719709
BTC,940,nnls_intermedia_legacy,0.0012091673325766604,False,False,0.0012091673325766604,3.263596455994395e-06,0.44726198166972314,4.917556496669802,4.917556496669802,4.917556496669802,4.917556496669802,4.917556496669802
BTC,940,nnls_nonneg,0.001236045019767357,False,True,0.001236045019767357,3.263596455994395e-06,0.4572307439146119,4.939482620496989,4.939482620496989,4.939482620496989,4.939482620496989,4.939482620496989
BTC,960,nnls_original_legacy,0.0013613504768758594,False,False,0.0013613504768758594,0.0007352823449549436,0.23214217904795081,0.15609036812249855,0.15609036812249855,0.15609036812249855,0.15609036812249855,0.15609036812249855
BTC,960,nnls_intermedia_legacy,0.0012417646323005804,False,False,0.0012417646323005804,0.0007352823449549436,0.1878004898170708,0.11616115199143384,0.11616115199143384,0.11616115199143384,0.11616115199143384,0.11616115199143384
BTC,960,nnls_nonneg,0.0012863994469325846,False,True,0.0012863994469325846,0.0007352823449549436,0.2043508021581303,0.13092957085986434,0.13092957085986434,0.13092957085986434,0.13092957085986434,0.13092957085986434
BTC,980,nnls_original_legacy,0.0014358964458836031,False,False,0.0014358964458836031,4.395765610139299e-06,0.5856630466807314,4.791964256763137,4.791964256763137,4.791964256763137,4.791964256763137,4.791964256763137
BTC,980,nnls_intermedia_legacy,0.0016365271755025734,False,False,0.0016365271755025734,4.395765610139299e-06,0.6677461403080271,4.922376016208357,4.922376016208357,4.922376016208357,4.922376016208357,4.922376016208357
BTC,980,nnls_nonneg,0.001609236301231825,False,True,0.001609236301231825,4.395765610139299e-06,0.6565807550642465,4.905604867072232,4.905604867072232,4.905604867072232,4.905604867072232,4.905604867072232
BTC,1000,nnls_original_legacy,0.0015438818589053604,False,False,0.0015438818589053604,0.00505254797674496,1.5508267845187238,1.087033308215819,1.087033308215819,1.087033308215819,1.087033308215819,1.087033308215819
BTC,1000,nnls_intermedia_legacy,0.0015606289242932247,False,False,0.0015606289242932247,0.00505254797674496,1.5434245989891475,1.0627038137804448,1.0627038137804448,1.0627038137804448,1.0627038137804448,1.0627038137804448
BTC,1000,nnls_nonneg,0.001551673923470132,False,True,0.001551673923470132,0.00505254797674496,1.5473827000638634,1.075633478606365,1.075633478606365,1.075633478606365,1.075633478606365,1.075633478606365
BTC,1020,nnls_original_legacy,0.001629245421810675,False,False,0.001629245421810675,7.966001923879204e-08,0.787796220249641,8.925908608739764,8.925908608739764,8.925908608739764,6.396486036281539,8.925908608739764
BTC,1020,nnls_intermedia_legacy,0.002064490591749003,False,False,0.002064490591749003,7.966001923879204e-08,0.9982625262578709,9.162664833675036,9.162664833675036,9.162664833675036,6.633123169150192,9.162664833675036
BTC,1020,nnls_nonneg,0.0020952206118651827,False,True,0.0020952206118651827,7.966001923879204e-08,1.0131222748871949,9.177439610394321,9.177439610394321,9.177439610394321,6.647891407514919,9.177439610394321
BTC,1040,nnls_original_legacy,0.0013674484686505783,False,False,0.0013674484686505783,0.009774814731565286,4.51913188615077,4.181351743773979,4.181351743773979,4.181351743773979,4.181351743773979,4.181351743773979
BTC,1040,nnls_intermedia_legacy,0.0014302149166170917,False,False,0.0014302149166170917,0.009774814731565286,4.4853936323961925,3.912523181927739,3.912523181927739,3.912523181927739,3.912523181927739,3.912523181927739
BTC,1040,nnls_nonneg,0.0013831317248912082,False,True,0.0013831317248912082,0.009774814731565286,4.510701814099748,4.111702248190697,4.111702248190697,4.111702248190697,4.111702248190697,4.111702248190697
BTC,1060,nnls_original_legacy,0.0022598654698845998,False,False,0.0022598654698845998,0.019425866058519127,8.845567984347985,5.444727452309724,5.444727452309724,5.444727452309724,5.444727452309724,5.444727452309724
BTC,1060,nnls_intermedia_legacy,0.002711178734419012,False,False,0.002711178734419012,0.019425866058519127,8.613008155221548,4.19587776263551,4.19587776263551,4.19587776263551,4.19587776263551,4.19587776263551
BTC,1060,nnls_nonneg,0.0027341272606073437,False,True,0.0027341272606073437,0.019425866058519127,8.601182876089618,4.144167257054733,4.144167257054733,4.144167257054733,4.144167257054733,4.144167257054733
BTC,1080,nnls_original_legacy,0.0012225432980939384,False,False,0.0012225432980939384,0.005387180166498304,2.124534173035408,1.9234465451372542,1.9234465451372542,1.9234465451372542,1.9234465451372542,1.9234465451372542
BTC,1080,nnls_intermedia_legacy,0.0011022362779610254,False,False,0.0011022362779610254,0.005387180166498304,2.1859072011300187,2.3008193330025692,2.3008193330025692,2.3008193330025692,2.3008193330025692,2.3008193330025692
BTC,1080,nnls_nonneg,0.001115201396735992,False,True,0.001115201396735992,0.005387180166498304,2.1792932180229077,2.255692103664517,2.255692103664517,2.255692103664517,2.255692103664517,2.255692103664517
BTC,1100,nnls_original_legacy,0.0010487586385199837,False,False,0.0010487586385199837,4.463946592500865e-06,0.5428196389785737,4.4635856435969075,4.4635856435969075,4.4635856435969075,4.4635856435969075,4.4635856435969075
BTC,1100,nnls_intermedia_legacy,0.0011186639000339618,False,False,0.0011186639000339618,4.463946592500865e-06,0.5791560764909415,4.527847471767917,4.527847471767917,4.527847471767917,4.527847471767917,4.527847471767917
BTC,1100,nnls_nonneg,0.0011635472933955921,False,True,0.0011635472933955921,4.463946592500865e-06,0.6024862605558676,4.5670318662461895,4.5670318662461895,4.5670318662461895,4.5670318662461895,4.5670318662461895
BTC,1120,nnls_original_legacy,0.0009878922367285417,False,False,0.0009878922367285417,5.81487697689116e-08,0.5313166799116764,8.74038303752011,8.74038303752011,8.74038303752011,5.896585875819897,8.74038303752011
BTC,1120,nnls_intermedia_legacy,0.0008394006567152264,False,False,0.0008394006567152264,5.81487697689116e-08,0.4514489630053466,8.57750796382302,8.57750796382302,8.57750796382302,5.733879459468239,8.57750796382302
BTC,1120,nnls_nonneg,0.0008910772977572672,False,True,0.0008910772977572672,5.81487697689116e-08,0.4792437735733643,8.637246990758689,8.637246990758689,8.637246990758689,5.793553414741414,8.637246990758689
BTC,1140,nnls_original_legacy,0.0008909532384239532,False,False,0.0008909532384239532,4.310481964949762e-05,0.4511263154320928,2.077037691706371,2.077037691706371,2.077037691706371,2.077037691706371,2.077037691706371
BTC,1140,nnls_intermedia_legacy,0.0009054263843367006,False,False,0.0009054263843367006,4.310481964949762e-05,0.4588272403188392,2.092378365162802,2.092378365162802,2.092378365162802,2.092378365162802,2.092378365162802
BTC,1140,nnls_nonneg,0.000935113569009663,False,True,0.000935113569009663,4.310481964949762e-05,0.47462330709269057,2.12312898282158,2.12312898282158,2.12312898282158,2.12312898282158,2.12312898282158
BTC,1160,nnls_original_legacy,0.001218745110775321,False,False,0.001218745110775321,7.968652453931496e-06,0.6564131852778845,4.03660001715457,4.03660001715457,4.03660001715457,4.03660001715457,4.03660001715457
BTC,1160,nnls_intermedia_legacy,0.0016482206909665246,False,False,0.0016482206909665246,7.968652453931496e-06,0.8892500823407973,4.336770914643382,4.336770914643382,4.336770914643382,4.336770914643382,4.336770914643382
BTC,1160,nnls_nonneg,0.0015677084030105055,False,True,0.0015677084030105055,7.968652453931496e-06,0.845600961953628,4.286937808970369,4.286937808970369,4.286937808970369,4.286937808970369,4.286937808970369
BTC,1180,nnls_original_legacy,0.0010034075663759023,False,False,0.0010034075663759023,7.050979325516521e-07,0.5321715941017894,6.261278330579492,6.261278330579492,6.261278330579492,5.912153656764817,6.261278330579492
BTC,1180,nnls_intermedia_legacy,0.0010310133014955626,False,False,0.0010310133014955626,7.050979325516521e-07,0.5468229872391658,6.288399848176266,6.288399848176266,6.288399848176266,5.939267305072612,6.288399848176266
BTC,1180,nnls_nonneg,0.0011657297323492918,False,True,0.0011657297323492918,7.050979325516521e-07,0.6183220211155175,6.411125979408985,6.411125979408985,6.411125979408985,6.061960381375189,6.411125979408985
BTC,1200,nnls_original_legacy,0.000996911166736239,False,False,0.000996911166736239,6.335707826092624e-08,0.5339382191656686,8.663693864656064,8.663693864656064,8.663693864656064,5.905664763830406,8.663693864656064
BTC,1200,nnls_intermedia_legacy,0.0011031126183960356,False,False,0.0011031126183960356,6.335707826092624e-08,0.5908225433550314,8.764917196610318,8.764917196610318,8.764917196610318,6.00679764169745,8.764917196610318
BTC,1200,nnls_nonneg,0.0010353147974908213,False,True,0.0010353147974908213,6.335707826092624e-08,0.5545082259570091,8.701490653420413,8.701490653420413,8.701490653420413,5.943426701417027,8.701490653420413
BTC,1220,nnls_original_legacy,0.0011433225349540277,False,False,0.0011433225349540277,0.0004402115483877383,0.38254162142719356,0.3394667179878892,0.3394667179878892,0.3394667179878892,0.3394667179878892,0.3394667179878892
BTC,1220,nnls_intermedia_legacy,0.0009804813765355433,False,False,0.0009804813765355433,0.0004402115483877383,0.29394462612108124,0.24976316926436404,0.24976316926436404,0.24976316926436404,0.24976316926436404,0.24976316926436404
BTC,1220,nnls_nonneg,0.0010366453383203569,False,True,0.0010366453383203569,0.0004402115483877383,0.3245017549633738,0.28113984090838184,0.28113984090838184,0.28113984090838184,0.28113984090838184,0.28113984090838184
BTC,1240,nnls_original_legacy,0.0009715114837049397,False,False,0.0009715114837049397,0.0003646426667407058,0.3290009764165843,0.3552706263680161,0.3552706263680161,0.3552706263680161,0.3552706263680161,0.3552706263680161
BTC,1240,nnls_intermedia_legacy,0.0011693882303884483,False,False,0.0011693882303884483,0.0003646426667407058,0.43627563125001634,0.4771415773795533,0.4771415773795533,0.4771415773795533,0.4771415773795533,0.4771415773795533
BTC,1240,nnls_nonneg,0.0013156259183283927,False,True,0.0013156259183283927,0.0003646426667407058,0.5155552725435333,0.5603128147072078,0.5603128147072078,0.5603128147072078,0.5603128147072078,0.5603128147072078
BTC,1260,nnls_original_legacy,0.0009191259642755167,False,False,0.0009191259642755167,2.0416590585181852e-05,0.48578107005667065,2.8292883948773597,2.8292883948773597,2.8292883948773597,2.8292883948773597,2.8292883948773597
BTC,1260,nnls_intermedia_legacy,0.0009234545975857366,False,False,0.0009234545975857366,2.0416590585181852e-05,0.488120834370786,2.8338827280296273,2.8338827280296273,2.8338827280296273,2.8338827280296273,2.8338827280296273
BTC,1260,nnls_nonneg,0.0009897991057559172,False,True,0.0009897991057559172,2.0416590585181852e-05,0.5239821563006481,2.9017811692247166,2.9017811692247166,2.9017811692247166,2.9017811692247166,2.9017811692247166
BTC,1280,nnls_original_legacy,0.0010913622928442588,False,False,0.0010913622928442588,6.531115962399939e-05,0.5483754211764327,1.8758627871785354,1.8758627871785354,1.8758627871785354,1.8758627871785354,1.8758627871785354
BTC,1280,nnls_intermedia_legacy,0.0013236741483254888,False,False,0.0013236741483254888,6.531115962399939e-05,0.6725350341520276,2.058344488979085,2.058344488979085,2.058344488979085,2.058344488979085,2.058344488979085
BTC,1280,nnls_nonneg,0.0017293394239139847,False,True,0.0017293394239139847,6.531115962399939e-05,0.8893437868106935,2.314098395249291,2.314098395249291,2.314098395249291,2.314098395249291,2.314098395249291
BTC,1300,nnls_original_legacy,0.000930216810942086,False,False,0.000930216810942086,0.21597413587133613,112.61455387565346,225.7286301451011,225.7286301451011,225.7286301451011,225.7286301451011,225.7286301451011
BTC,1300,nnls_intermedia_legacy,0.000814506090196172,False,False,0.000814506090196172,0.21597413587133613,112.67514945655789,258.57930086720313,258.57930086720313,258.57930086720313,258.57930086720313,258.57930086720313
BTC,1300,nnls_nonneg,0.0007848663903431157,False,True,0.0007848663903431157,0.21597413587133613,112.69067122341623,268.5557226928359,268.5557226928359,268.5557226928359,268.5557226928359,268.5557226928359
BTC,1320,nnls_original_legacy,0.0015967568869604302,False,False,0.0015967568869604302,0.0006644951360483311,0.31901048624848144,0.29285532663537506,0.29285532663537506,0.29285532663537506,0.29285532663537506,0.29285532663537506
BTC,1320,nnls_intermedia_legacy,0.0017930567161779129,False,False,0.0017930567161779129,0.0006644951360483311,0.38618229063485215,0.3632430310252375,0.3632430310252375,0.3632430310252375,0.3632430310252375,0.3632430310252375
BTC,1320,nnls_nonneg,0.0019039777330814198,False,True,0.0019039777330814198,0.0006644951360483311,0.42413833409898033,0.4016765898378687,0.4016765898378687,0.4016765898378687,0.4016765898378687,0.4016765898378687
BTC,1340,nnls_original_legacy,0.0016847037968852302,False,False,0.0016847037968852302,5.647412322725336e-08,0.613504461287161,9.303351302547833,9.303351302547833,9.303351302547833,6.429938615289001,9.303351302547833
BTC,1340,nnls_intermedia_legacy,0.001684751106673588,False,False,0.001684751106673588,5.647412322725336e-08,0.6135216902738029,9.303379383174422,9.303379383174422,9.303379383174422,6.429966680188604,9.303379383174422
BTC,1340,nnls_nonneg,0.0017022979504571843,False,True,0.0017022979504571843,5.647412322725336e-08,0.6199117915117852,9.3137402697834,9.3137402697834,9.3137402697834,6.440321794064217,9.3137402697834
BTC,1360,nnls_original_legacy,0.002053202041738509,False,False,0.002053202041738509,0.00031745819678233815,0.6327800722309109,1.021425830050212,1.021425830050212,1.021425830050212,1.021425830050212,1.021425830050212
BTC,1360,nnls_intermedia_legacy,0.0019226819315057869,False,False,0.0019226819315057869,0.00031745819678233815,0.5851978641645278,0.9662423593325982,0.9662423593325982,0.9662423593325982,0.9662423593325982,0.9662423593325982
BTC,1360,nnls_nonneg,0.0020945419860724447,False,True,0.0020945419860724447,0.00031745819678233815,0.6478508979392459,1.0383085343078795,1.0383085343078795,1.0383085343078795,1.0383085343078795,1.0383085343078795
BTC,1380,nnls_original_legacy,0.0016301082791099503,False,False,0.0016301082791099503,0.0006242148748733881,0.3686960777425325,0.3428355340906748,0.3428355340906748,0.3428355340906748,0.3428355340906748,0.3428355340906748
BTC,1380,nnls_intermedia_legacy,0.0017779656507800725,False,False,0.0017779656507800725,0.0006242148748733881,0.4228911174659199,0.3978142021011726,0.3978142021011726,0.3978142021011726,0.3978142021011726,0.3978142021011726
BTC,1380,nnls_nonneg,0.0017156082372628344,False,True,0.0017156082372628344,0.0006242148748733881,0.4000348847029422,0.3748729419809955,0.3748729419809955,0.3748729419809955,0.3748729419809955,0.3748729419809955
BTC,1400,nnls_original_legacy,0.0016264322974998524,False,False,0.0016264322974998524,2.2663627253380455e-05,0.5827974615100447,3.287317370060194,3.287317370060194,3.287317370060194,3.287317370060194,3.287317370060194
BTC,1400,nnls_intermedia_legacy,0.0014396549710834771,False,False,0.0014396549710834771,2.2663627253380455e-05,0.5149239871601763,3.1671398466623746,3.1671398466623746,3.1671398466623746,3.1671398466623746,3.1671398466623746
BTC,1400,nnls_nonneg,0.0014931944267023284,False,True,0.0014931944267023284,2.2663627253380455e-05,0.5343798222841415,3.20308964675397,3.20308964675397,3.20308964675397,3.20308964675397,3.20308964675397
BTC,1420,nnls_original_legacy,0.0015963224602944081,False,False,0.0015963224602944081,8.19316986341388e-09,0.5913972789824731,11.179917348209147,11.179917348209147,10.980634250779417,6.376084240241226,11.179917348209147
BTC,1420,nnls_intermedia_legacy,0.001464593417670109,False,False,0.001464593417670109,8.19316986341388e-09,0.5425947349124346,11.093792961779998,11.093792961779998,10.894509966153406,6.290015735681743,11.093792961779998
BTC,1420,nnls_nonneg,0.0015248916201028428,False,True,0.0015248916201028428,8.19316986341388e-09,0.5649338153683702,11.134138405971456,11.134138405971456,10.934855361562184,6.330334402041697,11.134138405971456
BTC,1440,nnls_original_legacy,0.0017467276287559063,False,False,0.0017467276287559063,9.362642247241128e-07,0.6377987608914281,6.5318929513952275,6.5318929513952275,6.5318929513952275,6.466071889100036,6.5318929513952275
BTC,1440,nnls_intermedia_legacy,0.002561143058058229,False,False,0.002561143058058229,9.362642247241128e-07,0.9353332556844935,6.914432060827773,6.914432060827773,6.914432060827773,6.848599395534018,6.914432060827773
BTC,1440,nnls_nonneg,0.002158859935389085,False,True,0.002158859935389085,9.362642247241128e-07,0.7883651343048718,6.743626789179445,6.743626789179445,6.743626789179445,6.677798761095877,6.743626789179445
BTC,1460,nnls_original_legacy,0.001640837061408697,False,False,0.001640837061408697,0.0003848614900060218,0.4718068363377762,0.6846302147384327,0.6846302147384327,0.6846302147384327,0.6846302147384327,0.6846302147384327
BTC,1460,nnls_intermedia_legacy,0.001348487997421325,False,False,0.001348487997421325,0.0003848614900060218,0.36198600054544544,0.5392579747526225,0.5392579747526225,0.5392579747526225,0.5392579747526225,0.5392579747526225
BTC,1460,nnls_nonneg,0.001465011032365104,False,True,0.001465011032365104,0.0003848614900060218,0.40575784271264853,0.5994366591395148,0.5994366591395148,0.5994366591395148,0.5994366591395148,0.5994366591395148
BTC,1480,nnls_original_legacy,0.0016014135372534046,False,False,0.0016014135372534046,0.0005393497908584107,0.39425609503221315,0.42507372909797114,0.42507372909797114,0.42507372909797114,0.42507372909797114,0.42507372909797114
BTC,1480,nnls_intermedia_legacy,0.0016893707316092518,False,False,0.0016893707316092518,0.0005393497908584107,0.42690729896835505,0.46100783160284675,0.46100783160284675,0.46100783160284675,0.46100783160284675,0.46100783160284675
BTC,1480,nnls_nonneg,0.001635605856759539,False,True,0.001635605856759539,0.0005393497908584107,0.4069488645710848,0.4391596017946444,0.4391596017946444,0.4391596017946444,0.4391596017946444,0.4391596017946444
BTC,1500,nnls_original_legacy,0.0015416482893247745,False,False,0.0015416482893247745,3.7310438871411015e-05,0.5800691006442937,2.7455359450182493,2.7455359450182493,2.7455359450182493,2.7455359450182493,2.7455359450182493
BTC,1500,nnls_intermedia_legacy,0.0013345917506222705,False,False,0.0013345917506222705,3.7310438871411015e-05,0.5002285913122411,2.605064012789008,2.605064012789008,2.605064012789008,2.605064012789008,2.605064012789008
BTC,1500,nnls_nonneg,0.0013853259390897328,False,True,0.0013853259390897328,3.7310438871411015e-05,0.5197915738346643,2.641350182863687,2.641350182863687,2.641350182863687,2.641350182863687,2.641350182863687
BTC,1520,nnls_original_legacy,0.001473767727903569,False,False,0.001473767727903569,0.00012029029452230149,0.5448910625221597,1.5872904697871797,1.5872904697871797,1.5872904697871797,1.5872904697871797,1.5872904697871797
BTC,1520,nnls_intermedia_legacy,0.0012593048416572347,False,False,0.0012593048416572347,0.00012029029452230149,0.45855130755011236,1.4439283802815104,1.4439283802815104,1.4439283802815104,1.4439283802815104,1.4439283802815104
BTC,1520,nnls_nonneg,0.0013050741579085769,False,True,0.0013050741579085769,0.00012029029452230149,0.4769773933850295,1.4762784348647306,1.4762784348647306,1.4762784348647306,1.4762784348647306,1.4762784348647306
BTC,1540,nnls_original_legacy,0.001702566516395488,False,False,0.001702566516395488,0.002320940588081102,0.24770194199481352,0.05336542225891794,0.05336542225891794,0.05336542225891794,0.05336542225891794,0.05336542225891794
BTC,1540,nnls_intermedia_legacy,0.001620715742070716,False,False,0.001620715742070716,0.002320940588081102,0.2804888855009652,0.07294201244507703,0.07294201244507703,0.07294201244507703,0.07294201244507703,0.07294201244507703
BTC,1540,nnls_nonneg,0.0013655293637492075,False,True,0.0013655293637492075,0.002320940588081102,0.3827088270786537,0.16923326105691405,0.16923326105691405,0.16923326105691405,0.16923326105691405,0.16923326105691405
BTC,1560,nnls_original_legacy,0.0017171947391397325,False,False,0.0017171947391397325,6.075210724550241e-06,0.7417263464498156,4.647768466326741,4.647768466326741,4.647768466326741,4.647768466326741,4.647768466326741
BTC,1560,nnls_intermedia_legacy,0.0018154978405390432,False,False,0.0018154978405390432,6.075210724550241e-06,0.784338214898964,4.703244631275707,4.703244631275707,4.703244631275707,4.703244631275707,4.703244631275707
BTC,1560,nnls_nonneg,0.0018022557029978657,False,True,0.0018022557029978657,6.075210724550241e-06,0.7785980885463061,4.695948544635688,4.695948544635688,4.695948544635688,4.695948544635688,4.695948544635688
BTC,1580,nnls_original_legacy,0.0017376278476342192,False,False,0.0017376278476342192,0.004594457425023982,1.2554805181683213,0.6717676945731925,0.6717676945731925,0.6717676945731925,0.6717676945731925,0.6717676945731925
BTC,1580,nnls_intermedia_legacy,0.0016466825735851924,False,False,0.0016466825735851924,0.004594457425023982,1.295447907434977,0.7640414112858651,0.7640414112858651,0.7640414112858651,0.7640414112858651,0.7640414112858651
BTC,1580,nnls_nonneg,0.0016685646377391948,False,True,0.0016685646377391948,0.004594457425023982,1.2858314761784229,0.7406518619332381,0.7406518619332381,0.7406518619332381,0.7406518619332381,0.7406518619332381
BTC,1600,nnls_original_legacy,0.0015232603437098622,False,False,0.0015232603437098622,0.006403492993412561,2.125163925064513,1.7678167057090413,1.7678167057090413,1.7678167057090413,1.7678167057090413,1.7678167057090413
BTC,1600,nnls_intermedia_legacy,0.0014961110022915559,False,False,0.0014961110022915559,0.006403492993412561,2.1369864763879542,1.8261176292045516,1.8261176292045516,1.8261176292045516,1.8261176292045516,1.8261176292045516
BTC,1600,nnls_nonneg,0.0015148036031902414,False,True,0.0015148036031902414,0.006403492993412561,2.1288465281627533,1.7857182247849934,1.7857182247849934,1.7857182247849934,1.7857182247849934,1.7857182247849934
BTC,1620,nnls_original_legacy,0.0014440626845915083,False,False,0.0014440626845915083,3.926756167633293e-05,0.5792916408613549,2.632009375322953,2.632009375322953,2.632009375322953,2.632009375322953,2.632009375322953
BTC,1620,nnls_intermedia_legacy,0.0014748743389734215,False,False,0.0014748743389734215,3.926756167633293e-05,0.5919973611001268,2.652553639768229,2.652553639768229,2.652553639768229,2.652553639768229,2.652553639768229
BTC,1620,nnls_nonneg,0.0014745063000906405,False,True,0.0014745063000906405,3.926756167633293e-05,0.5918455938816696,2.65231071495666,2.65231071495666,2.65231071495666,2.65231071495666,2.65231071495666
BTC,1640,nnls_original_legacy,0.0015703277968755272,False,False,0.0015703277968755272,0.0002553040233967945,0.5159781822492298,0.9791646636590656,0.9791646636590656,0.9791646636590656,0.9791646636590656,0.9791646636590656
BTC,1640,nnls_intermedia_legacy,0.0014687432294461043,False,False,0.0014687432294461043,0.0002553040233967945,0.47611926752546824,0.9235321017504301,0.9235321017504301,0.9235321017504301,0.9235321017504301,0.9235321017504301
BTC,1640,nnls_nonneg,0.0015039636533334558,False,True,0.0015039636533334558,0.0002553040233967945,0.48993876696110855,0.9431583718893986,0.9431583718893986,0.9431583718893986,0.9431583718893986,0.9431583718893986
BTC,1660,nnls_original_legacy,0.0015812784487146483,False,False,0.0015812784487146483,0.0021012710698491734,0.19691576057193252,0.044534403784824095,0.044534403784824095,0.044534403784824095,0.044534403784824095,0.044534403784824095
BTC,1660,nnls_intermedia_legacy,0.0016747269296834774,False,False,0.0016747269296834774,0.0021012710698491734,0.16152779936563652,0.027802432091423412,0.027802432091423412,0.027802432091423412,0.027802432091423412,0.027802432091423412
BTC,1660,nnls_nonneg,0.0016491220465333393,False,True,0.0016491220465333393,0.0021012710698491734,0.1712241004955722,0.03187621832712151,0.03187621832712151,0.03187621832712151,0.03187621832712151,0.03187621832712151
BTC,1680,nnls_original_legacy,0.0017928757594123461,False,False,0.0017928757594123461,0.00022655996378636613,0.5996536881543318,1.1949333236543493,1.1949333236543493,1.1949333236543493,1.1949333236543493,1.1949333236543493
BTC,1680,nnls_intermedia_legacy,0.0018739287952297006,False,False,0.0018739287952297006,0.00022655996378636613,0.6306843091821669,1.2336838678412967,1.2336838678412967,1.2336838678412967,1.2336838678412967,1.2336838678412967
BTC,1680,nnls_nonneg,0.0018036312779958889,False,True,0.0018036312779958889,0.00022655996378636613,0.603771367618872,1.200160875047135,1.200160875047135,1.200160875047135,1.200160875047135,1.200160875047135
BTC,1700,nnls_original_legacy,0.0015782292382045037,False,False,0.0015782292382045037,0.0007776636795751643,0.3062880794433171,0.20050905831837018,0.20050905831837018,0.20050905831837018,0.20050905831837018,0.20050905831837018
BTC,1700,nnls_intermedia_legacy,0.0017526247817935257,False,False,0.0017526247817935257,0.0007776636795751643,0.37301000562861036,0.2562894064902532,0.2562894064902532,0.2562894064902532,0.2562894064902532,0.2562894064902532
BTC,1700,nnls_nonneg,0.0016881841931337457,False,True,0.0016881841931337457,0.0007776636795751643,0.34835570477085986,0.23576561223851034,0.23576561223851034,0.23576561223851034,0.23576561223851034,0.23576561223851034
BTC,1720,nnls_original_legacy,0.0018534256458109253,False,False,0.0018534256458109253,0.00032598640337519474,0.5712836579042005,0.9138184168889105,0.9138184168889105,0.9138184168889105,0.9138184168889105,0.9138184168889105
BTC,1720,nnls_intermedia_legacy,0.0017830659981827404,False,False,0.0017830659981827404,0.00032598640337519474,0.5449681647905219,0.8820574800349827,0.8820574800349827,0.8820574800349827,0.8820574800349827,0.8820574800349827
BTC,1720,nnls_nonneg,0.0018309148130704516,False,True,0.0018309148130704516,0.00032598640337519474,0.5628642913505822,0.903760987740974,0.903760987740974,0.903760987740974,0.903760987740974,0.903760987740974
BTC,1740,nnls_original_legacy,0.0014004302909860554,False,False,0.0014004302909860554,0.0005272335045741011,0.29973694127447664,0.35337093511735285,0.35337093511735285,0.35337093511735285,0.35337093511735285,0.35337093511735285
BTC,1740,nnls_intermedia_legacy,0.0016415088696771622,False,False,0.0016415088696771622,0.0005272335045741011,0.3824905163083407,0.4569159445682498,0.4569159445682498,0.4569159445682498,0.4569159445682498,0.4569159445682498
BTC,1740,nnls_nonneg,0.001950663460356724,False,True,0.001950663460356724,0.0005272335045741011,0.48861212925199776,0.5785654924349699,0.5785654924349699,0.5785654924349699,0.5785654924349699,0.5785654924349699
BTC,1760,nnls_original_legacy,0.0016369425046642487,False,False,0.0016369425046642487,2.1701187404752762e-05,0.5374917708661096,3.3364756232059216,3.3364756232059216,3.3364756232059216,3.3364756232059216,3.3364756232059216
BTC,1760,nnls_intermedia_legacy,0.0017622904318481613,False,False,0.0017622904318481613,2.1701187404752762e-05,0.5792028629713973,3.4093168401868255,3.4093168401868255,3.4093168401868255,3.4093168401868255,3.4093168401868255
BTC,1760,nnls_nonneg,0.001937192476399192,False,True,0.001937192476399192,2.1701187404752762e-05,0.6374037080397592,3.5028304395273375,3.5028304395273375,3.5028304395273375,3.5028304395273375,3.5028304395273375
BTC,1780,nnls_original_legacy,0.001919053076018665,False,False,0.001919053076018665,0.001995833847039398,0.024564275818023944,0.0007796606319860899,0.0007796606319860899,0.0007796606319860899,0.0007796606319860899,0.0007796606319860899
BTC,1780,nnls_intermedia_legacy,0.001870043047294394,False,False,0.001870043047294394,0.001995833847039398,0.04024392903623905,0.0021657779717045855,0.0021657779717045855,0.0021657779717045855,0.0021657779717045855,0.0021657779717045855
BTC,1780,nnls_nonneg,0.001884365442123012,False,True,0.001884365442123012,0.001995833847039398,0.035661801867317884,0.0016835430567514464,0.0016835430567514464,0.0016835430567514464,0.0016835430567514464,0.0016835430567514464
BTC,1800,nnls_original_legacy,0.0019277122779579744,False,False,0.0019277122779579744,0.0009228605408107034,0.3751300961019586,0.21534465017870819,0.21534465017870819,0.21534465017870819,0.21534465017870819,0.21534465017870819
BTC,1800,nnls_intermedia_legacy,0.0018692923742517178,False,False,0.0018692923742517178,0.0009228605408107034,0.35332084476522796,0.19953222855171404,0.19953222855171404,0.19953222855171404,0.19953222855171404,0.19953222855171404
BTC,1800,nnls_nonneg,0.0018865953924349437,False,True,0.0018865953924349437,0.0009228605408107034,0.35978038763505954,0.2042181504791325,0.2042181504791325,0.2042181504791325,0.2042181504791325,0.2042181504791325
BTC,1820,nnls_original_legacy,0.0014128695191550353,False,False,0.0014128695191550353,0.00021543616182471834,0.5663303228787832,1.0331946888830208,1.0331946888830208,1.0331946888830208,1.0331946888830208,1.0331946888830208
BTC,1820,nnls_intermedia_legacy,0.0014565530522952425,False,False,0.0014565530522952425,0.00021543616182471834,0.5869906037005367,1.059071582284869,1.059071582284869,1.059071582284869,1.059071582284869,1.059071582284869
BTC,1820,nnls_nonneg,0.0015202701907719306,False,True,0.0015202701907719306,0.00021543616182471834,0.617125848710636,1.0956878494922675,1.0956878494922675,1.0956878494922675,1.0956878494922675,1.0956878494922675
BTC,1840,nnls_original_legacy,0.001356794448445724,False,False,0.001356794448445724,0.0001972375314541797,0.5537773813484289,1.0738416652217753,1.0738416652217753,1.0738416652217753,1.0738416652217753,1.0738416652217753
BTC,1840,nnls_intermedia_legacy,0.0014082765639509007,False,False,0.0014082765639509007,0.0001972375314541797,0.5783640408672234,1.1057691586497342,1.1057691586497342,1.1057691586497342,1.1057691586497342,1.1057691586497342
BTC,1840,nnls_nonneg,0.0013958823781149996,False,True,0.0013958823781149996,0.0001972375314541797,0.5724448663311784,1.0981728129392105,1.0981728129392105,1.0981728129392105,1.0981728129392105,1.0981728129392105
BTC,1860,nnls_original_legacy,0.0019985831716354376,False,False,0.0019985831716354376,0.0008913991884902834,0.5313742301654606,0.2534170021724227,0.2534170021724227,0.2534170021724227,0.2534170021724227,0.2534170021724227
BTC,1860,nnls_intermedia_legacy,0.0021765772799093902,False,False,0.0021765772799093902,0.0008913991884902834,0.6167994925409003,0.30225823009939834,0.30225823009939834,0.30225823009939834,0.30225823009939834,0.30225823009939834
BTC,1860,nnls_nonneg,0.0019043872907052654,False,True,0.0019043872907052654,0.0008913991884902834,0.4861665099708075,0.22719988521739665,0.22719988521739665,0.22719988521739665,0.22719988521739665,0.22719988521739665
BTC,1880,nnls_original_legacy,0.0013892492476425921,False,False,0.0013892492476425921,0.0005749835600032093,0.38267115707988153,0.2960580999115514,0.2960580999115514,0.2960580999115514,0.2960580999115514,0.2960580999115514
BTC,1880,nnls_intermedia_legacy,0.0015267254924001938,False,False,0.0015267254924001938,0.0005749835600032093,0.4472792996689467,0.3531513450992698,0.3531513450992698,0.3531513450992698,0.3531513450992698,0.3531513450992698
BTC,1880,nnls_nonneg,0.0015834389292273157,False,True,0.0015834389292273157,0.0005749835600032093,0.4739322666575581,0.37613614330058853,0.37613614330058853,0.37613614330058853,0.37613614330058853,0.37613614330058853
BTC,1900,nnls_original_legacy,0.0013635293208858529,False,False,0.0013635293208858529,0.0012799134000530052,0.03907010341879291,0.0019608520813074737,0.0019608520813074737,0.0019608520813074737,0.0019608520813074737,0.0019608520813074737
BTC,1900,nnls_intermedia_legacy,0.0012681967599104016,False,False,0.0012681967599104016,0.0012799134000530052,0.005474679194257846,4.2416832821245976e-05,4.2416832821245976e-05,4.2416832821245976e-05,4.2416832821245976e-05,4.2416832821245976e-05
BTC,1900,nnls_nonneg,0.0012759437952301897,False,True,0.0012759437952301897,0.0012799134000530052,0.0018548246483965358,4.829496670133437e-06,4.829496670133437e-06,4.829496670133437e-06,4.829496670133437e-06,4.829496670133437e-06
BTC,1920,nnls_original_legacy,0.0014645535617038759,False,False,0.0014645535617038759,0.001802385799515888,0.15505742171198883,0.02311173287307433,0.02311173287307433,0.02311173287307433,0.02311173287307433,0.02311173287307433
BTC,1920,nnls_intermedia_legacy,0.0014878353789414258,False,False,0.0014878353789414258,0.001802385799515888,0.1443715896640922,0.01962586741690031,0.01962586741690031,0.01962586741690031,0.01962586741690031,0.01962586741690031
BTC,1920,nnls_nonneg,0.0014554067996361184,False,True,0.0014554067996361184,0.001802385799515888,0.15925558039697701,0.024581101353593704,0.024581101353593704,0.024581101353593704,0.024581101353593704,0.024581101353593704
BTC,1940,nnls_original_legacy,0.0012993612838536537,False,False,0.0012993612838536537,0.00021893960351642585,0.4888884362096139,0.9493300598669505,0.9493300598669505,0.9493300598669505,0.9493300598669505,0.9493300598669505
BTC,1940,nnls_intermedia_legacy,0.0012475875824741762,False,False,0.0012475875824741762,0.00021893960351642585,0.4654609501041001,0.9156614904460514,0.9156614904460514,0.9156614904460514,0.9156614904460514,0.9156614904460514
BTC,1940,nnls_nonneg,0.0014405035935212266,False,True,0.0014405035935212266,0.00021893960351642585,0.5527550211848944,1.0359403787549835,1.0359403787549835,1.0359403787549835,1.0359403787549835,1.0359403787549835
BTC,1960,nnls_original_legacy,0.0014751308897892116,False,False,0.0014751308897892116,0.0008628161990363862,0.27358677646682894,0.12120854523913649,0.12120854523913649,0.12120854523913649,0.12120854523913649,0.12120854523913649
BTC,1960,nnls_intermedia_legacy,0.0014532013333623946,False,False,0.0014532013333623946,0.0008628161990363862,0.26378848688997125,0.1150573258384151,0.1150573258384151,0.1150573258384151,0.1150573258384151,0.1150573258384151
BTC,1960,nnls_nonneg,0.001451172874542853,False,True,0.001451172874542853,0.0008628161990363862,0.2628821563412924,0.11449042173531643,0.11449042173531643,0.11449042173531643,0.11449042173531643,0.11449042173531643
BTC,1980,nnls_original_legacy,0.001439857040187406,False,False,0.001439857040187406,0.012013186516994128,4.794308993560593,5.221857850009983,5.221857850009983,5.221857850009983,5.221857850009983,5.221857850009983
BTC,1980,nnls_intermedia_legacy,0.0014126612327089406,False,False,0.0014126612327089406,0.012013186516994128,4.806640502255859,5.363410510503035,5.363410510503035,5.363410510503035,5.363410510503035,5.363410510503035
BTC,1980,nnls_nonneg,0.0014254570264820407,False,True,0.0014254570264820407,0.012013186516994128,4.800838451983928,5.296090983651907,5.296090983651907,5.296090983651907,5.296090983651907,5.296090983651907
BTC,2000,nnls_original_legacy,0.0015549710050756426,False,False,0.0015549710050756426,0.00030987947262264284,0.5431263958411375,0.8123118737991364,0.8123118737991364,0.8123118737991364,0.8123118737991364,0.8123118737991364
BTC,2000,nnls_intermedia_legacy,0.0014844023900440078,False,False,0.0014844023900440078,0.00030987947262264284,0.5123433758441082,0.7753411712435216,0.7753411712435216,0.7753411712435216,0.7753411712435216,0.7753411712435216
BTC,2000,nnls_nonneg,0.00143824070516654,False,True,0.00143824070516654,0.00030987947262264284,0.492207001224277,0.7504497986494736,0.7504497986494736,0.7504497986494736,0.7504497986494736,0.7504497986494736
BTC,2020,nnls_original_legacy,0.0013307536250792005,False,False,0.0013307536250792005,9.513497454861688e-05,0.5144101614465116,1.7096935757166447,1.7096935757166447,1.7096935757166447,1.7096935757166447,1.7096935757166447
BTC,2020,nnls_intermedia_legacy,0.0013254894180813655,False,False,0.0013254894180813655,9.513497454861688e-05,0.5122185778454699,1.7060138440644481,1.7060138440644481,1.7060138440644481,1.7060138440644481,1.7060138440644481
BTC,2020,nnls_nonneg,0.0018894708422109107,False,True,0.0018894708422109107,9.513497454861688e-05,0.7470141398214357,2.039105485485797,2.039105485485797,2.039105485485797,2.039105485485797,2.039105485485797
BTC,2040,nnls_original_legacy,0.001604791986988915,False,False,0.001604791986988915,0.0009427228008064152,0.2758148789439686,0.11941950462522088,0.11941950462522088,0.11941950462522088,0.11941950462522088,0.11941950462522088
BTC,2040,nnls_intermedia_legacy,0.0016046873503065716,False,False,0.0016046873503065716,0.0009427228008064152,0.2757712877990007,0.11939260514802141,0.11939260514802141,0.11939260514802141,0.11939260514802141,0.11939260514802141
BTC,2040,nnls_nonneg,0.0016292851116501493,False,True,0.0016292851116501493,0.0009427228008064152,0.2860185983654245,0.12573564587637343,0.12573564587637343,0.12573564587637343,0.12573564587637343,0.12573564587637343
BTC,2060,nnls_original_legacy,0.0015931395536716631,False,False,0.0015931395536716631,0.004322667292995343,1.1526999842321235,0.7151350841949684,0.7151350841949684,0.7151350841949684,0.7151350841949684,0.7151350841949684
BTC,2060,nnls_intermedia_legacy,0.0015811964448476878,False,False,0.0015811964448476878,0.004322667292995343,1.15774364843628,0.7281043898341217,0.7281043898341217,0.7281043898341217,0.7281043898341217,0.7281043898341217
BTC,2060,nnls_nonneg,0.0015919648465199559,False,True,0.0015919648465199559,0.004322667292995343,1.1531960718504106,0.7163995971932615,0.7163995971932615,0.7163995971932615,0.7163995971932615,0.7163995971932615
BTC,2080,nnls_original_legacy,0.0015162592719415809,False,False,0.0015162592719415809,0.0003920629762725456,0.48107307652928716,0.6111516115794557,0.6111516115794557,0.6111516115794557,0.6111516115794557,0.6111516115794557
BTC,2080,nnls_intermedia_legacy,0.0015273061709560399,False,False,0.0015273061709560399,0.0003920629762725456,0.4858003343182229,0.6165405893137013,0.6165405893137013,0.6165405893137013,0.6165405893137013,0.6165405893137013
BTC,2080,nnls_nonneg,0.0015830995857733523,False,True,0.0015830995857733523,0.0003920629762725456,0.5096757996792484,0.6433727699959717,0.6433727699959717,0.6433727699959717,0.6433727699959717,0.6433727699959717
BTC,2100,nnls_original_legacy,0.001364619985483575,False,False,0.001364619985483575,6.234928204825266e-05,0.5516181265020986,2.131568962459818,2.131568962459818,2.131568962459818,2.131568962459818,2.131568962459818
BTC,2100,nnls_intermedia_legacy,0.001420694815147186,False,False,0.001420694815147186,6.234928204825266e-05,0.5753704019709153,2.1700356513408634,2.1700356513408634,2.1700356513408634,2.1700356513408634,2.1700356513408634
BTC,2100,nnls_nonneg,0.0016647877940691388,False,True,0.0016647877940691388,6.234928204825266e-05,0.6787637374502855,2.322152575599908,2.322152575599908,2.322152575599908,2.322152575599908,2.322152575599908
BTC,2120,nnls_original_legacy,0.0015562333841396432,False,False,0.0015562333841396432,0.0012070217975673648,0.15358858346108786,0.029717019876566608,0.029717019876566608,0.029717019876566608,0.029717019876566608,0.029717019876566608
BTC,2120,nnls_intermedia_legacy,0.0015727365174739228,False,False,0.0015727365174739228,0.0012070217975673648,0.1608469132787236,0.032127101438614414,0.032127101438614414,0.032127101438614414,0.032127101438614414,0.032127101438614414
BTC,2120,nnls_nonneg,0.0015192325975012253,False,True,0.0015192325975012253,0.0012070217975673648,0.1373150730013645,0.02454374037228102,0.02454374037228102,0.02454374037228102,0.02454374037228102,0.02454374037228102
BTC,2140,nnls_original_legacy,0.0015409198579978865,False,False,0.0015409198579978865,0.00025631087051923514,0.5629116652334767,0.960080057565545,0.960080057565545,0.960080057565545,0.960080057565545,0.960080057565545
BTC,2140,nnls_intermedia_legacy,0.0015414717332549886,False,False,0.0015414717332549886,0.00025631087051923514,0.5631534952556893,0.9603785886294149,0.9603785886294149,0.9603785886294149,0.9603785886294149,0.9603785886294149
BTC,2140,nnls_nonneg,0.001447560078650106,False,True,0.001447560078650106,0.00025631087051923514,0.5220017001228967,0.9083077320403423,0.9083077320403423,0.9083077320403423,0.9083077320403423,0.9083077320403423
BTC,2160,nnls_original_legacy,0.0012400510742399675,False,False,0.0012400510742399675,4.576852145943613e-05,0.5428418448799619,2.336219873942285,2.336219873942285,2.336219873942285,2.336219873942285,2.336219873942285
BTC,2160,nnls_intermedia_legacy,0.0013167844431102944,False,False,0.0013167844431102944,4.576852145943613e-05,0.57771975833892,2.3941092585245745,2.3941092585245745,2.3941092585245745,2.3941092585245745,2.3941092585245745
BTC,2160,nnls_nonneg,0.0016147399492664435,False,True,0.0016147399492664435,4.576852145943613e-05,0.7131506212259119,2.591676855941011,2.591676855941011,2.591676855941011,2.591676855941011,2.591676855941011
BTC,2180,nnls_original_legacy,0.0012790826476956315,False,False,0.0012790826476956315,0.0007546554836778836,0.24163061635116187,0.11763452325398194,0.11763452325398194,0.11763452325398194,0.11763452325398194,0.11763452325398194
BTC,2180,nnls_intermedia_legacy,0.0012410970695382719,False,False,0.0012410970695382719,0.0007546554836778836,0.22412870323075873,0.10554483407917958,0.10554483407917958,0.10554483407917958,0.10554483407917958,0.10554483407917958
BTC,2180,nnls_nonneg,0.001337288681918945,False,True,0.001337288681918945,0.0007546554836778836,0.26844913547016785,0.13645569763004062,0.13645569763004062,0.13645569763004062,0.13645569763004062,0.13645569763004062
BTC,2200,nnls_original_legacy,0.0019563903511539377,False,False,0.0019563903511539377,0.0011651976535790132,0.3585436829748099,0.11379584862450143,0.11379584862450143,0.11379584862450143,0.11379584862450143,0.11379584862450143
BTC,2200,nnls_intermedia_legacy,0.0019272049157598,False,False,0.0019272049157598,0.0011651976535790132,0.3453177602286681,0.10778495202580074,0.10778495202580074,0.10778495202580074,0.10778495202580074,0.10778495202580074
BTC,2200,nnls_nonneg,0.001509196615265605,False,True,0.001509196615265605,0.0011651976535790132,0.1558895260796327,0.030751580834958103,0.030751580834958103,0.030751580834958103,0.030751580834958103,0.030751580834958103
BTC,2220,nnls_original_legacy,0.0012797378055542773,False,False,0.0012797378055542773,0.0012825570769959033,0.0012888137634158318,2.4230620601084496e-06,2.4230620601084496e-06,2.4230620601084496e-06,2.4230620601084496e-06,2.4230620601084496e-06
BTC,2220,nnls_intermedia_legacy,0.0012101589431665672,False,False,0.0012101589431665672,0.0012825570769959033,0.03309639148157253,0.0017212173397143093,0.0017212173397143093,0.0017212173397143093,0.0017212173397143093,0.0017212173397143093
BTC,2220,nnls_nonneg,0.0013193890158944724,False,True,0.0013193890158944724,0.0012825570769959033,0.01683750953699937,0.0003970557846995071,0.0003970557846995071,0.0003970557846995071,0.0003970557846995071,0.0003970557846995071
BTC,2240,nnls_original_legacy,0.0012976310281079722,False,False,0.0012976310281079722,4.472115046721605e-05,0.6404819639556031,2.402312728141458,2.402312728141458,2.402312728141458,2.402312728141458,2.402312728141458
BTC,2240,nnls_intermedia_legacy,0.0012976310281079722,False,False,0.0012976310281079722,4.472115046721605e-05,0.6404819639556031,2.402312728141458,2.402312728141458,2.402312728141458,2.402312728141458,2.402312728141458
BTC,2240,nnls_nonneg,0.001244194166237151,False,True,0.001244194166237151,4.472115046721605e-05,0.6131652775367087,2.3617406564469072,2.3617406564469072,2.3617406564469072,2.3617406564469072,2.3617406564469072
BTC,2260,nnls_original_legacy,0.0011539564630545967,False,False,0.0011539564630545967,0.00022929508151772483,0.506591808871233,0.8146453873967534,0.8146453873967534,0.8146453873967534,0.8146453873967534,0.8146453873967534
BTC,2260,nnls_intermedia_legacy,0.0011539564630545964,False,False,0.0011539564630545964,0.00022929508151772483,0.5065918088712329,0.8146453873967534,0.8146453873967534,0.8146453873967534,0.8146453873967534,0.8146453873967534
BTC,2260,nnls_nonneg,0.0012160015606392735,False,True,0.0012160015606392735,0.00022929508151772483,0.5405842939523895,0.8568783984350106,0.8568783984350106,0.8568783984350106,0.8568783984350106,0.8568783984350106
BTC,2280,nnls_original_legacy,0.001066422552736553,False,False,0.001066422552736553,1.174881310460995e-06,0.5982133815940013,5.811999490358977,5.811999490358977,5.811999490358977,5.811999490358977,5.811999490358977
BTC,2280,nnls_intermedia_legacy,0.0010180569157667207,False,False,0.0010180569157667207,1.174881310460995e-06,0.5710525888311901,5.765638017680575,5.765638017680575,5.765638017680575,5.765638017680575,5.765638017680575
BTC,2280,nnls_nonneg,0.0010527571700254328,False,True,0.0010527571700254328,1.174881310460995e-06,0.5905392838027792,5.799116751749176,5.799116751749176,5.799116751749176,5.799116751749176,5.799116751749176
BTC,2300,nnls_original_legacy,0.0010431436340216618,False,False,0.0010431436340216618,0.00020234999433334455,0.48043798140519345,0.8339762657595209,0.8339762657595209,0.8339762657595209,0.8339762657595209,0.8339762657595209
BTC,2300,nnls_intermedia_legacy,0.0009405485515727893,False,False,0.0009405485515727893,0.00020234999433334455,0.4218141146355687,0.7516048301422615,0.7516048301422615,0.7516048301422615,0.7516048301422615,0.7516048301422615
BTC,2300,nnls_nonneg,0.0009506931946801406,False,True,0.0009506931946801406,0.00020234999433334455,0.4276108662123037,0.7600372396220678,0.7600372396220678,0.7600372396220678,0.7600372396220678,0.7600372396220678
BTC,2320,nnls_original_legacy,0.001006776016763505,False,False,0.001006776016763505,0.00014516025260139428,0.5081740183083416,1.0808533836085923,1.0808533836085923,1.0808533836085923,1.0808533836085923,1.0808533836085923
BTC,2320,nnls_intermedia_legacy,0.0008721277369745957,False,False,0.0008721277369745957,0.00014516025260139428,0.42875955046236797,0.9595413757120597,0.9595413757120597,0.9595413757120597,0.9595413757120597,0.9595413757120597
BTC,2320,nnls_nonneg,0.0008345396729786472,False,True,0.0008345396729786472,0.00014516025260139428,0.4065904139217575,0.9229824660154218,0.9229824660154218,0.9229824660154218,0.9229824660154218,0.9229824660154218
BTC,2340,nnls_original_legacy,0.0014509891805609327,False,False,0.0014509891805609327,0.00018872494948718818,0.7551499190052223,1.1697765420651844,1.1697765420651844,1.1697765420651844,1.1697765420651844,1.1697765420651844
BTC,2340,nnls_intermedia_legacy,0.0013189478395871739,False,False,0.0013189478395871739,0.00018872494948718818,0.6761561509121061,1.0873864455115059,1.0873864455115059,1.0873864455115059,1.0873864455115059,1.0873864455115059
BTC,2340,nnls_nonneg,0.0009519415037806561,False,True,0.0009519415037806561,0.00018872494948718818,0.4565945108560125,0.816465600837365,0.816465600837365,0.816465600837365,0.816465600837365,0.816465600837365
BTC,2360,nnls_original_legacy,0.0009330665126370618,False,False,0.0009330665126370618,0.00026420838766068533,0.42134859853080403,0.5448997136598248,0.5448997136598248,0.5448997136598248,0.5448997136598248,0.5448997136598248
BTC,2360,nnls_intermedia_legacy,0.0007968144920863084,False,False,0.0007968144920863084,0.00026420838766068533,0.33551634836851746,0.4354645561475958,0.4354645561475958,0.4354645561475958,0.4354645561475958,0.4354645561475958
BTC,2360,nnls_nonneg,0.0007523774627947469,False,True,0.0007523774627947469,0.00026420838766068533,0.30752314724603275,0.39766467986082343,0.39766467986082343,0.39766467986082343,0.39766467986082343,0.39766467986082343
BTC,2380,nnls_original_legacy,0.0011226213411514208,False,False,0.0011226213411514208,9.62847800713262e-07,0.7177759914468064,6.062139317651991,6.062139317651991,6.062139317651991,6.024312485100709,6.062139317651991
BTC,2380,nnls_intermedia_legacy,0.0012446780744617045,False,False,0.0012446780744617045,9.62847800713262e-07,0.7958830028802363,6.165265699188117,6.165265699188117,6.165265699188117,6.127435621328713,6.165265699188117
BTC,2380,nnls_nonneg,0.001137937241652617,False,True,0.001137937241652617,9.62847800713262e-07,0.727577001052062,6.075678526295288,6.075678526295288,6.075678526295288,6.0378512483181135,6.075678526295288
BTC,2400,nnls_original_legacy,0.0009613902407037171,False,False,0.0009613902407037171,0.008177732727454893,4.579517800891681,5.365363443038666,5.365363443038666,5.365363443038666,5.365363443038666,5.365363443038666
BTC,2400,nnls_intermedia_legacy,0.0010607290381008112,False,False,0.0010607290381008112,0.008177732727454893,4.516477030330364,4.667081295702868,4.667081295702868,4.667081295702868,4.667081295702868,4.667081295702868
BTC,2400,nnls_nonneg,0.0011285118756282455,False,True,0.0011285118756282455,0.008177732727454893,4.473461789351747,4.265959576328656,4.265959576328656,4.265959576328656,4.265959576328656,4.265959576328656
BTC,2420,nnls_original_legacy,0.0008783172789274111,False,False,0.0008783172789274111,2.2669571520356376e-05,0.5438273675421554,2.682794560885482,2.682794560885482,2.682794560885482,2.682794560885482,2.682794560885482
BTC,2420,nnls_intermedia_legacy,0.0006746651016328645,False,False,0.0006746651016328645,2.2669571520356376e-05,0.41439135490099255,2.426794079918844,2.426794079918844,2.426794079918844,2.426794079918844,2.426794079918844
BTC,2420,nnls_nonneg,0.0006498493404448453,False,True,0.0006498493404448453,2.2669571520356376e-05,0.3986191042847525,2.390601337995113,2.390601337995113,2.390601337995113,2.390601337995113,2.390601337995113
BTC,2440,nnls_original_legacy,0.0008965291493685115,False,False,0.0008965291493685115,1.6466762354895718e-05,0.5789246818083994,3.0155540964892777,3.0155540964892777,3.0155540964892777,3.0155540964892777,3.0155540964892777
BTC,2440,nnls_intermedia_legacy,0.001020241604565812,False,False,0.001020241604565812,1.6466762354895718e-05,0.6603054961889202,3.1425908605262673,3.1425908605262673,3.1425908605262673,3.1425908605262673,3.1425908605262673
BTC,2440,nnls_nonneg,0.0010913323641697746,False,True,0.0010913323641697746,1.6466762354895718e-05,0.7070705846537277,3.2088993124173744,3.2088993124173744,3.2088993124173744,3.2088993124173744,3.2088993124173744
BTC,2460,nnls_original_legacy,0.0008332801241437908,False,False,0.0008332801241437908,3.311937246324554e-05,0.5408158684577249,2.264997271915476,2.264997271915476,2.264997271915476,2.264997271915476,2.264997271915476
BTC,2460,nnls_intermedia_legacy,0.0007498751517774883,False,False,0.0007498751517774883,3.311937246324554e-05,0.4844437801376734,2.1639548618374302,2.1639548618374302,2.1639548618374302,2.1639548618374302,2.1639548618374302
BTC,2460,nnls_nonneg,0.0007308618906032938,False,True,0.0007308618906032938,3.311937246324554e-05,0.4715930206714796,2.139421628413698,2.139421628413698,2.139421628413698,2.139421628413698,2.139421628413698
BTC,2480,nnls_original_legacy,0.0008148044025285114,False,False,0.0008148044025285114,0.002643023644879562,1.2629299033588888,1.067021514631279,1.067021514631279,1.067021514631279,1.067021514631279,1.067021514631279
BTC,2480,nnls_intermedia_legacy,0.0006063405267734839,False,False,0.0006063405267734839,0.002643023644879562,1.4069362984138658,1.8867386303433844,1.8867386303433844,1.8867386303433844,1.8867386303433844,1.8867386303433844
BTC,2480,nnls_nonneg,0.0005753691505047648,False,True,0.0005753691505047648,0.002643023644879562,1.4283312582369803,2.068946731484783,2.068946731484783,2.068946731484783,2.068946731484783,2.068946731484783
BTC,2500,nnls_original_legacy,0.0007284249311686389,False,False,0.0007284249311686389,5.029527115923636e-06,0.5182813282006524,3.982463268484749,3.982463268484749,3.982463268484749,3.982463268484749,3.982463268484749
BTC,2500,nnls_intermedia_legacy,0.0005510609855703532,False,False,0.0005510609855703532,5.029527115923636e-06,0.39120777923338657,3.7056465058964116,3.7056465058964116,3.7056465058964116,3.7056465058964116,3.7056465058964116
BTC,2500,nnls_nonneg,0.0005598230331330837,False,True,0.0005598230331330837,5.029527115923636e-06,0.39748540502852964,3.7212788920900293,3.7212788920900293,3.7212788920900293,3.7212788920900293,3.7212788920900293
BTC,2520,nnls_original_legacy,0.000657325386730347,False,False,0.000657325386730347,1.592999762162413e-06,0.5102215899615182,5.024983732570172,5.024983732570172,5.024983732570172,5.024983732570172,5.024983732570172
BTC,2520,nnls_intermedia_legacy,0.0008635413217293014,False,False,0.0008635413217293014,1.592999762162413e-06,0.6706770201363779,5.297267597634406,5.297267597634406,5.297267597634406,5.297267597634406,5.297267597634406
BTC,2520,nnls_nonneg,0.00119397896800279,False,True,0.00119397896800279,1.592999762162413e-06,0.9277886477079792,5.620761991589719,5.620761991589719,5.620761991589719,5.620761991589719,5.620761991589719
BTC,2540,nnls_original_legacy,0.0006239848618713351,False,False,0.0006239848618713351,1.2894085557206097e-05,0.5019377222924096,2.9000214859161044,2.9000214859161044,2.9000214859161044,2.9000214859161044,2.9000214859161044
BTC,2540,nnls_intermedia_legacy,0.0003928495156041429,False,False,0.0003928495156041429,1.2894085557206097e-05,0.31208777897239387,2.449479850220231,2.449479850220231,2.449479850220231,2.449479850220231,2.449479850220231
BTC,2540,nnls_nonneg,0.00040015438714454787,False,True,0.00040015438714454787,1.2894085557206097e-05,0.3180878541244768,2.467304495145413,2.467304495145413,2.467304495145413,2.467304495145413,2.467304495145413
BTC,2560,nnls_original_legacy,0.0006504812840400148,False,False,0.0006504812840400148,0.00010484870697640526,0.45450887143276775,0.9863804554441427,0.9863804554441427,0.9863804554441427,0.9863804554441427,0.9863804554441427
BTC,2560,nnls_intermedia_legacy,0.000666484386633623,False,False,0.000666484386633623,0.00010484870697640526,0.46783936599082215,1.0068143621275074,1.0068143621275074,1.0068143621275074,1.0068143621275074,1.0068143621275074
BTC,2560,nnls_nonneg,0.0006878479450792648,False,True,0.0006878479450792648,0.00010484870697640526,0.4856350901595876,1.033479443300561,1.033479443300561,1.033479443300561,1.033479443300561,1.033479443300561
BTC,2580,nnls_original_legacy,0.0006017575981350862,False,False,0.0006017575981350862,0.0002302458136118192,0.31071867903243705,0.34332940619167296,0.34332940619167296,0.34332940619167296,0.34332940619167296,0.34332940619167296
BTC,2580,nnls_intermedia_legacy,0.0007586873385270448,False,False,0.0007586873385270448,0.0002302458136118192,0.44196889414489693,0.49592144373216573,0.49592144373216573,0.49592144373216573,0.49592144373216573,0.49592144373216573
BTC,2580,nnls_nonneg,0.0009535786966361376,False,True,0.0009535786966361376,0.0002302458136118192,0.6049687985064837,0.6625289066653481,0.6625289066653481,0.6625289066653481,0.6625289066653481,0.6625289066653481
BTC,2600,nnls_original_legacy,0.0004670158445340361,False,False,0.0004670158445340361,1.3456550096300115e-05,0.4167363331879793,2.575711106745807,2.575711106745807,2.575711106745807,2.575711106745807,2.575711106745807
BTC,2600,nnls_intermedia_legacy,0.0004989602370471338,False,False,0.0004989602370471338,1.3456550096300115e-05,0.4460872673769233,2.6400296070969174,2.6400296070969174,2.6400296070969174,2.6400296070969174,2.6400296070969174
BTC,2600,nnls_nonneg,0.000622417014529957,False,True,0.000622417014529957,1.3456550096300115e-05,0.559521002252042,2.8557641560342777,2.8557641560342777,2.8557641560342777,2.8557641560342777,2.8557641560342777
BTC,2620,nnls_original_legacy,0.0006979198039835271,False,False,0.0006979198039835271,0.009628202712640182,8.563092381184894,10.171224071815573,10.171224071815573,10.171224071815573,10.171224071815573,10.171224071815573
BTC,2620,nnls_intermedia_legacy,0.0005084564989909573,False,False,0.0005084564989909573,0.009628202712640182,8.744765436796975,14.995066363112116,14.995066363112116,14.995066363112116,14.995066363112116,14.995066363112116
BTC,2620,nnls_nonneg,0.00043816203587074016,False,True,0.00043816203587074016,0.009628202712640182,8.812169570321203,17.884205712861124,17.884205712861124,17.884205712861124,17.884205712861124,17.884205712861124
BTC,2640,nnls_original_legacy,0.0004357162810502925,False,False,0.0004357162810502925,5.070344700996529e-06,0.48569963892176266,3.4652192997416638,3.4652192997416638,3.4652192997416638,3.4652192997416638,3.4652192997416638
BTC,2640,nnls_intermedia_legacy,0.00043571628105029225,False,False,0.00043571628105029225,5.070344700996529e-06,0.4856996389217624,3.465219299741663,3.465219299741663,3.465219299741663,3.465219299741663,3.465219299741663
BTC,2640,nnls_nonneg,0.0004400261366907734,False,True,0.0004400261366907734,5.070344700996529e-06,0.4905604657674353,3.4749481492739367,3.4749481492739367,3.4749481492739367,3.4749481492739367,3.4749481492739367
BTC,2660,nnls_original_legacy,0.000616598900759547,False,False,0.000616598900759547,0.00040612096445936393,0.24515078754541955,0.07621459156726074,0.07621459156726074,0.07621459156726074,0.07621459156726074,0.07621459156726074
BTC,2660,nnls_intermedia_legacy,0.000616598900759547,False,False,0.000616598900759547,0.00040612096445936393,0.24515078754541955,0.07621459156726074,0.07621459156726074,0.07621459156726074,0.07621459156726074,0.07621459156726074
BTC,2660,nnls_nonneg,0.0006310001335904107,False,True,0.0006310001335904107,0.00040612096445936393,0.26192439162084163,0.08426972141295352,0.08426972141295352,0.08426972141295352,0.08426972141295352,0.08426972141295352
BTC,2680,nnls_original_legacy,0.00045959696000279926,False,False,0.00045959696000279926,8.588215833076946e-06,0.5273672269566935,2.998645326835433,2.998645326835433,2.998645326835433,2.998645326835433,2.998645326835433
BTC,2680,nnls_intermedia_legacy,0.00045959696000279926,False,False,0.00045959696000279926,8.588215833076946e-06,0.5273672269566935,2.998645326835433,2.998645326835433,2.998645326835433,2.998645326835433,2.998645326835433
BTC,2680,nnls_nonneg,0.00042291850506791424,False,True,0.00042291850506791424,8.588215833076946e-06,0.48447888982771914,2.9170955124888445,2.9170955124888445,2.9170955124888445,2.9170955124888445,2.9170955124888445
BTC,2700,nnls_original_legacy,0.00048088807255267996,False,False,0.00048088807255267996,3.1072164370733526e-05,0.547521534644943,1.8039362934072303,1.8039362934072303,1.8039362934072303,1.8039362934072303,1.8039362934072303
BTC,2700,nnls_intermedia_legacy,0.00048088807255268007,False,False,0.00048088807255268007,3.1072164370733526e-05,0.5475215346449431,1.8039362934072303,1.8039362934072303,1.8039362934072303,1.8039362934072303,1.8039362934072303
BTC,2700,nnls_nonneg,0.00042739208411693484,False,True,0.00042739208411693484,3.1072164370733526e-05,0.4824055501879423,1.694091217493797,1.694091217493797,1.694091217493797,1.694091217493797,1.694091217493797
BTC,2720,nnls_original_legacy,0.0003690819351742129,False,False,0.0003690819351742129,7.484936600772768e-05,0.3777204191203546,0.7983398048265042,0.7983398048265042,0.7983398048265042,0.7983398048265042,0.7983398048265042
BTC,2720,nnls_intermedia_legacy,0.0003698811303816053,False,False,0.0003698811303816053,7.484936600772768e-05,0.37874638422527274,0.8000646401615648,0.8000646401615648,0.8000646401615648,0.8000646401615648,0.8000646401615648
BTC,2720,nnls_nonneg,0.0003730846383168033,False,True,0.0003730846383168033,7.484936600772768e-05,0.3828588805521281,0.8069506833512037,0.8069506833512037,0.8069506833512037,0.8069506833512037,0.8069506833512037
BTC,2740,nnls_original_legacy,0.000372092162675698,False,False,0.000372092162675698,9.447216642031507e-05,0.3586232097867192,0.6247308512998817,0.6247308512998817,0.6247308512998817,0.6247308512998817,0.6247308512998817
BTC,2740,nnls_intermedia_legacy,0.0003720921626756979,False,False,0.0003720921626756979,9.447216642031507e-05,0.3586232097867192,0.6247308512998815,0.6247308512998815,0.6247308512998815,0.6247308512998815,0.6247308512998815
BTC,2740,nnls_nonneg,0.00036256338088539873,False,True,0.00036256338088539873,9.447216642031507e-05,0.3463141457528344,0.6054613612507671,0.6054613612507671,0.6054613612507671,0.6054613612507671,0.6054613612507671
BTC,2760,nnls_original_legacy,0.00042171902770325715,False,False,0.00042171902770325715,0.0019353223345935004,1.8281822259257852,2.0654374833845544,2.0654374833845544,2.0654374833845544,2.0654374833845544,2.0654374833845544
BTC,2760,nnls_intermedia_legacy,0.0004217190277032573,False,False,0.0004217190277032573,0.0019353223345935004,1.828182225925785,2.065437483384553,2.065437483384553,2.065437483384553,2.065437483384553,2.065437483384553
BTC,2760,nnls_nonneg,0.00039941825222986234,False,True,0.00039941825222986234,0.0019353223345935004,1.8551178709255212,2.267332715691417,2.267332715691417,2.267332715691417,2.267332715691417,2.267332715691417
BTC,2780,nnls_original_legacy,0.000456114616965525,False,False,0.000456114616965525,0.0005737394397250331,0.14958495458885024,0.02845312814163381,0.02845312814163381,0.02845312814163381,0.02845312814163381,0.02845312814163381
BTC,2780,nnls_intermedia_legacy,0.000414017926465467,False,False,0.000414017926465467,0.0005737394397250331,0.2031198410954745,0.05951797000052306,0.05951797000052306,0.05951797000052306,0.05951797000052306,0.05951797000052306
BTC,2780,nnls_nonneg,0.0004108986637822924,False,True,0.0004108986637822924,0.0005737394397250331,0.20708664636554364,0.062475248723117716,0.062475248723117716,0.062475248723117716,0.062475248723117716,0.062475248723117716
BTC,2800,nnls_original_legacy,0.0005644558928634252,False,False,0.0005644558928634252,0.0003191893782649823,0.2993524870720741,0.13555918028835778,0.13555918028835778,0.13555918028835778,0.13555918028835778,0.13555918028835778
BTC,2800,nnls_intermedia_legacy,0.00048571822168666664,False,False,0.00048571822168666664,0.0003191893782649823,0.2032516486367263,0.07699335319800449,0.07699335319800449,0.07699335319800449,0.07699335319800449,0.07699335319800449
BTC,2800,nnls_nonneg,0.00046241198548602447,False,True,0.00046241198548602447,0.0003191893782649823,0.1748059401698611,0.06094220415681262,0.06094220415681262,0.06094220415681262,0.06094220415681262,0.06094220415681262
BTC,2820,nnls_original_legacy,0.0006401209097237779,False,False,0.0006401209097237779,0.0013290730845894618,0.8214299603273402,0.34570447060355347,0.34570447060355347,0.34570447060355347,0.34570447060355347,0.34570447060355347
BTC,2820,nnls_intermedia_legacy,0.0007562963024325903,False,False,0.0007562963024325903,0.0013290730845894618,0.6829153410180714,0.19354060134345552,0.19354060134345552,0.19354060134345552,0.19354060134345552,0.19354060134345552
BTC,2820,nnls_nonneg,0.0007769846601707583,False,True,0.0007769846601707583,0.0013290730845894618,0.6582488438415232,0.17373609918855526,0.17373609918855526,0.17373609918855526,0.17373609918855526,0.17373609918855526
BTC,2840,nnls_original_legacy,0.000542353316578875,False,False,0.000542353316578875,0.00013402715836992413,0.4656278853003514,0.6449966983988322,0.6449966983988322,0.6449966983988322,0.6449966983988322,0.6449966983988322
BTC,2840,nnls_intermedia_legacy,0.0005641369754964081,False,False,0.0005641369754964081,0.00013402715836992413,0.4904685153505198,0.6748337386729539,0.6748337386729539,0.6748337386729539,0.6748337386729539,0.6748337386729539
BTC,2840,nnls_nonneg,0.0005549510562743317,False,True,0.0005549510562743317,0.00013402715836992413,0.4799935064491148,0.6623491427524439,0.6623491427524439,0.6623491427524439,0.6623491427524439,0.6623491427524439
BTC,2860,nnls_original_legacy,0.0005866665560409635,False,False,0.0005866665560409635,7.69500673518828e-06,0.677022643731644,3.3470014594654316,3.3470014594654316,3.3470014594654316,3.3470014594654316,3.3470014594654316
BTC,2860,nnls_intermedia_legacy,0.0006319611267950315,False,False,0.0006319611267950315,7.69500673518828e-06,0.7299880270486292,3.4204326339776037,3.4204326339776037,3.4204326339776037,3.4204326339776037,3.4204326339776037
BTC,2860,nnls_nonneg,0.0006307212752022334,False,True,0.0006307212752022334,7.69500673518828e-06,0.7285382017434003,3.418492731701055,3.418492731701055,3.418492731701055,3.418492731701055,3.418492731701055
BTC,2880,nnls_original_legacy,0.0004699023891224959,False,False,0.0004699023891224959,0.000517015011965371,0.056341188518130934,0.004713525078364311,0.004713525078364311,0.004713525078364311,0.004713525078364311,0.004713525078364311
BTC,2880,nnls_intermedia_legacy,0.0005678671732037358,False,False,0.0005678671732037358,0.000517015011965371,0.060813239212776926,0.004266236600534379,0.004266236600534379,0.004266236600534379,0.004266236600534379,0.004266236600534379
BTC,2880,nnls_nonneg,0.0005850727798790309,False,True,0.0005850727798790309,0.000517015011965371,0.08138913311905764,0.007340745787118852,0.007340745787118852,0.007340745787118852,0.007340745787118852,0.007340745787118852
BTC,2900,nnls_original_legacy,0.0005060320929277697,False,False,0.0005060320929277697,0.0004520830906799718,0.06790147281180979,0.0061222804704088585,0.0061222804704088585,0.0061222804704088585,0.0061222804704088585,0.0061222804704088585
BTC,2900,nnls_intermedia_legacy,0.00046891450595513355,False,False,0.00046891450595513355,0.0004520830906799718,0.021184411927420318,0.0006600476309113201,0.0006600476309113201,0.0006600476309113201,0.0006600476309113201,0.0006600476309113201
BTC,2900,nnls_nonneg,0.0004767781954561149,False,True,0.0004767781954561149,0.0004520830906799718,0.031081834986309162,0.0013895987028629264,0.0013895987028629264,0.0013895987028629264,0.0013895987028629264,0.0013895987028629264
BTC,2920,nnls_original_legacy,0.0005997897174616568,False,False,0.0005997897174616568,0.0002846049276957746,0.36760356599715566,0.21998497027279185,0.21998497027279185,0.21998497027279185,0.21998497027279185,0.21998497027279185
BTC,2920,nnls_intermedia_legacy,0.0005928205905662051,False,False,0.0005928205905662051,0.0002846049276957746,0.35947539489931274,0.21387591183437804,0.21387591183437804,0.21387591183437804,0.21387591183437804,0.21387591183437804
BTC,2920,nnls_nonneg,0.000557422232000762,False,True,0.000557422232000762,0.0002846049276957746,0.3181898910881406,0.18279433392936228,0.18279433392936228,0.18279433392936228,0.18279433392936228,0.18279433392936228
BTC,2940,nnls_original_legacy,0.0007266570948241675,False,False,0.0007266570948241675,1.2481508578449712e-05,0.8215023912937635,3.0813830736553873,3.0813830736553873,3.0813830736553873,3.0813830736553873,3.0813830736553873
BTC,2940,nnls_intermedia_legacy,0.0009498499453805732,False,False,0.0009498499453805732,1.2481508578449712e-05,1.0782368190492855,3.345196290223215,3.345196290223215,3.345196290223215,3.345196290223215,3.345196290223215
BTC,2940,nnls_nonneg,0.0007913801378262562,False,True,0.0007913801378262562,1.2481508578449712e-05,0.8959520583252704,3.165302020215421,3.165302020215421,3.165302020215421,3.165302020215421,3.165302020215421
BTC,2960,nnls_original_legacy,0.0005521862894709742,False,False,0.0005521862894709742,8.666920419554915e-05,0.5328646714313198,1.008743307250414,1.008743307250414,1.008743307250414,1.008743307250414,1.008743307250414
BTC,2960,nnls_intermedia_legacy,0.0006795514000208216,False,False,0.0006795514000208216,8.666920419554915e-05,0.6786560288952538,1.1868731036966222,1.1868731036966222,1.1868731036966222,1.1868731036966222,1.1868731036966222
BTC,2960,nnls_nonneg,0.0007314257144696516,False,True,0.0007314257144696516,8.666920419554915e-05,0.7380351374152908,1.2513905573204829,1.2513905573204829,1.2513905573204829,1.2513905573204829,1.2513905573204829
BTC,2980,nnls_original_legacy,0.0007753160832755606,False,False,0.0007753160832755606,9.944743811870754e-06,0.8697002589289401,3.369053340253755,3.369053340253755,3.369053340253755,3.369053340253755,3.369053340253755
BTC,2980,nnls_intermedia_legacy,0.0007525881975664987,False,False,0.0007525881975664987,9.944743811870754e-06,0.8438743009045265,3.3396881019716664,3.3396881019716664,3.3396881019716664,3.3396881019716664,3.3396881019716664
BTC,2980,nnls_nonneg,0.0007251215584257807,False,True,0.0007251215584257807,9.944743811870754e-06,0.812663642834512,3.3030097446511517,3.3030097446511517,3.3030097446511517,3.3030097446511517,3.3030097446511517
BTC,3000,nnls_original_legacy,0.0004810255318422993,False,False,0.0004810255318422993,0.007511520981013995,8.127424921193766,11.867365943889874,11.867365943889874,11.867365943889874,11.867365943889874,11.867365943889874
BTC,3000,nnls_intermedia_legacy,0.0005457179011408475,False,False,0.0005457179011408475,0.007511520981013995,8.05263895792143,10.142384977257361,10.142384977257361,10.142384977257361,10.142384977257361,10.142384977257361
BTC,3000,nnls_nonneg,0.0005777845518545573,False,True,0.0005777845518545573,0.007511520981013995,8.015569124360761,9.435564766802909,9.435564766802909,9.435564766802909,9.435564766802909,9.435564766802909
BTC,3020,nnls_original_legacy,0.0008199150765841437,False,False,0.0008199150765841437,0.0001456813401992898,0.7151043142169371,0.9054577070471999,0.9054577070471999,0.9054577070471999,0.9054577070471999,0.9054577070471999
BTC,3020,nnls_intermedia_legacy,0.0009028582498136616,False,False,0.0009028582498136616,0.0001456813401992898,0.8030753216146077,0.9854996461025116,0.9854996461025116,0.9854996461025116,0.9854996461025116,0.9854996461025116
BTC,3020,nnls_nonneg,0.0008947263711341422,False,True,0.0008947263711341422,0.0001456813401992898,0.7944505061943752,0.977918532848917,0.977918532848917,0.977918532848917,0.977918532848917,0.977918532848917
BTC,3040,nnls_original_legacy,0.0006576904836639296,False,False,0.0006576904836639296,0.0002709502805465446,0.3975464472822276,0.29877142300950155,0.29877142300950155,0.29877142300950155,0.29877142300950155,0.29877142300950155
BTC,3040,nnls_intermedia_legacy,0.0007071351658124487,False,False,0.0007071351658124487,0.0002709502805465446,0.4483727062713313,0.3424526728401258,0.3424526728401258,0.3424526728401258,0.3424526728401258,0.3424526728401258
BTC,3040,nnls_nonneg,0.0007176085305336368,False,True,0.0007176085305336368,0.0002709502805465446,0.45913871637950604,0.35156280124445805,0.35156280124445805,0.35156280124445805,0.35156280124445805,0.35156280124445805
BTC,3060,nnls_original_legacy,0.000649417095675352,False,False,0.000649417095675352,6.418557889035797e-07,0.6611969919681566,5.920455169841388,5.920455169841388,5.920455169841388,5.4776150270935755,5.920455169841388
BTC,3060,nnls_intermedia_legacy,0.0005855412657082565,False,False,0.0005855412657082565,6.418557889035797e-07,0.5960981656918871,5.817024463545516,5.817024463545516,5.817024463545516,5.374244481551293,5.817024463545516
BTC,3060,nnls_nonneg,0.0005873110178097266,False,True,0.0005873110178097266,6.418557889035797e-07,0.5979018022890948,5.820039022896329,5.820039022896329,5.820039022896329,5.377257197819854,5.820039022896329
BTC,3080,nnls_original_legacy,0.0006402160054862497,False,False,0.0006402160054862497,1.0013153462571133e-06,0.6454840881520958,5.46205517339161,5.46205517339161,5.46205517339161,5.46205517339161,5.46205517339161
BTC,3080,nnls_intermedia_legacy,0.0006162264868165825,False,False,0.0006162264868165825,1.0013153462571133e-06,0.6212592810214798,5.423925001902608,5.423925001902608,5.423925001902608,5.423925001902608,5.423925001902608
BTC,3080,nnls_nonneg,0.0006134270102669898,False,True,0.0006134270102669898,1.0013153462571133e-06,0.6184323472920292,5.419379132512544,5.419379132512544,5.419379132512544,5.419379132512544,5.419379132512544
BTC,3100,nnls_original_legacy,0.0006472810274415883,False,False,0.0006472810274415883,8.314846323258178e-05,0.5699812411243866,1.1806108883978577,1.1806108883978577,1.1806108883978577,1.1806108883978577,1.1806108883978577
BTC,3100,nnls_intermedia_legacy,0.0006255279872986891,False,False,0.0006255279872986891,8.314846323258178e-05,0.5480026750824436,1.1508935978131838,1.1508935978131838,1.1508935978131838,1.1508935978131838,1.1508935978131838
BTC,3100,nnls_nonneg,0.0006473221652546652,False,True,0.0006473221652546652,8.314846323258178e-05,0.5700228054361146,1.1806662775667789,1.1806662775667789,1.1806662775667789,1.1806662775667789,1.1806662775667789
BTC,3120,nnls_original_legacy,0.0013284169364811567,False,False,0.0013284169364811567,5.3727896019365884e-05,1.2628003449607654,2.2482559483479885,2.2482559483479885,2.2482559483479885,2.2482559483479885,2.2482559483479885
BTC,3120,nnls_intermedia_legacy,0.0013126169431357472,False,False,0.0013126169431357472,5.3727896019365884e-05,1.2471477140730527,2.2367776372627315,2.2367776372627315,2.2367776372627315,2.2367776372627315,2.2367776372627315
BTC,3120,nnls_nonneg,0.0011773017289758428,False,True,0.0011773017289758428,5.3727896019365884e-05,1.113094549971428,2.132684553935297,2.132684553935297,2.132684553935297,2.132684553935297,2.132684553935297
BTC,3140,nnls_original_legacy,0.0006693996537889266,False,False,0.0006693996537889266,4.286526526542477e-05,0.6049876105781308,1.8123548271472663,1.8123548271472663,1.8123548271472663,1.8123548271472663,1.8123548271472663
BTC,3140,nnls_intermedia_legacy,0.0006427443322096215,False,False,0.0006427443322096215,4.286526526542477e-05,0.5792489765831819,1.7743762022478977,1.7743762022478977,1.7743762022478977,1.7743762022478977,1.7743762022478977
BTC,3140,nnls_nonneg,0.0006474865036135039,False,True,0.0006474865036135039,4.286526526542477e-05,0.5838280627421202,1.781238680805417,1.781238680805417,1.781238680805417,1.781238680805417,1.781238680805417
BTC,3160,nnls_original_legacy,0.000631465019201053,False,False,0.000631465019201053,0.00010784049092600777,0.4943189472102389,0.9381675975749326,0.9381675975749326,0.9381675975749326,0.9381675975749326,0.9381675975749326
BTC,3160,nnls_intermedia_legacy,0.0006612755010073382,False,False,0.0006612755010073382,0.00010784049092600777,0.5224610322093063,0.9765968672167542,0.9765968672167542,0.9765968672167542,0.9765968672167542,0.9765968672167542
BTC,3160,nnls_nonneg,0.0006820475233648784,False,True,0.0006820475233648784,0.00010784049092600777,0.5420705112706335,1.0025590075713828,1.0025590075713828,1.0025590075713828,1.0025590075713828,1.0025590075713828
BTC,3180,nnls_original_legacy,0.0006507490132604132,False,False,0.0006507490132604132,2.0891433235250104e-05,0.6050438739393537,2.4708885182228015,2.4708885182228015,2.4708885182228015,2.4708885182228015,2.4708885182228015
BTC,3180,nnls_intermedia_legacy,0.000674545494091719,False,False,0.000674545494091719,2.0891433235250104e-05,0.6279028747752594,2.505671065720152,2.505671065720152,2.505671065720152,2.505671065720152,2.505671065720152
BTC,3180,nnls_nonneg,0.0006654646038871824,False,True,0.0006654646038871824,2.0891433235250104e-05,0.6191797329692162,2.492540023033174,2.492540023033174,2.492540023033174,2.492540023033174,2.492540023033174
BTC,3200,nnls_original_legacy,0.0005764945173823895,False,False,0.0005764945173823895,0.00013171917740038188,0.4295533928215967,0.70477658338247,0.70477658338247,0.70477658338247,0.70477658338247,0.70477658338247
BTC,3200,nnls_intermedia_legacy,0.0006426882521273914,False,False,0.0006426882521273914,0.00013171917740038188,0.49348171974817184,0.7899379033567837,0.7899379033567837,0.7899379033567837,0.7899379033567837,0.7899379033567837
BTC,3200,nnls_nonneg,0.0006291233762025243,False,True,0.0006291233762025243,0.00013171917740038188,0.48038108679274233,0.7730245614511735,0.7730245614511735,0.7730245614511735,0.7730245614511735,0.7730245614511735
BTC,3220,nnls_original_legacy,0.0005584827442999906,False,False,0.0005584827442999906,3.419390245634467e-05,0.525764331127525,1.8544028101726613,1.8544028101726613,1.8544028101726613,1.8544028101726613,1.8544028101726613
BTC,3220,nnls_intermedia_legacy,0.0005438464527873878,False,False,0.0005438464527873878,3.419390245634467e-05,0.5110868491688189,1.8294937986348683,1.8294937986348683,1.8294937986348683,1.8294937986348683,1.8294937986348683
BTC,3220,nnls_nonneg,0.0005360613560504843,False,True,0.0005360613560504843,3.419390245634467e-05,0.503279843083685,1.8159885797283892,1.8159885797283892,1.8159885797283892,1.8159885797283892,1.8159885797283892
BTC,3240,nnls_original_legacy,0.0006579294332047461,False,False,0.0006579294332047461,0.00021980787856430738,0.44182844892224726,0.43043415163891785,0.43043415163891785,0.43043415163891785,0.43043415163891785,0.43043415163891785
BTC,3240,nnls_intermedia_legacy,0.0006230702015543452,False,False,0.0006230702015543452,0.00021980787856430738,0.40667427746551993,0.3946871923313817,0.3946871923313817,0.3946871923313817,0.3946871923313817,0.3946871923313817
BTC,3240,nnls_nonneg,0.0005783933738902638,False,True,0.0005783933738902638,0.00021980787856430738,0.3616194444847787,0.3475321354643748,0.3475321354643748,0.3475321354643748,0.3475321354643748,0.3475321354643748
BTC,3260,nnls_original_legacy,0.0005204762532102774,False,False,0.0005204762532102774,1.0652408116033912e-05,0.5438889957318984,2.9094249385977613,2.9094249385977613,2.9094249385977613,2.9094249385977613,2.9094249385977613
BTC,3260,nnls_intermedia_legacy,0.0005250853355333414,False,False,0.0005250853355333414,1.0652408116033912e-05,0.5488060453757289,2.9180618161240206,2.9180618161240206,2.9180618161240206,2.9180618161240206,2.9180618161240206
BTC,3260,nnls_nonneg,0.000517519227861716,False,True,0.000517519227861716,1.0652408116033912e-05,0.5407343893660751,2.903844297680259,2.903844297680259,2.903844297680259,2.903844297680259,2.903844297680259
BTC,3280,nnls_original_legacy,0.0006196195894454553,False,False,0.0006196195894454553,0.000678400122757519,0.06670895592333943,0.00423397688523286,0.00423397688523286,0.00423397688523286,0.00423397688523286,0.00423397688523286
BTC,3280,nnls_intermedia_legacy,0.0005937296810400066,False,False,0.0005937296810400066,0.000678400122757519,0.09609094110386378,0.009294597373265656,0.009294597373265656,0.009294597373265656,0.009294597373265656,0.009294597373265656
BTC,3280,nnls_nonneg,0.0005503329182269427,False,True,0.0005503329182269427,0.000678400122757519,0.14534113627210254,0.023494738440963614,0.023494738440963614,0.023494738440963614,0.023494738440963614,0.023494738440963614
BTC,3300,nnls_original_legacy,0.0005007858329933876,False,False,0.0005007858329933876,0.0003129850070189256,0.2182609136374064,0.09501098420116616,0.09501098420116616,0.09501098420116616,0.09501098420116616,0.09501098420116616
BTC,3300,nnls_intermedia_legacy,0.00047063498546516915,False,False,0.00047063498546516915,0.0003129850070189256,0.18321979230950566,0.07295460068024218,0.07295460068024218,0.07295460068024218,0.07295460068024218,0.07295460068024218
BTC,3300,nnls_nonneg,0.00046599857074367126,False,True,0.00046599857074367126,0.0003129850070189256,0.17783138090148737,0.069670984496492,0.069670984496492,0.069670984496492,0.069670984496492,0.069670984496492
BTC,3320,nnls_original_legacy,0.0004896433769428997,False,False,0.0004896433769428997,0.0005031288250083351,0.01626986836405447,0.0003724405748135595,0.0003724405748135595,0.0003724405748135595,0.0003724405748135595,0.0003724405748135595
BTC,3320,nnls_intermedia_legacy,0.0004127960687424925,False,False,0.0004127960687424925,0.0005031288250083351,0.1089842952400282,0.02093887551933049,0.02093887551933049,0.02093887551933049,0.02093887551933049,0.02093887551933049
BTC,3320,nnls_nonneg,0.00040845695265571676,False,True,0.00040845695265571676,0.0005031288250083351,0.11421933431367526,0.023319593211922562,0.023319593211922562,0.023319593211922562,0.023319593211922562,0.023319593211922562
BTC,3340,nnls_original_legacy,0.0007763390843856199,False,False,0.0007763390843856199,0.0014906816251032007,0.874758703116463,0.2677430700414396,0.2677430700414396,0.2677430700414396,0.2677430700414396,0.2677430700414396
BTC,3340,nnls_intermedia_legacy,0.0008754971742116206,False,False,0.0008754971742116206,0.0014906816251032007,0.7533332004821588,0.1704718514073933,0.1704718514073933,0.1704718514073933,0.1704718514073933,0.1704718514073933
BTC,3340,nnls_nonneg,0.0006477738691981746,False,True,0.0006477738691981746,0.0014906816251032007,1.0321951352100707,0.46779057062075013,0.46779057062075013,0.46779057062075013,0.46779057062075013,0.46779057062075013
BTC,3360,nnls_original_legacy,0.0004467295614472447,False,False,0.0004467295614472447,2.138900787612579e-05,0.518676975831661,2.086955360869462,2.086955360869462,2.086955360869462,2.086955360869462,2.086955360869462
BTC,3360,nnls_intermedia_legacy,0.00045373332824242716,False,False,0.00045373332824242716,2.138900787612579e-05,0.5272176441273495,2.10177254471888,2.10177254471888,2.10177254471888,2.10177254471888,2.10177254471888
BTC,3360,nnls_nonneg,0.0005479002688786575,False,True,0.0005479002688786575,2.138900787612579e-05,0.6420485098476407,2.2822542807368897,2.2822542807368897,2.2822542807368897,2.2822542807368897,2.2822542807368897
BTC,3380,nnls_original_legacy,0.0005701120907594962,False,False,0.0005701120907594962,0.0003222201081957562,0.30237354286499657,0.13578540519870574,0.13578540519870574,0.13578540519870574,0.13578540519870574,0.13578540519870574
BTC,3380,nnls_intermedia_legacy,0.0006713579061064576,False,False,0.0006713579061064576,0.0003222201081957562,0.42587110648161824,0.2140203110571115,0.2140203110571115,0.2140203110571115,0.2140203110571115,0.2140203110571115
BTC,3380,nnls_nonneg,0.0007924588303431187,False,True,0.0007924588303431187,0.0003222201081957562,0.5735875236362122,0.3065136876940886,0.3065136876940886,0.3065136876940886,0.3065136876940886,0.3065136876940886
BTC,3400,nnls_original_legacy,0.0004804151355754414,False,False,0.0004804151355754414,2.824890725050802e-05,0.5531008809319999,1.8923968555588435,1.8923968555588435,1.8923968555588435,1.8923968555588435,1.8923968555588435
BTC,3400,nnls_intermedia_legacy,0.00043725040753317396,False,False,0.00043725040753317396,2.824890725050802e-05,0.5003007211460466,1.804057058759934,1.804057058759934,1.804057058759934,1.804057058759934,1.804057058759934
BTC,3400,nnls_nonneg,0.00042720406676394543,False,True,0.00042720406676394543,2.824890725050802e-05,0.4880117893737908,1.7823321214692087,1.7823321214692087,1.7823321214692087,1.7823321214692087,1.7823321214692087
BTC,3420,nnls_original_legacy,0.00047507310829919606,False,False,0.00047507310829919606,0.00010968580998030434,0.5024115475360432,0.6967306575887542,0.6967306575887542,0.6967306575887542,0.6967306575887542,0.6967306575887542
BTC,3420,nnls_intermedia_legacy,0.0004744080685035599,False,False,0.0004744080685035599,0.00010968580998030434,0.5014971105141875,0.6956534659530935,0.6956534659530935,0.6956534659530935,0.6956534659530935,0.6956534659530935
BTC,3420,nnls_nonneg,0.0004819706137996752,False,True,0.0004819706137996752,0.00010968580998030434,0.5118956933412696,0.707840934923563,0.707840934923563,0.707840934923563,0.707840934923563,0.707840934923563
BTC,3440,nnls_original_legacy,0.0004462968661761362,False,False,0.0004462968661761362,0.002201885712449908,2.504744649381775,2.337594464455425,2.337594464455425,2.337594464455425,2.337594464455425,2.337594464455425
BTC,3440,nnls_intermedia_legacy,0.00046336783799375437,False,False,0.00046336783799375437,0.002201885712449908,2.480389046183064,2.1933692351545755,2.1933692351545755,2.1933692351545755,2.1933692351545755,2.1933692351545755
BTC,3440,nnls_nonneg,0.0004425265033068656,False,True,0.0004425265033068656,0.002201885712449908,2.5101239249696086,2.3711458345417906,2.3711458345417906,2.3711458345417906,2.3711458345417906,2.3711458345417906
BTC,3460,nnls_original_legacy,0.0007293197852484973,False,False,0.0007293197852484973,4.205433741902399e-06,0.8916357788877147,4.161501102655142,4.161501102655142,4.161501102655142,4.161501102655142,4.161501102655142
BTC,3460,nnls_intermedia_legacy,0.0006629345947054984,False,False,0.0006629345947054984,4.205433741902399e-06,0.8100053285271169,4.0666425607333325,4.0666425607333325,4.0666425607333325,4.0666425607333325,4.0666425607333325
BTC,3460,nnls_nonneg,0.00047071986459174534,False,True,0.00047071986459174534,4.205433741902399e-06,0.5736487728437623,3.726819760299513,3.726819760299513,3.726819760299513,3.726819760299513,3.726819760299513
BTC,3480,nnls_original_legacy,0.0003560544527623493,False,False,0.0003560544527623493,0.0003591831274989539,0.003807298807144754,3.838160589797468e-05,3.838160589797468e-05,3.838160589797468e-05,3.838160589797468e-05,3.838160589797468e-05
BTC,3480,nnls_intermedia_legacy,0.0003962707443571737,False,False,0.0003962707443571737,0.0003591831274989539,0.04513209307829256,0.004673702885644504,0.004673702885644504,0.004673702885644504,0.004673702885644504,0.004673702885644504
BTC,3480,nnls_nonneg,0.0005128317270119838,False,True,0.0005128317270119838,0.0003591831274989539,0.18697569383012147,0.056507193641842646,0.056507193641842646,0.056507193641842646,0.056507193641842646,0.056507193641842646
BTC,3500,nnls_original_legacy,0.00034266332277800826,False,False,0.00034266332277800826,0.0006768377522042744,0.40245034797083834,0.29454353486797613,0.29454353486797613,0.29454353486797613,0.29454353486797613,0.29454353486797613
BTC,3500,nnls_intermedia_legacy,0.0003704378174910635,False,False,0.0003704378174910635,0.0006768377522042744,0.36900118466658965,0.22438320696027825,0.22438320696027825,0.22438320696027825,0.22438320696027825,0.22438320696027825
BTC,3500,nnls_nonneg,0.00045796935757255183,False,True,0.00045796935757255183,0.0006768377522042744,0.2635858815726375,0.08728125527258768,0.08728125527258768,0.08728125527258768,0.08728125527258768,0.08728125527258768
BTC,3520,nnls_original_legacy,0.0003530194507187993,False,False,0.0003530194507187993,0.0002800960876976035,0.09347729835280509,0.02482005929391895,0.02482005929391895,0.02482005929391895,0.02482005929391895,0.02482005929391895
BTC,3520,nnls_intermedia_legacy,0.0003227997987153962,False,False,0.0003227997987153962,0.0002800960876976035,0.054740036254525455,0.009607969793510751,0.009607969793510751,0.009607969793510751,0.009607969793510751,0.009607969793510751
BTC,3520,nnls_nonneg,0.00038990855315508067,False,True,0.00038990855315508067,0.0002800960876976035,0.1407638398882138,0.0491430557801209,0.0491430557801209,0.0491430557801209,0.0491430557801209,0.0491430557801209
BTC,3540,nnls_original_legacy,0.0004104948536161182,False,False,0.0004104948536161182,4.8249512104296595e-05,0.4716586395395888,1.2585175469536587,1.2585175469536587,1.2585175469536587,1.2585175469536587,1.2585175469536587
BTC,3540,nnls_intermedia_legacy,0.00041809828317288303,False,False,0.00041809828317288303,4.8249512104296595e-05,0.48155862396895865,1.274733136758273,1.274733136758273,1.274733136758273,1.274733136758273,1.274733136758273
BTC,3540,nnls_nonneg,0.0003885454063780559,False,True,0.0003885454063780559,4.8249512104296595e-05,0.4430795379292163,1.2102041778958825,1.2102041778958825,1.2102041778958825,1.2102041778958825,1.2102041778958825
BTC,3560,nnls_original_legacy,0.0003015575993187633,False,False,0.0003015575993187633,8.404736106270093e-05,0.2920587105945919,0.5562913826529812,0.5562913826529812,0.5562913826529812,0.5562913826529812,0.5562913826529812
BTC,3560,nnls_intermedia_legacy,0.0002875308837018991,False,False,0.0002875308837018991,8.404736106270093e-05,0.27322454209850644,0.5222570609802983,0.5222570609802983,0.5222570609802983,0.5222570609802983,0.5222570609802983
BTC,3560,nnls_nonneg,0.0003390270895275313,False,True,0.0003390270895275313,8.404736106270093e-05,0.34237032389955535,0.6426070606207794,0.6426070606207794,0.6426070606207794,0.6426070606207794,0.6426070606207794
BTC,3580,nnls_original_legacy,0.00048188764073247886,False,False,0.00048188764073247886,0.0005382063566732572,0.07565705055374626,0.006339980029352876,0.006339980029352876,0.006339980029352876,0.006339980029352876,0.006339980029352876
BTC,3580,nnls_intermedia_legacy,0.0005460046677570218,False,False,0.0005460046677570218,0.0005382063566732572,0.010476041686011206,0.00010297657236724156,0.00010297657236724156,0.00010297657236724156,0.00010297657236724156,0.00010297657236724156
BTC,3580,nnls_nonneg,0.00044022382519303386,False,True,0.00044022382519303386,0.0005382063566732572,0.13162710146620651,0.021615591376275,0.021615591376275,0.021615591376275,0.021615591376275,0.021615591376275
BTC,3600,nnls_original_legacy,0.00030964550428087833,False,False,0.00030964550428087833,0.00010258712367961784,0.2774272870661818,0.4360207481194833,0.4360207481194833,0.4360207481194833,0.4360207481194833,0.4360207481194833
BTC,3600,nnls_intermedia_legacy,0.00025285416410095787,False,False,0.00025285416410095787,0.00010258712367961784,0.20133537816002248,0.30781703945282457,0.30781703945282457,0.30781703945282457,0.30781703945282457,0.30781703945282457
BTC,3600,nnls_nonneg,0.00033428132940869007,False,True,0.00033428132940869007,0.00010258712367961784,0.31043561114366697,0.4881591009153139,0.4881591009153139,0.4881591009153139,0.4881591009153139,0.4881591009153139
BTC,3620,nnls_original_legacy,0.00031751927248126216,False,False,0.00031751927248126216,2.6702430965391237e-06,0.45002199593834114,3.78677870556052,3.78677870556052,3.78677870556052,3.78677870556052,3.78677870556052
BTC,3620,nnls_intermedia_legacy,0.0002545514125551757,False,False,0.0002545514125551757,2.6702430965391237e-06,0.3600203781493988,3.5678233090999134,3.5678233090999134,3.5678233090999134,3.5678233090999134,3.5678233090999134
BTC,3620,nnls_nonneg,0.0003356634386073824,False,True,0.0003356634386073824,2.6702430965391237e-06,0.4759559296419642,3.841894591968874,3.841894591968874,3.841894591968874,3.841894591968874,3.841894591968874
BTC,3640,nnls_original_legacy,0.0002879867812128683,False,False,0.0002879867812128683,1.4249692088761401e-07,0.4359881080817738,6.61184427151533,6.61184427151533,6.61184427151533,4.666386962115705,6.61184427151533
BTC,3640,nnls_intermedia_legacy,0.00024233281593827967,False,False,0.00024233281593827967,1.4249692088761401e-07,0.36683757415521406,6.439334962682725,6.439334962682725,6.439334962682725,4.494438610073609,6.439334962682725
BTC,3640,nnls_nonneg,0.0003119871458901468,False,True,0.0003119871458901468,1.4249692088761401e-07,0.4723406575675403,6.691853614921369,6.691853614921369,6.691853614921369,4.746167248149605,6.691853614921369
ETH,500,nnls_original_legacy,0.002800649121969514,False,False,0.002800649121969514,0.00012566958261235405,0.6183538811975797,2.1488219874890038,2.1488219874890038,2.1488219874890038,2.1488219874890038,2.1488219874890038
ETH,500,nnls_intermedia_legacy,0.0026707112611130623,False,False,0.0026707112611130623,0.00012566958261235405,0.5883171727319865,2.1034987280268616,2.1034987280268616,2.1034987280268616,2.1034987280268616,2.1034987280268616
ETH,500,nnls_nonneg,0.0026844845884492425,False,True,0.0026844845884492425,0.00012566958261235405,0.5915010439691394,2.108401226669504,2.108401226669504,2.108401226669504,2.108401226669504,2.108401226669504
ETH,520,nnls_original_legacy,0.002867268590525749,False,False,0.002867268590525749,1.6169555646423682e-05,0.662571363945685,4.183624310434006,4.183624310434006,4.183624310434006,4.183624310434006,4.183624310434006
ETH,520,nnls_intermedia_legacy,0.0027265867891582444,False,False,0.0027265867891582444,1.6169555646423682e-05,0.629878100094067,4.133605981091742,4.133605981091742,4.133605981091742,4.133605981091742,4.133605981091742
ETH,520,nnls_nonneg,0.0026924003939428494,False,True,0.0026924003939428494,1.6169555646423682e-05,0.621933470241106,4.121063849532333,4.121063849532333,4.121063849532333,4.121063849532333,4.121063849532333
ETH,540,nnls_original_legacy,0.0024960892370154675,False,False,0.0024960892370154675,0.0002779440011118857,0.5658663729950189,1.3064126109350935,1.3064126109350935,1.3064126109350935,1.3064126109350935,1.3064126109350935
ETH,540,nnls_intermedia_legacy,0.0025854957754020908,False,False,0.0025854957754020908,0.0002779440011118857,0.5886746872478361,1.3377541390331475,1.3377541390331475,1.3377541390331475,1.3377541390331475,1.3377541390331475
ETH,540,nnls_nonneg,0.0027148692748521974,False,True,0.0027148692748521974,0.0002779440011118857,0.6216788890063756,1.3814578339462473,1.3814578339462473,1.3814578339462473,1.3814578339462473,1.3814578339462473
ETH,560,nnls_original_legacy,0.002728462378632711,False,False,0.002728462378632711,0.00046049156702278283,0.5874841100841345,0.947972243433117,0.947972243433117,0.947972243433117,0.947972243433117,0.947972243433117
ETH,560,nnls_intermedia_legacy,0.0028159167306933985,False,False,0.0028159167306933985,0.00046049156702278283,0.6101378593874099,0.9742802744234746,0.9742802744234746,0.9742802744234746,0.9742802744234746,0.9742802744234746
ETH,560,nnls_nonneg,0.0025251912701037653,False,True,0.0025251912701037653,0.00046049156702278283,0.534829752413996,0.8841366305355227,0.8841366305355227,0.8841366305355227,0.8841366305355227,0.8841366305355227
ETH,580,nnls_original_legacy,0.0020577453734691754,False,False,0.0020577453734691754,5.739672267266504e-07,0.5729887224665259,7.184828094243928,7.184828094243928,7.184828094243928,6.629852152281535,7.184828094243928
ETH,580,nnls_intermedia_legacy,0.0020518079475177475,False,False,0.0020518079475177475,5.739672267266504e-07,0.57133495744708,7.181939326976172,7.181939326976172,7.181939326976172,6.626963984132477,7.181939326976172
ETH,580,nnls_nonneg,0.0021098769095368344,False,True,0.0021098769095368344,5.739672267266504e-07,0.5875090401031522,7.209839906895871,7.209839906895871,7.209839906895871,6.654858849354692,7.209839906895871
ETH,600,nnls_original_legacy,0.002122018389956426,False,False,0.002122018389956426,2.4497181837128367e-06,0.6048619268749448,5.765304422931511,5.765304422931511,5.765304422931511,5.765304422931511,5.765304422931511
ETH,600,nnls_intermedia_legacy,0.002068606795352967,False,False,0.002068606795352967,2.4497181837128367e-06,0.58961984462512,5.739841858835647,5.739841858835647,5.739841858835647,5.739841858835647,5.739841858835647
ETH,600,nnls_nonneg,0.0022977063332843975,False,True,0.0022977063332843975,2.4497181837128367e-06,0.6549980462398229,5.844759825138391,5.844759825138391,5.844759825138391,5.844759825138391,5.844759825138391
ETH,620,nnls_original_legacy,0.002324516562443541,False,False,0.002324516562443541,2.795442996324883e-09,0.6294966527347304,12.6310332577928,12.6310332577928,11.356441854227048,6.751697563246976,12.6310332577928
ETH,620,nnls_intermedia_legacy,0.002282182099556073,False,False,0.002282182099556073,2.795442996324883e-09,0.6180321464533282,12.612653239297892,12.612653239297892,11.338061893225595,6.733325502595109,12.612653239297892
ETH,620,nnls_nonneg,0.002301760071483289,False,True,0.002301760071483289,2.795442996324883e-09,0.6233340155884891,12.621195261148028,12.621195261148028,11.346603888224474,6.741863807881303,12.621195261148028
ETH,640,nnls_original_legacy,0.0028807662800726663,False,False,0.0028807662800726663,0.00010201314807872464,0.782670818617029,2.3761217094701217,2.3761217094701217,2.3761217094701217,2.3761217094701217,2.3761217094701217
ETH,640,nnls_intermedia_legacy,0.0031437578066108992,False,False,0.0031437578066108992,0.00010201314807872464,0.8567456945011347,2.4605218390958377,2.4605218390958377,2.4605218390958377,2.4605218390958377,2.4605218390958377
ETH,640,nnls_nonneg,0.0027682481010506753,False,True,0.0027682481010506753,0.00010201314807872464,0.7509786563049179,2.33771939486615,2.33771939486615,2.33771939486615,2.33771939486615,2.33771939486615
ETH,660,nnls_original_legacy,0.002148676035635187,False,False,0.002148676035635187,0.00038918903210236034,0.507009887575411,0.8896716584245632,0.8896716584245632,0.8896716584245632,0.8896716584245632,0.8896716584245632
ETH,660,nnls_intermedia_legacy,0.0020832107524991522,False,False,0.0020832107524991522,0.00038918903210236034,0.48814555622414263,0.8644221720124392,0.8644221720124392,0.8644221720124392,0.8644221720124392,0.8644221720124392
ETH,660,nnls_nonneg,0.0020820717045930428,False,True,0.0020820717045930428,0.00038918903210236034,0.4878173306960995,0.8639774526745303,0.8639774526745303,0.8639774526745303,0.8639774526745303,0.8639774526745303
ETH,680,nnls_original_legacy,0.002168868225962872,False,False,0.002168868225962872,0.033582461614785585,9.442590794050092,11.744065968960863,11.744065968960863,11.744065968960863,11.744065968960863,11.744065968960863
ETH,680,nnls_intermedia_legacy,0.002157304615229232,False,False,0.002157304615229232,0.033582461614785585,9.4460666919809,11.821716872131372,11.821716872131372,11.821716872131372,11.821716872131372,11.821716872131372
ETH,680,nnls_nonneg,0.0020579236521422223,False,True,0.0020579236521422223,0.033582461614785585,9.475939548471208,12.526307532192178,12.526307532192178,12.526307532192178,12.526307532192178,12.526307532192178
ETH,700,nnls_original_legacy,0.002120797872073368,False,False,0.002120797872073368,0.0007011919907924495,0.41895094344942646,0.4373924269728029,0.4373924269728029,0.4373924269728029,0.4373924269728029,0.4373924269728029
ETH,700,nnls_intermedia_legacy,0.002200626876854961,False,False,0.002200626876854961,0.0007011919907924495,0.44250990253016786,0.46234865159952165,0.46234865159952165,0.46234865159952165,0.46234865159952165,0.46234865159952165
ETH,700,nnls_nonneg,0.0020723360758979187,False,True,0.0020723360758979187,0.0007011919907924495,0.40464900549842364,0.4220082998525312,0.4220082998525312,0.4220082998525312,0.4220082998525312,0.4220082998525312
ETH,720,nnls_original_legacy,0.001959939412510728,False,False,0.001959939412510728,6.712117866778431e-05,0.5652451127936374,2.4084157751023976,2.4084157751023976,2.4084157751023976,2.4084157751023976,2.4084157751023976
ETH,720,nnls_intermedia_legacy,0.0017960280392919218,False,False,0.0017960280392919218,6.712117866778431e-05,0.5162968825902974,2.3242052486670484,2.3242052486670484,2.3242052486670484,2.3242052486670484,2.3242052486670484
ETH,720,nnls_nonneg,0.001894453013891483,False,True,0.001894453013891483,6.712117866778431e-05,0.5456891585492452,2.3756161801437705,2.3756161801437705,2.3756161801437705,2.3756161801437705,2.3756161801437705
ETH,740,nnls_original_legacy,0.0026678244451779983,False,False,0.0026678244451779983,0.00043028473711629613,0.6907217809812335,0.9858581868717546,0.9858581868717546,0.9858581868717546,0.9858581868717546,0.9858581868717546
ETH,740,nnls_intermedia_legacy,0.00275753716707036,False,False,0.00275753716707036,0.00043028473711629613,0.718415828518761,1.0136855666155,1.0136855666155,1.0136855666155,1.0136855666155,1.0136855666155
ETH,740,nnls_nonneg,0.002122675807334786,False,True,0.002122675807334786,0.00043028473711629613,0.5224360354036746,0.7986942213882431,0.7986942213882431,0.7986942213882431,0.7986942213882431,0.7986942213882431
ETH,760,nnls_original_legacy,0.0018585130910625184,False,False,0.0018585130910625184,2.0593568631943345e-05,0.569326909873324,3.513633878009218,3.513633878009218,3.513633878009218,3.513633878009218,3.513633878009218
ETH,760,nnls_intermedia_legacy,0.001763882054891349,False,False,0.001763882054891349,2.0593568631943345e-05,0.540013332894614,3.4619686865690955,3.4619686865690955,3.4619686865690955,3.4619686865690955,3.4619686865690955
ETH,760,nnls_nonneg,0.001830511974884307,False,True,0.001830511974884307,2.0593568631943345e-05,0.5606530866987038,3.4986223184452525,3.4986223184452525,3.4986223184452525,3.4986223184452525,3.4986223184452525
ETH,780,nnls_original_legacy,0.0018102006120203455,False,False,0.0018102006120203455,0.0006902760656709602,0.3585557676640538,0.34542706844371174,0.34542706844371174,0.34542706844371174,0.34542706844371174,0.34542706844371174
ETH,780,nnls_intermedia_legacy,0.0017398154315090607,False,False,0.0017398154315090607,0.0006902760656709602,0.3360212027126365,0.3211951676165197,0.3211951676165197,0.3211951676165197,0.3211951676165197,0.3211951676165197
ETH,780,nnls_nonneg,0.0017641382185572872,False,True,0.0017641382185572872,0.0006902760656709602,0.3438084019576519,0.329608279337263,0.329608279337263,0.329608279337263,0.329608279337263,0.329608279337263
ETH,800,nnls_original_legacy,0.0017353228495810516,False,False,0.0017353228495810516,6.892379117734104e-05,0.5542974091905897,2.2656654742837543,2.2656654742837543,2.2656654742837543,2.2656654742837543,2.2656654742837543
ETH,800,nnls_intermedia_legacy,0.0017940216185281562,False,False,0.0017940216185281562,6.892379117734104e-05,0.5738224895643297,2.297632270149431,2.297632270149431,2.297632270149431,2.297632270149431,2.297632270149431
ETH,800,nnls_nonneg,0.0018410317886523686,False,True,0.0018410317886523686,6.892379117734104e-05,0.5894595696347067,2.3225176184750422,2.3225176184750422,2.3225176184750422,2.3225176184750422,2.3225176184750422
ETH,820,nnls_original_legacy,0.0016206190789108598,False,False,0.0016206190789108598,0.0028824104014369308,0.4439772309248508,0.2027673324220074,0.2027673324220074,0.2027673324220074,0.2027673324220074,0.2027673324220074
ETH,820,nnls_intermedia_legacy,0.001481891619225724,False,False,0.001481891619225724,0.0028824104014369308,0.4927902416855687,0.27978104059305897,0.27978104059305897,0.27978104059305897,0.27978104059305897,0.27978104059305897
ETH,820,nnls_nonneg,0.0015583965315174757,False,True,0.0015583965315174757,0.0028824104014369308,0.46587102096732763,0.23463065259943416,0.23463065259943416,0.23463065259943416,0.23463065259943416,0.23463065259943416
ETH,840,nnls_original_legacy,0.001622725825085924,False,False,0.001622725825085924,0.002664220299055038,0.36733459849189437,0.14601379468576203,0.14601379468576203,0.14601379468576203,0.14601379468576203,0.14601379468576203
ETH,840,nnls_intermedia_legacy,0.0012642026276301537,False,False,0.0012642026276301537,0.002664220299055038,0.49378555726227297,0.3619615340757514,0.3619615340757514,0.3619615340757514,0.3619615340757514,0.3619615340757514
ETH,840,nnls_nonneg,0.001289431590941779,False,True,0.001289431590941779,0.002664220299055038,0.48488731407416996,0.3404875262843581,0.3404875262843581,0.3404875262843581,0.3404875262843581,0.3404875262843581
ETH,860,nnls_original_legacy,0.002377918028239719,False,False,0.002377918028239719,0.005504627331268812,0.718823647141703,0.47552990005031703,0.47552990005031703,0.47552990005031703,0.47552990005031703,0.47552990005031703
ETH,860,nnls_intermedia_legacy,0.0026088449631740027,False,False,0.0026088449631740027,0.005504627331268812,0.6657340486197351,0.3633048857830845,0.3633048857830845,0.3633048857830845,0.3633048857830845,0.3633048857830845
ETH,860,nnls_nonneg,0.00277757841545574,False,True,0.00277757841545574,0.005504627331268812,0.6269425960704156,0.29779847753243893,0.29779847753243893,0.29779847753243893,0.29779847753243893,0.29779847753243893
ETH,880,nnls_original_legacy,0.0025763825039870876,False,False,0.0025763825039870876,1.539429740342232e-06,0.6044290987963991,6.423327030393794,6.423327030393794,6.423327030393794,6.423327030393794,6.423327030393794
ETH,880,nnls_intermedia_legacy,0.002598596550136589,False,False,0.002598596550136589,1.539429740342232e-06,0.6096437140205493,6.431907148630018,6.431907148630018,6.431907148630018,6.431907148630018,6.431907148630018
ETH,880,nnls_nonneg,0.0029905023433388894,False,True,0.0029905023433388894,1.539429740342232e-06,0.7016412682667054,6.572299383668649,6.572299383668649,6.572299383668649,6.572299383668649,6.572299383668649
ETH,900,nnls_original_legacy,0.002431652615234124,False,False,0.002431652615234124,0.0009844720585302411,0.33918984173561106,0.3090780730794742,0.3090780730794742,0.3090780730794742,0.3090780730794742,0.3090780730794742
ETH,900,nnls_intermedia_legacy,0.002411914830891734,False,False,0.002411914830891734,0.0009844720585302411,0.33456370443968503,0.3042410545786831,0.3042410545786831,0.3042410545786831,0.3042410545786831,0.3042410545786831
ETH,900,nnls_nonneg,0.002625844663492731,False,True,0.002625844663492731,0.0009844720585302411,0.384704528766214,0.35596871892640425,0.35596871892640425,0.35596871892640425,0.35596871892640425,0.35596871892640425
ETH,920,nnls_original_legacy,0.0023189015526351837,False,False,0.0023189015526351837,0.002483314715829476,0.04036667871129908,0.002400670458698295,0.002400670458698295,0.002400670458698295,0.002400670458698295,0.002400670458698295
ETH,920,nnls_intermedia_legacy,0.0023189015526351837,False,False,0.0023189015526351837,0.002483314715829476,0.04036667871129908,0.002400670458698295,0.002400670458698295,0.002400670458698295,0.002400670458698295,0.002400670458698295
ETH,920,nnls_nonneg,0.002354662811996706,False,True,0.002354662811996706,0.002483314715829476,0.0315865832559729,0.0014403723283635816,0.0014403723283635816,0.0014403723283635816,0.0014403723283635816,0.0014403723283635816
ETH,940,nnls_original_legacy,0.00223753061531989,False,False,0.00223753061531989,0.00010591266962105415,0.5343914960710634,2.097847873503668,2.097847873503668,2.097847873503668,2.097847873503668,2.097847873503668
ETH,940,nnls_intermedia_legacy,0.00223753061531989,False,False,0.00223753061531989,0.00010591266962105415,0.5343914960710634,2.097847873503668,2.097847873503668,2.097847873503668,2.097847873503668,2.097847873503668
ETH,940,nnls_nonneg,0.002291415272864101,False,True,0.002291415272864101,0.00010591266962105415,0.5479002502164445,2.1205315538027976,2.1205315538027976,2.1205315538027976,2.1205315538027976,2.1205315538027976
ETH,960,nnls_original_legacy,0.002246044825216591,False,False,0.002246044825216591,6.842783609272164e-05,0.5540849547351323,2.5216123169273903,2.5216123169273903,2.5216123169273903,2.5216123169273903,2.5216123169273903
ETH,960,nnls_intermedia_legacy,0.002246044825216591,False,False,0.002246044825216591,6.842783609272164e-05,0.5540849547351323,2.5216123169273903,2.5216123169273903,2.5216123169273903,2.5216123169273903,2.5216123169273903
ETH,960,nnls_nonneg,0.0022703228847494043,False,True,0.0022703228847494043,6.842783609272164e-05,0.5602623989709564,2.5320377721297582,2.5320377721297582,2.5320377721297582,2.5320377721297582,2.5320377721297582
ETH,980,nnls_original_legacy,0.0021569272745934234,False,False,0.0021569272745934234,9.675406742355605e-05,0.5425371612192621,2.149124920178347,2.149124920178347,2.149124920178347,2.149124920178347,2.149124920178347
ETH,980,nnls_intermedia_legacy,0.0021569272745934234,False,False,0.0021569272745934234,9.675406742355605e-05,0.5425371612192621,2.149124920178347,2.149124920178347,2.149124920178347,2.149124920178347,2.149124920178347
ETH,980,nnls_nonneg,0.002176615868166781,False,True,0.002176615868166781,9.675406742355605e-05,0.547722061997757,2.157805828365201,2.157805828365201,2.157805828365201,2.157805828365201,2.157805828365201
ETH,1000,nnls_original_legacy,0.0021136585341271744,False,False,0.0021136585341271744,5.333769299016564e-05,0.5296429367258969,2.704767133485618,2.704767133485618,2.704767133485618,2.704767133485618,2.704767133485618
ETH,1000,nnls_intermedia_legacy,0.0021136585341271744,False,False,0.0021136585341271744,5.333769299016564e-05,0.5296429367258969,2.704767133485618,2.704767133485618,2.704767133485618,2.704767133485618,2.704767133485618
ETH,1000,nnls_nonneg,0.0023477975183822802,False,True,0.0023477975183822802,5.333769299016564e-05,0.589832620170761,2.8073078573669212,2.8073078573669212,2.8073078573669212,2.8073078573669212,2.8073078573669212
ETH,1020,nnls_original_legacy,0.0021874566355580983,False,False,0.0021874566355580983,0.00010344042570152127,0.5425628412500886,2.098786933565632,2.098786933565632,2.098786933565632,2.098786933565632,2.098786933565632
ETH,1020,nnls_intermedia_legacy,0.002187456635558099,False,False,0.002187456635558099,0.00010344042570152127,0.5425628412500888,2.0987869335656324,2.0987869335656324,2.0987869335656324,2.0987869335656324,2.0987869335656324
ETH,1020,nnls_nonneg,0.002300315444183716,False,True,0.002300315444183716,0.00010344042570152127,0.5719450483454112,2.1467736230544547,2.1467736230544547,2.1467736230544547,2.1467736230544547,2.1467736230544547
ETH,1040,nnls_original_legacy,0.002554868456522842,False,False,0.002554868456522842,0.0001448980636721424,0.6020749820175115,1.9264400213883586,1.9264400213883586,1.9264400213883586,1.9264400213883586,1.9264400213883586
ETH,1040,nnls_intermedia_legacy,0.002554868456522842,False,False,0.002554868456522842,0.0001448980636721424,0.6020749820175115,1.9264400213883586,1.9264400213883586,1.9264400213883586,1.9264400213883586,1.9264400213883586
ETH,1040,nnls_nonneg,0.002600624423698052,False,True,0.002600624423698052,0.0001448980636721424,0.6135060449035671,1.9431930155149706,1.9431930155149706,1.9431930155149706,1.9431930155149706,1.9431930155149706
ETH,1060,nnls_original_legacy,0.002165693154045461,False,False,0.002165693154045461,0.0006691872016539381,0.38464965877835594,0.48342637556487267,0.48342637556487267,0.48342637556487267,0.48342637556487267,0.48342637556487267
ETH,1060,nnls_intermedia_legacy,0.00216569315404546,False,False,0.00216569315404546,0.0006691872016539381,0.3846496587783557,0.4834263755648722,0.4834263755648722,0.4834263755648722,0.4834263755648722,0.4834263755648722
ETH,1060,nnls_nonneg,0.0022349912893706507,False,True,0.0022349912893706507,0.0006691872016539381,0.40246148509566065,0.5053425506986364,0.5053425506986364,0.5053425506986364,0.5053425506986364,0.5053425506986364
ETH,1080,nnls_original_legacy,0.0022535035568792927,False,False,0.0022535035568792927,0.001499734651325136,0.19507773400401862,0.07271038846719957,0.07271038846719957,0.07271038846719957,0.07271038846719957,0.07271038846719957
ETH,1080,nnls_intermedia_legacy,0.0022535035568792936,False,False,0.0022535035568792936,0.001499734651325136,0.19507773400401884,0.0727103884671998,0.0727103884671998,0.0727103884671998,0.0727103884671998,0.0727103884671998
ETH,1080,nnls_nonneg,0.0022612498658995013,False,True,0.0022612498658995013,0.001499734651325136,0.19708250283889941,0.07386211547966659,0.07386211547966659,0.07386211547966659,0.07386211547966659,0.07386211547966659
ETH,1100,nnls_original_legacy,0.0023373637860971755,False,False,0.0023373637860971755,0.0018869699936442312,0.11975803273290546,0.021358277305151052,0.021358277305151052,0.021358277305151052,0.021358277305151052,0.021358277305151052
ETH,1100,nnls_intermedia_legacy,0.002337363786097176,False,False,0.002337363786097176,0.0018869699936442312,0.11975803273290557,0.021358277305151052,0.021358277305151052,0.021358277305151052,0.021358277305151052,0.021358277305151052
ETH,1100,nnls_nonneg,0.002214121652529131,False,True,0.002214121652529131,0.0018869699936442312,0.08698840821047825,0.012126556952809953,0.012126556952809953,0.012126556952809953,0.012126556952809953,0.012126556952809953
ETH,1120,nnls_original_legacy,0.0017213179507964455,False,False,0.0017213179507964455,0.0002844019141976061,0.3930207564169871,0.9656804459397281,0.9656804459397281,0.9656804459397281,0.9656804459397281,0.9656804459397281
ETH,1120,nnls_intermedia_legacy,0.0016982941772952136,False,False,0.0016982941772952136,0.0002844019141976061,0.3867233662796719,0.9544544531048438,0.9544544531048438,0.9544544531048438,0.9544544531048438,0.9544544531048438
ETH,1120,nnls_nonneg,0.002133477765454963,False,True,0.002133477765454963,0.0002844019141976061,0.5057534130203594,1.1484246246191607,1.1484246246191607,1.1484246246191607,1.1484246246191607,1.1484246246191607
ETH,1140,nnls_original_legacy,0.0024355323126940233,False,False,0.0024355323126940233,0.005045356805925973,0.7180885811236477,0.34325921898977985,0.34325921898977985,0.34325921898977985,0.34325921898977985,0.34325921898977985
ETH,1140,nnls_intermedia_legacy,0.0024219398359606762,False,False,0.0024219398359606762,0.005045356805925973,0.7218285269923134,0.34928875973443385,0.34928875973443385,0.34928875973443385,0.34928875973443385,0.34928875973443385
ETH,1140,nnls_nonneg,0.0021431879619850745,False,True,0.0021431879619850745,0.005045356805925973,0.7985266107859915,0.49796245229042757,0.49796245229042757,0.49796245229042757,0.49796245229042757,0.49796245229042757
ETH,1160,nnls_original_legacy,0.003680318364683234,False,False,0.003680318364683234,0.0026332894254715833,0.2648303650413624,0.05027134250120224,0.05027134250120224,0.05027134250120224,0.05027134250120224,0.05027134250120224
ETH,1160,nnls_intermedia_legacy,0.0036803183646832347,False,False,0.0036803183646832347,0.0026332894254715833,0.26483036504136265,0.050271342501202465,0.050271342501202465,0.050271342501202465,0.050271342501202465,0.050271342501202465
ETH,1160,nnls_nonneg,0.0024575684787292423,False,True,0.0024575684787292423,0.0026332894254715833,0.04444599449775186,0.0024405944156262738,0.0024405944156262738,0.0024405944156262738,0.0024405944156262738,0.0024405944156262738
ETH,1180,nnls_original_legacy,0.004627265649289702,False,False,0.004627265649289702,0.0055972341762143924,0.2315356078290429,0.019313780554703452,0.019313780554703452,0.019313780554703452,0.019313780554703452,0.019313780554703452
ETH,1180,nnls_intermedia_legacy,0.0043956773254845705,False,False,0.0043956773254845705,0.0055972341762143924,0.28681672451469137,0.03169870161934796,0.03169870161934796,0.03169870161934796,0.03169870161934796,0.03169870161934796
ETH,1180,nnls_nonneg,0.002833270173261424,False,True,0.002833270173261424,0.0055972341762143924,0.6597699488975245,0.2946974575834296,0.2946974575834296,0.2946974575834296,0.2946974575834296,0.2946974575834296
ETH,1200,nnls_original_legacy,0.004285636260277729,False,False,0.004285636260277729,0.009475467434771906,1.2403230848301339,0.41754559772282596,0.41754559772282596,0.41754559772282596,0.41754559772282596,0.41754559772282596
ETH,1200,nnls_intermedia_legacy,0.004508411922126303,False,False,0.004508411922126303,0.009475467434771906,1.1870817005078338,0.3589695157643771,0.3589695157643771,0.3589695157643771,0.3589695157643771,0.3589695157643771
ETH,1200,nnls_nonneg,0.0028590986376854977,False,True,0.0028590986376854977,0.009475467434771906,1.5812527769895888,1.11594532334031,1.11594532334031,1.11594532334031,1.11594532334031,1.11594532334031
ETH,1220,nnls_original_legacy,0.0026758561427782236,False,False,0.0026758561427782236,8.240178887355238e-05,0.610713509207686,2.511212066344226,2.511212066344226,2.511212066344226,2.511212066344226,2.511212066344226
ETH,1220,nnls_intermedia_legacy,0.0027530321653294995,False,False,0.0027530321653294995,8.240178887355238e-05,0.6288871236721238,2.538782326963661,2.538782326963661,2.538782326963661,2.538782326963661,2.538782326963661
ETH,1220,nnls_nonneg,0.002559047229079447,False,True,0.002559047229079447,8.240178887355238e-05,0.5832070364277375,2.467983328666317,2.467983328666317,2.467983328666317,2.467983328666317,2.467983328666317
ETH,1240,nnls_original_legacy,0.00239945154070229,False,False,0.00239945154070229,2.4651296170842637e-05,0.5523642410533052,3.5884397046146512,3.5884397046146512,3.5884397046146512,3.5884397046146512,3.5884397046146512
ETH,1240,nnls_intermedia_legacy,0.0023559006785345603,False,False,0.0023559006785345603,2.4651296170842637e-05,0.5422345726806116,3.570312544790049,3.570312544790049,3.570312544790049,3.570312544790049,3.570312544790049
ETH,1240,nnls_nonneg,0.002590597789931558,False,True,0.002590597789931558,2.4651296170842637e-05,0.5968237079616648,3.6643301315681542,3.6643301315681542,3.6643301315681542,3.6643301315681542,3.6643301315681542
ETH,1260,nnls_original_legacy,0.0027968831168608045,False,False,0.0027968831168608045,0.008121952136879619,1.2238127914662316,0.8378648550146737,0.8378648550146737,0.8378648550146737,0.8378648550146737,0.8378648550146737
ETH,1260,nnls_intermedia_legacy,0.0028701328158456186,False,False,0.0028701328158456186,0.008121952136879619,1.2069784709622786,0.7896052932134463,0.7896052932134463,0.7896052932134463,0.7896052932134463,0.7896052932134463
ETH,1260,nnls_nonneg,0.00279764942127821,False,True,0.00279764942127821,0.008121952136879619,1.2236366786037216,0.8373433869525613,0.8373433869525613,0.8373433869525613,0.8373433869525613,0.8373433869525613
ETH,1280,nnls_original_legacy,0.0034666399588357826,False,False,0.0034666399588357826,0.00019628994514214423,0.7165664020185476,1.92797074996404,1.92797074996404,1.92797074996404,1.92797074996404,1.92797074996404
ETH,1280,nnls_intermedia_legacy,0.0033806278997564527,False,False,0.0033806278997564527,0.00019628994514214423,0.6977202994770427,1.904287024228783,1.904287024228783,1.904287024228783,1.904287024228783,1.904287024228783
ETH,1280,nnls_nonneg,0.0037533652666332474,False,True,0.0037533652666332474,0.00019628994514214423,0.7793907851322192,2.0031122966603907,2.0031122966603907,2.0031122966603907,2.0031122966603907,2.0031122966603907
ETH,1300,nnls_original_legacy,0.0036418087088444778,False,False,0.0036418087088444778,0.00046945077349581406,0.606719309360815,1.1775782304955866,1.1775782304955866,1.1775782304955866,1.1775782304955866,1.1775782304955866
ETH,1300,nnls_intermedia_legacy,0.003766837217722935,False,False,0.003766837217722935,0.00046945077349581406,0.630631242409698,1.2070548553924105,1.2070548553924105,1.2070548553924105,1.2070548553924105,1.2070548553924105
ETH,1300,nnls_nonneg,0.003572774054592514,False,True,0.003572774054592514,0.00046945077349581406,0.5935163043395324,1.1609308895668287,1.1609308895668287,1.1609308895668287,1.1609308895668287,1.1609308895668287
ETH,1320,nnls_original_legacy,0.0030706730148416165,False,False,0.0030706730148416165,0.008511139179252154,1.009386868899851,0.7522713706161532,0.7522713706161532,0.7522713706161532,0.7522713706161532,0.7522713706161532
ETH,1320,nnls_intermedia_legacy,0.0032242141106042783,False,False,0.0032242141106042783,0.008511139179252154,0.9808999045082404,0.6690696337909898,0.6690696337909898,0.6690696337909898,0.6690696337909898,0.6690696337909898
ETH,1320,nnls_nonneg,0.003382721738989695,False,True,0.003382721738989695,0.008511139179252154,0.9514914836344325,0.5933672962000589,0.5933672962000589,0.5933672962000589,0.5933672962000589,0.5933672962000589
ETH,1340,nnls_original_legacy,0.003793782238247895,False,False,0.003793782238247895,0.0018139272256242449,0.3687612326898256,0.21600085503942656,0.21600085503942656,0.21600085503942656,0.21600085503942656,0.21600085503942656
ETH,1340,nnls_intermedia_legacy,0.003916975222827862,False,False,0.003916975222827862,0.0018139272256242449,0.39170674969121766,0.2329193692117506,0.2329193692117506,0.2329193692117506,0.2329193692117506,0.2329193692117506
ETH,1340,nnls_nonneg,0.003406030920136076,False,True,0.003406030920136076,0.0018139272256242449,0.2965399573275779,0.16261677427794274,0.16261677427794274,0.16261677427794274,0.16261677427794274,0.16261677427794274
ETH,1360,nnls_original_legacy,0.002126837692166579,False,False,0.002126837692166579,0.007241803720359732,1.3095100739504548,1.1797289505843125,1.1797289505843125,1.1797289505843125,1.1797289505843125,1.1797289505843125
ETH,1360,nnls_intermedia_legacy,0.0019847265806920366,False,False,0.0019847265806920366,0.007241803720359732,1.3458927070061717,1.3543772839127048,1.3543772839127048,1.3543772839127048,1.3543772839127048,1.3543772839127048
ETH,1360,nnls_nonneg,0.0019659257860848997,False,True,0.0019659257860848997,0.007241803720359732,1.3507059999587774,1.3797537472457106,1.3797537472457106,1.3797537472457106,1.3797537472457106,1.3797537472457106
ETH,1380,nnls_original_legacy,0.0018971265409791248,False,False,0.0018971265409791248,0.002046197522703241,0.038902846463806075,0.0029344382748521802,0.0029344382748521802,0.0029344382748521802,0.0029344382748521802,0.0029344382748521802
ETH,1380,nnls_intermedia_legacy,0.001511694855677479,False,False,0.001511694855677479,0.002046197522703241,0.1394884165201292,0.05082665092993954,0.05082665092993954,0.05082665092993954,0.05082665092993954,0.05082665092993954
ETH,1380,nnls_nonneg,0.0015602122598681574,False,True,0.0015602122598681574,0.002046197522703241,0.12682689712700215,0.04032530475837581,0.04032530475837581,0.04032530475837581,0.04032530475837581,0.04032530475837581
ETH,1400,nnls_original_legacy,0.0021904611061293604,False,False,0.0021904611061293604,0.0013860226753125136,0.20861833680099778,0.09042765108254724,0.09042765108254724,0.09042765108254724,0.09042765108254724,0.09042765108254724
ETH,1400,nnls_intermedia_legacy,0.0020543621583587217,False,False,0.0020543621583587217,0.0013860226753125136,0.17332323522877946,0.06820015114488132,0.06820015114488132,0.06820015114488132,0.06820015114488132,0.06820015114488132
ETH,1400,nnls_nonneg,0.0024214256268102244,False,True,0.0024214256268102244,0.0013860226753125136,0.26851531874348755,0.1303176488582567,0.1303176488582567,0.1303176488582567,0.1303176488582567,0.1303176488582567
ETH,1420,nnls_original_legacy,0.0050774455420421975,False,False,0.0050774455420421975,6.132309125116791e-05,1.2739138512586015,3.4284846513250447,3.4284846513250447,3.4284846513250447,3.4284846513250447,3.4284846513250447
ETH,1420,nnls_intermedia_legacy,0.005540318885416738,False,False,0.005540318885416738,6.132309125116791e-05,1.391466955132734,3.514719387038701,3.514719387038701,3.514719387038701,3.514719387038701,3.514719387038701
ETH,1420,nnls_nonneg,0.0041582788872734,False,True,0.0041582788872734,6.132309125116791e-05,1.0404787338721928,3.231447303159947,3.231447303159947,3.231447303159947,3.231447303159947,3.231447303159947
ETH,1440,nnls_original_legacy,0.0021004058255215154,False,False,0.0021004058255215154,0.0024505456689889317,0.08941699913830517,0.012520898289129834,0.012520898289129834,0.012520898289129834,0.012520898289129834,0.012520898289129834
ETH,1440,nnls_intermedia_legacy,0.0020381192134198123,False,False,0.0020381192134198123,0.0024505456689889317,0.10532344921685563,0.01807310108524618,0.01807310108524618,0.01807310108524618,0.01807310108524618,0.01807310108524618
ETH,1440,nnls_nonneg,0.0025054889860536924,False,True,0.0025054889860536924,0.0024505456689889317,0.014031155340630423,0.00024401846409771721,0.00024401846409771721,0.00024401846409771721,0.00024401846409771721,0.00024401846409771721
ETH,1460,nnls_original_legacy,0.0021803171791311103,False,False,0.0021803171791311103,0.00018131386759067566,0.5080565416146882,1.570155435250702,1.570155435250702,1.570155435250702,1.570155435250702,1.570155435250702
ETH,1460,nnls_intermedia_legacy,0.0020968206790338614,False,False,0.0020968206790338614,0.00018131386759067566,0.48683549469023407,1.5344187601288852,1.5344187601288852,1.5344187601288852,1.5344187601288852,1.5344187601288852
ETH,1460,nnls_nonneg,0.002073083674861496,False,True,0.002073083674861496,0.00018131386759067566,0.4808026181169521,1.5240238211603616,1.5240238211603616,1.5240238211603616,1.5240238211603616,1.5240238211603616
ETH,1480,nnls_original_legacy,0.00276669157230777,False,False,0.00276669157230777,0.0002768306455052809,0.6237486953287411,1.402059944699559,1.402059944699559,1.402059944699559,1.402059944699559,1.402059944699559
ETH,1480,nnls_intermedia_legacy,0.0028451253189147254,False,False,0.0028451253189147254,0.0002768306455052809,0.6433975626968719,1.4272564463923274,1.4272564463923274,1.4272564463923274,1.4272564463923274,1.4272564463923274
ETH,1480,nnls_nonneg,0.002552118854238257,False,True,0.002552118854238257,0.0002768306455052809,0.5699949087183062,1.329744191668726,1.329744191668726,1.329744191668726,1.329744191668726,1.329744191668726
ETH,1500,nnls_original_legacy,0.0020669341594758083,False,False,0.0020669341594758083,9.096122328557776e-05,0.4971403183236757,2.1673962071524473,2.1673962071524473,2.1673962071524473,2.1673962071524473,2.1673962071524473
ETH,1500,nnls_intermedia_legacy,0.0018138108073306569,False,False,0.0018138108073306569,9.096122328557776e-05,0.43345633685011475,2.0429012657985792,2.0429012657985792,2.0429012657985792,2.0429012657985792,2.0429012657985792
ETH,1500,nnls_nonneg,0.0018534930680797518,False,True,0.0018534930680797518,9.096122328557776e-05,0.44344010301375664,2.0634695517344337,2.0634695517344337,2.0634695517344337,2.0634695517344337,2.0634695517344337
ETH,1520,nnls_original_legacy,0.0020764795910844123,False,False,0.0020764795910844123,0.0024064331036188265,0.08360570163328976,0.011428780433995422,0.011428780433995422,0.011428780433995422,0.011428780433995422,0.011428780433995422
ETH,1520,nnls_intermedia_legacy,0.0020044415131256588,False,False,0.0020044415131256588,0.0024064331036188265,0.10185916408560125,0.017770285299973043,0.017770285299973043,0.017770285299973043,0.017770285299973043,0.017770285299973043
ETH,1520,nnls_nonneg,0.002194094640759151,False,True,0.002194094640759151,0.0024064331036188265,0.05380365868742126,0.0044011438033877415,0.0044011438033877415,0.0044011438033877415,0.0044011438033877415,0.0044011438033877415
ETH,1540,nnls_original_legacy,0.0024827990381210406,False,False,0.0024827990381210406,0.0010276701125616903,0.3775486691127969,0.2960083007726537,0.2960083007726537,0.2960083007726537,0.2960083007726537,0.2960083007726537
ETH,1540,nnls_intermedia_legacy,0.0024325738175774484,False,False,0.0024325738175774484,0.0010276701125616903,0.3645172017018657,0.28411771386816675,0.28411771386816675,0.28411771386816675,0.28411771386816675,0.28411771386816675
ETH,1540,nnls_nonneg,0.0021982724464065986,False,True,0.0021982724464065986,0.0010276701125616903,0.3037252201096822,0.22786746252938683,0.22786746252938683,0.22786746252938683,0.22786746252938683,0.22786746252938683
ETH,1560,nnls_original_legacy,0.003258328691192069,False,False,0.003258328691192069,0.0025101075639721694,0.19156909297650004,0.03125537642555032,0.03125537642555032,0.03125537642555032,0.03125537642555032,0.03125537642555032
ETH,1560,nnls_intermedia_legacy,0.0032589502339614076,False,False,0.0032589502339614076,0.0025101075639721694,0.1917282282645007,0.031299190001268906,0.031299190001268906,0.031299190001268906,0.031299190001268906,0.031299190001268906
ETH,1560,nnls_nonneg,0.002651972335525579,False,True,0.002651972335525579,0.0025101075639721694,0.03632202382841543,0.0014839726917112994,0.0014839726917112994,0.0014839726917112994,0.0014839726917112994,0.0014839726917112994
ETH,1580,nnls_original_legacy,0.002171917184779298,False,False,0.002171917184779298,3.501701649369474e-05,0.5361464973248112,3.1436540525914394,3.1436540525914394,3.1436540525914394,3.1436540525914394,3.1436540525914394
ETH,1580,nnls_intermedia_legacy,0.0021978442765788067,False,False,0.0021978442765788067,3.501701649369474e-05,0.5426515833650626,3.1553305932644244,3.1553305932644244,3.1553305932644244,3.1553305932644244,3.1553305932644244
ETH,1580,nnls_nonneg,0.0026847474613259713,False,True,0.0026847474613259713,3.501701649369474e-05,0.6648151925559985,3.352550764397403,3.352550764397403,3.352550764397403,3.352550764397403,3.352550764397403
ETH,1600,nnls_original_legacy,0.0021726865036965385,False,False,0.0021726865036965385,0.0024900380863466832,0.07983721961183203,0.009730554511158118,0.009730554511158118,0.009730554511158118,0.009730554511158118,0.009730554511158118
ETH,1600,nnls_intermedia_legacy,0.0021017360779303227,False,False,0.0021017360779303227,0.0024900380863466832,0.09768646011710158,0.015218683198516603,0.015218683198516603,0.015218683198516603,0.015218683198516603,0.015218683198516603
ETH,1600,nnls_nonneg,0.002169754637840245,False,True,0.002169754637840245,0.0024900380863466832,0.08057479910107439,0.009928834769407757,0.009928834769407757,0.009928834769407757,0.009928834769407757,0.009928834769407757
ETH,1620,nnls_original_legacy,0.002182930476431411,False,False,0.002182930476431411,0.000886074332432513,0.33270533400047037,0.30753313310698394,0.30753313310698394,0.30753313310698394,0.30753313310698394,0.30753313310698394
ETH,1620,nnls_intermedia_legacy,0.0021006005752836326,False,False,0.0021006005752836326,0.000886074332432513,0.3115837952805824,0.28499725020067235,0.28499725020067235,0.28499725020067235,0.28499725020067235,0.28499725020067235
ETH,1620,nnls_nonneg,0.002072878870657159,False,True,0.002072878870657159,0.000886074332432513,0.3044718584327734,0.2773535733730095,0.2773535733730095,0.2773535733730095,0.2773535733730095,0.2773535733730095
ETH,1640,nnls_original_legacy,0.004807490818797711,False,False,0.004807490818797711,0.015149540506091415,2.645905048074023,1.0034415794597877,1.0034415794597877,1.0034415794597877,1.0034415794597877,1.0034415794597877
ETH,1640,nnls_intermedia_legacy,0.005013110755046533,False,False,0.005013110755046533,0.015149540506091415,2.593299341878873,0.9160704325540385,0.9160704325540385,0.9160704325540385,0.9160704325540385,0.9160704325540385
ETH,1640,nnls_nonneg,0.004146466442370858,False,True,0.004146466442370858,0.015149540506091415,2.815021208542352,1.3578888934743878,1.3578888934743878,1.3578888934743878,1.3578888934743878,1.3578888934743878
ETH,1660,nnls_original_legacy,0.003093331417061158,False,False,0.003093331417061158,0.0007550944821509627,0.6337023245366281,0.6542650051656804,0.6542650051656804,0.6542650051656804,0.6542650051656804,0.6542650051656804
ETH,1660,nnls_intermedia_legacy,0.0030618754636289,False,False,0.0030618754636289,0.0007550944821509627,0.6251772214929951,0.6465517756263335,0.6465517756263335,0.6465517756263335,0.6465517756263335,0.6465517756263335
ETH,1660,nnls_nonneg,0.002567859960027191,False,True,0.002567859960027191,0.0007550944821509627,0.49129054460600996,0.5180411903260584,0.5180411903260584,0.5180411903260584,0.5180411903260584,0.5180411903260584
ETH,1680,nnls_original_legacy,0.0031806085920547474,False,False,0.0031806085920547474,1.549771069093782e-10,0.8719723594743449,15.837061036650297,15.837061036650297,11.670001168652945,7.0651422438500475,15.837061036650297
ETH,1680,nnls_intermedia_legacy,0.0031788329821893654,False,False,0.0031788329821893654,1.549771069093782e-10,0.8714855712530178,15.836502619750245,15.836502619750245,11.669442753481857,7.064584002541013,15.836502619750245
ETH,1680,nnls_nonneg,0.003618936699941298,False,True,0.003618936699941298,1.549771069093782e-10,0.9921411894385066,15.966168724511075,15.966168724511075,11.799108481605609,7.194211856633386,15.966168724511075
ETH,1700,nnls_original_legacy,0.001798450949581343,False,False,0.001798450949581343,0.0016592823055216316,0.03844965766516303,0.0031580405322040317,0.0031580405322040317,0.0031580405322040317,0.0031580405322040317,0.0031580405322040317
ETH,1700,nnls_intermedia_legacy,0.001798450949581343,False,False,0.001798450949581343,0.0016592823055216316,0.03844965766516303,0.0031580405322040317,0.0031580405322040317,0.0031580405322040317,0.0031580405322040317,0.0031580405322040317
ETH,1700,nnls_nonneg,0.001982531976082223,False,True,0.001982531976082223,0.0016592823055216316,0.08930775504357696,0.014940734381028387,0.014940734381028387,0.014940734381028387,0.014940734381028387,0.014940734381028387
ETH,1720,nnls_original_legacy,0.006524465988185477,False,False,0.006524465988185477,0.00033734252558172096,1.6429399640677036,2.013919812835686,2.013919812835686,2.013919812835686,2.013919812835686,2.013919812835686
ETH,1720,nnls_intermedia_legacy,0.006625901886744547,False,False,0.006625901886744547,0.00033734252558172096,1.6698754361883261,2.0285556604427977,2.0285556604427977,2.0285556604427977,2.0285556604427977,2.0285556604427977
ETH,1720,nnls_nonneg,0.003347047461483958,False,True,0.003347047461483958,0.00033734252558172096,0.799202496787527,1.395523162294424,1.395523162294424,1.395523162294424,1.395523162294424,1.395523162294424
ETH,1740,nnls_original_legacy,0.002089560503836597,False,False,0.002089560503836597,0.018354560131870236,4.350358212896178,5.611009025515271,5.611009025515271,5.611009025515271,5.611009025515271,5.611009025515271
ETH,1740,nnls_intermedia_legacy,0.0020429111069905042,False,False,0.0020429111069905042,0.018354560131870236,4.362835408797633,5.789010131633349,5.789010131633349,5.789010131633349,5.789010131633349,5.789010131633349
ETH,1740,nnls_nonneg,0.0019445540564995666,False,True,0.0019445540564995666,0.018354560131870236,4.389142719722006,6.194110597546112,6.194110597546112,6.194110597546112,6.194110597546112,6.194110597546112
ETH,1760,nnls_original_legacy,0.0020495642934034606,False,False,0.0020495642934034606,1.1107841240567168e-05,0.5349327526347082,4.223150843772676,4.223150843772676,4.223150843772676,4.223150843772676,4.223150843772676
ETH,1760,nnls_intermedia_legacy,0.0021303297243054665,False,False,0.0021303297243054665,1.1107841240567168e-05,0.5561272570472487,4.261594911664309,4.261594911664309,4.261594911664309,4.261594911664309,4.261594911664309
ETH,1760,nnls_nonneg,0.0023409824407178985,False,True,0.0023409824407178985,1.1107841240567168e-05,0.6114068473082607,4.355419638261162,4.355419638261162,4.355419638261162,4.355419638261162,4.355419638261162
ETH,1780,nnls_original_legacy,0.0018324135039819206,False,False,0.0018324135039819206,2.981848524200355e-05,0.4920901751310179,3.1345335129950476,3.1345335129950476,3.1345335129950476,3.1345335129950476,3.1345335129950476
ETH,1780,nnls_intermedia_legacy,0.0018287533571995798,False,False,0.0018287533571995798,2.981848524200355e-05,0.49109099214626384,3.132566638649089,3.132566638649089,3.132566638649089,3.132566638649089,3.132566638649089
ETH,1780,nnls_nonneg,0.001996846945870604,False,True,0.001996846945870604,2.981848524200355e-05,0.5369788386273597,3.219128961678037,3.219128961678037,3.219128961678037,3.219128961678037,3.219128961678037
ETH,1800,nnls_original_legacy,0.001612906826278398,False,False,0.001612906826278398,0.0002591531543806555,0.46560248535925874,0.9890486926704525,0.9890486926704525,0.9890486926704525,0.9890486926704525,0.9890486926704525
ETH,1800,nnls_intermedia_legacy,0.0016129068262783985,False,False,0.0016129068262783985,0.0002591531543806555,0.4656024853592589,0.9890486926704527,0.9890486926704527,0.9890486926704527,0.9890486926704527,0.9890486926704527
ETH,1800,nnls_nonneg,0.0016883642540429578,False,True,0.0016883642540429578,0.0002591531543806555,0.49155489208975706,1.0275898533862535,1.0275898533862535,1.0275898533862535,1.0275898533862535,1.0275898533862535
ETH,1820,nnls_original_legacy,0.001786693832922592,False,False,0.001786693832922592,5.38262465425664e-06,0.6495042701922955,4.807958678358368,4.807958678358368,4.807958678358368,4.807958678358368,4.807958678358368
ETH,1820,nnls_intermedia_legacy,0.0017866938329225905,False,False,0.0017866938329225905,5.38262465425664e-06,0.649504270192295,4.807958678358367,4.807958678358367,4.807958678358367,4.807958678358367,4.807958678358367
ETH,1820,nnls_nonneg,0.0022265692231910068,False,True,0.0022265692231910068,5.38262465425664e-06,0.8098922714610778,5.02745855789659,5.02745855789659,5.02745855789659,5.02745855789659,5.02745855789659
ETH,1840,nnls_original_legacy,0.0014813371101882714,False,False,0.0014813371101882714,8.049783978476927e-05,0.4985770856361901,1.966811400079468,1.966811400079468,1.966811400079468,1.966811400079468,1.966811400079468
ETH,1840,nnls_intermedia_legacy,0.0014813371101882716,False,False,0.0014813371101882716,8.049783978476927e-05,0.49857708563619013,1.966811400079468,1.966811400079468,1.966811400079468,1.966811400079468,1.966811400079468
ETH,1840,nnls_nonneg,0.001497711783057903,False,True,0.001497711783057903,8.049783978476927e-05,0.5044050466664625,1.9772106120278639,1.9772106120278639,1.9772106120278639,1.9772106120278639,1.9772106120278639
ETH,1860,nnls_original_legacy,0.003215796257289576,False,False,0.003215796257289576,0.00028500654622324353,1.0589835103619816,1.5119451795270562,1.5119451795270562,1.5119451795270562,1.5119451795270562,1.5119451795270562
ETH,1860,nnls_intermedia_legacy,0.0032157962572895763,False,False,0.0032157962572895763,0.00028500654622324353,1.0589835103619816,1.5119451795270562,1.5119451795270562,1.5119451795270562,1.5119451795270562,1.5119451795270562
ETH,1860,nnls_nonneg,0.0026106068542170622,False,True,0.0026106068542170622,0.00028500654622324353,0.8403101623289614,1.3239983618710718,1.3239983618710718,1.3239983618710718,1.3239983618710718,1.3239983618710718
ETH,1880,nnls_original_legacy,0.00142304818678629,False,False,0.00142304818678629,0.00022600486359085502,0.44413718691359694,0.9988173764583554,0.9988173764583554,0.9988173764583554,0.9988173764583554,0.9988173764583554
ETH,1880,nnls_intermedia_legacy,0.0014230481867862899,False,False,0.0014230481867862899,0.00022600486359085502,0.4441371869135968,0.9988173764583554,0.9988173764583554,0.9988173764583554,0.9988173764583554,0.9988173764583554
ETH,1880,nnls_nonneg,0.0014816928120415392,False,True,0.0014816928120415392,0.00022600486359085502,0.46589601417052484,1.0329155102796395,1.0329155102796395,1.0329155102796395,1.0329155102796395,1.0329155102796395
ETH,1900,nnls_original_legacy,0.0011594405734774364,False,False,0.0011594405734774364,2.8659040643838912e-05,0.43760725640671616,2.7249419455107873,2.7249419455107873,2.7249419455107873,2.7249419455107873,2.7249419455107873
ETH,1900,nnls_intermedia_legacy,0.0011594405734774362,False,False,0.0011594405734774362,2.8659040643838912e-05,0.43760725640671605,2.7249419455107873,2.7249419455107873,2.7249419455107873,2.7249419455107873,2.7249419455107873
ETH,1900,nnls_nonneg,0.0017145913390841539,False,True,0.0017145913390841539,2.8659040643838912e-05,0.652448051357153,3.1081758905910055,3.1081758905910055,3.1081758905910055,3.1081758905910055,3.1081758905910055
ETH,1920,nnls_original_legacy,0.0012288375487529504,False,False,0.0012288375487529504,0.00523937480945929,1.6303229062097186,1.8135503089893357,1.8135503089893357,1.8135503089893357,1.8135503089893357,1.8135503089893357
ETH,1920,nnls_intermedia_legacy,0.0012288375487529504,False,False,0.0012288375487529504,0.00523937480945929,1.6303229062097186,1.8135503089893357,1.8135503089893357,1.8135503089893357,1.8135503089893357,1.8135503089893357
ETH,1920,nnls_nonneg,0.0013653862080294993,False,True,0.0013653862080294993,0.00523937480945929,1.574814531007246,1.492519261726283,1.492519261726283,1.492519261726283,1.492519261726283,1.492519261726283
ETH,1940,nnls_original_legacy,0.0011815459748335652,False,False,0.0011815459748335652,1.2201958789493004e-05,0.47549703109326985,3.5833096257551267,3.5833096257551267,3.5833096257551267,3.5833096257551267,3.5833096257551267
ETH,1940,nnls_intermedia_legacy,0.0011815459748335656,False,False,0.0011815459748335656,1.2201958789493004e-05,0.47549703109327,3.5833096257551267,3.5833096257551267,3.5833096257551267,3.5833096257551267,3.5833096257551267
ETH,1940,nnls_nonneg,0.0010963076517534543,False,True,0.0010963076517534543,1.2201958789493004e-05,0.4408360852947204,3.5092366867320965,3.5092366867320965,3.5092366867320965,3.5092366867320965,3.5092366867320965
ETH,1960,nnls_original_legacy,0.0012762170755960507,False,False,0.0012762170755960507,0.001190241768304019,0.034862126799536715,0.002376532450772517,0.002376532450772517,0.002376532450772517,0.002376532450772517,0.002376532450772517
ETH,1960,nnls_intermedia_legacy,0.001276217075596051,False,False,0.001276217075596051,0.001190241768304019,0.034862126799536805,0.002376532450772517,0.002376532450772517,0.002376532450772517,0.002376532450772517,0.002376532450772517
ETH,1960,nnls_nonneg,0.0012779555316544493,False,True,0.0012779555316544493,0.001190241768304019,0.035567053335448386,0.0024691011045523403,0.0024691011045523403,0.0024691011045523403,0.0024691011045523403,0.0024691011045523403
ETH,1980,nnls_original_legacy,0.001882526840664192,False,False,0.001882526840664192,0.00017096077561684172,0.7108363840396971,1.489750591956784,1.489750591956784,1.489750591956784,1.489750591956784,1.489750591956784
ETH,1980,nnls_intermedia_legacy,0.0018825268406641915,False,False,0.0018825268406641915,0.00017096077561684172,0.7108363840396968,1.4897505919567835,1.4897505919567835,1.4897505919567835,1.4897505919567835,1.4897505919567835
ETH,1980,nnls_nonneg,0.001553503711079228,False,True,0.001553503711079228,0.00017096077561684172,0.5741886574483602,1.3168824843107623,1.3168824843107623,1.3168824843107623,1.3168824843107623,1.3168824843107623
ETH,2000,nnls_original_legacy,0.0015328606829880997,False,False,0.0015328606829880997,0.00237207626755472,0.3554430427046933,0.11085335671128393,0.11085335671128393,0.11085335671128393,0.11085335671128393,0.11085335671128393
ETH,2000,nnls_intermedia_legacy,0.0015292613681908034,False,False,0.0015292613681908034,0.00237207626755472,0.3569675036736393,0.11214469498811352,0.11214469498811352,0.11214469498811352,0.11214469498811352,0.11214469498811352
ETH,2000,nnls_nonneg,0.0018611584265496172,False,True,0.0018611584265496172,0.00237207626755472,0.21639516152783045,0.03194950991018364,0.03194950991018364,0.03194950991018364,0.03194950991018364,0.03194950991018364
ETH,2020,nnls_original_legacy,0.0010930093131550148,False,False,0.0010930093131550148,0.00015652163035064488,0.4033625926107105,1.0866982625661405,1.0866982625661405,1.0866982625661405,1.0866982625661405,1.0866982625661405
ETH,2020,nnls_intermedia_legacy,0.0011166424406356477,False,False,0.0011166424406356477,0.00015652163035064488,0.41354181839992876,1.1050590926420103,1.1050590926420103,1.1050590926420103,1.1050590926420103,1.1050590926420103
ETH,2020,nnls_nonneg,0.0012662254325797755,False,True,0.0012662254325797755,0.00015652163035064488,0.4779699839262174,1.214214207904825,1.214214207904825,1.214214207904825,1.214214207904825,1.214214207904825
ETH,2040,nnls_original_legacy,0.00146940828371781,False,False,0.00146940828371781,8.185353357230903e-05,0.6223113018309517,1.9433886952171968,1.9433886952171968,1.9433886952171968,1.9433886952171968,1.9433886952171968
ETH,2040,nnls_intermedia_legacy,0.0014093205163545656,False,False,0.0014093205163545656,8.185353357230903e-05,0.5953622414583682,1.904011630203199,1.904011630203199,1.904011630203199,1.904011630203199,1.904011630203199
ETH,2040,nnls_nonneg,0.0014111301907751728,False,True,0.0014111301907751728,8.185353357230903e-05,0.5961738713017746,1.9052203986568736,1.9052203986568736,1.9052203986568736,1.9052203986568736,1.9052203986568736
ETH,2060,nnls_original_legacy,0.0009431923091281247,False,False,0.0009431923091281247,0.00018333498150126162,0.3548426153565113,0.8323323110971024,0.8323323110971024,0.8323323110971024,0.8323323110971024,0.8323323110971024
ETH,2060,nnls_intermedia_legacy,0.0009096750547591954,False,False,0.0009096750547591954,0.00018333498150126162,0.3391905320411015,0.8033114522524505,0.8033114522524505,0.8033114522524505,0.8033114522524505,0.8033114522524505
ETH,2060,nnls_nonneg,0.0008884334372650954,False,True,0.0008884334372650954,0.00018333498150126162,0.3292709973706266,0.7845023377359812,0.7845023377359812,0.7845023377359812,0.7845023377359812,0.7845023377359812
ETH,2080,nnls_original_legacy,0.0009256283001993204,False,False,0.0009256283001993204,1.7430461807338275e-05,0.4415674654485978,2.9910843479317952,2.9910843479317952,2.9910843479317952,2.9910843479317952,2.9910843479317952
ETH,2080,nnls_intermedia_legacy,0.0008964335841394557,False,False,0.0008964335841394557,1.7430461807338275e-05,0.4273729406104073,2.959649083781339,2.959649083781339,2.959649083781339,2.959649083781339,2.959649083781339
ETH,2080,nnls_nonneg,0.000971385955312658,False,True,0.000971385955312658,1.7430461807338275e-05,0.4638149218277518,3.038448427103549,3.038448427103549,3.038448427103549,3.038448427103549,3.038448427103549
ETH,2100,nnls_original_legacy,0.0008780639727805996,False,False,0.0008780639727805996,7.094772499974134e-06,0.43174547659976037,3.8264412254240874,3.8264412254240874,3.8264412254240874,3.8264412254240874,3.8264412254240874
ETH,2100,nnls_intermedia_legacy,0.0007272458430982696,False,False,0.0007272458430982696,7.094772499974134e-06,0.356983883125959,3.639662008993719,3.639662008993719,3.639662008993719,3.639662008993719,3.639662008993719
ETH,2100,nnls_nonneg,0.000638424347458583,False,True,0.000638424347458583,7.094772499974134e-06,0.3129544513677473,3.510757880014812,3.510757880014812,3.510757880014812,3.510757880014812,3.510757880014812
ETH,2120,nnls_original_legacy,0.001101283492783824,False,False,0.001101283492783824,3.0763016029081193e-07,0.551927391582906,7.183367923856954,7.183367923856954,7.183367923856954,6.005139621619987,7.183367923856954
ETH,2120,nnls_intermedia_legacy,0.0010123696717088632,False,False,0.0010123696717088632,3.0763016029081193e-07,0.507354231527759,7.099209938563977,7.099209938563977,7.099209938563977,5.921036852863293,7.099209938563977
ETH,2120,nnls_nonneg,0.0009153142184184596,False,True,0.0009153142184184596,3.0763016029081193e-07,0.458699610666388,6.998460502637679,6.998460502637679,6.998460502637679,5.820359935426356,6.998460502637679
ETH,2140,nnls_original_legacy,0.0009079957841011587,False,False,0.0009079957841011587,1.3683463290627283e-07,0.4816314639815229,7.800372576479619,7.800372576479619,7.800372576479619,5.812341062229546,7.800372576479619
ETH,2140,nnls_intermedia_legacy,0.0009629695024288602,False,False,0.0009629695024288602,1.3683463290627283e-07,0.5107957658306006,7.859145979813354,7.859145979813354,7.859145979813354,5.871060196446382,7.859145979813354
ETH,2140,nnls_nonneg,0.0009541748425259325,False,True,0.0009541748425259325,1.3683463290627283e-07,0.5061300796832673,7.84997247530543,7.84997247530543,7.84997247530543,5.861894953698203,7.84997247530543
ETH,2160,nnls_original_legacy,0.0008009705763532137,False,False,0.0008009705763532137,6.514684156417803e-05,0.4149849122812106,1.5905152646237197,1.5905152646237197,1.5905152646237197,1.5905152646237197,1.5905152646237197
ETH,2160,nnls_intermedia_legacy,0.0006238755634726837,False,False,0.0006238755634726837,6.514684156417803e-05,0.31510806010718145,1.3637299214441985,1.3637299214441985,1.3637299214441985,1.3637299214441985,1.3637299214441985
ETH,2160,nnls_nonneg,0.0005985013327768343,False,True,0.0005985013327768343,6.514684156417803e-05,0.30079767244003275,1.3266348812731574,1.3266348812731574,1.3266348812731574,1.3266348812731574,1.3266348812731574
ETH,2180,nnls_original_legacy,0.0007776658233153154,False,False,0.0007776658233153154,0.0006492144669835329,0.08697948660242343,0.015358259712969113,0.015358259712969113,0.015358259712969113,0.015358259712969113,0.015358259712969113
ETH,2180,nnls_intermedia_legacy,0.0006592961670623548,False,False,0.0006592961670623548,0.0006492144669835329,0.006826717303556994,0.00011812240827291376,0.00011812240827291376,0.00011812240827291376,0.00011812240827291376,0.00011812240827291376
ETH,2180,nnls_nonneg,0.0006178358169632479,False,True,0.0006178358169632479,0.0006492144669835329,0.021247723239230628,0.0012476414623519005,0.0012476414623519005,0.0012476414623519005,0.0012476414623519005,0.0012476414623519005
ETH,2200,nnls_original_legacy,0.0009718255343368976,False,False,0.0009718255343368976,0.0040547632907338305,2.083374870898512,1.7438447732308466,1.7438447732308466,1.7438447732308466,1.7438447732308466,1.7438447732308466
ETH,2200,nnls_intermedia_legacy,0.0009140704778948516,False,False,0.0009140704778948516,0.0040547632907338305,2.1224043430339825,1.9462017231589757,1.9462017231589757,1.9462017231589757,1.9462017231589757,1.9462017231589757
ETH,2200,nnls_nonneg,0.0011144566709667446,False,True,0.0011144566709667446,0.0040547632907338305,1.9869881938578433,1.346806614474235,1.346806614474235,1.346806614474235,1.346806614474235,1.346806614474235
ETH,2220,nnls_original_legacy,0.0018276486308132168,False,False,0.0018276486308132168,0.00010371967975639214,1.3807840948935186,1.9258439845702169,1.9258439845702169,1.9258439845702169,1.9258439845702169,1.9258439845702169
ETH,2220,nnls_intermedia_legacy,0.0018265582560849768,False,False,0.0018265582560849768,0.00010371967975639214,1.3799107572299771,1.9252810842270338,1.9252810842270338,1.9252810842270338,1.9252810842270338,1.9252810842270338
ETH,2220,nnls_nonneg,0.0019342499771100674,False,True,0.0019342499771100674,0.00010371967975639214,1.4661666411815737,1.979405734812183,1.979405734812183,1.979405734812183,1.979405734812183,1.979405734812183
ETH,2240,nnls_original_legacy,0.0005748705950188129,False,False,0.0005748705950188129,0.0009354380154656564,0.30347683932912783,0.14034500874989986,0.14034500874989986,0.14034500874989986,0.14034500874989986,0.14034500874989986
ETH,2240,nnls_intermedia_legacy,0.0005748705950188128,False,False,0.0005748705950188128,0.0009354380154656564,0.30347683932912795,0.14034500874989986,0.14034500874989986,0.14034500874989986,0.14034500874989986,0.14034500874989986
ETH,2240,nnls_nonneg,0.0005167670777615963,False,True,0.0005167670777615963,0.0009354380154656564,0.3523805138465682,0.21675075587257875,0.21675075587257875,0.21675075587257875,0.21675075587257875,0.21675075587257875
ETH,2260,nnls_original_legacy,0.000506646505245754,False,False,0.000506646505245754,4.054959964915228e-05,0.40965994848239323,1.605322913964073,1.605322913964073,1.605322913964073,1.605322913964073,1.605322913964073
ETH,2260,nnls_intermedia_legacy,0.0004789306136277956,False,False,0.0004789306136277956,4.054959964915228e-05,0.3853000126063478,1.5536967838281721,1.5536967838281721,1.5536967838281721,1.5536967838281721,1.5536967838281721
ETH,2260,nnls_nonneg,0.00046206419635905585,False,True,0.00046206419635905585,4.054959964915228e-05,0.3704758514792741,1.5209354291195254,1.5209354291195254,1.5209354291195254,1.5209354291195254,1.5209354291195254
ETH,2280,nnls_original_legacy,0.0010768823418739672,False,False,0.0010768823418739672,3.0221938662580732e-05,1.0051725620799128,2.6013216088912854,2.6013216088912854,2.6013216088912854,2.6013216088912854,2.6013216088912854
ETH,2280,nnls_intermedia_legacy,0.0010551964751123874,False,False,0.0010551964751123874,3.0221938662580732e-05,0.9843462862536949,2.5815552079451307,2.5815552079451307,2.5815552079451307,2.5815552079451307,2.5815552079451307
ETH,2280,nnls_nonneg,0.0007841088540026444,False,True,0.0007841088540026444,3.0221938662580732e-05,0.724004118132144,2.294522788342297,2.294522788342297,2.294522788342297,2.294522788342297,2.294522788342297
ETH,2300,nnls_original_legacy,0.0003051241147332643,False,False,0.0003051241147332643,0.0007555482145894705,0.4202511368693997,0.5694746418340295,0.5694746418340295,0.5694746418340295,0.5694746418340295,0.5694746418340295
ETH,2300,nnls_intermedia_legacy,0.00034448747111561693,False,False,0.00034448747111561693,0.0007555482145894705,0.38352464893067695,0.40786722557993027,0.40786722557993027,0.40786722557993027,0.40786722557993027,0.40786722557993027
ETH,2300,nnls_nonneg,0.00047463064536039536,False,True,0.00047463064536039536,0.0007555482145894705,0.262099492173699,0.12695895198788665,0.12695895198788665,0.12695895198788665,0.12695895198788665,0.12695895198788665
ETH,2320,nnls_original_legacy,0.0038209232977905088,False,False,0.0038209232977905088,3.391672209771828e-05,3.5283154731749713,3.7332157809885222,3.7332157809885222,3.7332157809885222,3.7332157809885222,3.7332157809885222
ETH,2320,nnls_intermedia_legacy,0.003874289556374837,False,False,0.003874289556374837,3.391672209771828e-05,3.578036273005929,3.746963722198286,3.746963722198286,3.746963722198286,3.746963722198286,3.746963722198286
ETH,2320,nnls_nonneg,0.006707397161668342,False,True,0.006707397161668342,3.391672209771828e-05,6.217613786572323,4.292114694908604,4.292114694908604,4.292114694908604,4.292114694908604,4.292114694908604
ETH,2340,nnls_original_legacy,0.0007484609642057227,False,False,0.0007484609642057227,0.00011978686469134013,0.6484027962983455,0.9923492524478776,0.9923492524478776,0.9923492524478776,0.9923492524478776,0.9923492524478776
ETH,2340,nnls_intermedia_legacy,0.0007882330381549802,False,False,0.0007882330381549802,0.00011978686469134013,0.6894229750892378,1.0360485891819229,1.0360485891819229,1.0360485891819229,1.0360485891819229,1.0360485891819229
ETH,2340,nnls_nonneg,0.0011682997960380309,False,True,0.0011682997960380309,0.00011978686469134013,1.0814167740731235,1.3801216991903584,1.3801216991903584,1.3801216991903584,1.3801216991903584,1.3801216991903584
ETH,2360,nnls_original_legacy,0.0006141241264350217,False,False,0.0006141241264350217,0.0042590275729135355,3.7980024000329817,3.998525908742417,3.998525908742417,3.998525908742417,3.998525908742417,3.998525908742417
ETH,2360,nnls_intermedia_legacy,0.000571134079942161,False,False,0.000571134079942161,0.0042590275729135355,3.8427981819116934,4.447969219892665,4.447969219892665,4.447969219892665,4.447969219892665,4.447969219892665
ETH,2360,nnls_nonneg,0.0006024596174479022,False,True,0.0006024596174479022,0.0042590275729135355,3.810156860028647,4.113623752783791,4.113623752783791,4.113623752783791,4.113623752783791,4.113623752783791
ETH,2380,nnls_original_legacy,0.0006454290207908063,False,False,0.0006454290207908063,0.03105993373457511,30.606871071308063,43.249168410141834,43.249168410141834,43.249168410141834,43.249168410141834,43.249168410141834
ETH,2380,nnls_intermedia_legacy,0.0006172454157650833,False,False,0.0006172454157650833,0.03105993373457511,30.635232932645756,45.40182670220619,45.40182670220619,45.40182670220619,45.40182670220619,45.40182670220619
ETH,2380,nnls_nonneg,0.0006571687116367126,False,True,0.0006571687116367126,0.03105993373457511,30.595057128996032,42.40752384992612,42.40752384992612,42.40752384992612,42.40752384992612,42.40752384992612
ETH,2400,nnls_original_legacy,0.0006011873053879402,False,False,0.0006011873053879402,4.564778109573172e-05,0.5177069353068604,1.6538809261085903,1.6538809261085903,1.6538809261085903,1.6538809261085903,1.6538809261085903
ETH,2400,nnls_intermedia_legacy,0.000606159894409305,False,False,0.000606159894409305,4.564778109573172e-05,0.5223408879064908,1.6614953061136326,1.6614953061136326,1.6614953061136326,1.6614953061136326,1.6614953061136326
ETH,2400,nnls_nonneg,0.0006195998821994366,False,True,0.0006195998821994366,4.564778109573172e-05,0.5348656041240373,1.6817919177886247,1.6817919177886247,1.6817919177886247,1.6817919177886247,1.6817919177886247
ETH,2420,nnls_original_legacy,0.0006933963030295667,False,False,0.0006933963030295667,3.9239122346910044e-08,0.6631450131785352,8.7797393021507,8.7797393021507,8.7797393021507,5.543043878291875,8.7797393021507
ETH,2420,nnls_intermedia_legacy,0.0006489708972248582,False,False,0.0006489708972248582,3.9239122346910044e-08,0.6206553814268821,8.71352934764041,8.71352934764041,8.71352934764041,5.476928774357122,8.71352934764041
ETH,2420,nnls_nonneg,0.0006965837342907842,False,True,0.0006965837342907842,3.9239122346910044e-08,0.6661935566430157,8.78432534914343,8.78432534914343,8.78432534914343,5.547623585108998,8.78432534914343
ETH,2440,nnls_original_legacy,0.0006335690844354773,False,False,0.0006335690844354773,0.0005258443978150708,0.10138805094665304,0.016335379122936144,0.016335379122936144,0.016335379122936144,0.016335379122936144,0.016335379122936144
ETH,2440,nnls_intermedia_legacy,0.000642182997279171,False,False,0.000642182997279171,0.0005258443978150708,0.10949527187850766,0.018706825104195524,0.018706825104195524,0.018706825104195524,0.018706825104195524,0.018706825104195524
ETH,2440,nnls_nonneg,0.0006693674417537809,False,True,0.0006693674417537809,0.0005258443978150708,0.1350806592935601,0.02691187021460495,0.02691187021460495,0.02691187021460495,0.02691187021460495,0.02691187021460495
ETH,2460,nnls_original_legacy,0.0012509983229842515,False,False,0.0012509983229842515,0.019147564631853683,16.619024601345043,11.57759393458734,11.57759393458734,11.57759393458734,11.57759393458734,11.57759393458734
ETH,2460,nnls_intermedia_legacy,0.0015374546840038349,False,False,0.0015374546840038349,0.019147564631853683,16.3530168527728,8.932020354671875,8.932020354671875,8.932020354671875,8.932020354671875,8.932020354671875
ETH,2460,nnls_nonneg,0.0029954163035945617,False,True,0.0029954163035945617,0.019147564631853683,14.999131442263241,3.537196000776939,3.537196000776939,3.537196000776939,3.537196000776939,3.537196000776939
ETH,2480,nnls_original_legacy,0.0017794599550350568,False,False,0.0017794599550350568,0.0007811619382500406,0.8468120777988257,0.2622709343234486,0.2622709343234486,0.2622709343234486,0.2622709343234486,0.2622709343234486
ETH,2480,nnls_intermedia_legacy,0.0018990098381210065,False,False,0.0018990098381210065,0.0007811619382500406,0.9482209589089452,0.2996576492741716,0.2996576492741716,0.2996576492741716,0.2996576492741716,0.2996576492741716
ETH,2480,nnls_nonneg,0.0010131195321138402,False,True,0.0010131195321138402,0.0007811619382500406,0.19675937317154898,0.03105319298733855,0.03105319298733855,0.03105319298733855,0.03105319298733855,0.03105319298733855
ETH,2500,nnls_original_legacy,0.0007310926400484073,False,False,0.0007310926400484073,0.0004009616987043564,0.2797493584139252,0.1491159854065498,0.1491159854065498,0.1491159854065498,0.1491159854065498,0.1491159854065498
ETH,2500,nnls_intermedia_legacy,0.0007160444985200406,False,False,0.0007160444985200406,0.0004009616987043564,0.266997727437611,0.13984397670446502,0.13984397670446502,0.13984397670446502,0.13984397670446502,0.13984397670446502
ETH,2500,nnls_nonneg,0.0005905568698832072,False,True,0.0005905568698832072,0.0004009616987043564,0.1606608798306679,0.06615530015231164,0.06615530015231164,0.06615530015231164,0.06615530015231164,0.06615530015231164
ETH,2520,nnls_original_legacy,0.0008724197452737398,False,False,0.0008724197452737398,5.581666310739577e-05,0.6812587256137018,1.8131773583525508,1.8131773583525508,1.8131773583525508,1.8131773583525508,1.8131773583525508
ETH,2520,nnls_intermedia_legacy,0.0008977178331825774,False,False,0.0008977178331825774,5.581666310739577e-05,0.7023638910308064,1.839959532414794,1.839959532414794,1.839959532414794,1.839959532414794,1.839959532414794
ETH,2520,nnls_nonneg,0.0007387231768676637,False,True,0.0007387231768676637,5.581666310739577e-05,0.5697211184207193,1.6584091066168494,1.6584091066168494,1.6584091066168494,1.6584091066168494,1.6584091066168494
ETH,2540,nnls_original_legacy,0.0006144560283871261,False,False,0.0006144560283871261,0.00011163203727233484,0.4192283304284881,0.8872054902046422,0.8872054902046422,0.8872054902046422,0.8872054902046422,0.8872054902046422
ETH,2540,nnls_intermedia_legacy,0.0006522130320243945,False,False,0.0006522130320243945,0.00011163203727233484,0.45070814419342203,0.9363220210032821,0.9363220210032821,0.9363220210032821,0.9363220210032821,0.9363220210032821
ETH,2540,nnls_nonneg,0.0006614525539947625,False,True,0.0006614525539947625,0.00011163203727233484,0.45841157409740685,0.9479981941335092,0.9479981941335092,0.9479981941335092,0.9479981941335092,0.9479981941335092
ETH,2560,nnls_original_legacy,0.000611707971130838,False,False,0.000611707971130838,9.401230920437251e-05,0.40708071284660163,1.0265174945323858,1.0265174945323858,1.0265174945323858,1.0265174945323858,1.0265174945323858
ETH,2560,nnls_intermedia_legacy,0.0006574673229536812,False,False,0.0006574673229536812,9.401230920437251e-05,0.4430627596926641,1.0879609484284085,1.0879609484284085,1.0879609484284085,1.0879609484284085,1.0879609484284085
ETH,2560,nnls_nonneg,0.0007450219563603011,False,True,0.0007450219563603011,9.401230920437251e-05,0.5119097777409868,1.1961752670117618,1.1961752670117618,1.1961752670117618,1.1961752670117618,1.1961752670117618
ETH,2580,nnls_original_legacy,0.0007171171701834567,False,False,0.0007171171701834567,0.0024852362396772837,1.3189689035808339,1.2227092365828502,1.2227092365828502,1.2227092365828502,1.2227092365828502,1.2227092365828502
ETH,2580,nnls_intermedia_legacy,0.0005847285302247617,False,False,0.0005847285302247617,0.0024852362396772837,1.417727240791046,1.8032640921311303,1.8032640921311303,1.8032640921311303,1.8032640921311303,1.8032640921311303
ETH,2580,nnls_nonneg,0.000647415167986698,False,True,0.000647415167986698,0.0024852362396772837,1.3709647080495717,1.4935703836127203,1.4935703836127203,1.4935703836127203,1.4935703836127203,1.4935703836127203
ETH,2600,nnls_original_legacy,0.0009911993710777754,False,False,0.0009911993710777754,0.0022551090251968138,0.8954341524508493,0.45309371112157804,0.45309371112157804,0.45309371112157804,0.45309371112157804,0.45309371112157804
ETH,2600,nnls_intermedia_legacy,0.001001885949610882,False,False,0.001001885949610882,0.0022551090251968138,0.8878630991242082,0.4395498625469725,0.4395498625469725,0.4395498625469725,0.4395498625469725,0.4395498625469725
ETH,2600,nnls_nonneg,0.0006985017020959772,False,True,0.0006985017020959772,0.0022551090251968138,1.1027998358245847,1.0564786907971477,1.0564786907971477,1.0564786907971477,1.0564786907971477,1.0564786907971477
ETH,2620,nnls_original_legacy,0.0007244704773747414,False,False,0.0007244704773747414,0.004624688518260812,2.7209079894381203,3.529819813431171,3.529819813431171,3.529819813431171,3.529819813431171,3.529819813431171
ETH,2620,nnls_intermedia_legacy,0.0007005982361343555,False,False,0.0007005982361343555,0.004624688518260812,2.737561974224572,3.713826761058333,3.713826761058333,3.713826761058333,3.713826761058333,3.713826761058333
ETH,2620,nnls_nonneg,0.0007894360301857288,False,True,0.0007894360301857288,0.004624688518260812,2.675586089526719,3.0903727024954044,3.0903727024954044,3.0903727024954044,3.0903727024954044,3.0903727024954044
ETH,2640,nnls_original_legacy,0.0011581460035062895,False,False,0.0011581460035062895,0.002832847339292331,1.1279771698092436,0.5515573021453073,0.5515573021453073,0.5515573021453073,0.5515573021453073,0.5515573021453073
ETH,2640,nnls_intermedia_legacy,0.0012187659840869627,False,False,0.0012187659840869627,0.002832847339292331,1.0871472303638408,0.4809136017424005,0.4809136017424005,0.4809136017424005,0.4809136017424005,0.4809136017424005
ETH,2640,nnls_nonneg,0.000918864100328586,False,True,0.000918864100328586,0.002832847339292331,1.2891429360061593,0.9570889966151725,0.9570889966151725,0.9570889966151725,0.9570889966151725,0.9570889966151725
ETH,2660,nnls_original_legacy,0.0009365996583525946,False,False,0.0009365996583525946,0.013316560398850144,8.261601380348909,10.5634777891407,10.5634777891407,10.5634777891407,10.5634777891407,10.5634777891407
ETH,2660,nnls_intermedia_legacy,0.0010032062689186703,False,False,0.0010032062689186703,0.013316560398850144,8.217152348778642,9.688193120340628,9.688193120340628,9.688193120340628,9.688193120340628,9.688193120340628
ETH,2660,nnls_nonneg,0.0010873898635952559,False,True,0.0010873898635952559,0.013316560398850144,8.160973551724163,8.74112505863274,8.74112505863274,8.74112505863274,8.74112505863274,8.74112505863274
ETH,2680,nnls_original_legacy,0.0010811520776344598,False,False,0.0010811520776344598,0.0006825319679152477,0.23587803027583432,0.09127373637558023,0.09127373637558023,0.09127373637558023,0.09127373637558023,0.09127373637558023
ETH,2680,nnls_intermedia_legacy,0.0011042489931850595,False,False,0.0011042489931850595,0.0006825319679152477,0.2495453160265717,0.09920744777523671,0.09920744777523671,0.09920744777523671,0.09920744777523671,0.09920744777523671
ETH,2680,nnls_nonneg,0.0010303147624459673,False,True,0.0010303147624459673,0.0006825319679152477,0.20579574019864755,0.07426021864856147,0.07426021864856147,0.07426021864856147,0.07426021864856147,0.07426021864856147
ETH,2700,nnls_original_legacy,0.0011240718719748167,False,False,0.0011240718719748167,2.6733908091763724e-05,0.6587061343291122,2.762563340758962,2.762563340758962,2.762563340758962,2.762563340758962,2.762563340758962
ETH,2700,nnls_intermedia_legacy,0.001267079594774666,False,False,0.001267079594774666,2.6733908091763724e-05,0.744550302092488,2.8796361129109864,2.8796361129109864,2.8796361129109864,2.8796361129109864,2.8796361129109864
ETH,2700,nnls_nonneg,0.0008545954001386779,False,True,0.0008545954001386779,2.6733908091763724e-05,0.4969457552133595,2.495977947221078,2.495977947221078,2.495977947221078,2.495977947221078,2.495977947221078
ETH,2720,nnls_original_legacy,0.001973592034130774,False,False,0.001973592034130774,8.928845749162214e-05,1.038149142481041,2.1409799029132843,2.1409799029132843,2.1409799029132843,2.1409799029132843,2.1409799029132843
ETH,2720,nnls_intermedia_legacy,0.001994649066308807,False,False,0.001994649066308807,8.928845749162214e-05,1.0497504259312433,2.1511151764489984,2.1511151764489984,2.1511151764489984,2.1511151764489984,2.1511151764489984
ETH,2720,nnls_nonneg,0.0017016914548789858,False,True,0.0017016914548789858,8.928845749162214e-05,0.8883466601794336,1.9999762001124903,1.9999762001124903,1.9999762001124903,1.9999762001124903,1.9999762001124903
ETH,2740,nnls_original_legacy,0.001035480866260927,False,False,0.001035480866260927,0.000600956991849614,0.21925646339811902,0.12446296603730378,0.12446296603730378,0.12446296603730378,0.12446296603730378,0.12446296603730378
ETH,2740,nnls_intermedia_legacy,0.0009444716762526037,False,False,0.0009444716762526037,0.000600956991849614,0.17333412330809225,0.08839138399380664,0.08839138399380664,0.08839138399380664,0.08839138399380664,0.08839138399380664
ETH,2740,nnls_nonneg,0.001245425074397193,False,True,0.001245425074397193,0.000600956991849614,0.3251922411485114,0.21124043538107684,0.21124043538107684,0.21124043538107684,0.21124043538107684,0.21124043538107684
ETH,2760,nnls_original_legacy,0.0011033465225466965,False,False,0.0011033465225466965,3.4887911904731854e-05,0.5522899337881924,2.4855828141284713,2.4855828141284713,2.4855828141284713,2.4855828141284713,2.4855828141284713
ETH,2760,nnls_intermedia_legacy,0.0009864987189417453,False,False,0.0009864987189417453,3.4887911904731854e-05,0.4918909018804423,2.3773870113977957,2.3773870113977957,2.3773870113977957,2.3773870113977957,2.3773870113977957
ETH,2760,nnls_nonneg,0.0010712800679292906,False,True,0.0010712800679292906,3.4887911904731854e-05,0.5357146730143301,2.4570356970907845,2.4570356970907845,2.4570356970907845,2.4570356970907845,2.4570356970907845
ETH,2780,nnls_original_legacy,0.001730128845405375,False,False,0.001730128845405375,0.0001156396317208406,0.8182318683379974,1.7723111691936442,1.7723111691936442,1.7723111691936442,1.7723111691936442,1.7723111691936442
ETH,2780,nnls_intermedia_legacy,0.0018315843165664183,False,False,0.0018315843165664183,0.0001156396317208406,0.8696500500251704,1.8255942810668406,1.8255942810668406,1.8255942810668406,1.8255942810668406,1.8255942810668406
ETH,2780,nnls_nonneg,0.002654261716787453,False,True,0.002654261716787453,0.0001156396317208406,1.2865874073742998,2.1770106215827676,2.1770106215827676,2.1770106215827676,2.1770106215827676,2.1770106215827676
ETH,2800,nnls_original_legacy,0.0011824275105149897,False,False,0.0011824275105149897,0.00017850135929626902,0.5047716208632249,1.0416903782612232,1.0416903782612232,1.0416903782612232,1.0416903782612232,1.0416903782612232
ETH,2800,nnls_intermedia_legacy,0.0010619533650050752,False,False,0.0010619533650050752,0.00017850135929626902,0.4441975142645188,0.9513568292434065,0.9513568292434065,0.9513568292434065,0.9513568292434065,0.9513568292434065
ETH,2800,nnls_nonneg,0.0011241508442576262,False,True,0.0011241508442576262,0.00017850135929626902,0.47547025517061453,0.9989747369477002,0.9989747369477002,0.9989747369477002,0.9989747369477002,0.9989747369477002
ETH,2820,nnls_original_legacy,0.0015023815572254165,False,False,0.0015023815572254165,0.0009226808654025256,0.29783324133505196,0.10166891125613042,0.10166891125613042,0.10166891125613042,0.10166891125613042,0.10166891125613042
ETH,2820,nnls_intermedia_legacy,0.0015542952426425567,False,False,0.0015542952426425567,0.0009226808654025256,0.3245049728260312,0.1151270319610389,0.1151270319610389,0.1151270319610389,0.1151270319610389,0.1151270319610389
ETH,2820,nnls_nonneg,0.001359683652547914,False,True,0.001359683652547914,0.0009226808654025256,0.22451923622635103,0.0663235872888781,0.0663235872888781,0.0663235872888781,0.0663235872888781,0.0663235872888781
ETH,2840,nnls_original_legacy,0.0034198057075408997,False,False,0.0034198057075408997,0.00013232727013470658,1.6339553515814407,2.2907552269380957,2.2907552269380957,2.2907552269380957,2.2907552269380957,2.2907552269380957
ETH,2840,nnls_intermedia_legacy,0.0036507178877471977,False,False,0.0036507178877471977,0.00013232727013470658,1.7487242237663811,2.3536478529757088,2.3536478529757088,2.3536478529757088,2.3536478529757088,2.3536478529757088
ETH,2840,nnls_nonneg,0.004420703587504851,False,True,0.004420703587504851,0.00013232727013470658,2.1314255186082876,2.5387095032597697,2.5387095032597697,2.5387095032597697,2.5387095032597697,2.5387095032597697
ETH,2860,nnls_original_legacy,0.0012527910017274629,False,False,0.0012527910017274629,0.003066482989526333,0.8882856271224999,0.552563681355394,0.552563681355394,0.552563681355394,0.552563681355394,0.552563681355394
ETH,2860,nnls_intermedia_legacy,0.0010862074720349717,False,False,0.0010862074720349717,0.003066482989526333,0.9698726640265763,0.7852707747606618,0.7852707747606618,0.7852707747606618,0.7852707747606618,0.7852707747606618
ETH,2860,nnls_nonneg,0.001099881196633064,False,True,0.001099881196633064,0.003066482989526333,0.9631757314098878,0.7626837946269072,0.7626837946269072,0.7626837946269072,0.7626837946269072,0.7626837946269072
ETH,2880,nnls_original_legacy,0.0013650650586703047,False,False,0.0013650650586703047,0.0009584399349615584,0.20369153324722697,0.05577080768068443,0.05577080768068443,0.05577080768068443,0.05577080768068443,0.05577080768068443
ETH,2880,nnls_intermedia_legacy,0.0013629523146176763,False,False,0.0013629523146176763,0.0009584399349615584,0.2026331921601989,0.055310257689765274,0.055310257689765274,0.055310257689765274,0.055310257689765274,0.055310257689765274
ETH,2880,nnls_nonneg,0.0014464918186937361,False,True,0.0014464918186937361,0.0009584399349615584,0.24448080235398978,0.07418574081528817,0.07418574081528817,0.07418574081528817,0.07418574081528817,0.07418574081528817
ETH,2900,nnls_original_legacy,0.0011911967241803835,False,False,0.0011911967241803835,0.0003191435592324216,0.4247462691044708,0.5849911334318905,0.5849911334318905,0.5849911334318905,0.5849911334318905,0.5849911334318905
ETH,2900,nnls_intermedia_legacy,0.001214560618694203,False,False,0.001214560618694203,0.0003191435592324216,0.4361259961960953,0.5992612490028033,0.5992612490028033,0.5992612490028033,0.5992612490028033,0.5992612490028033
ETH,2900,nnls_nonneg,0.0012718312908578601,False,True,0.0012718312908578601,0.0003191435592324216,0.4640205160583909,0.6335043780879175,0.6335043780879175,0.6335043780879175,0.6335043780879175,0.6335043780879175
ETH,2920,nnls_original_legacy,0.0012691449793051075,False,False,0.0012691449793051075,0.001924926683498873,0.3131908519482434,0.10016696838148786,0.10016696838148786,0.10016696838148786,0.10016696838148786,0.10016696838148786
ETH,2920,nnls_intermedia_legacy,0.0012254847369879284,False,False,0.0012254847369879284,0.001924926683498873,0.3340422852836629,0.11919575968337703,0.11919575968337703,0.11919575968337703,0.11919575968337703,0.11919575968337703
ETH,2920,nnls_nonneg,0.0012731749296000022,False,True,0.0012731749296000022,0.001924926683498873,0.31126621215104316,0.09853645410823297,0.09853645410823297,0.09853645410823297,0.09853645410823297,0.09853645410823297
ETH,2940,nnls_original_legacy,0.001194586128915087,False,False,0.001194586128915087,0.004394731837349031,1.530794060342779,1.376267264929448,1.376267264929448,1.376267264929448,1.376267264929448,1.376267264929448
ETH,2940,nnls_intermedia_legacy,0.0011260283113887102,False,False,0.0011260283113887102,0.004394731837349031,1.563588785777578,1.5411510309061613,1.5411510309061613,1.5411510309061613,1.5411510309061613,1.5411510309061613
ETH,2940,nnls_nonneg,0.00116021777329051,False,True,0.00116021777329051,0.004394731837349031,1.5472342100882095,1.4560520235322598,1.4560520235322598,1.4560520235322598,1.4560520235322598,1.4560520235322598
ETH,2960,nnls_original_legacy,0.0012875295225661847,False,False,0.0012875295225661847,6.461476502319596e-05,0.5971740335736666,2.042222691529897,2.042222691529897,2.042222691529897,2.042222691529897,2.042222691529897
ETH,2960,nnls_intermedia_legacy,0.0012713333899847142,False,False,0.0012713333899847142,6.461476502319596e-05,0.5892651341493086,2.0302030031604277,2.0302030031604277,2.0302030031604277,2.0302030031604277,2.0302030031604277
ETH,2960,nnls_nonneg,0.0012860665555047457,False,True,0.0012860665555047457,6.461476502319596e-05,0.5964596371403288,2.0411428745680498,2.0411428745680498,2.0411428745680498,2.0411428745680498,2.0411428745680498
ETH,2980,nnls_original_legacy,0.0012124453816618366,False,False,0.0012124453816618366,4.461260054236398e-08,0.617894244890635,9.210170307786731,9.210170307786731,9.210170307786731,6.101219355166039,9.210170307786731
ETH,2980,nnls_intermedia_legacy,0.0012212248128216988,False,False,0.0012212248128216988,4.461260054236398e-08,0.6223686399302328,9.217385046564605,9.217385046564605,9.217385046564605,6.10842842909823,9.217385046564605
ETH,2980,nnls_nonneg,0.0012133842195153528,False,True,0.0012133842195153528,4.461260054236398e-08,0.6183727191059082,9.210944313816041,9.210944313816041,9.210944313816041,6.101992751504643,9.210944313816041
ETH,3000,nnls_original_legacy,0.0014955549839643853,False,False,0.0014955549839643853,0.001762225355897609,0.13421726605666628,0.014228585357736634,0.014228585357736634,0.014228585357736634,0.014228585357736634,0.014228585357736634
ETH,3000,nnls_intermedia_legacy,0.0015721169139129997,False,False,0.0015721169139129997,0.001762225355897609,0.09568305302343816,0.006770776707954562,0.006770776707954562,0.006770776707954562,0.006770776707954562,0.006770776707954562
ETH,3000,nnls_nonneg,0.0015654221270280883,False,True,0.0015654221270280883,0.001762225355897609,0.09905259117651742,0.007297051989480607,0.007297051989480607,0.007297051989480607,0.007297051989480607,0.007297051989480607
ETH,3020,nnls_original_legacy,0.0012697788178651173,False,False,0.0012697788178651173,8.755096624236395e-06,0.5906748184325359,3.9838569806766175,3.9838569806766175,3.9838569806766175,3.9838569806766175,3.9838569806766175
ETH,3020,nnls_intermedia_legacy,0.0012544355011507341,False,False,0.0012544355011507341,8.755096624236395e-06,0.5834878713023876,3.971784260258052,3.971784260258052,3.971784260258052,3.971784260258052,3.971784260258052
ETH,3020,nnls_nonneg,0.001289779476432043,False,True,0.001289779476432043,8.755096624236395e-06,0.6000433062480742,3.9993785891159437,3.9993785891159437,3.9993785891159437,3.9993785891159437,3.9993785891159437
ETH,3040,nnls_original_legacy,0.0014401026514016502,False,False,0.0014401026514016502,4.997996624267568e-05,0.6339987551370944,2.3955532615961035,2.3955532615961035,2.3955532615961035,2.3955532615961035,2.3955532615961035
ETH,3040,nnls_intermedia_legacy,0.0014334597446296316,False,False,0.0014334597446296316,4.997996624267568e-05,0.630969098352902,2.3910906219241808,2.3910906219241808,2.3910906219241808,2.3910906219241808,2.3910906219241808
ETH,3040,nnls_nonneg,0.0013790580231090542,False,True,0.0013790580231090542,4.997996624267568e-05,0.6061578898965659,2.353775808551334,2.353775808551334,2.353775808551334,2.353775808551334,2.353775808551334
ETH,3060,nnls_original_legacy,0.001278353847372527,False,False,0.001278353847372527,0.0015476997062837175,0.1251709742482443,0.019500846462992882,0.019500846462992882,0.019500846462992882,0.019500846462992882,0.019500846462992882
ETH,3060,nnls_intermedia_legacy,0.0012576319183202802,False,False,0.0012576319183202802,0.0015476997062837175,0.1348009127156776,0.02310676769806186,0.02310676769806186,0.02310676769806186,0.02310676769806186,0.02310676769806186
ETH,3060,nnls_nonneg,0.0012913537791922629,False,True,0.0012913537791922629,0.0015476997062837175,0.11912961858153767,0.017430790106813143,0.017430790106813143,0.017430790106813143,0.017430790106813143,0.017430790106813143
ETH,3080,nnls_original_legacy,0.001535042834885844,False,False,0.001535042834885844,0.0004823875826463889,0.4991289219615748,0.47181590299362175,0.47181590299362175,0.47181590299362175,0.47181590299362175,0.47181590299362175
ETH,3080,nnls_intermedia_legacy,0.0015388902909795148,False,False,0.0015388902909795148,0.0004823875826463889,0.5009532387150827,0.4735335106356555,0.4735335106356555,0.4735335106356555,0.4735335106356555,0.4735335106356555
ETH,3080,nnls_nonneg,0.0014811806660677384,False,True,0.0014811806660677384,0.0004823875826463889,0.4735895383889388,0.4475246390556058,0.4475246390556058,0.4475246390556058,0.4475246390556058,0.4475246390556058
ETH,3100,nnls_original_legacy,0.0011634304393577705,False,False,0.0011634304393577705,0.00032485698439330834,0.4094756810149169,0.5549665418702379,0.5549665418702379,0.5549665418702379,0.5549665418702379,0.5549665418702379
ETH,3100,nnls_intermedia_legacy,0.0011644438441458349,False,False,0.0011644438441458349,0.00032485698439330834,0.4099705268907073,0.5555942060653445,0.5555942060653445,0.5555942060653445,0.5555942060653445,0.5555942060653445
ETH,3100,nnls_nonneg,0.0011846917460098874,False,True,0.0011846917460098874,0.00032485698439330834,0.41985758372016235,0.568065098238012,0.568065098238012,0.568065098238012,0.568065098238012,0.568065098238012
ETH,3120,nnls_original_legacy,0.0011293033800945991,False,False,0.0011293033800945991,1.3769363353797474e-05,0.557399339566153,3.4191029603247323,3.4191029603247323,3.4191029603247323,3.4191029603247323,3.4191029603247323
ETH,3120,nnls_intermedia_legacy,0.0011291339346656693,False,False,0.0011291339346656693,1.3769363353797474e-05,0.557314672699199,3.4189547345936537,3.4189547345936537,3.4189547345936537,3.4189547345936537,3.4189547345936537
ETH,3120,nnls_nonneg,0.0011351687239813026,False,True,0.0011351687239813026,1.3769363353797474e-05,0.5603300783510883,3.4242202914858977,3.4242202914858977,3.4242202914858977,3.4242202914858977,3.4242202914858977
ETH,3140,nnls_original_legacy,0.00134778497031833,False,False,0.00134778497031833,7.177916049546671e-07,0.6571377170684916,6.538326328346795,6.538326328346795,6.538326328346795,6.2069597192979336,6.538326328346795
ETH,3140,nnls_intermedia_legacy,0.0012856461725821334,False,False,0.0012856461725821334,7.177916049546671e-07,0.6268246426123635,6.491151036774713,6.491151036774713,6.491151036774713,6.159794547963357,6.491151036774713
ETH,3140,nnls_nonneg,0.001198576735740992,False,True,0.001198576735740992,7.177916049546671e-07,0.584349692694219,6.421064944129927,6.421064944129927,6.421064944129927,6.089724401193715,6.421064944129927
ETH,3160,nnls_original_legacy,0.0011995387564534214,False,False,0.0011995387564534214,1.0740768483055975e-06,0.5938850294299122,6.019126253588954,6.019126253588954,6.019126253588954,6.019126253588954,6.019126253588954
ETH,3160,nnls_intermedia_legacy,0.0011513621044424726,False,False,0.0011513621044424726,1.0740768483055975e-06,0.5700116580371197,5.978172287159808,5.978172287159808,5.978172287159808,5.978172287159808,5.978172287159808
ETH,3160,nnls_nonneg,0.0011507463360729453,False,True,0.0011507463360729453,1.0740768483055975e-06,0.569706521288009,5.977637825980815,5.977637825980815,5.977637825980815,5.977637825980815,5.977637825980815
ETH,3180,nnls_original_legacy,0.0012518628180418964,False,False,0.0012518628180418964,3.565026769042841e-05,0.6525778841612501,2.587109094744533,2.587109094744533,2.587109094744533,2.587109094744533,2.587109094744533
ETH,3180,nnls_intermedia_legacy,0.0013461967343257925,False,False,0.0013461967343257925,3.565026769042841e-05,0.7031942237767221,2.6577642183284134,2.6577642183284134,2.6577642183284134,2.6577642183284134,2.6577642183284134
ETH,3180,nnls_nonneg,0.0012539648808627798,False,True,0.0012539648808627798,3.565026769042841e-05,0.6537057788763881,2.588739096214421,2.588739096214421,2.588739096214421,2.588739096214421,2.588739096214421
